cell,family,eval_set,pool,tau,delta,control,draw,rung,n_named,n_control,overlap,fraction_of_named,control_pool_size,named_in_control_pool,control_overflow
main/E/union/D_unif/tau0.1/r0/excl/k0/r1/ctl-plain,union,E,D_unif,0.1,excluded,plain,0,1,201,201,7,0.03482587064676617,9959,201,0
main/E/union/D_unif/tau0.1/r0/excl/k0/r2/ctl-plain,union,E,D_unif,0.1,excluded,plain,0,2,1039,1039,139,0.13378248315688163,9959,1039,0
main/E/union/D_unif/tau0.1/r0/excl/k0/r3/ctl-plain,union,E,D_unif,0.1,excluded,plain,0,3,4494,4494,2292,0.5100133511348465,9959,4494,0
main/E/union/D_unif/tau0.1/r0/excl/k0/r4/ctl-plain,union,E,D_unif,0.1,excluded,plain,0,4,6764,6764,4909,0.7257539917208752,9959,6764,0
main/E/union/D_unif/tau0.1/r0/excl/k0/r5/ctl-plain,union,E,D_unif,0.1,excluded,plain,0,5,8170,8170,6940,0.8494492044063647,9959,8170,0
main/E/union/D_unif/tau0.1/r0/excl/k0/r5a/ctl-plain,union,E,D_unif,0.1,excluded,plain,0,5a,7508,7508,5965,0.7944858817261587,9959,7508,0
main/E/union/D_unif/tau0.1/r0/excl/k0/r6/ctl-plain,union,E,D_unif,0.1,excluded,plain,0,6,9203,9203,8585,0.9328479843529284,9959,9203,0
main/E/union/D_unif/tau0.1/r0/excl/k0/r6a/ctl-plain,union,E,D_unif,0.1,excluded,plain,0,6a,8660,8660,7692,0.8882217090069284,9959,8660,0
main/E/union/D_unif/tau0.1/r0/excl/k0/r7/ctl-plain,union,E,D_unif,0.1,excluded,plain,0,7,9794,9794,9637,0.9839697774147437,9959,9793,0
main/E/union/D_unif/tau0.1/r0/excl/k1/r1/ctl-plain,union,E,D_unif,0.1,excluded,plain,1,1,222,222,7,0.03153153153153153,9959,222,0
main/E/union/D_unif/tau0.1/r0/excl/k1/r2/ctl-plain,union,E,D_unif,0.1,excluded,plain,1,2,1287,1287,227,0.17637917637917638,9959,1287,0
main/E/union/D_unif/tau0.1/r0/excl/k1/r3/ctl-plain,union,E,D_unif,0.1,excluded,plain,1,3,4466,4466,2384,0.5338110165696373,9959,4466,0
main/E/union/D_unif/tau0.1/r0/excl/k1/r4/ctl-plain,union,E,D_unif,0.1,excluded,plain,1,4,4171,4171,1944,0.46607528170702467,9959,4171,0
main/E/union/D_unif/tau0.1/r0/excl/k1/r5/ctl-plain,union,E,D_unif,0.1,excluded,plain,1,5,7805,7805,6465,0.8283151825752723,9959,7805,0
main/E/union/D_unif/tau0.1/r0/excl/k1/r5a/ctl-plain,union,E,D_unif,0.1,excluded,plain,1,5a,6609,6609,4811,0.727946739294901,9959,6609,0
main/E/union/D_unif/tau0.1/r0/excl/k1/r6/ctl-plain,union,E,D_unif,0.1,excluded,plain,1,6,8893,8893,8098,0.9106038457213539,9959,8893,0
main/E/union/D_unif/tau0.1/r0/excl/k1/r6a/ctl-plain,union,E,D_unif,0.1,excluded,plain,1,6a,8517,8517,7515,0.8823529411764706,9959,8517,0
main/E/union/D_unif/tau0.1/r0/excl/k1/r7/ctl-plain,union,E,D_unif,0.1,excluded,plain,1,7,9580,9580,9241,0.9646137787056367,9959,9580,0
main/E/union/D_unif/tau0.1/r0/excl/k2/r1/ctl-plain,union,E,D_unif,0.1,excluded,plain,2,1,226,226,8,0.035398230088495575,9959,226,0
main/E/union/D_unif/tau0.1/r0/excl/k2/r2/ctl-plain,union,E,D_unif,0.1,excluded,plain,2,2,1066,1066,152,0.1425891181988743,9959,1066,0
main/E/union/D_unif/tau0.1/r0/excl/k2/r3/ctl-plain,union,E,D_unif,0.1,excluded,plain,2,3,4640,4640,2609,0.5622844827586206,9959,4640,0
main/E/union/D_unif/tau0.1/r0/excl/k2/r4/ctl-plain,union,E,D_unif,0.1,excluded,plain,2,4,5242,5242,2963,0.5652422739412438,9959,5242,0
main/E/union/D_unif/tau0.1/r0/excl/k2/r5/ctl-plain,union,E,D_unif,0.1,excluded,plain,2,5,8026,8026,6644,0.827809618739098,9959,8026,0
main/E/union/D_unif/tau0.1/r0/excl/k2/r5a/ctl-plain,union,E,D_unif,0.1,excluded,plain,2,5a,6666,6666,4717,0.7076207620762076,9959,6666,0
main/E/union/D_unif/tau0.1/r0/excl/k2/r6/ctl-plain,union,E,D_unif,0.1,excluded,plain,2,6,9106,9106,8415,0.9241159674939601,9959,9106,0
main/E/union/D_unif/tau0.1/r0/excl/k2/r6a/ctl-plain,union,E,D_unif,0.1,excluded,plain,2,6a,8736,8736,7774,0.8898809523809523,9959,8736,0
main/E/union/D_unif/tau0.1/r0/excl/k2/r7/ctl-plain,union,E,D_unif,0.1,excluded,plain,2,7,9625,9625,9330,0.9693506493506493,9959,9625,0
main/E/union/D_unif/tau0.1/r0/excl/k3/r1/ctl-plain,union,E,D_unif,0.1,excluded,plain,3,1,143,143,1,0.006993006993006993,9959,143,0
main/E/union/D_unif/tau0.1/r0/excl/k3/r2/ctl-plain,union,E,D_unif,0.1,excluded,plain,3,2,1530,1530,260,0.16993464052287582,9959,1530,0
main/E/union/D_unif/tau0.1/r0/excl/k3/r3/ctl-plain,union,E,D_unif,0.1,excluded,plain,3,3,4523,4523,2422,0.5354852973690029,9959,4523,0
main/E/union/D_unif/tau0.1/r0/excl/k3/r4/ctl-plain,union,E,D_unif,0.1,excluded,plain,3,4,1366,1366,221,0.1617862371888726,9959,1366,0
main/E/union/D_unif/tau0.1/r0/excl/k3/r5/ctl-plain,union,E,D_unif,0.1,excluded,plain,3,5,7761,7761,6256,0.8060816905038011,9959,7761,0
main/E/union/D_unif/tau0.1/r0/excl/k3/r5a/ctl-plain,union,E,D_unif,0.1,excluded,plain,3,5a,5677,5677,3539,0.6233926369561388,9959,5677,0
main/E/union/D_unif/tau0.1/r0/excl/k3/r6/ctl-plain,union,E,D_unif,0.1,excluded,plain,3,6,8963,8963,8173,0.9118598683476514,9959,8963,0
main/E/union/D_unif/tau0.1/r0/excl/k3/r6a/ctl-plain,union,E,D_unif,0.1,excluded,plain,3,6a,8331,8331,7113,0.8537990637378466,9959,8331,0
main/E/union/D_unif/tau0.1/r0/excl/k3/r7/ctl-plain,union,E,D_unif,0.1,excluded,plain,3,7,9579,9579,9253,0.9659672199603299,9959,9579,0
main/E/union/D_unif/tau0.1/r0/excl/k4/r1/ctl-plain,union,E,D_unif,0.1,excluded,plain,4,1,212,212,6,0.02830188679245283,9959,212,0
main/E/union/D_unif/tau0.1/r0/excl/k4/r2/ctl-plain,union,E,D_unif,0.1,excluded,plain,4,2,1201,1201,235,0.19567027477102414,9959,1201,0
main/E/union/D_unif/tau0.1/r0/excl/k4/r3/ctl-plain,union,E,D_unif,0.1,excluded,plain,4,3,4240,4240,2147,0.5063679245283019,9959,4240,0
main/E/union/D_unif/tau0.1/r0/excl/k4/r4/ctl-plain,union,E,D_unif,0.1,excluded,plain,4,4,4981,4981,2717,0.5454727966271833,9959,4981,0
main/E/union/D_unif/tau0.1/r0/excl/k4/r5/ctl-plain,union,E,D_unif,0.1,excluded,plain,4,5,7675,7675,6219,0.8102931596091205,9959,7675,0
main/E/union/D_unif/tau0.1/r0/excl/k4/r5a/ctl-plain,union,E,D_unif,0.1,excluded,plain,4,5a,5814,5814,3624,0.6233230134158927,9959,5814,0
main/E/union/D_unif/tau0.1/r0/excl/k4/r6/ctl-plain,union,E,D_unif,0.1,excluded,plain,4,6,9067,9067,8356,0.9215837653027462,9959,9067,0
main/E/union/D_unif/tau0.1/r0/excl/k4/r6a/ctl-plain,union,E,D_unif,0.1,excluded,plain,4,6a,8383,8383,7321,0.8733150423476083,9959,8383,0
main/E/union/D_unif/tau0.1/r0/excl/k4/r7/ctl-plain,union,E,D_unif,0.1,excluded,plain,4,7,9704,9704,9479,0.9768136850783182,9959,9704,0
main/E/union/D_unif/tau0.1/r0/excl/k5/r1/ctl-plain,union,E,D_unif,0.1,excluded,plain,5,1,154,154,3,0.01948051948051948,9959,154,0
main/E/union/D_unif/tau0.1/r0/excl/k5/r2/ctl-plain,union,E,D_unif,0.1,excluded,plain,5,2,891,891,100,0.1122334455667789,9959,891,0
main/E/union/D_unif/tau0.1/r0/excl/k5/r3/ctl-plain,union,E,D_unif,0.1,excluded,plain,5,3,4733,4733,2618,0.553137544897528,9959,4733,0
main/E/union/D_unif/tau0.1/r0/excl/k5/r4/ctl-plain,union,E,D_unif,0.1,excluded,plain,5,4,5621,5621,3462,0.6159046433019035,9959,5621,0
main/E/union/D_unif/tau0.1/r0/excl/k5/r5/ctl-plain,union,E,D_unif,0.1,excluded,plain,5,5,7475,7475,5829,0.7797993311036789,9959,7475,0
main/E/union/D_unif/tau0.1/r0/excl/k5/r5a/ctl-plain,union,E,D_unif,0.1,excluded,plain,5,5a,6490,6490,4531,0.6981510015408321,9959,6490,0
main/E/union/D_unif/tau0.1/r0/excl/k5/r6/ctl-plain,union,E,D_unif,0.1,excluded,plain,5,6,9182,9182,8556,0.9318231322152036,9959,9182,0
main/E/union/D_unif/tau0.1/r0/excl/k5/r6a/ctl-plain,union,E,D_unif,0.1,excluded,plain,5,6a,8626,8626,7613,0.8825643403663344,9959,8626,0
main/E/union/D_unif/tau0.1/r0/excl/k5/r7/ctl-plain,union,E,D_unif,0.1,excluded,plain,5,7,9591,9591,9279,0.9674695026587425,9959,9591,0
main/E/union/D_unif/tau0.1/r0/excl/k6/r1/ctl-plain,union,E,D_unif,0.1,excluded,plain,6,1,38,38,1,0.02631578947368421,9959,38,0
main/E/union/D_unif/tau0.1/r0/excl/k6/r2/ctl-plain,union,E,D_unif,0.1,excluded,plain,6,2,950,950,112,0.11789473684210526,9959,950,0
main/E/union/D_unif/tau0.1/r0/excl/k6/r3/ctl-plain,union,E,D_unif,0.1,excluded,plain,6,3,4660,4660,2534,0.5437768240343348,9959,4660,0
main/E/union/D_unif/tau0.1/r0/excl/k6/r4/ctl-plain,union,E,D_unif,0.1,excluded,plain,6,4,5550,5550,3337,0.6012612612612612,9959,5550,0
main/E/union/D_unif/tau0.1/r0/excl/k6/r5/ctl-plain,union,E,D_unif,0.1,excluded,plain,6,5,7455,7455,5815,0.7800134138162307,9959,7455,0
main/E/union/D_unif/tau0.1/r0/excl/k6/r5a/ctl-plain,union,E,D_unif,0.1,excluded,plain,6,5a,6356,6356,4374,0.6881686595342983,9959,6356,0
main/E/union/D_unif/tau0.1/r0/excl/k6/r6/ctl-plain,union,E,D_unif,0.1,excluded,plain,6,6,8942,8942,8105,0.906396779244017,9959,8942,0
main/E/union/D_unif/tau0.1/r0/excl/k6/r6a/ctl-plain,union,E,D_unif,0.1,excluded,plain,6,6a,8284,8284,7052,0.8512795750845003,9959,8284,0
main/E/union/D_unif/tau0.1/r0/excl/k6/r7/ctl-plain,union,E,D_unif,0.1,excluded,plain,6,7,9694,9694,9453,0.9751392613988034,9959,9694,0
main/E/union/D_unif/tau0.1/r0/excl/k7/r1/ctl-plain,union,E,D_unif,0.1,excluded,plain,7,1,156,156,4,0.02564102564102564,9959,156,0
main/E/union/D_unif/tau0.1/r0/excl/k7/r2/ctl-plain,union,E,D_unif,0.1,excluded,plain,7,2,1001,1001,141,0.14085914085914086,9959,1001,0
main/E/union/D_unif/tau0.1/r0/excl/k7/r3/ctl-plain,union,E,D_unif,0.1,excluded,plain,7,3,4593,4593,2505,0.5453951665578054,9959,4593,0
main/E/union/D_unif/tau0.1/r0/excl/k7/r4/ctl-plain,union,E,D_unif,0.1,excluded,plain,7,4,5427,5427,3203,0.5901971623364658,9959,5427,0
main/E/union/D_unif/tau0.1/r0/excl/k7/r5/ctl-plain,union,E,D_unif,0.1,excluded,plain,7,5,7321,7321,5578,0.7619177707963393,9959,7321,0
main/E/union/D_unif/tau0.1/r0/excl/k7/r5a/ctl-plain,union,E,D_unif,0.1,excluded,plain,7,5a,6891,6891,4993,0.7245682774633581,9959,6891,0
main/E/union/D_unif/tau0.1/r0/excl/k7/r6/ctl-plain,union,E,D_unif,0.1,excluded,plain,7,6,9124,9124,8438,0.9248136782113108,9959,9124,0
main/E/union/D_unif/tau0.1/r0/excl/k7/r6a/ctl-plain,union,E,D_unif,0.1,excluded,plain,7,6a,8379,8379,7219,0.8615586585511398,9959,8379,0
main/E/union/D_unif/tau0.1/r0/excl/k7/r7/ctl-plain,union,E,D_unif,0.1,excluded,plain,7,7,9707,9707,9471,0.975687648089008,9959,9706,0
main/E/union/D_unif/tau0.1/r0/excl/k0/r8/ctl-plain,union,E,D_unif,0.1,excluded,plain,0,8,9966,9966,9959,0.9992976118803933,9959,9958,7
main/E/union/D_unif/tau0.1/uniform/excl/k0/r1/ctl-plain,union,E,D_unif,0.1,excluded,plain,0,1,201,201,7,0.03482587064676617,9959,201,0
main/E/union/D_unif/tau0.1/uniform/excl/k0/r2/ctl-plain,union,E,D_unif,0.1,excluded,plain,0,2,1039,1039,139,0.13378248315688163,9959,1039,0
main/E/union/D_unif/tau0.1/uniform/excl/k0/r3/ctl-plain,union,E,D_unif,0.1,excluded,plain,0,3,4494,4494,2292,0.5100133511348465,9959,4494,0
main/E/union/D_unif/tau0.1/uniform/excl/k0/r4/ctl-plain,union,E,D_unif,0.1,excluded,plain,0,4,6764,6764,4909,0.7257539917208752,9959,6764,0
main/E/union/D_unif/tau0.1/uniform/excl/k0/r5/ctl-plain,union,E,D_unif,0.1,excluded,plain,0,5,8170,8170,6940,0.8494492044063647,9959,8170,0
main/E/union/D_unif/tau0.1/uniform/excl/k0/r5a/ctl-plain,union,E,D_unif,0.1,excluded,plain,0,5a,7508,7508,5965,0.7944858817261587,9959,7508,0
main/E/union/D_unif/tau0.1/uniform/excl/k0/r6/ctl-plain,union,E,D_unif,0.1,excluded,plain,0,6,9203,9203,8585,0.9328479843529284,9959,9203,0
main/E/union/D_unif/tau0.1/uniform/excl/k0/r6a/ctl-plain,union,E,D_unif,0.1,excluded,plain,0,6a,8660,8660,7692,0.8882217090069284,9959,8660,0
main/E/union/D_unif/tau0.1/uniform/excl/k0/r7/ctl-plain,union,E,D_unif,0.1,excluded,plain,0,7,9794,9794,9637,0.9839697774147437,9959,9793,0
main/E/union/D_unif/tau0.1/uniform/excl/k1/r1/ctl-plain,union,E,D_unif,0.1,excluded,plain,1,1,222,222,7,0.03153153153153153,9959,222,0
main/E/union/D_unif/tau0.1/uniform/excl/k1/r2/ctl-plain,union,E,D_unif,0.1,excluded,plain,1,2,1287,1287,227,0.17637917637917638,9959,1287,0
main/E/union/D_unif/tau0.1/uniform/excl/k1/r3/ctl-plain,union,E,D_unif,0.1,excluded,plain,1,3,4466,4466,2384,0.5338110165696373,9959,4466,0
main/E/union/D_unif/tau0.1/uniform/excl/k1/r4/ctl-plain,union,E,D_unif,0.1,excluded,plain,1,4,4171,4171,1944,0.46607528170702467,9959,4171,0
main/E/union/D_unif/tau0.1/uniform/excl/k1/r5/ctl-plain,union,E,D_unif,0.1,excluded,plain,1,5,7805,7805,6465,0.8283151825752723,9959,7805,0
main/E/union/D_unif/tau0.1/uniform/excl/k1/r5a/ctl-plain,union,E,D_unif,0.1,excluded,plain,1,5a,6609,6609,4811,0.727946739294901,9959,6609,0
main/E/union/D_unif/tau0.1/uniform/excl/k1/r6/ctl-plain,union,E,D_unif,0.1,excluded,plain,1,6,8893,8893,8098,0.9106038457213539,9959,8893,0
main/E/union/D_unif/tau0.1/uniform/excl/k1/r6a/ctl-plain,union,E,D_unif,0.1,excluded,plain,1,6a,8517,8517,7515,0.8823529411764706,9959,8517,0
main/E/union/D_unif/tau0.1/uniform/excl/k1/r7/ctl-plain,union,E,D_unif,0.1,excluded,plain,1,7,9580,9580,9241,0.9646137787056367,9959,9580,0
main/E/union/D_unif/tau0.1/uniform/excl/k2/r1/ctl-plain,union,E,D_unif,0.1,excluded,plain,2,1,226,226,8,0.035398230088495575,9959,226,0
main/E/union/D_unif/tau0.1/uniform/excl/k2/r2/ctl-plain,union,E,D_unif,0.1,excluded,plain,2,2,1066,1066,152,0.1425891181988743,9959,1066,0
main/E/union/D_unif/tau0.1/uniform/excl/k2/r3/ctl-plain,union,E,D_unif,0.1,excluded,plain,2,3,4640,4640,2609,0.5622844827586206,9959,4640,0
main/E/union/D_unif/tau0.1/uniform/excl/k2/r4/ctl-plain,union,E,D_unif,0.1,excluded,plain,2,4,5242,5242,2963,0.5652422739412438,9959,5242,0
main/E/union/D_unif/tau0.1/uniform/excl/k2/r5/ctl-plain,union,E,D_unif,0.1,excluded,plain,2,5,8026,8026,6644,0.827809618739098,9959,8026,0
main/E/union/D_unif/tau0.1/uniform/excl/k2/r5a/ctl-plain,union,E,D_unif,0.1,excluded,plain,2,5a,6666,6666,4717,0.7076207620762076,9959,6666,0
main/E/union/D_unif/tau0.1/uniform/excl/k2/r6/ctl-plain,union,E,D_unif,0.1,excluded,plain,2,6,9106,9106,8415,0.9241159674939601,9959,9106,0
main/E/union/D_unif/tau0.1/uniform/excl/k2/r6a/ctl-plain,union,E,D_unif,0.1,excluded,plain,2,6a,8736,8736,7774,0.8898809523809523,9959,8736,0
main/E/union/D_unif/tau0.1/uniform/excl/k2/r7/ctl-plain,union,E,D_unif,0.1,excluded,plain,2,7,9625,9625,9330,0.9693506493506493,9959,9625,0
main/E/union/D_unif/tau0.1/uniform/excl/k3/r1/ctl-plain,union,E,D_unif,0.1,excluded,plain,3,1,143,143,1,0.006993006993006993,9959,143,0
main/E/union/D_unif/tau0.1/uniform/excl/k3/r2/ctl-plain,union,E,D_unif,0.1,excluded,plain,3,2,1530,1530,260,0.16993464052287582,9959,1530,0
main/E/union/D_unif/tau0.1/uniform/excl/k3/r3/ctl-plain,union,E,D_unif,0.1,excluded,plain,3,3,4523,4523,2422,0.5354852973690029,9959,4523,0
main/E/union/D_unif/tau0.1/uniform/excl/k3/r4/ctl-plain,union,E,D_unif,0.1,excluded,plain,3,4,1366,1366,221,0.1617862371888726,9959,1366,0
main/E/union/D_unif/tau0.1/uniform/excl/k3/r5/ctl-plain,union,E,D_unif,0.1,excluded,plain,3,5,7761,7761,6256,0.8060816905038011,9959,7761,0
main/E/union/D_unif/tau0.1/uniform/excl/k3/r5a/ctl-plain,union,E,D_unif,0.1,excluded,plain,3,5a,5677,5677,3539,0.6233926369561388,9959,5677,0
main/E/union/D_unif/tau0.1/uniform/excl/k3/r6/ctl-plain,union,E,D_unif,0.1,excluded,plain,3,6,8963,8963,8173,0.9118598683476514,9959,8963,0
main/E/union/D_unif/tau0.1/uniform/excl/k3/r6a/ctl-plain,union,E,D_unif,0.1,excluded,plain,3,6a,8331,8331,7113,0.8537990637378466,9959,8331,0
main/E/union/D_unif/tau0.1/uniform/excl/k3/r7/ctl-plain,union,E,D_unif,0.1,excluded,plain,3,7,9579,9579,9253,0.9659672199603299,9959,9579,0
main/E/union/D_unif/tau0.1/uniform/excl/k4/r1/ctl-plain,union,E,D_unif,0.1,excluded,plain,4,1,212,212,6,0.02830188679245283,9959,212,0
main/E/union/D_unif/tau0.1/uniform/excl/k4/r2/ctl-plain,union,E,D_unif,0.1,excluded,plain,4,2,1201,1201,235,0.19567027477102414,9959,1201,0
main/E/union/D_unif/tau0.1/uniform/excl/k4/r3/ctl-plain,union,E,D_unif,0.1,excluded,plain,4,3,4240,4240,2147,0.5063679245283019,9959,4240,0
main/E/union/D_unif/tau0.1/uniform/excl/k4/r4/ctl-plain,union,E,D_unif,0.1,excluded,plain,4,4,4981,4981,2717,0.5454727966271833,9959,4981,0
main/E/union/D_unif/tau0.1/uniform/excl/k4/r5/ctl-plain,union,E,D_unif,0.1,excluded,plain,4,5,7675,7675,6219,0.8102931596091205,9959,7675,0
main/E/union/D_unif/tau0.1/uniform/excl/k4/r5a/ctl-plain,union,E,D_unif,0.1,excluded,plain,4,5a,5814,5814,3624,0.6233230134158927,9959,5814,0
main/E/union/D_unif/tau0.1/uniform/excl/k4/r6/ctl-plain,union,E,D_unif,0.1,excluded,plain,4,6,9067,9067,8356,0.9215837653027462,9959,9067,0
main/E/union/D_unif/tau0.1/uniform/excl/k4/r6a/ctl-plain,union,E,D_unif,0.1,excluded,plain,4,6a,8383,8383,7321,0.8733150423476083,9959,8383,0
main/E/union/D_unif/tau0.1/uniform/excl/k4/r7/ctl-plain,union,E,D_unif,0.1,excluded,plain,4,7,9704,9704,9479,0.9768136850783182,9959,9704,0
main/E/union/D_unif/tau0.1/uniform/excl/k5/r1/ctl-plain,union,E,D_unif,0.1,excluded,plain,5,1,154,154,3,0.01948051948051948,9959,154,0
main/E/union/D_unif/tau0.1/uniform/excl/k5/r2/ctl-plain,union,E,D_unif,0.1,excluded,plain,5,2,891,891,100,0.1122334455667789,9959,891,0
main/E/union/D_unif/tau0.1/uniform/excl/k5/r3/ctl-plain,union,E,D_unif,0.1,excluded,plain,5,3,4733,4733,2618,0.553137544897528,9959,4733,0
main/E/union/D_unif/tau0.1/uniform/excl/k5/r4/ctl-plain,union,E,D_unif,0.1,excluded,plain,5,4,5621,5621,3462,0.6159046433019035,9959,5621,0
main/E/union/D_unif/tau0.1/uniform/excl/k5/r5/ctl-plain,union,E,D_unif,0.1,excluded,plain,5,5,7475,7475,5829,0.7797993311036789,9959,7475,0
main/E/union/D_unif/tau0.1/uniform/excl/k5/r5a/ctl-plain,union,E,D_unif,0.1,excluded,plain,5,5a,6490,6490,4531,0.6981510015408321,9959,6490,0
main/E/union/D_unif/tau0.1/uniform/excl/k5/r6/ctl-plain,union,E,D_unif,0.1,excluded,plain,5,6,9182,9182,8556,0.9318231322152036,9959,9182,0
main/E/union/D_unif/tau0.1/uniform/excl/k5/r6a/ctl-plain,union,E,D_unif,0.1,excluded,plain,5,6a,8626,8626,7613,0.8825643403663344,9959,8626,0
main/E/union/D_unif/tau0.1/uniform/excl/k5/r7/ctl-plain,union,E,D_unif,0.1,excluded,plain,5,7,9591,9591,9279,0.9674695026587425,9959,9591,0
main/E/union/D_unif/tau0.1/uniform/excl/k6/r1/ctl-plain,union,E,D_unif,0.1,excluded,plain,6,1,38,38,1,0.02631578947368421,9959,38,0
main/E/union/D_unif/tau0.1/uniform/excl/k6/r2/ctl-plain,union,E,D_unif,0.1,excluded,plain,6,2,950,950,112,0.11789473684210526,9959,950,0
main/E/union/D_unif/tau0.1/uniform/excl/k6/r3/ctl-plain,union,E,D_unif,0.1,excluded,plain,6,3,4660,4660,2534,0.5437768240343348,9959,4660,0
main/E/union/D_unif/tau0.1/uniform/excl/k6/r4/ctl-plain,union,E,D_unif,0.1,excluded,plain,6,4,5550,5550,3337,0.6012612612612612,9959,5550,0
main/E/union/D_unif/tau0.1/uniform/excl/k6/r5/ctl-plain,union,E,D_unif,0.1,excluded,plain,6,5,7455,7455,5815,0.7800134138162307,9959,7455,0
main/E/union/D_unif/tau0.1/uniform/excl/k6/r5a/ctl-plain,union,E,D_unif,0.1,excluded,plain,6,5a,6356,6356,4374,0.6881686595342983,9959,6356,0
main/E/union/D_unif/tau0.1/uniform/excl/k6/r6/ctl-plain,union,E,D_unif,0.1,excluded,plain,6,6,8942,8942,8105,0.906396779244017,9959,8942,0
main/E/union/D_unif/tau0.1/uniform/excl/k6/r6a/ctl-plain,union,E,D_unif,0.1,excluded,plain,6,6a,8284,8284,7052,0.8512795750845003,9959,8284,0
main/E/union/D_unif/tau0.1/uniform/excl/k6/r7/ctl-plain,union,E,D_unif,0.1,excluded,plain,6,7,9694,9694,9453,0.9751392613988034,9959,9694,0
main/E/union/D_unif/tau0.1/uniform/excl/k7/r1/ctl-plain,union,E,D_unif,0.1,excluded,plain,7,1,156,156,4,0.02564102564102564,9959,156,0
main/E/union/D_unif/tau0.1/uniform/excl/k7/r2/ctl-plain,union,E,D_unif,0.1,excluded,plain,7,2,1001,1001,141,0.14085914085914086,9959,1001,0
main/E/union/D_unif/tau0.1/uniform/excl/k7/r3/ctl-plain,union,E,D_unif,0.1,excluded,plain,7,3,4593,4593,2505,0.5453951665578054,9959,4593,0
main/E/union/D_unif/tau0.1/uniform/excl/k7/r4/ctl-plain,union,E,D_unif,0.1,excluded,plain,7,4,5427,5427,3203,0.5901971623364658,9959,5427,0
main/E/union/D_unif/tau0.1/uniform/excl/k7/r5/ctl-plain,union,E,D_unif,0.1,excluded,plain,7,5,7321,7321,5578,0.7619177707963393,9959,7321,0
main/E/union/D_unif/tau0.1/uniform/excl/k7/r5a/ctl-plain,union,E,D_unif,0.1,excluded,plain,7,5a,6891,6891,4993,0.7245682774633581,9959,6891,0
main/E/union/D_unif/tau0.1/uniform/excl/k7/r6/ctl-plain,union,E,D_unif,0.1,excluded,plain,7,6,9124,9124,8438,0.9248136782113108,9959,9124,0
main/E/union/D_unif/tau0.1/uniform/excl/k7/r6a/ctl-plain,union,E,D_unif,0.1,excluded,plain,7,6a,8379,8379,7219,0.8615586585511398,9959,8379,0
main/E/union/D_unif/tau0.1/uniform/excl/k7/r7/ctl-plain,union,E,D_unif,0.1,excluded,plain,7,7,9707,9707,9471,0.975687648089008,9959,9706,0
main/E/union/D_unif/tau0.1/uniform/excl/k0/r8/ctl-plain,union,E,D_unif,0.1,excluded,plain,0,8,9966,9966,9959,0.9992976118803933,9959,9958,7
main/E/union/D_unif/tau0.1/uniform/excl/k1/r8/ctl-plain,union,E,D_unif,0.1,excluded,plain,1,8,9966,9966,9958,0.9991972707204495,9959,9958,7
main/E/union/D_unif/tau0.1/uniform/excl/k2/r8/ctl-plain,union,E,D_unif,0.1,excluded,plain,2,8,9966,9966,9958,0.9991972707204495,9959,9958,7
main/E/union/D_unif/tau0.1/uniform/excl/k3/r8/ctl-plain,union,E,D_unif,0.1,excluded,plain,3,8,9966,9966,9958,0.9991972707204495,9959,9958,7
main/E/union/D_unif/tau0.1/uniform/excl/k4/r8/ctl-plain,union,E,D_unif,0.1,excluded,plain,4,8,9966,9966,9958,0.9991972707204495,9959,9958,7
main/E/union/D_unif/tau0.1/uniform/excl/k5/r8/ctl-plain,union,E,D_unif,0.1,excluded,plain,5,8,9966,9966,9958,0.9991972707204495,9959,9958,7
main/E/union/D_unif/tau0.1/uniform/excl/k6/r8/ctl-plain,union,E,D_unif,0.1,excluded,plain,6,8,9966,9966,9958,0.9991972707204495,9959,9958,7
main/E/union/D_unif/tau0.1/uniform/excl/k7/r8/ctl-plain,union,E,D_unif,0.1,excluded,plain,7,8,9966,9966,9958,0.9991972707204495,9959,9958,7
main/E/hard_zero/D_unif/tau0.1/ones/incl/k0/r1/ctl-plain,hard_zero,E,D_unif,0.1,included,plain,0,1,201,201,7,0.03482587064676617,9959,201,0
main/E/hard_zero/D_unif/tau0.1/ones/incl/k0/r2/ctl-plain,hard_zero,E,D_unif,0.1,included,plain,0,2,1039,1039,149,0.14340712223291627,9959,1039,0
main/E/hard_zero/D_unif/tau0.1/ones/incl/k0/r3/ctl-plain,hard_zero,E,D_unif,0.1,included,plain,0,3,4494,4494,2342,0.5211392968402314,9959,4494,0
main/E/hard_zero/D_unif/tau0.1/ones/incl/k0/r4/ctl-plain,hard_zero,E,D_unif,0.1,included,plain,0,4,6764,6764,4914,0.7264931992903607,9959,6764,0
main/E/hard_zero/D_unif/tau0.1/ones/incl/k0/r5/ctl-plain,hard_zero,E,D_unif,0.1,included,plain,0,5,8170,8170,6908,0.8455324357405141,9959,8170,0
main/E/hard_zero/D_unif/tau0.1/ones/incl/k0/r5a/ctl-plain,hard_zero,E,D_unif,0.1,included,plain,0,5a,7508,7508,5960,0.7938199254128929,9959,7508,0
main/E/hard_zero/D_unif/tau0.1/ones/incl/k0/r6/ctl-plain,hard_zero,E,D_unif,0.1,included,plain,0,6,9203,9203,8561,0.930240139085081,9959,9203,0
main/E/hard_zero/D_unif/tau0.1/ones/incl/k0/r6a/ctl-plain,hard_zero,E,D_unif,0.1,included,plain,0,6a,8660,8660,7658,0.8842956120092379,9959,8660,0
main/E/hard_zero/D_unif/tau0.1/ones/incl/k0/r7/ctl-plain,hard_zero,E,D_unif,0.1,included,plain,0,7,9794,9794,9638,0.9840718807433122,9959,9793,0
main/E/hard_zero/D_unif/tau0.1/ones/incl/k1/r1/ctl-plain,hard_zero,E,D_unif,0.1,included,plain,1,1,222,222,14,0.06306306306306306,9959,222,0
main/E/hard_zero/D_unif/tau0.1/ones/incl/k1/r2/ctl-plain,hard_zero,E,D_unif,0.1,included,plain,1,2,1287,1287,214,0.16627816627816627,9959,1287,0
main/E/hard_zero/D_unif/tau0.1/ones/incl/k1/r3/ctl-plain,hard_zero,E,D_unif,0.1,included,plain,1,3,4466,4466,2352,0.5266457680250783,9959,4466,0
main/E/hard_zero/D_unif/tau0.1/ones/incl/k1/r4/ctl-plain,hard_zero,E,D_unif,0.1,included,plain,1,4,4171,4171,1954,0.4684727883001678,9959,4171,0
main/E/hard_zero/D_unif/tau0.1/ones/incl/k1/r5/ctl-plain,hard_zero,E,D_unif,0.1,included,plain,1,5,7805,7805,6408,0.8210121716848174,9959,7805,0
main/E/hard_zero/D_unif/tau0.1/ones/incl/k1/r5a/ctl-plain,hard_zero,E,D_unif,0.1,included,plain,1,5a,6609,6609,4770,0.7217430776214253,9959,6609,0
main/E/hard_zero/D_unif/tau0.1/ones/incl/k1/r6/ctl-plain,hard_zero,E,D_unif,0.1,included,plain,1,6,8893,8893,8085,0.9091420218149106,9959,8893,0
main/E/hard_zero/D_unif/tau0.1/ones/incl/k1/r6a/ctl-plain,hard_zero,E,D_unif,0.1,included,plain,1,6a,8517,8517,7507,0.8814136433016321,9959,8517,0
main/E/hard_zero/D_unif/tau0.1/ones/incl/k1/r7/ctl-plain,hard_zero,E,D_unif,0.1,included,plain,1,7,9580,9580,9240,0.964509394572025,9959,9580,0
main/E/hard_zero/D_unif/tau0.1/ones/incl/k2/r1/ctl-plain,hard_zero,E,D_unif,0.1,included,plain,2,1,226,226,10,0.04424778761061947,9959,226,0
main/E/hard_zero/D_unif/tau0.1/ones/incl/k2/r2/ctl-plain,hard_zero,E,D_unif,0.1,included,plain,2,2,1066,1066,139,0.1303939962476548,9959,1066,0
main/E/hard_zero/D_unif/tau0.1/ones/incl/k2/r3/ctl-plain,hard_zero,E,D_unif,0.1,included,plain,2,3,4640,4640,2585,0.5571120689655172,9959,4640,0
main/E/hard_zero/D_unif/tau0.1/ones/incl/k2/r4/ctl-plain,hard_zero,E,D_unif,0.1,included,plain,2,4,5242,5242,2998,0.5719191148416635,9959,5242,0
main/E/hard_zero/D_unif/tau0.1/ones/incl/k2/r5/ctl-plain,hard_zero,E,D_unif,0.1,included,plain,2,5,8026,8026,6648,0.8283079990032395,9959,8026,0
main/E/hard_zero/D_unif/tau0.1/ones/incl/k2/r5a/ctl-plain,hard_zero,E,D_unif,0.1,included,plain,2,5a,6666,6666,4741,0.7112211221122112,9959,6666,0
main/E/hard_zero/D_unif/tau0.1/ones/incl/k2/r6/ctl-plain,hard_zero,E,D_unif,0.1,included,plain,2,6,9106,9106,8386,0.9209312541181639,9959,9106,0
main/E/hard_zero/D_unif/tau0.1/ones/incl/k2/r6a/ctl-plain,hard_zero,E,D_unif,0.1,included,plain,2,6a,8736,8736,7783,0.8909111721611722,9959,8736,0
main/E/hard_zero/D_unif/tau0.1/ones/incl/k2/r7/ctl-plain,hard_zero,E,D_unif,0.1,included,plain,2,7,9625,9625,9324,0.9687272727272728,9959,9625,0
main/E/hard_zero/D_unif/tau0.1/ones/incl/k3/r1/ctl-plain,hard_zero,E,D_unif,0.1,included,plain,3,1,143,143,2,0.013986013986013986,9959,143,0
main/E/hard_zero/D_unif/tau0.1/ones/incl/k3/r2/ctl-plain,hard_zero,E,D_unif,0.1,included,plain,3,2,1530,1530,283,0.18496732026143792,9959,1530,0
main/E/hard_zero/D_unif/tau0.1/ones/incl/k3/r3/ctl-plain,hard_zero,E,D_unif,0.1,included,plain,3,3,4523,4523,2429,0.5370329427371214,9959,4523,0
main/E/hard_zero/D_unif/tau0.1/ones/incl/k3/r4/ctl-plain,hard_zero,E,D_unif,0.1,included,plain,3,4,1366,1366,231,0.16910688140556368,9959,1366,0
main/E/hard_zero/D_unif/tau0.1/ones/incl/k3/r5/ctl-plain,hard_zero,E,D_unif,0.1,included,plain,3,5,7761,7761,6203,0.7992526736245329,9959,7761,0
main/E/hard_zero/D_unif/tau0.1/ones/incl/k3/r5a/ctl-plain,hard_zero,E,D_unif,0.1,included,plain,3,5a,5677,5677,3485,0.613880570723974,9959,5677,0
main/E/hard_zero/D_unif/tau0.1/ones/incl/k3/r6/ctl-plain,hard_zero,E,D_unif,0.1,included,plain,3,6,8963,8963,8184,0.9130871360035703,9959,8963,0
main/E/hard_zero/D_unif/tau0.1/ones/incl/k3/r6a/ctl-plain,hard_zero,E,D_unif,0.1,included,plain,3,6a,8331,8331,7098,0.851998559596687,9959,8331,0
main/E/hard_zero/D_unif/tau0.1/ones/incl/k3/r7/ctl-plain,hard_zero,E,D_unif,0.1,included,plain,3,7,9579,9579,9249,0.9655496398371437,9959,9579,0
main/E/hard_zero/D_unif/tau0.1/ones/incl/k4/r1/ctl-plain,hard_zero,E,D_unif,0.1,included,plain,4,1,212,212,5,0.02358490566037736,9959,212,0
main/E/hard_zero/D_unif/tau0.1/ones/incl/k4/r2/ctl-plain,hard_zero,E,D_unif,0.1,included,plain,4,2,1201,1201,199,0.16569525395503748,9959,1201,0
main/E/hard_zero/D_unif/tau0.1/ones/incl/k4/r3/ctl-plain,hard_zero,E,D_unif,0.1,included,plain,4,3,4240,4240,2125,0.5011792452830188,9959,4240,0
main/E/hard_zero/D_unif/tau0.1/ones/incl/k4/r4/ctl-plain,hard_zero,E,D_unif,0.1,included,plain,4,4,4981,4981,2673,0.5366392290704678,9959,4981,0
main/E/hard_zero/D_unif/tau0.1/ones/incl/k4/r5/ctl-plain,hard_zero,E,D_unif,0.1,included,plain,4,5,7675,7675,6216,0.8099022801302932,9959,7675,0
main/E/hard_zero/D_unif/tau0.1/ones/incl/k4/r5a/ctl-plain,hard_zero,E,D_unif,0.1,included,plain,4,5a,5814,5814,3620,0.6226350189198486,9959,5814,0
main/E/hard_zero/D_unif/tau0.1/ones/incl/k4/r6/ctl-plain,hard_zero,E,D_unif,0.1,included,plain,4,6,9067,9067,8351,0.9210323149884195,9959,9067,0
main/E/hard_zero/D_unif/tau0.1/ones/incl/k4/r6a/ctl-plain,hard_zero,E,D_unif,0.1,included,plain,4,6a,8383,8383,7308,0.8717642848622211,9959,8383,0
main/E/hard_zero/D_unif/tau0.1/ones/incl/k4/r7/ctl-plain,hard_zero,E,D_unif,0.1,included,plain,4,7,9704,9704,9475,0.9764014839241549,9959,9704,0
main/E/hard_zero/D_unif/tau0.1/ones/incl/k5/r1/ctl-plain,hard_zero,E,D_unif,0.1,included,plain,5,1,154,154,4,0.025974025974025976,9959,154,0
main/E/hard_zero/D_unif/tau0.1/ones/incl/k5/r2/ctl-plain,hard_zero,E,D_unif,0.1,included,plain,5,2,891,891,111,0.12457912457912458,9959,891,0
main/E/hard_zero/D_unif/tau0.1/ones/incl/k5/r3/ctl-plain,hard_zero,E,D_unif,0.1,included,plain,5,3,4733,4733,2613,0.5520811324741179,9959,4733,0
main/E/hard_zero/D_unif/tau0.1/ones/incl/k5/r4/ctl-plain,hard_zero,E,D_unif,0.1,included,plain,5,4,5621,5621,3402,0.6052303860523038,9959,5621,0
main/E/hard_zero/D_unif/tau0.1/ones/incl/k5/r5/ctl-plain,hard_zero,E,D_unif,0.1,included,plain,5,5,7475,7475,5792,0.7748494983277592,9959,7475,0
main/E/hard_zero/D_unif/tau0.1/ones/incl/k5/r5a/ctl-plain,hard_zero,E,D_unif,0.1,included,plain,5,5a,6490,6490,4476,0.6896764252696456,9959,6490,0
main/E/hard_zero/D_unif/tau0.1/ones/incl/k5/r6/ctl-plain,hard_zero,E,D_unif,0.1,included,plain,5,6,9182,9182,8549,0.9310607710738401,9959,9182,0
main/E/hard_zero/D_unif/tau0.1/ones/incl/k5/r6a/ctl-plain,hard_zero,E,D_unif,0.1,included,plain,5,6a,8626,8626,7622,0.8836076976582425,9959,8626,0
main/E/hard_zero/D_unif/tau0.1/ones/incl/k5/r7/ctl-plain,hard_zero,E,D_unif,0.1,included,plain,5,7,9591,9591,9262,0.9656970076113023,9959,9591,0
main/E/hard_zero/D_unif/tau0.1/ones/incl/k6/r1/ctl-plain,hard_zero,E,D_unif,0.1,included,plain,6,1,38,38,1,0.02631578947368421,9959,38,0
main/E/hard_zero/D_unif/tau0.1/ones/incl/k6/r2/ctl-plain,hard_zero,E,D_unif,0.1,included,plain,6,2,950,950,121,0.12736842105263158,9959,950,0
main/E/hard_zero/D_unif/tau0.1/ones/incl/k6/r3/ctl-plain,hard_zero,E,D_unif,0.1,included,plain,6,3,4660,4660,2502,0.5369098712446352,9959,4660,0
main/E/hard_zero/D_unif/tau0.1/ones/incl/k6/r4/ctl-plain,hard_zero,E,D_unif,0.1,included,plain,6,4,5550,5550,3353,0.6041441441441442,9959,5550,0
main/E/hard_zero/D_unif/tau0.1/ones/incl/k6/r5/ctl-plain,hard_zero,E,D_unif,0.1,included,plain,6,5,7455,7455,5826,0.7814889336016096,9959,7455,0
main/E/hard_zero/D_unif/tau0.1/ones/incl/k6/r5a/ctl-plain,hard_zero,E,D_unif,0.1,included,plain,6,5a,6356,6356,4382,0.6894273127753304,9959,6356,0
main/E/hard_zero/D_unif/tau0.1/ones/incl/k6/r6/ctl-plain,hard_zero,E,D_unif,0.1,included,plain,6,6,8942,8942,8122,0.9082979199284277,9959,8942,0
main/E/hard_zero/D_unif/tau0.1/ones/incl/k6/r6a/ctl-plain,hard_zero,E,D_unif,0.1,included,plain,6,6a,8284,8284,7057,0.8518831482375664,9959,8284,0
main/E/hard_zero/D_unif/tau0.1/ones/incl/k6/r7/ctl-plain,hard_zero,E,D_unif,0.1,included,plain,6,7,9694,9694,9448,0.9746234784402723,9959,9694,0
main/E/hard_zero/D_unif/tau0.1/ones/incl/k7/r1/ctl-plain,hard_zero,E,D_unif,0.1,included,plain,7,1,156,156,8,0.05128205128205128,9959,156,0
main/E/hard_zero/D_unif/tau0.1/ones/incl/k7/r2/ctl-plain,hard_zero,E,D_unif,0.1,included,plain,7,2,1001,1001,137,0.13686313686313686,9959,1001,0
main/E/hard_zero/D_unif/tau0.1/ones/incl/k7/r3/ctl-plain,hard_zero,E,D_unif,0.1,included,plain,7,3,4593,4593,2485,0.5410407141301982,9959,4593,0
main/E/hard_zero/D_unif/tau0.1/ones/incl/k7/r4/ctl-plain,hard_zero,E,D_unif,0.1,included,plain,7,4,5427,5427,3183,0.5865118850193477,9959,5427,0
main/E/hard_zero/D_unif/tau0.1/ones/incl/k7/r5/ctl-plain,hard_zero,E,D_unif,0.1,included,plain,7,5,7321,7321,5600,0.7649228247507172,9959,7321,0
main/E/hard_zero/D_unif/tau0.1/ones/incl/k7/r5a/ctl-plain,hard_zero,E,D_unif,0.1,included,plain,7,5a,6891,6891,5006,0.7264547961108693,9959,6891,0
main/E/hard_zero/D_unif/tau0.1/ones/incl/k7/r6/ctl-plain,hard_zero,E,D_unif,0.1,included,plain,7,6,9124,9124,8469,0.928211310828584,9959,9124,0
main/E/hard_zero/D_unif/tau0.1/ones/incl/k7/r6a/ctl-plain,hard_zero,E,D_unif,0.1,included,plain,7,6a,8379,8379,7217,0.8613199665831245,9959,8379,0
main/E/hard_zero/D_unif/tau0.1/ones/incl/k7/r7/ctl-plain,hard_zero,E,D_unif,0.1,included,plain,7,7,9707,9707,9471,0.975687648089008,9959,9706,0
main/E/hard_zero/D_unif/tau0.1/ones/incl/k0/r8/ctl-plain,hard_zero,E,D_unif,0.1,included,plain,0,8,9966,9966,9958,0.9991972707204495,9959,9958,7
main/E/soft_erase/D_unif/tau0.1/r1/excl/k0/r1/ctl-plain,soft_erase,E,D_unif,0.1,excluded,plain,0,1,201,201,10,0.04975124378109453,9959,201,0
main/E/soft_erase/D_unif/tau0.1/r1/excl/k0/r2/ctl-plain,soft_erase,E,D_unif,0.1,excluded,plain,0,2,1039,1039,131,0.1260827718960539,9959,1039,0
main/E/soft_erase/D_unif/tau0.1/r1/excl/k0/r3/ctl-plain,soft_erase,E,D_unif,0.1,excluded,plain,0,3,4494,4494,2256,0.5020026702269693,9959,4494,0
main/E/soft_erase/D_unif/tau0.1/r1/excl/k0/r4/ctl-plain,soft_erase,E,D_unif,0.1,excluded,plain,0,4,6764,6764,4861,0.7186575990538143,9959,6764,0
main/E/soft_erase/D_unif/tau0.1/r1/excl/k0/r5/ctl-plain,soft_erase,E,D_unif,0.1,excluded,plain,0,5,8170,8170,6894,0.8438188494492044,9959,8170,0
main/E/soft_erase/D_unif/tau0.1/r1/excl/k0/r5a/ctl-plain,soft_erase,E,D_unif,0.1,excluded,plain,0,5a,7508,7508,5905,0.7864944059669685,9959,7508,0
main/E/soft_erase/D_unif/tau0.1/r1/excl/k0/r6/ctl-plain,soft_erase,E,D_unif,0.1,excluded,plain,0,6,9203,9203,8579,0.9321960230359665,9959,9203,0
main/E/soft_erase/D_unif/tau0.1/r1/excl/k0/r6a/ctl-plain,soft_erase,E,D_unif,0.1,excluded,plain,0,6a,8660,8660,7672,0.8859122401847576,9959,8660,0
main/E/soft_erase/D_unif/tau0.1/r1/excl/k0/r7/ctl-plain,soft_erase,E,D_unif,0.1,excluded,plain,0,7,9794,9794,9632,0.9834592607719012,9959,9793,0
main/E/soft_erase/D_unif/tau0.1/r1/excl/k1/r1/ctl-plain,soft_erase,E,D_unif,0.1,excluded,plain,1,1,222,222,4,0.018018018018018018,9959,222,0
main/E/soft_erase/D_unif/tau0.1/r1/excl/k1/r2/ctl-plain,soft_erase,E,D_unif,0.1,excluded,plain,1,2,1287,1287,208,0.16161616161616163,9959,1287,0
main/E/soft_erase/D_unif/tau0.1/r1/excl/k1/r3/ctl-plain,soft_erase,E,D_unif,0.1,excluded,plain,1,3,4466,4466,2338,0.5235109717868338,9959,4466,0
main/E/soft_erase/D_unif/tau0.1/r1/excl/k1/r4/ctl-plain,soft_erase,E,D_unif,0.1,excluded,plain,1,4,4171,4171,1913,0.458643011268281,9959,4171,0
main/E/soft_erase/D_unif/tau0.1/r1/excl/k1/r5/ctl-plain,soft_erase,E,D_unif,0.1,excluded,plain,1,5,7805,7805,6406,0.8207559256886611,9959,7805,0
main/E/soft_erase/D_unif/tau0.1/r1/excl/k1/r5a/ctl-plain,soft_erase,E,D_unif,0.1,excluded,plain,1,5a,6609,6609,4754,0.7193221364805568,9959,6609,0
main/E/soft_erase/D_unif/tau0.1/r1/excl/k1/r6/ctl-plain,soft_erase,E,D_unif,0.1,excluded,plain,1,6,8893,8893,8052,0.9054312380524008,9959,8893,0
main/E/soft_erase/D_unif/tau0.1/r1/excl/k1/r6a/ctl-plain,soft_erase,E,D_unif,0.1,excluded,plain,1,6a,8517,8517,7468,0.876834566161794,9959,8517,0
main/E/soft_erase/D_unif/tau0.1/r1/excl/k1/r7/ctl-plain,soft_erase,E,D_unif,0.1,excluded,plain,1,7,9580,9580,9244,0.9649269311064718,9959,9580,0
main/E/soft_erase/D_unif/tau0.1/r1/excl/k2/r1/ctl-plain,soft_erase,E,D_unif,0.1,excluded,plain,2,1,226,226,7,0.030973451327433628,9959,226,0
main/E/soft_erase/D_unif/tau0.1/r1/excl/k2/r2/ctl-plain,soft_erase,E,D_unif,0.1,excluded,plain,2,2,1066,1066,142,0.13320825515947468,9959,1066,0
main/E/soft_erase/D_unif/tau0.1/r1/excl/k2/r3/ctl-plain,soft_erase,E,D_unif,0.1,excluded,plain,2,3,4640,4640,2591,0.5584051724137931,9959,4640,0
main/E/soft_erase/D_unif/tau0.1/r1/excl/k2/r4/ctl-plain,soft_erase,E,D_unif,0.1,excluded,plain,2,4,5242,5242,3000,0.5723006486074017,9959,5242,0
main/E/soft_erase/D_unif/tau0.1/r1/excl/k2/r5/ctl-plain,soft_erase,E,D_unif,0.1,excluded,plain,2,5,8026,8026,6640,0.8273112384749564,9959,8026,0
main/E/soft_erase/D_unif/tau0.1/r1/excl/k2/r5a/ctl-plain,soft_erase,E,D_unif,0.1,excluded,plain,2,5a,6666,6666,4712,0.7068706870687068,9959,6666,0
main/E/soft_erase/D_unif/tau0.1/r1/excl/k2/r6/ctl-plain,soft_erase,E,D_unif,0.1,excluded,plain,2,6,9106,9106,8397,0.9221392488469141,9959,9106,0
main/E/soft_erase/D_unif/tau0.1/r1/excl/k2/r6a/ctl-plain,soft_erase,E,D_unif,0.1,excluded,plain,2,6a,8736,8736,7778,0.8903388278388278,9959,8736,0
main/E/soft_erase/D_unif/tau0.1/r1/excl/k2/r7/ctl-plain,soft_erase,E,D_unif,0.1,excluded,plain,2,7,9625,9625,9325,0.9688311688311688,9959,9625,0
main/E/soft_erase/D_unif/tau0.1/r1/excl/k3/r1/ctl-plain,soft_erase,E,D_unif,0.1,excluded,plain,3,1,143,143,0,0.0,9959,143,0
main/E/soft_erase/D_unif/tau0.1/r1/excl/k3/r2/ctl-plain,soft_erase,E,D_unif,0.1,excluded,plain,3,2,1530,1530,275,0.17973856209150327,9959,1530,0
main/E/soft_erase/D_unif/tau0.1/r1/excl/k3/r3/ctl-plain,soft_erase,E,D_unif,0.1,excluded,plain,3,3,4523,4523,2464,0.5447711695777139,9959,4523,0
main/E/soft_erase/D_unif/tau0.1/r1/excl/k3/r4/ctl-plain,soft_erase,E,D_unif,0.1,excluded,plain,3,4,1366,1366,215,0.15739385065885797,9959,1366,0
main/E/soft_erase/D_unif/tau0.1/r1/excl/k3/r5/ctl-plain,soft_erase,E,D_unif,0.1,excluded,plain,3,5,7761,7761,6217,0.8010565648756603,9959,7761,0
main/E/soft_erase/D_unif/tau0.1/r1/excl/k3/r5a/ctl-plain,soft_erase,E,D_unif,0.1,excluded,plain,3,5a,5677,5677,3497,0.6159943632200106,9959,5677,0
main/E/soft_erase/D_unif/tau0.1/r1/excl/k3/r6/ctl-plain,soft_erase,E,D_unif,0.1,excluded,plain,3,6,8963,8963,8168,0.9113020194131429,9959,8963,0
main/E/soft_erase/D_unif/tau0.1/r1/excl/k3/r6a/ctl-plain,soft_erase,E,D_unif,0.1,excluded,plain,3,6a,8331,8331,7097,0.8518785259872764,9959,8331,0
main/E/soft_erase/D_unif/tau0.1/r1/excl/k3/r7/ctl-plain,soft_erase,E,D_unif,0.1,excluded,plain,3,7,9579,9579,9251,0.9657584298987368,9959,9579,0
main/E/soft_erase/D_unif/tau0.1/r1/excl/k4/r1/ctl-plain,soft_erase,E,D_unif,0.1,excluded,plain,4,1,212,212,8,0.03773584905660377,9959,212,0
main/E/soft_erase/D_unif/tau0.1/r1/excl/k4/r2/ctl-plain,soft_erase,E,D_unif,0.1,excluded,plain,4,2,1201,1201,211,0.17568692756036636,9959,1201,0
main/E/soft_erase/D_unif/tau0.1/r1/excl/k4/r3/ctl-plain,soft_erase,E,D_unif,0.1,excluded,plain,4,3,4240,4240,2185,0.5153301886792453,9959,4240,0
main/E/soft_erase/D_unif/tau0.1/r1/excl/k4/r4/ctl-plain,soft_erase,E,D_unif,0.1,excluded,plain,4,4,4981,4981,2736,0.5492872917084922,9959,4981,0
main/E/soft_erase/D_unif/tau0.1/r1/excl/k4/r5/ctl-plain,soft_erase,E,D_unif,0.1,excluded,plain,4,5,7675,7675,6225,0.8110749185667753,9959,7675,0
main/E/soft_erase/D_unif/tau0.1/r1/excl/k4/r5a/ctl-plain,soft_erase,E,D_unif,0.1,excluded,plain,4,5a,5814,5814,3699,0.6362229102167183,9959,5814,0
main/E/soft_erase/D_unif/tau0.1/r1/excl/k4/r6/ctl-plain,soft_erase,E,D_unif,0.1,excluded,plain,4,6,9067,9067,8366,0.9226866659313996,9959,9067,0
main/E/soft_erase/D_unif/tau0.1/r1/excl/k4/r6a/ctl-plain,soft_erase,E,D_unif,0.1,excluded,plain,4,6a,8383,8383,7311,0.8721221519742336,9959,8383,0
main/E/soft_erase/D_unif/tau0.1/r1/excl/k4/r7/ctl-plain,soft_erase,E,D_unif,0.1,excluded,plain,4,7,9704,9704,9480,0.9769167353668591,9959,9704,0
main/E/soft_erase/D_unif/tau0.1/r1/excl/k5/r1/ctl-plain,soft_erase,E,D_unif,0.1,excluded,plain,5,1,154,154,5,0.032467532467532464,9959,154,0
main/E/soft_erase/D_unif/tau0.1/r1/excl/k5/r2/ctl-plain,soft_erase,E,D_unif,0.1,excluded,plain,5,2,891,891,97,0.10886644219977554,9959,891,0
main/E/soft_erase/D_unif/tau0.1/r1/excl/k5/r3/ctl-plain,soft_erase,E,D_unif,0.1,excluded,plain,5,3,4733,4733,2596,0.5484893302345235,9959,4733,0
main/E/soft_erase/D_unif/tau0.1/r1/excl/k5/r4/ctl-plain,soft_erase,E,D_unif,0.1,excluded,plain,5,4,5621,5621,3375,0.600426970289984,9959,5621,0
main/E/soft_erase/D_unif/tau0.1/r1/excl/k5/r5/ctl-plain,soft_erase,E,D_unif,0.1,excluded,plain,5,5,7475,7475,5824,0.7791304347826087,9959,7475,0
main/E/soft_erase/D_unif/tau0.1/r1/excl/k5/r5a/ctl-plain,soft_erase,E,D_unif,0.1,excluded,plain,5,5a,6490,6490,4476,0.6896764252696456,9959,6490,0
main/E/soft_erase/D_unif/tau0.1/r1/excl/k5/r6/ctl-plain,soft_erase,E,D_unif,0.1,excluded,plain,5,6,9182,9182,8539,0.929971683729035,9959,9182,0
main/E/soft_erase/D_unif/tau0.1/r1/excl/k5/r6a/ctl-plain,soft_erase,E,D_unif,0.1,excluded,plain,5,6a,8626,8626,7619,0.8832599118942731,9959,8626,0
main/E/soft_erase/D_unif/tau0.1/r1/excl/k5/r7/ctl-plain,soft_erase,E,D_unif,0.1,excluded,plain,5,7,9591,9591,9271,0.9666353873423,9959,9591,0
main/E/soft_erase/D_unif/tau0.1/r1/excl/k6/r1/ctl-plain,soft_erase,E,D_unif,0.1,excluded,plain,6,1,38,38,0,0.0,9959,38,0
main/E/soft_erase/D_unif/tau0.1/r1/excl/k6/r2/ctl-plain,soft_erase,E,D_unif,0.1,excluded,plain,6,2,950,950,109,0.11473684210526315,9959,950,0
main/E/soft_erase/D_unif/tau0.1/r1/excl/k6/r3/ctl-plain,soft_erase,E,D_unif,0.1,excluded,plain,6,3,4660,4660,2519,0.5405579399141631,9959,4660,0
main/E/soft_erase/D_unif/tau0.1/r1/excl/k6/r4/ctl-plain,soft_erase,E,D_unif,0.1,excluded,plain,6,4,5550,5550,3345,0.6027027027027027,9959,5550,0
main/E/soft_erase/D_unif/tau0.1/r1/excl/k6/r5/ctl-plain,soft_erase,E,D_unif,0.1,excluded,plain,6,5,7455,7455,5834,0.782562038900067,9959,7455,0
main/E/soft_erase/D_unif/tau0.1/r1/excl/k6/r5a/ctl-plain,soft_erase,E,D_unif,0.1,excluded,plain,6,5a,6356,6356,4387,0.6902139710509755,9959,6356,0
main/E/soft_erase/D_unif/tau0.1/r1/excl/k6/r6/ctl-plain,soft_erase,E,D_unif,0.1,excluded,plain,6,6,8942,8942,8137,0.9099753970029076,9959,8942,0
main/E/soft_erase/D_unif/tau0.1/r1/excl/k6/r6a/ctl-plain,soft_erase,E,D_unif,0.1,excluded,plain,6,6a,8284,8284,7100,0.8570738773539353,9959,8284,0
main/E/soft_erase/D_unif/tau0.1/r1/excl/k6/r7/ctl-plain,soft_erase,E,D_unif,0.1,excluded,plain,6,7,9694,9694,9448,0.9746234784402723,9959,9694,0
main/E/soft_erase/D_unif/tau0.1/r1/excl/k7/r1/ctl-plain,soft_erase,E,D_unif,0.1,excluded,plain,7,1,156,156,6,0.038461538461538464,9959,156,0
main/E/soft_erase/D_unif/tau0.1/r1/excl/k7/r2/ctl-plain,soft_erase,E,D_unif,0.1,excluded,plain,7,2,1001,1001,155,0.15484515484515485,9959,1001,0
main/E/soft_erase/D_unif/tau0.1/r1/excl/k7/r3/ctl-plain,soft_erase,E,D_unif,0.1,excluded,plain,7,3,4593,4593,2518,0.54822556063575,9959,4593,0
main/E/soft_erase/D_unif/tau0.1/r1/excl/k7/r4/ctl-plain,soft_erase,E,D_unif,0.1,excluded,plain,7,4,5427,5427,3237,0.5964621337755666,9959,5427,0
main/E/soft_erase/D_unif/tau0.1/r1/excl/k7/r5/ctl-plain,soft_erase,E,D_unif,0.1,excluded,plain,7,5,7321,7321,5611,0.766425351727906,9959,7321,0
main/E/soft_erase/D_unif/tau0.1/r1/excl/k7/r5a/ctl-plain,soft_erase,E,D_unif,0.1,excluded,plain,7,5a,6891,6891,5029,0.7297924829487737,9959,6891,0
main/E/soft_erase/D_unif/tau0.1/r1/excl/k7/r6/ctl-plain,soft_erase,E,D_unif,0.1,excluded,plain,7,6,9124,9124,8452,0.9263480929416923,9959,9124,0
main/E/soft_erase/D_unif/tau0.1/r1/excl/k7/r6a/ctl-plain,soft_erase,E,D_unif,0.1,excluded,plain,7,6a,8379,8379,7240,0.8640649242153001,9959,8379,0
main/E/soft_erase/D_unif/tau0.1/r1/excl/k7/r7/ctl-plain,soft_erase,E,D_unif,0.1,excluded,plain,7,7,9707,9707,9480,0.9766148140517152,9959,9706,0
main/E/soft_erase/D_unif/tau0.1/r1/excl/k0/r8/ctl-plain,soft_erase,E,D_unif,0.1,excluded,plain,0,8,9966,9966,9958,0.9991972707204495,9959,9958,7
main/E/soft_erase/D_unif/tau0.1/uniform/excl/k0/r1/ctl-plain,soft_erase,E,D_unif,0.1,excluded,plain,0,1,201,201,10,0.04975124378109453,9959,201,0
main/E/soft_erase/D_unif/tau0.1/uniform/excl/k0/r2/ctl-plain,soft_erase,E,D_unif,0.1,excluded,plain,0,2,1039,1039,131,0.1260827718960539,9959,1039,0
main/E/soft_erase/D_unif/tau0.1/uniform/excl/k0/r3/ctl-plain,soft_erase,E,D_unif,0.1,excluded,plain,0,3,4494,4494,2256,0.5020026702269693,9959,4494,0
main/E/soft_erase/D_unif/tau0.1/uniform/excl/k0/r4/ctl-plain,soft_erase,E,D_unif,0.1,excluded,plain,0,4,6764,6764,4861,0.7186575990538143,9959,6764,0
main/E/soft_erase/D_unif/tau0.1/uniform/excl/k0/r5/ctl-plain,soft_erase,E,D_unif,0.1,excluded,plain,0,5,8170,8170,6894,0.8438188494492044,9959,8170,0
main/E/soft_erase/D_unif/tau0.1/uniform/excl/k0/r5a/ctl-plain,soft_erase,E,D_unif,0.1,excluded,plain,0,5a,7508,7508,5905,0.7864944059669685,9959,7508,0
main/E/soft_erase/D_unif/tau0.1/uniform/excl/k0/r6/ctl-plain,soft_erase,E,D_unif,0.1,excluded,plain,0,6,9203,9203,8579,0.9321960230359665,9959,9203,0
main/E/soft_erase/D_unif/tau0.1/uniform/excl/k0/r6a/ctl-plain,soft_erase,E,D_unif,0.1,excluded,plain,0,6a,8660,8660,7672,0.8859122401847576,9959,8660,0
main/E/soft_erase/D_unif/tau0.1/uniform/excl/k0/r7/ctl-plain,soft_erase,E,D_unif,0.1,excluded,plain,0,7,9794,9794,9632,0.9834592607719012,9959,9793,0
main/E/soft_erase/D_unif/tau0.1/uniform/excl/k1/r1/ctl-plain,soft_erase,E,D_unif,0.1,excluded,plain,1,1,222,222,4,0.018018018018018018,9959,222,0
main/E/soft_erase/D_unif/tau0.1/uniform/excl/k1/r2/ctl-plain,soft_erase,E,D_unif,0.1,excluded,plain,1,2,1287,1287,208,0.16161616161616163,9959,1287,0
main/E/soft_erase/D_unif/tau0.1/uniform/excl/k1/r3/ctl-plain,soft_erase,E,D_unif,0.1,excluded,plain,1,3,4466,4466,2338,0.5235109717868338,9959,4466,0
main/E/soft_erase/D_unif/tau0.1/uniform/excl/k1/r4/ctl-plain,soft_erase,E,D_unif,0.1,excluded,plain,1,4,4171,4171,1913,0.458643011268281,9959,4171,0
main/E/soft_erase/D_unif/tau0.1/uniform/excl/k1/r5/ctl-plain,soft_erase,E,D_unif,0.1,excluded,plain,1,5,7805,7805,6406,0.8207559256886611,9959,7805,0
main/E/soft_erase/D_unif/tau0.1/uniform/excl/k1/r5a/ctl-plain,soft_erase,E,D_unif,0.1,excluded,plain,1,5a,6609,6609,4754,0.7193221364805568,9959,6609,0
main/E/soft_erase/D_unif/tau0.1/uniform/excl/k1/r6/ctl-plain,soft_erase,E,D_unif,0.1,excluded,plain,1,6,8893,8893,8052,0.9054312380524008,9959,8893,0
main/E/soft_erase/D_unif/tau0.1/uniform/excl/k1/r6a/ctl-plain,soft_erase,E,D_unif,0.1,excluded,plain,1,6a,8517,8517,7468,0.876834566161794,9959,8517,0
main/E/soft_erase/D_unif/tau0.1/uniform/excl/k1/r7/ctl-plain,soft_erase,E,D_unif,0.1,excluded,plain,1,7,9580,9580,9244,0.9649269311064718,9959,9580,0
main/E/soft_erase/D_unif/tau0.1/uniform/excl/k2/r1/ctl-plain,soft_erase,E,D_unif,0.1,excluded,plain,2,1,226,226,7,0.030973451327433628,9959,226,0
main/E/soft_erase/D_unif/tau0.1/uniform/excl/k2/r2/ctl-plain,soft_erase,E,D_unif,0.1,excluded,plain,2,2,1066,1066,142,0.13320825515947468,9959,1066,0
main/E/soft_erase/D_unif/tau0.1/uniform/excl/k2/r3/ctl-plain,soft_erase,E,D_unif,0.1,excluded,plain,2,3,4640,4640,2591,0.5584051724137931,9959,4640,0
main/E/soft_erase/D_unif/tau0.1/uniform/excl/k2/r4/ctl-plain,soft_erase,E,D_unif,0.1,excluded,plain,2,4,5242,5242,3000,0.5723006486074017,9959,5242,0
main/E/soft_erase/D_unif/tau0.1/uniform/excl/k2/r5/ctl-plain,soft_erase,E,D_unif,0.1,excluded,plain,2,5,8026,8026,6640,0.8273112384749564,9959,8026,0
main/E/soft_erase/D_unif/tau0.1/uniform/excl/k2/r5a/ctl-plain,soft_erase,E,D_unif,0.1,excluded,plain,2,5a,6666,6666,4712,0.7068706870687068,9959,6666,0
main/E/soft_erase/D_unif/tau0.1/uniform/excl/k2/r6/ctl-plain,soft_erase,E,D_unif,0.1,excluded,plain,2,6,9106,9106,8397,0.9221392488469141,9959,9106,0
main/E/soft_erase/D_unif/tau0.1/uniform/excl/k2/r6a/ctl-plain,soft_erase,E,D_unif,0.1,excluded,plain,2,6a,8736,8736,7778,0.8903388278388278,9959,8736,0
main/E/soft_erase/D_unif/tau0.1/uniform/excl/k2/r7/ctl-plain,soft_erase,E,D_unif,0.1,excluded,plain,2,7,9625,9625,9325,0.9688311688311688,9959,9625,0
main/E/soft_erase/D_unif/tau0.1/uniform/excl/k3/r1/ctl-plain,soft_erase,E,D_unif,0.1,excluded,plain,3,1,143,143,0,0.0,9959,143,0
main/E/soft_erase/D_unif/tau0.1/uniform/excl/k3/r2/ctl-plain,soft_erase,E,D_unif,0.1,excluded,plain,3,2,1530,1530,275,0.17973856209150327,9959,1530,0
main/E/soft_erase/D_unif/tau0.1/uniform/excl/k3/r3/ctl-plain,soft_erase,E,D_unif,0.1,excluded,plain,3,3,4523,4523,2464,0.5447711695777139,9959,4523,0
main/E/soft_erase/D_unif/tau0.1/uniform/excl/k3/r4/ctl-plain,soft_erase,E,D_unif,0.1,excluded,plain,3,4,1366,1366,215,0.15739385065885797,9959,1366,0
main/E/soft_erase/D_unif/tau0.1/uniform/excl/k3/r5/ctl-plain,soft_erase,E,D_unif,0.1,excluded,plain,3,5,7761,7761,6217,0.8010565648756603,9959,7761,0
main/E/soft_erase/D_unif/tau0.1/uniform/excl/k3/r5a/ctl-plain,soft_erase,E,D_unif,0.1,excluded,plain,3,5a,5677,5677,3497,0.6159943632200106,9959,5677,0
main/E/soft_erase/D_unif/tau0.1/uniform/excl/k3/r6/ctl-plain,soft_erase,E,D_unif,0.1,excluded,plain,3,6,8963,8963,8168,0.9113020194131429,9959,8963,0
main/E/soft_erase/D_unif/tau0.1/uniform/excl/k3/r6a/ctl-plain,soft_erase,E,D_unif,0.1,excluded,plain,3,6a,8331,8331,7097,0.8518785259872764,9959,8331,0
main/E/soft_erase/D_unif/tau0.1/uniform/excl/k3/r7/ctl-plain,soft_erase,E,D_unif,0.1,excluded,plain,3,7,9579,9579,9251,0.9657584298987368,9959,9579,0
main/E/soft_erase/D_unif/tau0.1/uniform/excl/k4/r1/ctl-plain,soft_erase,E,D_unif,0.1,excluded,plain,4,1,212,212,8,0.03773584905660377,9959,212,0
main/E/soft_erase/D_unif/tau0.1/uniform/excl/k4/r2/ctl-plain,soft_erase,E,D_unif,0.1,excluded,plain,4,2,1201,1201,211,0.17568692756036636,9959,1201,0
main/E/soft_erase/D_unif/tau0.1/uniform/excl/k4/r3/ctl-plain,soft_erase,E,D_unif,0.1,excluded,plain,4,3,4240,4240,2185,0.5153301886792453,9959,4240,0
main/E/soft_erase/D_unif/tau0.1/uniform/excl/k4/r4/ctl-plain,soft_erase,E,D_unif,0.1,excluded,plain,4,4,4981,4981,2736,0.5492872917084922,9959,4981,0
main/E/soft_erase/D_unif/tau0.1/uniform/excl/k4/r5/ctl-plain,soft_erase,E,D_unif,0.1,excluded,plain,4,5,7675,7675,6225,0.8110749185667753,9959,7675,0
main/E/soft_erase/D_unif/tau0.1/uniform/excl/k4/r5a/ctl-plain,soft_erase,E,D_unif,0.1,excluded,plain,4,5a,5814,5814,3699,0.6362229102167183,9959,5814,0
main/E/soft_erase/D_unif/tau0.1/uniform/excl/k4/r6/ctl-plain,soft_erase,E,D_unif,0.1,excluded,plain,4,6,9067,9067,8366,0.9226866659313996,9959,9067,0
main/E/soft_erase/D_unif/tau0.1/uniform/excl/k4/r6a/ctl-plain,soft_erase,E,D_unif,0.1,excluded,plain,4,6a,8383,8383,7311,0.8721221519742336,9959,8383,0
main/E/soft_erase/D_unif/tau0.1/uniform/excl/k4/r7/ctl-plain,soft_erase,E,D_unif,0.1,excluded,plain,4,7,9704,9704,9480,0.9769167353668591,9959,9704,0
main/E/soft_erase/D_unif/tau0.1/uniform/excl/k5/r1/ctl-plain,soft_erase,E,D_unif,0.1,excluded,plain,5,1,154,154,5,0.032467532467532464,9959,154,0
main/E/soft_erase/D_unif/tau0.1/uniform/excl/k5/r2/ctl-plain,soft_erase,E,D_unif,0.1,excluded,plain,5,2,891,891,97,0.10886644219977554,9959,891,0
main/E/soft_erase/D_unif/tau0.1/uniform/excl/k5/r3/ctl-plain,soft_erase,E,D_unif,0.1,excluded,plain,5,3,4733,4733,2596,0.5484893302345235,9959,4733,0
main/E/soft_erase/D_unif/tau0.1/uniform/excl/k5/r4/ctl-plain,soft_erase,E,D_unif,0.1,excluded,plain,5,4,5621,5621,3375,0.600426970289984,9959,5621,0
main/E/soft_erase/D_unif/tau0.1/uniform/excl/k5/r5/ctl-plain,soft_erase,E,D_unif,0.1,excluded,plain,5,5,7475,7475,5824,0.7791304347826087,9959,7475,0
main/E/soft_erase/D_unif/tau0.1/uniform/excl/k5/r5a/ctl-plain,soft_erase,E,D_unif,0.1,excluded,plain,5,5a,6490,6490,4476,0.6896764252696456,9959,6490,0
main/E/soft_erase/D_unif/tau0.1/uniform/excl/k5/r6/ctl-plain,soft_erase,E,D_unif,0.1,excluded,plain,5,6,9182,9182,8539,0.929971683729035,9959,9182,0
main/E/soft_erase/D_unif/tau0.1/uniform/excl/k5/r6a/ctl-plain,soft_erase,E,D_unif,0.1,excluded,plain,5,6a,8626,8626,7619,0.8832599118942731,9959,8626,0
main/E/soft_erase/D_unif/tau0.1/uniform/excl/k5/r7/ctl-plain,soft_erase,E,D_unif,0.1,excluded,plain,5,7,9591,9591,9271,0.9666353873423,9959,9591,0
main/E/soft_erase/D_unif/tau0.1/uniform/excl/k6/r1/ctl-plain,soft_erase,E,D_unif,0.1,excluded,plain,6,1,38,38,0,0.0,9959,38,0
main/E/soft_erase/D_unif/tau0.1/uniform/excl/k6/r2/ctl-plain,soft_erase,E,D_unif,0.1,excluded,plain,6,2,950,950,109,0.11473684210526315,9959,950,0
main/E/soft_erase/D_unif/tau0.1/uniform/excl/k6/r3/ctl-plain,soft_erase,E,D_unif,0.1,excluded,plain,6,3,4660,4660,2519,0.5405579399141631,9959,4660,0
main/E/soft_erase/D_unif/tau0.1/uniform/excl/k6/r4/ctl-plain,soft_erase,E,D_unif,0.1,excluded,plain,6,4,5550,5550,3345,0.6027027027027027,9959,5550,0
main/E/soft_erase/D_unif/tau0.1/uniform/excl/k6/r5/ctl-plain,soft_erase,E,D_unif,0.1,excluded,plain,6,5,7455,7455,5834,0.782562038900067,9959,7455,0
main/E/soft_erase/D_unif/tau0.1/uniform/excl/k6/r5a/ctl-plain,soft_erase,E,D_unif,0.1,excluded,plain,6,5a,6356,6356,4387,0.6902139710509755,9959,6356,0
main/E/soft_erase/D_unif/tau0.1/uniform/excl/k6/r6/ctl-plain,soft_erase,E,D_unif,0.1,excluded,plain,6,6,8942,8942,8137,0.9099753970029076,9959,8942,0
main/E/soft_erase/D_unif/tau0.1/uniform/excl/k6/r6a/ctl-plain,soft_erase,E,D_unif,0.1,excluded,plain,6,6a,8284,8284,7100,0.8570738773539353,9959,8284,0
main/E/soft_erase/D_unif/tau0.1/uniform/excl/k6/r7/ctl-plain,soft_erase,E,D_unif,0.1,excluded,plain,6,7,9694,9694,9448,0.9746234784402723,9959,9694,0
main/E/soft_erase/D_unif/tau0.1/uniform/excl/k7/r1/ctl-plain,soft_erase,E,D_unif,0.1,excluded,plain,7,1,156,156,6,0.038461538461538464,9959,156,0
main/E/soft_erase/D_unif/tau0.1/uniform/excl/k7/r2/ctl-plain,soft_erase,E,D_unif,0.1,excluded,plain,7,2,1001,1001,155,0.15484515484515485,9959,1001,0
main/E/soft_erase/D_unif/tau0.1/uniform/excl/k7/r3/ctl-plain,soft_erase,E,D_unif,0.1,excluded,plain,7,3,4593,4593,2518,0.54822556063575,9959,4593,0
main/E/soft_erase/D_unif/tau0.1/uniform/excl/k7/r4/ctl-plain,soft_erase,E,D_unif,0.1,excluded,plain,7,4,5427,5427,3237,0.5964621337755666,9959,5427,0
main/E/soft_erase/D_unif/tau0.1/uniform/excl/k7/r5/ctl-plain,soft_erase,E,D_unif,0.1,excluded,plain,7,5,7321,7321,5611,0.766425351727906,9959,7321,0
main/E/soft_erase/D_unif/tau0.1/uniform/excl/k7/r5a/ctl-plain,soft_erase,E,D_unif,0.1,excluded,plain,7,5a,6891,6891,5029,0.7297924829487737,9959,6891,0
main/E/soft_erase/D_unif/tau0.1/uniform/excl/k7/r6/ctl-plain,soft_erase,E,D_unif,0.1,excluded,plain,7,6,9124,9124,8452,0.9263480929416923,9959,9124,0
main/E/soft_erase/D_unif/tau0.1/uniform/excl/k7/r6a/ctl-plain,soft_erase,E,D_unif,0.1,excluded,plain,7,6a,8379,8379,7240,0.8640649242153001,9959,8379,0
main/E/soft_erase/D_unif/tau0.1/uniform/excl/k7/r7/ctl-plain,soft_erase,E,D_unif,0.1,excluded,plain,7,7,9707,9707,9480,0.9766148140517152,9959,9706,0
main/E/soft_erase/D_unif/tau0.1/uniform/excl/k0/r8/ctl-plain,soft_erase,E,D_unif,0.1,excluded,plain,0,8,9966,9966,9958,0.9991972707204495,9959,9958,7
main/E/soft_erase/D_unif/tau0.1/uniform/excl/k1/r8/ctl-plain,soft_erase,E,D_unif,0.1,excluded,plain,1,8,9966,9966,9958,0.9991972707204495,9959,9958,7
main/E/soft_erase/D_unif/tau0.1/uniform/excl/k2/r8/ctl-plain,soft_erase,E,D_unif,0.1,excluded,plain,2,8,9966,9966,9958,0.9991972707204495,9959,9958,7
main/E/soft_erase/D_unif/tau0.1/uniform/excl/k3/r8/ctl-plain,soft_erase,E,D_unif,0.1,excluded,plain,3,8,9966,9966,9958,0.9991972707204495,9959,9958,7
main/E/soft_erase/D_unif/tau0.1/uniform/excl/k4/r8/ctl-plain,soft_erase,E,D_unif,0.1,excluded,plain,4,8,9966,9966,9958,0.9991972707204495,9959,9958,7
main/E/soft_erase/D_unif/tau0.1/uniform/excl/k5/r8/ctl-plain,soft_erase,E,D_unif,0.1,excluded,plain,5,8,9966,9966,9958,0.9991972707204495,9959,9958,7
main/E/soft_erase/D_unif/tau0.1/uniform/excl/k6/r8/ctl-plain,soft_erase,E,D_unif,0.1,excluded,plain,6,8,9966,9966,9959,0.9992976118803933,9959,9958,7
main/E/soft_erase/D_unif/tau0.1/uniform/excl/k7/r8/ctl-plain,soft_erase,E,D_unif,0.1,excluded,plain,7,8,9966,9966,9958,0.9991972707204495,9959,9958,7
main/E_lab/hard_zero/D_code/tau0.1/ones/incl/k0/r1/ctl-plain,hard_zero,E_lab,D_code,0.1,included,plain,0,1,217,217,13,0.059907834101382486,9959,217,0
main/E_lab/hard_zero/D_code/tau0.1/ones/incl/k0/r2/ctl-plain,hard_zero,E_lab,D_code,0.1,included,plain,0,2,1153,1153,208,0.18039895923677363,9959,1153,0
main/E_lab/hard_zero/D_code/tau0.1/ones/incl/k0/r3/ctl-plain,hard_zero,E_lab,D_code,0.1,included,plain,0,3,3190,3190,1218,0.38181818181818183,9959,3190,0
main/E_lab/hard_zero/D_code/tau0.1/ones/incl/k0/r4/ctl-plain,hard_zero,E_lab,D_code,0.1,included,plain,0,4,6058,6058,4040,0.6668867613073621,9959,6058,0
main/E_lab/hard_zero/D_code/tau0.1/ones/incl/k0/r5/ctl-plain,hard_zero,E_lab,D_code,0.1,included,plain,0,5,7547,7547,6021,0.7978004505101365,9959,7547,0
main/E_lab/hard_zero/D_code/tau0.1/ones/incl/k0/r5a/ctl-plain,hard_zero,E_lab,D_code,0.1,included,plain,0,5a,6589,6589,4667,0.7083017149795113,9959,6589,0
main/E_lab/hard_zero/D_code/tau0.1/ones/incl/k0/r6/ctl-plain,hard_zero,E_lab,D_code,0.1,included,plain,0,6,8607,8607,7584,0.8811432554897177,9959,8607,0
main/E_lab/hard_zero/D_code/tau0.1/ones/incl/k0/r6a/ctl-plain,hard_zero,E_lab,D_code,0.1,included,plain,0,6a,8106,8106,6834,0.8430792005921539,9959,8106,0
main/E_lab/hard_zero/D_code/tau0.1/ones/incl/k0/r7/ctl-plain,hard_zero,E_lab,D_code,0.1,included,plain,0,7,9178,9178,8523,0.9286336892569187,9959,9178,0
main/E_lab/hard_zero/D_code/tau0.1/ones/incl/k1/r1/ctl-plain,hard_zero,E_lab,D_code,0.1,included,plain,1,1,97,97,3,0.030927835051546393,9959,97,0
main/E_lab/hard_zero/D_code/tau0.1/ones/incl/k1/r2/ctl-plain,hard_zero,E_lab,D_code,0.1,included,plain,1,2,799,799,94,0.11764705882352941,9959,799,0
main/E_lab/hard_zero/D_code/tau0.1/ones/incl/k1/r3/ctl-plain,hard_zero,E_lab,D_code,0.1,included,plain,1,3,3748,3748,1637,0.43676627534685164,9959,3748,0
main/E_lab/hard_zero/D_code/tau0.1/ones/incl/k1/r4/ctl-plain,hard_zero,E_lab,D_code,0.1,included,plain,1,4,4519,4519,2260,0.500110643947776,9959,4519,0
main/E_lab/hard_zero/D_code/tau0.1/ones/incl/k1/r5/ctl-plain,hard_zero,E_lab,D_code,0.1,included,plain,1,5,7646,7646,6112,0.7993722207690296,9959,7646,0
main/E_lab/hard_zero/D_code/tau0.1/ones/incl/k1/r5a/ctl-plain,hard_zero,E_lab,D_code,0.1,included,plain,1,5a,6557,6557,4679,0.7135885313405521,9959,6557,0
main/E_lab/hard_zero/D_code/tau0.1/ones/incl/k1/r6/ctl-plain,hard_zero,E_lab,D_code,0.1,included,plain,1,6,8651,8651,7664,0.8859091434516241,9959,8651,0
main/E_lab/hard_zero/D_code/tau0.1/ones/incl/k1/r6a/ctl-plain,hard_zero,E_lab,D_code,0.1,included,plain,1,6a,8081,8081,6773,0.8381388442024502,9959,8081,0
main/E_lab/hard_zero/D_code/tau0.1/ones/incl/k1/r7/ctl-plain,hard_zero,E_lab,D_code,0.1,included,plain,1,7,9277,9277,8731,0.9411447666271424,9959,9277,0
main/E_lab/hard_zero/D_code/tau0.1/ones/incl/k2/r1/ctl-plain,hard_zero,E_lab,D_code,0.1,included,plain,2,1,285,285,13,0.0456140350877193,9959,285,0
main/E_lab/hard_zero/D_code/tau0.1/ones/incl/k2/r2/ctl-plain,hard_zero,E_lab,D_code,0.1,included,plain,2,2,993,993,129,0.1299093655589124,9959,993,0
main/E_lab/hard_zero/D_code/tau0.1/ones/incl/k2/r3/ctl-plain,hard_zero,E_lab,D_code,0.1,included,plain,2,3,3905,3905,1763,0.45147247119078104,9959,3905,0
main/E_lab/hard_zero/D_code/tau0.1/ones/incl/k2/r4/ctl-plain,hard_zero,E_lab,D_code,0.1,included,plain,2,4,5484,5484,3246,0.5919037199124726,9959,5484,0
main/E_lab/hard_zero/D_code/tau0.1/ones/incl/k2/r5/ctl-plain,hard_zero,E_lab,D_code,0.1,included,plain,2,5,7697,7697,6168,0.8013511757827725,9959,7697,0
main/E_lab/hard_zero/D_code/tau0.1/ones/incl/k2/r5a/ctl-plain,hard_zero,E_lab,D_code,0.1,included,plain,2,5a,5939,5939,3758,0.6327664589998316,9959,5939,0
main/E_lab/hard_zero/D_code/tau0.1/ones/incl/k2/r6/ctl-plain,hard_zero,E_lab,D_code,0.1,included,plain,2,6,8663,8663,7675,0.8859517488168072,9959,8663,0
main/E_lab/hard_zero/D_code/tau0.1/ones/incl/k2/r6a/ctl-plain,hard_zero,E_lab,D_code,0.1,included,plain,2,6a,8098,8098,6780,0.8372437638923191,9959,8098,0
main/E_lab/hard_zero/D_code/tau0.1/ones/incl/k2/r7/ctl-plain,hard_zero,E_lab,D_code,0.1,included,plain,2,7,9132,9132,8463,0.9267411300919842,9959,9132,0
main/E_lab/hard_zero/D_code/tau0.1/ones/incl/k3/r1/ctl-plain,hard_zero,E_lab,D_code,0.1,included,plain,3,1,72,72,2,0.027777777777777776,9959,72,0
main/E_lab/hard_zero/D_code/tau0.1/ones/incl/k3/r2/ctl-plain,hard_zero,E_lab,D_code,0.1,included,plain,3,2,979,979,142,0.14504596527068436,9959,979,0
main/E_lab/hard_zero/D_code/tau0.1/ones/incl/k3/r3/ctl-plain,hard_zero,E_lab,D_code,0.1,included,plain,3,3,3913,3913,1762,0.4502938921543573,9959,3913,0
main/E_lab/hard_zero/D_code/tau0.1/ones/incl/k3/r4/ctl-plain,hard_zero,E_lab,D_code,0.1,included,plain,3,4,4111,4111,1865,0.45366090975431766,9959,4111,0
main/E_lab/hard_zero/D_code/tau0.1/ones/incl/k3/r5/ctl-plain,hard_zero,E_lab,D_code,0.1,included,plain,3,5,6419,6419,4368,0.6804798255179935,9959,6419,0
main/E_lab/hard_zero/D_code/tau0.1/ones/incl/k3/r5a/ctl-plain,hard_zero,E_lab,D_code,0.1,included,plain,3,5a,5614,5614,3359,0.5983256145350908,9959,5614,0
main/E_lab/hard_zero/D_code/tau0.1/ones/incl/k3/r6/ctl-plain,hard_zero,E_lab,D_code,0.1,included,plain,3,6,8382,8382,7305,0.8715103793843951,9959,8382,0
main/E_lab/hard_zero/D_code/tau0.1/ones/incl/k3/r6a/ctl-plain,hard_zero,E_lab,D_code,0.1,included,plain,3,6a,7920,7920,6599,0.8332070707070707,9959,7920,0
main/E_lab/hard_zero/D_code/tau0.1/ones/incl/k3/r7/ctl-plain,hard_zero,E_lab,D_code,0.1,included,plain,3,7,9189,9189,8579,0.9336162803351834,9959,9189,0
main/E_lab/hard_zero/D_code/tau0.1/ones/incl/k4/r1/ctl-plain,hard_zero,E_lab,D_code,0.1,included,plain,4,1,152,152,5,0.03289473684210526,9959,152,0
main/E_lab/hard_zero/D_code/tau0.1/ones/incl/k4/r2/ctl-plain,hard_zero,E_lab,D_code,0.1,included,plain,4,2,986,986,131,0.1328600405679513,9959,986,0
main/E_lab/hard_zero/D_code/tau0.1/ones/incl/k4/r3/ctl-plain,hard_zero,E_lab,D_code,0.1,included,plain,4,3,3286,3286,1310,0.3986609860012173,9959,3286,0
main/E_lab/hard_zero/D_code/tau0.1/ones/incl/k4/r4/ctl-plain,hard_zero,E_lab,D_code,0.1,included,plain,4,4,5956,5956,3869,0.6495970449966421,9959,5956,0
main/E_lab/hard_zero/D_code/tau0.1/ones/incl/k4/r5/ctl-plain,hard_zero,E_lab,D_code,0.1,included,plain,4,5,7023,7023,5255,0.7482557311690161,9959,7023,0
main/E_lab/hard_zero/D_code/tau0.1/ones/incl/k4/r5a/ctl-plain,hard_zero,E_lab,D_code,0.1,included,plain,4,5a,6398,6398,4428,0.6920912785245389,9959,6398,0
main/E_lab/hard_zero/D_code/tau0.1/ones/incl/k4/r6/ctl-plain,hard_zero,E_lab,D_code,0.1,included,plain,4,6,8681,8681,7695,0.8864186153668933,9959,8681,0
main/E_lab/hard_zero/D_code/tau0.1/ones/incl/k4/r6a/ctl-plain,hard_zero,E_lab,D_code,0.1,included,plain,4,6a,8152,8152,6855,0.8408979391560353,9959,8152,0
main/E_lab/hard_zero/D_code/tau0.1/ones/incl/k4/r7/ctl-plain,hard_zero,E_lab,D_code,0.1,included,plain,4,7,9195,9195,8574,0.932463295269168,9959,9195,0
main/E_lab/hard_zero/D_code/tau0.1/ones/incl/k5/r1/ctl-plain,hard_zero,E_lab,D_code,0.1,included,plain,5,1,364,364,18,0.04945054945054945,9959,364,0
main/E_lab/hard_zero/D_code/tau0.1/ones/incl/k5/r2/ctl-plain,hard_zero,E_lab,D_code,0.1,included,plain,5,2,948,948,98,0.10337552742616034,9959,948,0
main/E_lab/hard_zero/D_code/tau0.1/ones/incl/k5/r3/ctl-plain,hard_zero,E_lab,D_code,0.1,included,plain,5,3,3536,3536,1458,0.4123303167420814,9959,3536,0
main/E_lab/hard_zero/D_code/tau0.1/ones/incl/k5/r4/ctl-plain,hard_zero,E_lab,D_code,0.1,included,plain,5,4,4131,4131,1895,0.4587267005567659,9959,4131,0
main/E_lab/hard_zero/D_code/tau0.1/ones/incl/k5/r5/ctl-plain,hard_zero,E_lab,D_code,0.1,included,plain,5,5,6948,6948,5160,0.7426597582037997,9959,6948,0
main/E_lab/hard_zero/D_code/tau0.1/ones/incl/k5/r5a/ctl-plain,hard_zero,E_lab,D_code,0.1,included,plain,5,5a,5964,5964,3917,0.6567739771965124,9959,5964,0
main/E_lab/hard_zero/D_code/tau0.1/ones/incl/k5/r6/ctl-plain,hard_zero,E_lab,D_code,0.1,included,plain,5,6,8720,8720,7774,0.8915137614678899,9959,8720,0
main/E_lab/hard_zero/D_code/tau0.1/ones/incl/k5/r6a/ctl-plain,hard_zero,E_lab,D_code,0.1,included,plain,5,6a,8072,8072,6730,0.8337462834489594,9959,8072,0
main/E_lab/hard_zero/D_code/tau0.1/ones/incl/k5/r7/ctl-plain,hard_zero,E_lab,D_code,0.1,included,plain,5,7,9256,9256,8661,0.9357173725151253,9959,9256,0
main/E_lab/hard_zero/D_code/tau0.1/ones/incl/k6/r1/ctl-plain,hard_zero,E_lab,D_code,0.1,included,plain,6,1,219,219,5,0.0228310502283105,9959,219,0
main/E_lab/hard_zero/D_code/tau0.1/ones/incl/k6/r2/ctl-plain,hard_zero,E_lab,D_code,0.1,included,plain,6,2,1035,1035,144,0.1391304347826087,9959,1035,0
main/E_lab/hard_zero/D_code/tau0.1/ones/incl/k6/r3/ctl-plain,hard_zero,E_lab,D_code,0.1,included,plain,6,3,3715,3715,1598,0.4301480484522207,9959,3715,0
main/E_lab/hard_zero/D_code/tau0.1/ones/incl/k6/r4/ctl-plain,hard_zero,E_lab,D_code,0.1,included,plain,6,4,5984,5984,3922,0.6554144385026738,9959,5984,0
main/E_lab/hard_zero/D_code/tau0.1/ones/incl/k6/r5/ctl-plain,hard_zero,E_lab,D_code,0.1,included,plain,6,5,7478,7478,5940,0.7943300347686547,9959,7478,0
main/E_lab/hard_zero/D_code/tau0.1/ones/incl/k6/r5a/ctl-plain,hard_zero,E_lab,D_code,0.1,included,plain,6,5a,6217,6217,4217,0.6783014315586295,9959,6217,0
main/E_lab/hard_zero/D_code/tau0.1/ones/incl/k6/r6/ctl-plain,hard_zero,E_lab,D_code,0.1,included,plain,6,6,8768,8768,7845,0.8947308394160584,9959,8768,0
main/E_lab/hard_zero/D_code/tau0.1/ones/incl/k6/r6a/ctl-plain,hard_zero,E_lab,D_code,0.1,included,plain,6,6a,8379,8379,7222,0.8619166965031627,9959,8379,0
main/E_lab/hard_zero/D_code/tau0.1/ones/incl/k6/r7/ctl-plain,hard_zero,E_lab,D_code,0.1,included,plain,6,7,9216,9216,8591,0.9321831597222222,9959,9216,0
main/E_lab/hard_zero/D_code/tau0.1/ones/incl/k7/r1/ctl-plain,hard_zero,E_lab,D_code,0.1,included,plain,7,1,177,177,8,0.04519774011299435,9959,177,0
main/E_lab/hard_zero/D_code/tau0.1/ones/incl/k7/r2/ctl-plain,hard_zero,E_lab,D_code,0.1,included,plain,7,2,907,907,122,0.1345093715545755,9959,907,0
main/E_lab/hard_zero/D_code/tau0.1/ones/incl/k7/r3/ctl-plain,hard_zero,E_lab,D_code,0.1,included,plain,7,3,3718,3718,1666,0.4480903711672942,9959,3718,0
main/E_lab/hard_zero/D_code/tau0.1/ones/incl/k7/r4/ctl-plain,hard_zero,E_lab,D_code,0.1,included,plain,7,4,5008,5008,2693,0.5377396166134185,9959,5008,0
main/E_lab/hard_zero/D_code/tau0.1/ones/incl/k7/r5/ctl-plain,hard_zero,E_lab,D_code,0.1,included,plain,7,5,7838,7838,6410,0.817810665986221,9959,7838,0
main/E_lab/hard_zero/D_code/tau0.1/ones/incl/k7/r5a/ctl-plain,hard_zero,E_lab,D_code,0.1,included,plain,7,5a,5593,5593,3299,0.5898444484176649,9959,5593,0
main/E_lab/hard_zero/D_code/tau0.1/ones/incl/k7/r6/ctl-plain,hard_zero,E_lab,D_code,0.1,included,plain,7,6,8726,8726,7790,0.8927343570937428,9959,8726,0
main/E_lab/hard_zero/D_code/tau0.1/ones/incl/k7/r6a/ctl-plain,hard_zero,E_lab,D_code,0.1,included,plain,7,6a,8363,8363,7218,0.8630874088245845,9959,8363,0
main/E_lab/hard_zero/D_code/tau0.1/ones/incl/k7/r7/ctl-plain,hard_zero,E_lab,D_code,0.1,included,plain,7,7,9343,9343,8832,0.9453066466873595,9959,9343,0
main/E_lab/hard_zero/D_code/tau0.1/ones/incl/k0/r8/ctl-plain,hard_zero,E_lab,D_code,0.1,included,plain,0,8,9624,9624,9327,0.969139650872818,9959,9624,0
main/E_lab/soft_erase/D_code/tau0.1/r1/excl/k0/r1/ctl-plain,soft_erase,E_lab,D_code,0.1,excluded,plain,0,1,217,217,10,0.04608294930875576,9959,217,0
main/E_lab/soft_erase/D_code/tau0.1/r1/excl/k0/r2/ctl-plain,soft_erase,E_lab,D_code,0.1,excluded,plain,0,2,1153,1153,194,0.16825672159583693,9959,1153,0
main/E_lab/soft_erase/D_code/tau0.1/r1/excl/k0/r3/ctl-plain,soft_erase,E_lab,D_code,0.1,excluded,plain,0,3,3190,3190,1189,0.37272727272727274,9959,3190,0
main/E_lab/soft_erase/D_code/tau0.1/r1/excl/k0/r4/ctl-plain,soft_erase,E_lab,D_code,0.1,excluded,plain,0,4,6058,6058,3975,0.6561571475734566,9959,6058,0
main/E_lab/soft_erase/D_code/tau0.1/r1/excl/k0/r5/ctl-plain,soft_erase,E_lab,D_code,0.1,excluded,plain,0,5,7547,7547,5974,0.7915728103882337,9959,7547,0
main/E_lab/soft_erase/D_code/tau0.1/r1/excl/k0/r5a/ctl-plain,soft_erase,E_lab,D_code,0.1,excluded,plain,0,5a,6589,6589,4626,0.7020792229473365,9959,6589,0
main/E_lab/soft_erase/D_code/tau0.1/r1/excl/k0/r6/ctl-plain,soft_erase,E_lab,D_code,0.1,excluded,plain,0,6,8607,8607,7579,0.8805623329847798,9959,8607,0
main/E_lab/soft_erase/D_code/tau0.1/r1/excl/k0/r6a/ctl-plain,soft_erase,E_lab,D_code,0.1,excluded,plain,0,6a,8106,8106,6812,0.8403651616086849,9959,8106,0
main/E_lab/soft_erase/D_code/tau0.1/r1/excl/k0/r7/ctl-plain,soft_erase,E_lab,D_code,0.1,excluded,plain,0,7,9178,9178,8538,0.930268032251035,9959,9178,0
main/E_lab/soft_erase/D_code/tau0.1/r1/excl/k1/r1/ctl-plain,soft_erase,E_lab,D_code,0.1,excluded,plain,1,1,97,97,1,0.010309278350515464,9959,97,0
main/E_lab/soft_erase/D_code/tau0.1/r1/excl/k1/r2/ctl-plain,soft_erase,E_lab,D_code,0.1,excluded,plain,1,2,799,799,91,0.11389236545682102,9959,799,0
main/E_lab/soft_erase/D_code/tau0.1/r1/excl/k1/r3/ctl-plain,soft_erase,E_lab,D_code,0.1,excluded,plain,1,3,3748,3748,1591,0.4244930629669157,9959,3748,0
main/E_lab/soft_erase/D_code/tau0.1/r1/excl/k1/r4/ctl-plain,soft_erase,E_lab,D_code,0.1,excluded,plain,1,4,4519,4519,2230,0.49347200708121264,9959,4519,0
main/E_lab/soft_erase/D_code/tau0.1/r1/excl/k1/r5/ctl-plain,soft_erase,E_lab,D_code,0.1,excluded,plain,1,5,7646,7646,6114,0.7996337954486006,9959,7646,0
main/E_lab/soft_erase/D_code/tau0.1/r1/excl/k1/r5a/ctl-plain,soft_erase,E_lab,D_code,0.1,excluded,plain,1,5a,6557,6557,4653,0.7096233033399421,9959,6557,0
main/E_lab/soft_erase/D_code/tau0.1/r1/excl/k1/r6/ctl-plain,soft_erase,E_lab,D_code,0.1,excluded,plain,1,6,8651,8651,7656,0.8849843948676454,9959,8651,0
main/E_lab/soft_erase/D_code/tau0.1/r1/excl/k1/r6a/ctl-plain,soft_erase,E_lab,D_code,0.1,excluded,plain,1,6a,8081,8081,6770,0.8377676030194283,9959,8081,0
main/E_lab/soft_erase/D_code/tau0.1/r1/excl/k1/r7/ctl-plain,soft_erase,E_lab,D_code,0.1,excluded,plain,1,7,9277,9277,8723,0.9402824188854155,9959,9277,0
main/E_lab/soft_erase/D_code/tau0.1/r1/excl/k2/r1/ctl-plain,soft_erase,E_lab,D_code,0.1,excluded,plain,2,1,285,285,18,0.06315789473684211,9959,285,0
main/E_lab/soft_erase/D_code/tau0.1/r1/excl/k2/r2/ctl-plain,soft_erase,E_lab,D_code,0.1,excluded,plain,2,2,993,993,143,0.14400805639476336,9959,993,0
main/E_lab/soft_erase/D_code/tau0.1/r1/excl/k2/r3/ctl-plain,soft_erase,E_lab,D_code,0.1,excluded,plain,2,3,3905,3905,1778,0.45531370038412294,9959,3905,0
main/E_lab/soft_erase/D_code/tau0.1/r1/excl/k2/r4/ctl-plain,soft_erase,E_lab,D_code,0.1,excluded,plain,2,4,5484,5484,3265,0.5953683442742523,9959,5484,0
main/E_lab/soft_erase/D_code/tau0.1/r1/excl/k2/r5/ctl-plain,soft_erase,E_lab,D_code,0.1,excluded,plain,2,5,7697,7697,6151,0.7991425230609328,9959,7697,0
main/E_lab/soft_erase/D_code/tau0.1/r1/excl/k2/r5a/ctl-plain,soft_erase,E_lab,D_code,0.1,excluded,plain,2,5a,5939,5939,3765,0.6339451086041421,9959,5939,0
main/E_lab/soft_erase/D_code/tau0.1/r1/excl/k2/r6/ctl-plain,soft_erase,E_lab,D_code,0.1,excluded,plain,2,6,8663,8663,7673,0.8857208819115779,9959,8663,0
main/E_lab/soft_erase/D_code/tau0.1/r1/excl/k2/r6a/ctl-plain,soft_erase,E_lab,D_code,0.1,excluded,plain,2,6a,8098,8098,6775,0.8366263274882687,9959,8098,0
main/E_lab/soft_erase/D_code/tau0.1/r1/excl/k2/r7/ctl-plain,soft_erase,E_lab,D_code,0.1,excluded,plain,2,7,9132,9132,8449,0.9252080595707403,9959,9132,0
main/E_lab/soft_erase/D_code/tau0.1/r1/excl/k3/r1/ctl-plain,soft_erase,E_lab,D_code,0.1,excluded,plain,3,1,72,72,0,0.0,9959,72,0
main/E_lab/soft_erase/D_code/tau0.1/r1/excl/k3/r2/ctl-plain,soft_erase,E_lab,D_code,0.1,excluded,plain,3,2,979,979,146,0.1491317671092952,9959,979,0
main/E_lab/soft_erase/D_code/tau0.1/r1/excl/k3/r3/ctl-plain,soft_erase,E_lab,D_code,0.1,excluded,plain,3,3,3913,3913,1757,0.4490161001788909,9959,3913,0
main/E_lab/soft_erase/D_code/tau0.1/r1/excl/k3/r4/ctl-plain,soft_erase,E_lab,D_code,0.1,excluded,plain,3,4,4111,4111,1884,0.4582826562880078,9959,4111,0
main/E_lab/soft_erase/D_code/tau0.1/r1/excl/k3/r5/ctl-plain,soft_erase,E_lab,D_code,0.1,excluded,plain,3,5,6419,6419,4451,0.693410188502882,9959,6419,0
main/E_lab/soft_erase/D_code/tau0.1/r1/excl/k3/r5a/ctl-plain,soft_erase,E_lab,D_code,0.1,excluded,plain,3,5a,5614,5614,3472,0.6184538653366584,9959,5614,0
main/E_lab/soft_erase/D_code/tau0.1/r1/excl/k3/r6/ctl-plain,soft_erase,E_lab,D_code,0.1,excluded,plain,3,6,8382,8382,7326,0.8740157480314961,9959,8382,0
main/E_lab/soft_erase/D_code/tau0.1/r1/excl/k3/r6a/ctl-plain,soft_erase,E_lab,D_code,0.1,excluded,plain,3,6a,7920,7920,6607,0.8342171717171717,9959,7920,0
main/E_lab/soft_erase/D_code/tau0.1/r1/excl/k3/r7/ctl-plain,soft_erase,E_lab,D_code,0.1,excluded,plain,3,7,9189,9189,8574,0.9330721514854717,9959,9189,0
main/E_lab/soft_erase/D_code/tau0.1/r1/excl/k4/r1/ctl-plain,soft_erase,E_lab,D_code,0.1,excluded,plain,4,1,152,152,3,0.019736842105263157,9959,152,0
main/E_lab/soft_erase/D_code/tau0.1/r1/excl/k4/r2/ctl-plain,soft_erase,E_lab,D_code,0.1,excluded,plain,4,2,986,986,130,0.13184584178498987,9959,986,0
main/E_lab/soft_erase/D_code/tau0.1/r1/excl/k4/r3/ctl-plain,soft_erase,E_lab,D_code,0.1,excluded,plain,4,3,3286,3286,1286,0.3913572732805843,9959,3286,0
main/E_lab/soft_erase/D_code/tau0.1/r1/excl/k4/r4/ctl-plain,soft_erase,E_lab,D_code,0.1,excluded,plain,4,4,5956,5956,3888,0.6527871054398925,9959,5956,0
main/E_lab/soft_erase/D_code/tau0.1/r1/excl/k4/r5/ctl-plain,soft_erase,E_lab,D_code,0.1,excluded,plain,4,5,7023,7023,5285,0.7525274099387727,9959,7023,0
main/E_lab/soft_erase/D_code/tau0.1/r1/excl/k4/r5a/ctl-plain,soft_erase,E_lab,D_code,0.1,excluded,plain,4,5a,6398,6398,4435,0.6931853704282588,9959,6398,0
main/E_lab/soft_erase/D_code/tau0.1/r1/excl/k4/r6/ctl-plain,soft_erase,E_lab,D_code,0.1,excluded,plain,4,6,8681,8681,7707,0.8878009445916369,9959,8681,0
main/E_lab/soft_erase/D_code/tau0.1/r1/excl/k4/r6a/ctl-plain,soft_erase,E_lab,D_code,0.1,excluded,plain,4,6a,8152,8152,6874,0.8432286555446517,9959,8152,0
main/E_lab/soft_erase/D_code/tau0.1/r1/excl/k4/r7/ctl-plain,soft_erase,E_lab,D_code,0.1,excluded,plain,4,7,9195,9195,8568,0.931810766721044,9959,9195,0
main/E_lab/soft_erase/D_code/tau0.1/r1/excl/k5/r1/ctl-plain,soft_erase,E_lab,D_code,0.1,excluded,plain,5,1,364,364,17,0.046703296703296704,9959,364,0
main/E_lab/soft_erase/D_code/tau0.1/r1/excl/k5/r2/ctl-plain,soft_erase,E_lab,D_code,0.1,excluded,plain,5,2,948,948,99,0.10443037974683544,9959,948,0
main/E_lab/soft_erase/D_code/tau0.1/r1/excl/k5/r3/ctl-plain,soft_erase,E_lab,D_code,0.1,excluded,plain,5,3,3536,3536,1454,0.4111990950226244,9959,3536,0
main/E_lab/soft_erase/D_code/tau0.1/r1/excl/k5/r4/ctl-plain,soft_erase,E_lab,D_code,0.1,excluded,plain,5,4,4131,4131,1861,0.4504962478818688,9959,4131,0
main/E_lab/soft_erase/D_code/tau0.1/r1/excl/k5/r5/ctl-plain,soft_erase,E_lab,D_code,0.1,excluded,plain,5,5,6948,6948,5158,0.7423719055843409,9959,6948,0
main/E_lab/soft_erase/D_code/tau0.1/r1/excl/k5/r5a/ctl-plain,soft_erase,E_lab,D_code,0.1,excluded,plain,5,5a,5964,5964,3890,0.6522468142186452,9959,5964,0
main/E_lab/soft_erase/D_code/tau0.1/r1/excl/k5/r6/ctl-plain,soft_erase,E_lab,D_code,0.1,excluded,plain,5,6,8720,8720,7782,0.8924311926605505,9959,8720,0
main/E_lab/soft_erase/D_code/tau0.1/r1/excl/k5/r6a/ctl-plain,soft_erase,E_lab,D_code,0.1,excluded,plain,5,6a,8072,8072,6734,0.8342418235877106,9959,8072,0
main/E_lab/soft_erase/D_code/tau0.1/r1/excl/k5/r7/ctl-plain,soft_erase,E_lab,D_code,0.1,excluded,plain,5,7,9256,9256,8678,0.9375540190146932,9959,9256,0
main/E_lab/soft_erase/D_code/tau0.1/r1/excl/k6/r1/ctl-plain,soft_erase,E_lab,D_code,0.1,excluded,plain,6,1,219,219,6,0.0273972602739726,9959,219,0
main/E_lab/soft_erase/D_code/tau0.1/r1/excl/k6/r2/ctl-plain,soft_erase,E_lab,D_code,0.1,excluded,plain,6,2,1035,1035,144,0.1391304347826087,9959,1035,0
main/E_lab/soft_erase/D_code/tau0.1/r1/excl/k6/r3/ctl-plain,soft_erase,E_lab,D_code,0.1,excluded,plain,6,3,3715,3715,1608,0.43283983849259755,9959,3715,0
main/E_lab/soft_erase/D_code/tau0.1/r1/excl/k6/r4/ctl-plain,soft_erase,E_lab,D_code,0.1,excluded,plain,6,4,5984,5984,3931,0.6569184491978609,9959,5984,0
main/E_lab/soft_erase/D_code/tau0.1/r1/excl/k6/r5/ctl-plain,soft_erase,E_lab,D_code,0.1,excluded,plain,6,5,7478,7478,5955,0.7963359186948382,9959,7478,0
main/E_lab/soft_erase/D_code/tau0.1/r1/excl/k6/r5a/ctl-plain,soft_erase,E_lab,D_code,0.1,excluded,plain,6,5a,6217,6217,4213,0.6776580344217468,9959,6217,0
main/E_lab/soft_erase/D_code/tau0.1/r1/excl/k6/r6/ctl-plain,soft_erase,E_lab,D_code,0.1,excluded,plain,6,6,8768,8768,7872,0.8978102189781022,9959,8768,0
main/E_lab/soft_erase/D_code/tau0.1/r1/excl/k6/r6a/ctl-plain,soft_erase,E_lab,D_code,0.1,excluded,plain,6,6a,8379,8379,7264,0.8669292278314835,9959,8379,0
main/E_lab/soft_erase/D_code/tau0.1/r1/excl/k6/r7/ctl-plain,soft_erase,E_lab,D_code,0.1,excluded,plain,6,7,9216,9216,8607,0.9339192708333334,9959,9216,0
main/E_lab/soft_erase/D_code/tau0.1/r1/excl/k7/r1/ctl-plain,soft_erase,E_lab,D_code,0.1,excluded,plain,7,1,177,177,9,0.05084745762711865,9959,177,0
main/E_lab/soft_erase/D_code/tau0.1/r1/excl/k7/r2/ctl-plain,soft_erase,E_lab,D_code,0.1,excluded,plain,7,2,907,907,115,0.12679162072767364,9959,907,0
main/E_lab/soft_erase/D_code/tau0.1/r1/excl/k7/r3/ctl-plain,soft_erase,E_lab,D_code,0.1,excluded,plain,7,3,3718,3718,1626,0.4373318988703604,9959,3718,0
main/E_lab/soft_erase/D_code/tau0.1/r1/excl/k7/r4/ctl-plain,soft_erase,E_lab,D_code,0.1,excluded,plain,7,4,5008,5008,2684,0.5359424920127795,9959,5008,0
main/E_lab/soft_erase/D_code/tau0.1/r1/excl/k7/r5/ctl-plain,soft_erase,E_lab,D_code,0.1,excluded,plain,7,5,7838,7838,6460,0.824189844348048,9959,7838,0
main/E_lab/soft_erase/D_code/tau0.1/r1/excl/k7/r5a/ctl-plain,soft_erase,E_lab,D_code,0.1,excluded,plain,7,5a,5593,5593,3293,0.5887716788843197,9959,5593,0
main/E_lab/soft_erase/D_code/tau0.1/r1/excl/k7/r6/ctl-plain,soft_erase,E_lab,D_code,0.1,excluded,plain,7,6,8726,8726,7817,0.8958285583314234,9959,8726,0
main/E_lab/soft_erase/D_code/tau0.1/r1/excl/k7/r6a/ctl-plain,soft_erase,E_lab,D_code,0.1,excluded,plain,7,6a,8363,8363,7256,0.8676312328111921,9959,8363,0
main/E_lab/soft_erase/D_code/tau0.1/r1/excl/k7/r7/ctl-plain,soft_erase,E_lab,D_code,0.1,excluded,plain,7,7,9343,9343,8829,0.9449855506796532,9959,9343,0
main/E_lab/soft_erase/D_code/tau0.1/r1/excl/k0/r8/ctl-plain,soft_erase,E_lab,D_code,0.1,excluded,plain,0,8,9624,9624,9327,0.969139650872818,9959,9624,0
main/E_lab/code_specific_hard/D_code/tau0.1/ones/incl/k0/r1/ctl-complement,code_specific_hard,E_lab,D_code,0.1,included,complement,0,1,0,0,0,,450,0,0
main/E_lab/code_specific_hard/D_code/tau0.1/ones/incl/k0/r2/ctl-complement,code_specific_hard,E_lab,D_code,0.1,included,complement,0,2,1,1,0,0.0,450,1,0
main/E_lab/code_specific_hard/D_code/tau0.1/ones/incl/k0/r3/ctl-complement,code_specific_hard,E_lab,D_code,0.1,included,complement,0,3,7,7,1,0.14285714285714285,450,7,0
main/E_lab/code_specific_hard/D_code/tau0.1/ones/incl/k0/r4/ctl-complement,code_specific_hard,E_lab,D_code,0.1,included,complement,0,4,16,16,4,0.25,450,16,0
main/E_lab/code_specific_hard/D_code/tau0.1/ones/incl/k0/r5/ctl-complement,code_specific_hard,E_lab,D_code,0.1,included,complement,0,5,30,30,11,0.36666666666666664,450,30,0
main/E_lab/code_specific_hard/D_code/tau0.1/ones/incl/k0/r5a/ctl-complement,code_specific_hard,E_lab,D_code,0.1,included,complement,0,5a,25,25,8,0.32,450,25,0
main/E_lab/code_specific_hard/D_code/tau0.1/ones/incl/k0/r6/ctl-complement,code_specific_hard,E_lab,D_code,0.1,included,complement,0,6,57,57,22,0.38596491228070173,450,57,0
main/E_lab/code_specific_hard/D_code/tau0.1/ones/incl/k0/r6a/ctl-complement,code_specific_hard,E_lab,D_code,0.1,included,complement,0,6a,38,38,14,0.3684210526315789,450,38,0
main/E_lab/code_specific_hard/D_code/tau0.1/ones/incl/k0/r7/ctl-complement,code_specific_hard,E_lab,D_code,0.1,included,complement,0,7,86,86,31,0.36046511627906974,450,86,0
main/E_lab/code_specific_hard/D_code/tau0.1/ones/incl/k1/r1/ctl-complement,code_specific_hard,E_lab,D_code,0.1,included,complement,1,1,1,1,0,0.0,450,1,0
main/E_lab/code_specific_hard/D_code/tau0.1/ones/incl/k1/r2/ctl-complement,code_specific_hard,E_lab,D_code,0.1,included,complement,1,2,3,3,1,0.3333333333333333,450,3,0
main/E_lab/code_specific_hard/D_code/tau0.1/ones/incl/k1/r3/ctl-complement,code_specific_hard,E_lab,D_code,0.1,included,complement,1,3,4,4,1,0.25,450,4,0
main/E_lab/code_specific_hard/D_code/tau0.1/ones/incl/k1/r4/ctl-complement,code_specific_hard,E_lab,D_code,0.1,included,complement,1,4,12,12,3,0.25,450,12,0
main/E_lab/code_specific_hard/D_code/tau0.1/ones/incl/k1/r5/ctl-complement,code_specific_hard,E_lab,D_code,0.1,included,complement,1,5,31,31,4,0.12903225806451613,450,31,0
main/E_lab/code_specific_hard/D_code/tau0.1/ones/incl/k1/r5a/ctl-complement,code_specific_hard,E_lab,D_code,0.1,included,complement,1,5a,12,12,3,0.25,450,12,0
main/E_lab/code_specific_hard/D_code/tau0.1/ones/incl/k1/r6/ctl-complement,code_specific_hard,E_lab,D_code,0.1,included,complement,1,6,61,61,14,0.22950819672131148,450,61,0
main/E_lab/code_specific_hard/D_code/tau0.1/ones/incl/k1/r6a/ctl-complement,code_specific_hard,E_lab,D_code,0.1,included,complement,1,6a,35,35,5,0.14285714285714285,450,35,0
main/E_lab/code_specific_hard/D_code/tau0.1/ones/incl/k1/r7/ctl-complement,code_specific_hard,E_lab,D_code,0.1,included,complement,1,7,117,117,43,0.36752136752136755,450,117,0
main/E_lab/code_specific_hard/D_code/tau0.1/ones/incl/k2/r1/ctl-complement,code_specific_hard,E_lab,D_code,0.1,included,complement,2,1,0,0,0,,450,0,0
main/E_lab/code_specific_hard/D_code/tau0.1/ones/incl/k2/r2/ctl-complement,code_specific_hard,E_lab,D_code,0.1,included,complement,2,2,0,0,0,,450,0,0
main/E_lab/code_specific_hard/D_code/tau0.1/ones/incl/k2/r3/ctl-complement,code_specific_hard,E_lab,D_code,0.1,included,complement,2,3,2,2,1,0.5,450,2,0
main/E_lab/code_specific_hard/D_code/tau0.1/ones/incl/k2/r4/ctl-complement,code_specific_hard,E_lab,D_code,0.1,included,complement,2,4,5,5,3,0.6,450,5,0
main/E_lab/code_specific_hard/D_code/tau0.1/ones/incl/k2/r5/ctl-complement,code_specific_hard,E_lab,D_code,0.1,included,complement,2,5,26,26,7,0.2692307692307692,450,26,0
main/E_lab/code_specific_hard/D_code/tau0.1/ones/incl/k2/r5a/ctl-complement,code_specific_hard,E_lab,D_code,0.1,included,complement,2,5a,8,8,3,0.375,450,8,0
main/E_lab/code_specific_hard/D_code/tau0.1/ones/incl/k2/r6/ctl-complement,code_specific_hard,E_lab,D_code,0.1,included,complement,2,6,49,49,13,0.2653061224489796,450,49,0
main/E_lab/code_specific_hard/D_code/tau0.1/ones/incl/k2/r6a/ctl-complement,code_specific_hard,E_lab,D_code,0.1,included,complement,2,6a,46,46,13,0.2826086956521739,450,46,0
main/E_lab/code_specific_hard/D_code/tau0.1/ones/incl/k2/r7/ctl-complement,code_specific_hard,E_lab,D_code,0.1,included,complement,2,7,75,75,25,0.3333333333333333,450,75,0
main/E_lab/code_specific_hard/D_code/tau0.1/ones/incl/k3/r1/ctl-complement,code_specific_hard,E_lab,D_code,0.1,included,complement,3,1,0,0,0,,450,0,0
main/E_lab/code_specific_hard/D_code/tau0.1/ones/incl/k3/r2/ctl-complement,code_specific_hard,E_lab,D_code,0.1,included,complement,3,2,3,3,0,0.0,450,3,0
main/E_lab/code_specific_hard/D_code/tau0.1/ones/incl/k3/r3/ctl-complement,code_specific_hard,E_lab,D_code,0.1,included,complement,3,3,6,6,1,0.16666666666666666,450,6,0
main/E_lab/code_specific_hard/D_code/tau0.1/ones/incl/k3/r4/ctl-complement,code_specific_hard,E_lab,D_code,0.1,included,complement,3,4,3,3,2,0.6666666666666666,450,3,0
main/E_lab/code_specific_hard/D_code/tau0.1/ones/incl/k3/r5/ctl-complement,code_specific_hard,E_lab,D_code,0.1,included,complement,3,5,42,42,9,0.21428571428571427,450,42,0
main/E_lab/code_specific_hard/D_code/tau0.1/ones/incl/k3/r5a/ctl-complement,code_specific_hard,E_lab,D_code,0.1,included,complement,3,5a,15,15,5,0.3333333333333333,450,15,0
main/E_lab/code_specific_hard/D_code/tau0.1/ones/incl/k3/r6/ctl-complement,code_specific_hard,E_lab,D_code,0.1,included,complement,3,6,63,63,16,0.25396825396825395,450,63,0
main/E_lab/code_specific_hard/D_code/tau0.1/ones/incl/k3/r6a/ctl-complement,code_specific_hard,E_lab,D_code,0.1,included,complement,3,6a,51,51,13,0.2549019607843137,450,51,0
main/E_lab/code_specific_hard/D_code/tau0.1/ones/incl/k3/r7/ctl-complement,code_specific_hard,E_lab,D_code,0.1,included,complement,3,7,91,91,23,0.25274725274725274,450,91,0
main/E_lab/code_specific_hard/D_code/tau0.1/ones/incl/k4/r1/ctl-complement,code_specific_hard,E_lab,D_code,0.1,included,complement,4,1,0,0,0,,450,0,0
main/E_lab/code_specific_hard/D_code/tau0.1/ones/incl/k4/r2/ctl-complement,code_specific_hard,E_lab,D_code,0.1,included,complement,4,2,0,0,0,,450,0,0
main/E_lab/code_specific_hard/D_code/tau0.1/ones/incl/k4/r3/ctl-complement,code_specific_hard,E_lab,D_code,0.1,included,complement,4,3,6,6,1,0.16666666666666666,450,6,0
main/E_lab/code_specific_hard/D_code/tau0.1/ones/incl/k4/r4/ctl-complement,code_specific_hard,E_lab,D_code,0.1,included,complement,4,4,8,8,0,0.0,450,8,0
main/E_lab/code_specific_hard/D_code/tau0.1/ones/incl/k4/r5/ctl-complement,code_specific_hard,E_lab,D_code,0.1,included,complement,4,5,29,29,8,0.27586206896551724,450,29,0
main/E_lab/code_specific_hard/D_code/tau0.1/ones/incl/k4/r5a/ctl-complement,code_specific_hard,E_lab,D_code,0.1,included,complement,4,5a,14,14,4,0.2857142857142857,450,14,0
main/E_lab/code_specific_hard/D_code/tau0.1/ones/incl/k4/r6/ctl-complement,code_specific_hard,E_lab,D_code,0.1,included,complement,4,6,89,89,28,0.3146067415730337,450,89,0
main/E_lab/code_specific_hard/D_code/tau0.1/ones/incl/k4/r6a/ctl-complement,code_specific_hard,E_lab,D_code,0.1,included,complement,4,6a,81,81,24,0.2962962962962963,450,81,0
main/E_lab/code_specific_hard/D_code/tau0.1/ones/incl/k4/r7/ctl-complement,code_specific_hard,E_lab,D_code,0.1,included,complement,4,7,105,105,37,0.3523809523809524,450,105,0
main/E_lab/code_specific_hard/D_code/tau0.1/ones/incl/k5/r1/ctl-complement,code_specific_hard,E_lab,D_code,0.1,included,complement,5,1,0,0,0,,450,0,0
main/E_lab/code_specific_hard/D_code/tau0.1/ones/incl/k5/r2/ctl-complement,code_specific_hard,E_lab,D_code,0.1,included,complement,5,2,3,3,1,0.3333333333333333,450,3,0
main/E_lab/code_specific_hard/D_code/tau0.1/ones/incl/k5/r3/ctl-complement,code_specific_hard,E_lab,D_code,0.1,included,complement,5,3,5,5,2,0.4,450,5,0
main/E_lab/code_specific_hard/D_code/tau0.1/ones/incl/k5/r4/ctl-complement,code_specific_hard,E_lab,D_code,0.1,included,complement,5,4,5,5,0,0.0,450,5,0
main/E_lab/code_specific_hard/D_code/tau0.1/ones/incl/k5/r5/ctl-complement,code_specific_hard,E_lab,D_code,0.1,included,complement,5,5,27,27,8,0.2962962962962963,450,27,0
main/E_lab/code_specific_hard/D_code/tau0.1/ones/incl/k5/r5a/ctl-complement,code_specific_hard,E_lab,D_code,0.1,included,complement,5,5a,19,19,3,0.15789473684210525,450,19,0
main/E_lab/code_specific_hard/D_code/tau0.1/ones/incl/k5/r6/ctl-complement,code_specific_hard,E_lab,D_code,0.1,included,complement,5,6,69,69,19,0.2753623188405797,450,69,0
main/E_lab/code_specific_hard/D_code/tau0.1/ones/incl/k5/r6a/ctl-complement,code_specific_hard,E_lab,D_code,0.1,included,complement,5,6a,32,32,9,0.28125,450,32,0
main/E_lab/code_specific_hard/D_code/tau0.1/ones/incl/k5/r7/ctl-complement,code_specific_hard,E_lab,D_code,0.1,included,complement,5,7,92,92,25,0.2717391304347826,450,92,0
main/E_lab/code_specific_hard/D_code/tau0.1/ones/incl/k6/r1/ctl-complement,code_specific_hard,E_lab,D_code,0.1,included,complement,6,1,0,0,0,,450,0,0
main/E_lab/code_specific_hard/D_code/tau0.1/ones/incl/k6/r2/ctl-complement,code_specific_hard,E_lab,D_code,0.1,included,complement,6,2,0,0,0,,450,0,0
main/E_lab/code_specific_hard/D_code/tau0.1/ones/incl/k6/r3/ctl-complement,code_specific_hard,E_lab,D_code,0.1,included,complement,6,3,5,5,2,0.4,450,5,0
main/E_lab/code_specific_hard/D_code/tau0.1/ones/incl/k6/r4/ctl-complement,code_specific_hard,E_lab,D_code,0.1,included,complement,6,4,6,6,2,0.3333333333333333,450,6,0
main/E_lab/code_specific_hard/D_code/tau0.1/ones/incl/k6/r5/ctl-complement,code_specific_hard,E_lab,D_code,0.1,included,complement,6,5,12,12,4,0.3333333333333333,450,12,0
main/E_lab/code_specific_hard/D_code/tau0.1/ones/incl/k6/r5a/ctl-complement,code_specific_hard,E_lab,D_code,0.1,included,complement,6,5a,7,7,2,0.2857142857142857,450,7,0
main/E_lab/code_specific_hard/D_code/tau0.1/ones/incl/k6/r6/ctl-complement,code_specific_hard,E_lab,D_code,0.1,included,complement,6,6,56,56,17,0.30357142857142855,450,56,0
main/E_lab/code_specific_hard/D_code/tau0.1/ones/incl/k6/r6a/ctl-complement,code_specific_hard,E_lab,D_code,0.1,included,complement,6,6a,32,32,8,0.25,450,32,0
main/E_lab/code_specific_hard/D_code/tau0.1/ones/incl/k6/r7/ctl-complement,code_specific_hard,E_lab,D_code,0.1,included,complement,6,7,96,96,34,0.3541666666666667,450,96,0
main/E_lab/code_specific_hard/D_code/tau0.1/ones/incl/k7/r1/ctl-complement,code_specific_hard,E_lab,D_code,0.1,included,complement,7,1,0,0,0,,450,0,0
main/E_lab/code_specific_hard/D_code/tau0.1/ones/incl/k7/r2/ctl-complement,code_specific_hard,E_lab,D_code,0.1,included,complement,7,2,0,0,0,,450,0,0
main/E_lab/code_specific_hard/D_code/tau0.1/ones/incl/k7/r3/ctl-complement,code_specific_hard,E_lab,D_code,0.1,included,complement,7,3,6,6,2,0.3333333333333333,450,6,0
main/E_lab/code_specific_hard/D_code/tau0.1/ones/incl/k7/r4/ctl-complement,code_specific_hard,E_lab,D_code,0.1,included,complement,7,4,14,14,7,0.5,450,14,0
main/E_lab/code_specific_hard/D_code/tau0.1/ones/incl/k7/r5/ctl-complement,code_specific_hard,E_lab,D_code,0.1,included,complement,7,5,45,45,14,0.3111111111111111,450,45,0
main/E_lab/code_specific_hard/D_code/tau0.1/ones/incl/k7/r5a/ctl-complement,code_specific_hard,E_lab,D_code,0.1,included,complement,7,5a,15,15,7,0.4666666666666667,450,15,0
main/E_lab/code_specific_hard/D_code/tau0.1/ones/incl/k7/r6/ctl-complement,code_specific_hard,E_lab,D_code,0.1,included,complement,7,6,65,65,20,0.3076923076923077,450,65,0
main/E_lab/code_specific_hard/D_code/tau0.1/ones/incl/k7/r6a/ctl-complement,code_specific_hard,E_lab,D_code,0.1,included,complement,7,6a,51,51,15,0.29411764705882354,450,51,0
main/E_lab/code_specific_hard/D_code/tau0.1/ones/incl/k7/r7/ctl-complement,code_specific_hard,E_lab,D_code,0.1,included,complement,7,7,207,207,130,0.6280193236714976,450,207,0
main/E_lab/code_specific_hard/D_code/tau0.1/ones/incl/k0/r8/ctl-complement,code_specific_hard,E_lab,D_code,0.1,included,complement,0,8,270,270,199,0.737037037037037,450,270,0
main/E_lab/code_specific_hard/D_code/tau0.1/ones/incl/k0/rS4/ctl-complement,code_specific_hard,E_lab,D_code,0.1,included,complement,0,S4,4,4,0,0.0,450,4,0
main/E_lab/code_specific_hard/D_code/tau0.1/ones/incl/k0/rS16/ctl-complement,code_specific_hard,E_lab,D_code,0.1,included,complement,0,S16,16,16,3,0.1875,450,16,0
main/E_lab/code_specific_hard/D_code/tau0.1/ones/incl/k0/rS64/ctl-complement,code_specific_hard,E_lab,D_code,0.1,included,complement,0,S64,64,64,20,0.3125,450,64,0
main/E_lab/code_specific_hard/D_code/tau0.1/ones/incl/k0/r1/ctl-plain,code_specific_hard,E_lab,D_code,0.1,included,plain,0,1,0,0,0,,9959,0,0
main/E_lab/code_specific_hard/D_code/tau0.1/ones/incl/k0/r2/ctl-plain,code_specific_hard,E_lab,D_code,0.1,included,plain,0,2,1,1,0,0.0,9959,1,0
main/E_lab/code_specific_hard/D_code/tau0.1/ones/incl/k0/r3/ctl-plain,code_specific_hard,E_lab,D_code,0.1,included,plain,0,3,7,7,0,0.0,9959,7,0
main/E_lab/code_specific_hard/D_code/tau0.1/ones/incl/k0/r4/ctl-plain,code_specific_hard,E_lab,D_code,0.1,included,plain,0,4,16,16,1,0.0625,9959,16,0
main/E_lab/code_specific_hard/D_code/tau0.1/ones/incl/k0/r5/ctl-plain,code_specific_hard,E_lab,D_code,0.1,included,plain,0,5,30,30,1,0.03333333333333333,9959,30,0
main/E_lab/code_specific_hard/D_code/tau0.1/ones/incl/k0/r5a/ctl-plain,code_specific_hard,E_lab,D_code,0.1,included,plain,0,5a,25,25,1,0.04,9959,25,0
main/E_lab/code_specific_hard/D_code/tau0.1/ones/incl/k0/r6/ctl-plain,code_specific_hard,E_lab,D_code,0.1,included,plain,0,6,57,57,3,0.05263157894736842,9959,57,0
main/E_lab/code_specific_hard/D_code/tau0.1/ones/incl/k0/r6a/ctl-plain,code_specific_hard,E_lab,D_code,0.1,included,plain,0,6a,38,38,2,0.05263157894736842,9959,38,0
main/E_lab/code_specific_hard/D_code/tau0.1/ones/incl/k0/r7/ctl-plain,code_specific_hard,E_lab,D_code,0.1,included,plain,0,7,86,86,3,0.03488372093023256,9959,86,0
main/E_lab/code_specific_hard/D_code/tau0.1/ones/incl/k1/r1/ctl-plain,code_specific_hard,E_lab,D_code,0.1,included,plain,1,1,1,1,0,0.0,9959,1,0
main/E_lab/code_specific_hard/D_code/tau0.1/ones/incl/k1/r2/ctl-plain,code_specific_hard,E_lab,D_code,0.1,included,plain,1,2,3,3,0,0.0,9959,3,0
main/E_lab/code_specific_hard/D_code/tau0.1/ones/incl/k1/r3/ctl-plain,code_specific_hard,E_lab,D_code,0.1,included,plain,1,3,4,4,0,0.0,9959,4,0
main/E_lab/code_specific_hard/D_code/tau0.1/ones/incl/k1/r4/ctl-plain,code_specific_hard,E_lab,D_code,0.1,included,plain,1,4,12,12,0,0.0,9959,12,0
main/E_lab/code_specific_hard/D_code/tau0.1/ones/incl/k1/r5/ctl-plain,code_specific_hard,E_lab,D_code,0.1,included,plain,1,5,31,31,0,0.0,9959,31,0
main/E_lab/code_specific_hard/D_code/tau0.1/ones/incl/k1/r5a/ctl-plain,code_specific_hard,E_lab,D_code,0.1,included,plain,1,5a,12,12,0,0.0,9959,12,0
main/E_lab/code_specific_hard/D_code/tau0.1/ones/incl/k1/r6/ctl-plain,code_specific_hard,E_lab,D_code,0.1,included,plain,1,6,61,61,2,0.03278688524590164,9959,61,0
main/E_lab/code_specific_hard/D_code/tau0.1/ones/incl/k1/r6a/ctl-plain,code_specific_hard,E_lab,D_code,0.1,included,plain,1,6a,35,35,0,0.0,9959,35,0
main/E_lab/code_specific_hard/D_code/tau0.1/ones/incl/k1/r7/ctl-plain,code_specific_hard,E_lab,D_code,0.1,included,plain,1,7,117,117,4,0.03418803418803419,9959,117,0
main/E_lab/code_specific_hard/D_code/tau0.1/ones/incl/k2/r1/ctl-plain,code_specific_hard,E_lab,D_code,0.1,included,plain,2,1,0,0,0,,9959,0,0
main/E_lab/code_specific_hard/D_code/tau0.1/ones/incl/k2/r2/ctl-plain,code_specific_hard,E_lab,D_code,0.1,included,plain,2,2,0,0,0,,9959,0,0
main/E_lab/code_specific_hard/D_code/tau0.1/ones/incl/k2/r3/ctl-plain,code_specific_hard,E_lab,D_code,0.1,included,plain,2,3,2,2,0,0.0,9959,2,0
main/E_lab/code_specific_hard/D_code/tau0.1/ones/incl/k2/r4/ctl-plain,code_specific_hard,E_lab,D_code,0.1,included,plain,2,4,5,5,0,0.0,9959,5,0
main/E_lab/code_specific_hard/D_code/tau0.1/ones/incl/k2/r5/ctl-plain,code_specific_hard,E_lab,D_code,0.1,included,plain,2,5,26,26,0,0.0,9959,26,0
main/E_lab/code_specific_hard/D_code/tau0.1/ones/incl/k2/r5a/ctl-plain,code_specific_hard,E_lab,D_code,0.1,included,plain,2,5a,8,8,0,0.0,9959,8,0
main/E_lab/code_specific_hard/D_code/tau0.1/ones/incl/k2/r6/ctl-plain,code_specific_hard,E_lab,D_code,0.1,included,plain,2,6,49,49,0,0.0,9959,49,0
main/E_lab/code_specific_hard/D_code/tau0.1/ones/incl/k2/r6a/ctl-plain,code_specific_hard,E_lab,D_code,0.1,included,plain,2,6a,46,46,0,0.0,9959,46,0
main/E_lab/code_specific_hard/D_code/tau0.1/ones/incl/k2/r7/ctl-plain,code_specific_hard,E_lab,D_code,0.1,included,plain,2,7,75,75,1,0.013333333333333334,9959,75,0
main/E_lab/code_specific_hard/D_code/tau0.1/ones/incl/k3/r1/ctl-plain,code_specific_hard,E_lab,D_code,0.1,included,plain,3,1,0,0,0,,9959,0,0
main/E_lab/code_specific_hard/D_code/tau0.1/ones/incl/k3/r2/ctl-plain,code_specific_hard,E_lab,D_code,0.1,included,plain,3,2,3,3,0,0.0,9959,3,0
main/E_lab/code_specific_hard/D_code/tau0.1/ones/incl/k3/r3/ctl-plain,code_specific_hard,E_lab,D_code,0.1,included,plain,3,3,6,6,0,0.0,9959,6,0
main/E_lab/code_specific_hard/D_code/tau0.1/ones/incl/k3/r4/ctl-plain,code_specific_hard,E_lab,D_code,0.1,included,plain,3,4,3,3,0,0.0,9959,3,0
main/E_lab/code_specific_hard/D_code/tau0.1/ones/incl/k3/r5/ctl-plain,code_specific_hard,E_lab,D_code,0.1,included,plain,3,5,42,42,1,0.023809523809523808,9959,42,0
main/E_lab/code_specific_hard/D_code/tau0.1/ones/incl/k3/r5a/ctl-plain,code_specific_hard,E_lab,D_code,0.1,included,plain,3,5a,15,15,0,0.0,9959,15,0
main/E_lab/code_specific_hard/D_code/tau0.1/ones/incl/k3/r6/ctl-plain,code_specific_hard,E_lab,D_code,0.1,included,plain,3,6,63,63,2,0.031746031746031744,9959,63,0
main/E_lab/code_specific_hard/D_code/tau0.1/ones/incl/k3/r6a/ctl-plain,code_specific_hard,E_lab,D_code,0.1,included,plain,3,6a,51,51,1,0.0196078431372549,9959,51,0
main/E_lab/code_specific_hard/D_code/tau0.1/ones/incl/k3/r7/ctl-plain,code_specific_hard,E_lab,D_code,0.1,included,plain,3,7,91,91,3,0.03296703296703297,9959,91,0
main/E_lab/code_specific_hard/D_code/tau0.1/ones/incl/k4/r1/ctl-plain,code_specific_hard,E_lab,D_code,0.1,included,plain,4,1,0,0,0,,9959,0,0
main/E_lab/code_specific_hard/D_code/tau0.1/ones/incl/k4/r2/ctl-plain,code_specific_hard,E_lab,D_code,0.1,included,plain,4,2,0,0,0,,9959,0,0
main/E_lab/code_specific_hard/D_code/tau0.1/ones/incl/k4/r3/ctl-plain,code_specific_hard,E_lab,D_code,0.1,included,plain,4,3,6,6,0,0.0,9959,6,0
main/E_lab/code_specific_hard/D_code/tau0.1/ones/incl/k4/r4/ctl-plain,code_specific_hard,E_lab,D_code,0.1,included,plain,4,4,8,8,0,0.0,9959,8,0
main/E_lab/code_specific_hard/D_code/tau0.1/ones/incl/k4/r5/ctl-plain,code_specific_hard,E_lab,D_code,0.1,included,plain,4,5,29,29,0,0.0,9959,29,0
main/E_lab/code_specific_hard/D_code/tau0.1/ones/incl/k4/r5a/ctl-plain,code_specific_hard,E_lab,D_code,0.1,included,plain,4,5a,14,14,0,0.0,9959,14,0
main/E_lab/code_specific_hard/D_code/tau0.1/ones/incl/k4/r6/ctl-plain,code_specific_hard,E_lab,D_code,0.1,included,plain,4,6,89,89,0,0.0,9959,89,0
main/E_lab/code_specific_hard/D_code/tau0.1/ones/incl/k4/r6a/ctl-plain,code_specific_hard,E_lab,D_code,0.1,included,plain,4,6a,81,81,0,0.0,9959,81,0
main/E_lab/code_specific_hard/D_code/tau0.1/ones/incl/k4/r7/ctl-plain,code_specific_hard,E_lab,D_code,0.1,included,plain,4,7,105,105,0,0.0,9959,105,0
main/E_lab/code_specific_hard/D_code/tau0.1/ones/incl/k5/r1/ctl-plain,code_specific_hard,E_lab,D_code,0.1,included,plain,5,1,0,0,0,,9959,0,0
main/E_lab/code_specific_hard/D_code/tau0.1/ones/incl/k5/r2/ctl-plain,code_specific_hard,E_lab,D_code,0.1,included,plain,5,2,3,3,0,0.0,9959,3,0
main/E_lab/code_specific_hard/D_code/tau0.1/ones/incl/k5/r3/ctl-plain,code_specific_hard,E_lab,D_code,0.1,included,plain,5,3,5,5,0,0.0,9959,5,0
main/E_lab/code_specific_hard/D_code/tau0.1/ones/incl/k5/r4/ctl-plain,code_specific_hard,E_lab,D_code,0.1,included,plain,5,4,5,5,0,0.0,9959,5,0
main/E_lab/code_specific_hard/D_code/tau0.1/ones/incl/k5/r5/ctl-plain,code_specific_hard,E_lab,D_code,0.1,included,plain,5,5,27,27,0,0.0,9959,27,0
main/E_lab/code_specific_hard/D_code/tau0.1/ones/incl/k5/r5a/ctl-plain,code_specific_hard,E_lab,D_code,0.1,included,plain,5,5a,19,19,0,0.0,9959,19,0
main/E_lab/code_specific_hard/D_code/tau0.1/ones/incl/k5/r6/ctl-plain,code_specific_hard,E_lab,D_code,0.1,included,plain,5,6,69,69,1,0.014492753623188406,9959,69,0
main/E_lab/code_specific_hard/D_code/tau0.1/ones/incl/k5/r6a/ctl-plain,code_specific_hard,E_lab,D_code,0.1,included,plain,5,6a,32,32,0,0.0,9959,32,0
main/E_lab/code_specific_hard/D_code/tau0.1/ones/incl/k5/r7/ctl-plain,code_specific_hard,E_lab,D_code,0.1,included,plain,5,7,92,92,1,0.010869565217391304,9959,92,0
main/E_lab/code_specific_hard/D_code/tau0.1/ones/incl/k6/r1/ctl-plain,code_specific_hard,E_lab,D_code,0.1,included,plain,6,1,0,0,0,,9959,0,0
main/E_lab/code_specific_hard/D_code/tau0.1/ones/incl/k6/r2/ctl-plain,code_specific_hard,E_lab,D_code,0.1,included,plain,6,2,0,0,0,,9959,0,0
main/E_lab/code_specific_hard/D_code/tau0.1/ones/incl/k6/r3/ctl-plain,code_specific_hard,E_lab,D_code,0.1,included,plain,6,3,5,5,0,0.0,9959,5,0
main/E_lab/code_specific_hard/D_code/tau0.1/ones/incl/k6/r4/ctl-plain,code_specific_hard,E_lab,D_code,0.1,included,plain,6,4,6,6,0,0.0,9959,6,0
main/E_lab/code_specific_hard/D_code/tau0.1/ones/incl/k6/r5/ctl-plain,code_specific_hard,E_lab,D_code,0.1,included,plain,6,5,12,12,0,0.0,9959,12,0
main/E_lab/code_specific_hard/D_code/tau0.1/ones/incl/k6/r5a/ctl-plain,code_specific_hard,E_lab,D_code,0.1,included,plain,6,5a,7,7,0,0.0,9959,7,0
main/E_lab/code_specific_hard/D_code/tau0.1/ones/incl/k6/r6/ctl-plain,code_specific_hard,E_lab,D_code,0.1,included,plain,6,6,56,56,0,0.0,9959,56,0
main/E_lab/code_specific_hard/D_code/tau0.1/ones/incl/k6/r6a/ctl-plain,code_specific_hard,E_lab,D_code,0.1,included,plain,6,6a,32,32,0,0.0,9959,32,0
main/E_lab/code_specific_hard/D_code/tau0.1/ones/incl/k6/r7/ctl-plain,code_specific_hard,E_lab,D_code,0.1,included,plain,6,7,96,96,2,0.020833333333333332,9959,96,0
main/E_lab/code_specific_hard/D_code/tau0.1/ones/incl/k7/r1/ctl-plain,code_specific_hard,E_lab,D_code,0.1,included,plain,7,1,0,0,0,,9959,0,0
main/E_lab/code_specific_hard/D_code/tau0.1/ones/incl/k7/r2/ctl-plain,code_specific_hard,E_lab,D_code,0.1,included,plain,7,2,0,0,0,,9959,0,0
main/E_lab/code_specific_hard/D_code/tau0.1/ones/incl/k7/r3/ctl-plain,code_specific_hard,E_lab,D_code,0.1,included,plain,7,3,6,6,0,0.0,9959,6,0
main/E_lab/code_specific_hard/D_code/tau0.1/ones/incl/k7/r4/ctl-plain,code_specific_hard,E_lab,D_code,0.1,included,plain,7,4,14,14,0,0.0,9959,14,0
main/E_lab/code_specific_hard/D_code/tau0.1/ones/incl/k7/r5/ctl-plain,code_specific_hard,E_lab,D_code,0.1,included,plain,7,5,45,45,0,0.0,9959,45,0
main/E_lab/code_specific_hard/D_code/tau0.1/ones/incl/k7/r5a/ctl-plain,code_specific_hard,E_lab,D_code,0.1,included,plain,7,5a,15,15,0,0.0,9959,15,0
main/E_lab/code_specific_hard/D_code/tau0.1/ones/incl/k7/r6/ctl-plain,code_specific_hard,E_lab,D_code,0.1,included,plain,7,6,65,65,0,0.0,9959,65,0
main/E_lab/code_specific_hard/D_code/tau0.1/ones/incl/k7/r6a/ctl-plain,code_specific_hard,E_lab,D_code,0.1,included,plain,7,6a,51,51,0,0.0,9959,51,0
main/E_lab/code_specific_hard/D_code/tau0.1/ones/incl/k7/r7/ctl-plain,code_specific_hard,E_lab,D_code,0.1,included,plain,7,7,207,207,10,0.04830917874396135,9959,207,0
main/E_lab/code_specific_hard/D_code/tau0.1/ones/incl/k0/r8/ctl-plain,code_specific_hard,E_lab,D_code,0.1,included,plain,0,8,270,270,25,0.09259259259259259,9959,270,0
main/E_lab/code_specific_hard/D_code/tau0.1/ones/incl/k0/rS4/ctl-plain,code_specific_hard,E_lab,D_code,0.1,included,plain,0,S4,4,4,0,0.0,9959,4,0
main/E_lab/code_specific_hard/D_code/tau0.1/ones/incl/k0/rS16/ctl-plain,code_specific_hard,E_lab,D_code,0.1,included,plain,0,S16,16,16,0,0.0,9959,16,0
main/E_lab/code_specific_hard/D_code/tau0.1/ones/incl/k0/rS64/ctl-plain,code_specific_hard,E_lab,D_code,0.1,included,plain,0,S64,64,64,3,0.046875,9959,64,0
main/E/union/D_unif/tau0.5/r0/excl/k0/r1/ctl-plain,union,E,D_unif,0.5,excluded,plain,0,1,164,164,2,0.012195121951219513,9959,164,0
main/E/union/D_unif/tau0.5/r0/excl/k0/r2/ctl-plain,union,E,D_unif,0.5,excluded,plain,0,2,855,855,94,0.10994152046783626,9959,855,0
main/E/union/D_unif/tau0.5/r0/excl/k0/r3/ctl-plain,union,E,D_unif,0.5,excluded,plain,0,3,3961,3961,1788,0.45140116132289826,9959,3961,0
main/E/union/D_unif/tau0.5/r0/excl/k0/r4/ctl-plain,union,E,D_unif,0.5,excluded,plain,0,4,6303,6303,4308,0.6834840552118039,9959,6303,0
main/E/union/D_unif/tau0.5/r0/excl/k0/r5/ctl-plain,union,E,D_unif,0.5,excluded,plain,0,5,7673,7673,6202,0.8082888049002998,9959,7673,0
main/E/union/D_unif/tau0.5/r0/excl/k0/r5a/ctl-plain,union,E,D_unif,0.5,excluded,plain,0,5a,7097,7097,5406,0.7617303085810906,9959,7097,0
main/E/union/D_unif/tau0.5/r0/excl/k0/r6/ctl-plain,union,E,D_unif,0.5,excluded,plain,0,6,8825,8825,7924,0.8979036827195468,9959,8825,0
main/E/union/D_unif/tau0.5/r0/excl/k0/r6a/ctl-plain,union,E,D_unif,0.5,excluded,plain,0,6a,8224,8224,6994,0.8504377431906615,9959,8224,0
main/E/union/D_unif/tau0.5/r0/excl/k0/r7/ctl-plain,union,E,D_unif,0.5,excluded,plain,0,7,9551,9551,9184,0.9615747042194535,9959,9551,0
main/E/union/D_unif/tau0.5/r0/excl/k1/r1/ctl-plain,union,E,D_unif,0.5,excluded,plain,1,1,184,184,4,0.021739130434782608,9959,184,0
main/E/union/D_unif/tau0.5/r0/excl/k1/r2/ctl-plain,union,E,D_unif,0.5,excluded,plain,1,2,1034,1034,140,0.13539651837524178,9959,1034,0
main/E/union/D_unif/tau0.5/r0/excl/k1/r3/ctl-plain,union,E,D_unif,0.5,excluded,plain,1,3,3930,3930,1840,0.4681933842239186,9959,3930,0
main/E/union/D_unif/tau0.5/r0/excl/k1/r4/ctl-plain,union,E,D_unif,0.5,excluded,plain,1,4,3705,3705,1537,0.4148448043184885,9959,3705,0
main/E/union/D_unif/tau0.5/r0/excl/k1/r5/ctl-plain,union,E,D_unif,0.5,excluded,plain,1,5,7425,7425,5900,0.7946127946127947,9959,7425,0
main/E/union/D_unif/tau0.5/r0/excl/k1/r5a/ctl-plain,union,E,D_unif,0.5,excluded,plain,1,5a,6182,6182,4247,0.68699450016176,9959,6182,0
main/E/union/D_unif/tau0.5/r0/excl/k1/r6/ctl-plain,union,E,D_unif,0.5,excluded,plain,1,6,8674,8674,7748,0.8932441780032281,9959,8674,0
main/E/union/D_unif/tau0.5/r0/excl/k1/r6a/ctl-plain,union,E,D_unif,0.5,excluded,plain,1,6a,8231,8231,7077,0.8597983234114931,9959,8231,0
main/E/union/D_unif/tau0.5/r0/excl/k1/r7/ctl-plain,union,E,D_unif,0.5,excluded,plain,1,7,9447,9447,9007,0.9534243675240818,9959,9447,0
main/E/union/D_unif/tau0.5/r0/excl/k2/r1/ctl-plain,union,E,D_unif,0.5,excluded,plain,2,1,164,164,2,0.012195121951219513,9959,164,0
main/E/union/D_unif/tau0.5/r0/excl/k2/r2/ctl-plain,union,E,D_unif,0.5,excluded,plain,2,2,842,842,101,0.11995249406175772,9959,842,0
main/E/union/D_unif/tau0.5/r0/excl/k2/r3/ctl-plain,union,E,D_unif,0.5,excluded,plain,2,3,4072,4072,2036,0.5,9959,4072,0
main/E/union/D_unif/tau0.5/r0/excl/k2/r4/ctl-plain,union,E,D_unif,0.5,excluded,plain,2,4,4572,4572,2281,0.4989063867016623,9959,4572,0
main/E/union/D_unif/tau0.5/r0/excl/k2/r5/ctl-plain,union,E,D_unif,0.5,excluded,plain,2,5,7575,7575,5934,0.7833663366336634,9959,7575,0
main/E/union/D_unif/tau0.5/r0/excl/k2/r5a/ctl-plain,union,E,D_unif,0.5,excluded,plain,2,5a,6083,6083,3982,0.6546112115732369,9959,6083,0
main/E/union/D_unif/tau0.5/r0/excl/k2/r6/ctl-plain,union,E,D_unif,0.5,excluded,plain,2,6,8887,8887,8036,0.9042421514571847,9959,8887,0
main/E/union/D_unif/tau0.5/r0/excl/k2/r6a/ctl-plain,union,E,D_unif,0.5,excluded,plain,2,6a,8451,8451,7331,0.8674713051709857,9959,8451,0
main/E/union/D_unif/tau0.5/r0/excl/k2/r7/ctl-plain,union,E,D_unif,0.5,excluded,plain,2,7,9515,9515,9134,0.9599579611140305,9959,9515,0
main/E/union/D_unif/tau0.5/r0/excl/k3/r1/ctl-plain,union,E,D_unif,0.5,excluded,plain,3,1,114,114,1,0.008771929824561403,9959,114,0
main/E/union/D_unif/tau0.5/r0/excl/k3/r2/ctl-plain,union,E,D_unif,0.5,excluded,plain,3,2,1167,1167,139,0.11910882604970009,9959,1167,0
main/E/union/D_unif/tau0.5/r0/excl/k3/r3/ctl-plain,union,E,D_unif,0.5,excluded,plain,3,3,3942,3942,1860,0.471841704718417,9959,3942,0
main/E/union/D_unif/tau0.5/r0/excl/k3/r4/ctl-plain,union,E,D_unif,0.5,excluded,plain,3,4,1058,1058,141,0.1332703213610586,9959,1058,0
main/E/union/D_unif/tau0.5/r0/excl/k3/r5/ctl-plain,union,E,D_unif,0.5,excluded,plain,3,5,7307,7307,5603,0.7667989599014643,9959,7307,0
main/E/union/D_unif/tau0.5/r0/excl/k3/r5a/ctl-plain,union,E,D_unif,0.5,excluded,plain,3,5a,5131,5131,2894,0.5640226076788151,9959,5131,0
main/E/union/D_unif/tau0.5/r0/excl/k3/r6/ctl-plain,union,E,D_unif,0.5,excluded,plain,3,6,8717,8717,7781,0.8926236090398073,9959,8717,0
main/E/union/D_unif/tau0.5/r0/excl/k3/r6a/ctl-plain,union,E,D_unif,0.5,excluded,plain,3,6a,7909,7909,6456,0.8162852446579846,9959,7909,0
main/E/union/D_unif/tau0.5/r0/excl/k3/r7/ctl-plain,union,E,D_unif,0.5,excluded,plain,3,7,9445,9445,9014,0.9543673901535203,9959,9445,0
main/E/union/D_unif/tau0.5/r0/excl/k4/r1/ctl-plain,union,E,D_unif,0.5,excluded,plain,4,1,176,176,5,0.028409090909090908,9959,176,0
main/E/union/D_unif/tau0.5/r0/excl/k4/r2/ctl-plain,union,E,D_unif,0.5,excluded,plain,4,2,976,976,162,0.16598360655737704,9959,976,0
main/E/union/D_unif/tau0.5/r0/excl/k4/r3/ctl-plain,union,E,D_unif,0.5,excluded,plain,4,3,3662,3662,1642,0.4483888585472419,9959,3662,0
main/E/union/D_unif/tau0.5/r0/excl/k4/r4/ctl-plain,union,E,D_unif,0.5,excluded,plain,4,4,4289,4289,2056,0.47936581953835394,9959,4289,0
main/E/union/D_unif/tau0.5/r0/excl/k4/r5/ctl-plain,union,E,D_unif,0.5,excluded,plain,4,5,7216,7216,5555,0.7698170731707317,9959,7216,0
main/E/union/D_unif/tau0.5/r0/excl/k4/r5a/ctl-plain,union,E,D_unif,0.5,excluded,plain,4,5a,4961,4961,2699,0.5440435396089498,9959,4961,0
main/E/union/D_unif/tau0.5/r0/excl/k4/r6/ctl-plain,union,E,D_unif,0.5,excluded,plain,4,6,8810,8810,7922,0.8992054483541431,9959,8810,0
main/E/union/D_unif/tau0.5/r0/excl/k4/r6a/ctl-plain,union,E,D_unif,0.5,excluded,plain,4,6a,8061,8061,6820,0.8460488773105074,9959,8061,0
main/E/union/D_unif/tau0.5/r0/excl/k4/r7/ctl-plain,union,E,D_unif,0.5,excluded,plain,4,7,9458,9458,9027,0.9544301120744343,9959,9458,0
main/E/union/D_unif/tau0.5/r0/excl/k5/r1/ctl-plain,union,E,D_unif,0.5,excluded,plain,5,1,126,126,1,0.007936507936507936,9959,126,0
main/E/union/D_unif/tau0.5/r0/excl/k5/r2/ctl-plain,union,E,D_unif,0.5,excluded,plain,5,2,713,713,62,0.08695652173913043,9959,713,0
main/E/union/D_unif/tau0.5/r0/excl/k5/r3/ctl-plain,union,E,D_unif,0.5,excluded,plain,5,3,4167,4167,2027,0.48644108471322295,9959,4167,0
main/E/union/D_unif/tau0.5/r0/excl/k5/r4/ctl-plain,union,E,D_unif,0.5,excluded,plain,5,4,5174,5174,2936,0.5674526478546579,9959,5174,0
main/E/union/D_unif/tau0.5/r0/excl/k5/r5/ctl-plain,union,E,D_unif,0.5,excluded,plain,5,5,7014,7014,5157,0.7352437981180496,9959,7014,0
main/E/union/D_unif/tau0.5/r0/excl/k5/r5a/ctl-plain,union,E,D_unif,0.5,excluded,plain,5,5a,6065,6065,3971,0.6547403132728772,9959,6065,0
main/E/union/D_unif/tau0.5/r0/excl/k5/r6/ctl-plain,union,E,D_unif,0.5,excluded,plain,5,6,8995,8995,8246,0.9167315175097276,9959,8995,0
main/E/union/D_unif/tau0.5/r0/excl/k5/r6a/ctl-plain,union,E,D_unif,0.5,excluded,plain,5,6a,8336,8336,7148,0.8574856046065259,9959,8336,0
main/E/union/D_unif/tau0.5/r0/excl/k5/r7/ctl-plain,union,E,D_unif,0.5,excluded,plain,5,7,9498,9498,9107,0.9588334386186566,9959,9498,0
main/E/union/D_unif/tau0.5/r0/excl/k6/r1/ctl-plain,union,E,D_unif,0.5,excluded,plain,6,1,37,37,1,0.02702702702702703,9959,37,0
main/E/union/D_unif/tau0.5/r0/excl/k6/r2/ctl-plain,union,E,D_unif,0.5,excluded,plain,6,2,743,743,61,0.08209959623149395,9959,743,0
main/E/union/D_unif/tau0.5/r0/excl/k6/r3/ctl-plain,union,E,D_unif,0.5,excluded,plain,6,3,4074,4074,1948,0.47815414825724106,9959,4074,0
main/E/union/D_unif/tau0.5/r0/excl/k6/r4/ctl-plain,union,E,D_unif,0.5,excluded,plain,6,4,4980,4980,2726,0.5473895582329317,9959,4980,0
main/E/union/D_unif/tau0.5/r0/excl/k6/r5/ctl-plain,union,E,D_unif,0.5,excluded,plain,6,5,6889,6889,5026,0.7295688779213239,9959,6889,0
main/E/union/D_unif/tau0.5/r0/excl/k6/r5a/ctl-plain,union,E,D_unif,0.5,excluded,plain,6,5a,5781,5781,3658,0.6327624978377443,9959,5781,0
main/E/union/D_unif/tau0.5/r0/excl/k6/r6/ctl-plain,union,E,D_unif,0.5,excluded,plain,6,6,8579,8579,7509,0.8752768387924,9959,8579,0
main/E/union/D_unif/tau0.5/r0/excl/k6/r6a/ctl-plain,union,E,D_unif,0.5,excluded,plain,6,6a,7765,7765,6267,0.8070830650354153,9959,7765,0
main/E/union/D_unif/tau0.5/r0/excl/k6/r7/ctl-plain,union,E,D_unif,0.5,excluded,plain,6,7,9571,9571,9224,0.9637446452826246,9959,9571,0
main/E/union/D_unif/tau0.5/r0/excl/k7/r1/ctl-plain,union,E,D_unif,0.5,excluded,plain,7,1,124,124,3,0.024193548387096774,9959,124,0
main/E/union/D_unif/tau0.5/r0/excl/k7/r2/ctl-plain,union,E,D_unif,0.5,excluded,plain,7,2,818,818,89,0.10880195599022005,9959,818,0
main/E/union/D_unif/tau0.5/r0/excl/k7/r3/ctl-plain,union,E,D_unif,0.5,excluded,plain,7,3,4007,4007,1890,0.4716745695033691,9959,4007,0
main/E/union/D_unif/tau0.5/r0/excl/k7/r4/ctl-plain,union,E,D_unif,0.5,excluded,plain,7,4,4975,4975,2710,0.5447236180904522,9959,4975,0
main/E/union/D_unif/tau0.5/r0/excl/k7/r5/ctl-plain,union,E,D_unif,0.5,excluded,plain,7,5,6859,6859,4936,0.7196384312582009,9959,6859,0
main/E/union/D_unif/tau0.5/r0/excl/k7/r5a/ctl-plain,union,E,D_unif,0.5,excluded,plain,7,5a,6456,6456,4430,0.686183395291202,9959,6456,0
main/E/union/D_unif/tau0.5/r0/excl/k7/r6/ctl-plain,union,E,D_unif,0.5,excluded,plain,7,6,8899,8899,8081,0.9080795595010676,9959,8899,0
main/E/union/D_unif/tau0.5/r0/excl/k7/r6a/ctl-plain,union,E,D_unif,0.5,excluded,plain,7,6a,7989,7989,6610,0.827387658029791,9959,7989,0
main/E/union/D_unif/tau0.5/r0/excl/k7/r7/ctl-plain,union,E,D_unif,0.5,excluded,plain,7,7,9567,9567,9214,0.9631023309292359,9959,9567,0
main/E/union/D_unif/tau0.5/r0/excl/k0/r8/ctl-plain,union,E,D_unif,0.5,excluded,plain,0,8,9926,9926,9894,0.9967761434616159,9959,9926,0
main/E/union/D_unif/tau0.5/uniform/excl/k0/r1/ctl-plain,union,E,D_unif,0.5,excluded,plain,0,1,164,164,2,0.012195121951219513,9959,164,0
main/E/union/D_unif/tau0.5/uniform/excl/k0/r2/ctl-plain,union,E,D_unif,0.5,excluded,plain,0,2,855,855,94,0.10994152046783626,9959,855,0
main/E/union/D_unif/tau0.5/uniform/excl/k0/r3/ctl-plain,union,E,D_unif,0.5,excluded,plain,0,3,3961,3961,1788,0.45140116132289826,9959,3961,0
main/E/union/D_unif/tau0.5/uniform/excl/k0/r4/ctl-plain,union,E,D_unif,0.5,excluded,plain,0,4,6303,6303,4308,0.6834840552118039,9959,6303,0
main/E/union/D_unif/tau0.5/uniform/excl/k0/r5/ctl-plain,union,E,D_unif,0.5,excluded,plain,0,5,7673,7673,6202,0.8082888049002998,9959,7673,0
main/E/union/D_unif/tau0.5/uniform/excl/k0/r5a/ctl-plain,union,E,D_unif,0.5,excluded,plain,0,5a,7097,7097,5406,0.7617303085810906,9959,7097,0
main/E/union/D_unif/tau0.5/uniform/excl/k0/r6/ctl-plain,union,E,D_unif,0.5,excluded,plain,0,6,8825,8825,7924,0.8979036827195468,9959,8825,0
main/E/union/D_unif/tau0.5/uniform/excl/k0/r6a/ctl-plain,union,E,D_unif,0.5,excluded,plain,0,6a,8224,8224,6994,0.8504377431906615,9959,8224,0
main/E/union/D_unif/tau0.5/uniform/excl/k0/r7/ctl-plain,union,E,D_unif,0.5,excluded,plain,0,7,9551,9551,9184,0.9615747042194535,9959,9551,0
main/E/union/D_unif/tau0.5/uniform/excl/k1/r1/ctl-plain,union,E,D_unif,0.5,excluded,plain,1,1,184,184,4,0.021739130434782608,9959,184,0
main/E/union/D_unif/tau0.5/uniform/excl/k1/r2/ctl-plain,union,E,D_unif,0.5,excluded,plain,1,2,1034,1034,140,0.13539651837524178,9959,1034,0
main/E/union/D_unif/tau0.5/uniform/excl/k1/r3/ctl-plain,union,E,D_unif,0.5,excluded,plain,1,3,3930,3930,1840,0.4681933842239186,9959,3930,0
main/E/union/D_unif/tau0.5/uniform/excl/k1/r4/ctl-plain,union,E,D_unif,0.5,excluded,plain,1,4,3705,3705,1537,0.4148448043184885,9959,3705,0
main/E/union/D_unif/tau0.5/uniform/excl/k1/r5/ctl-plain,union,E,D_unif,0.5,excluded,plain,1,5,7425,7425,5900,0.7946127946127947,9959,7425,0
main/E/union/D_unif/tau0.5/uniform/excl/k1/r5a/ctl-plain,union,E,D_unif,0.5,excluded,plain,1,5a,6182,6182,4247,0.68699450016176,9959,6182,0
main/E/union/D_unif/tau0.5/uniform/excl/k1/r6/ctl-plain,union,E,D_unif,0.5,excluded,plain,1,6,8674,8674,7748,0.8932441780032281,9959,8674,0
main/E/union/D_unif/tau0.5/uniform/excl/k1/r6a/ctl-plain,union,E,D_unif,0.5,excluded,plain,1,6a,8231,8231,7077,0.8597983234114931,9959,8231,0
main/E/union/D_unif/tau0.5/uniform/excl/k1/r7/ctl-plain,union,E,D_unif,0.5,excluded,plain,1,7,9447,9447,9007,0.9534243675240818,9959,9447,0
main/E/union/D_unif/tau0.5/uniform/excl/k2/r1/ctl-plain,union,E,D_unif,0.5,excluded,plain,2,1,164,164,2,0.012195121951219513,9959,164,0
main/E/union/D_unif/tau0.5/uniform/excl/k2/r2/ctl-plain,union,E,D_unif,0.5,excluded,plain,2,2,842,842,101,0.11995249406175772,9959,842,0
main/E/union/D_unif/tau0.5/uniform/excl/k2/r3/ctl-plain,union,E,D_unif,0.5,excluded,plain,2,3,4072,4072,2036,0.5,9959,4072,0
main/E/union/D_unif/tau0.5/uniform/excl/k2/r4/ctl-plain,union,E,D_unif,0.5,excluded,plain,2,4,4572,4572,2281,0.4989063867016623,9959,4572,0
main/E/union/D_unif/tau0.5/uniform/excl/k2/r5/ctl-plain,union,E,D_unif,0.5,excluded,plain,2,5,7575,7575,5934,0.7833663366336634,9959,7575,0
main/E/union/D_unif/tau0.5/uniform/excl/k2/r5a/ctl-plain,union,E,D_unif,0.5,excluded,plain,2,5a,6083,6083,3982,0.6546112115732369,9959,6083,0
main/E/union/D_unif/tau0.5/uniform/excl/k2/r6/ctl-plain,union,E,D_unif,0.5,excluded,plain,2,6,8887,8887,8036,0.9042421514571847,9959,8887,0
main/E/union/D_unif/tau0.5/uniform/excl/k2/r6a/ctl-plain,union,E,D_unif,0.5,excluded,plain,2,6a,8451,8451,7331,0.8674713051709857,9959,8451,0
main/E/union/D_unif/tau0.5/uniform/excl/k2/r7/ctl-plain,union,E,D_unif,0.5,excluded,plain,2,7,9515,9515,9134,0.9599579611140305,9959,9515,0
main/E/union/D_unif/tau0.5/uniform/excl/k3/r1/ctl-plain,union,E,D_unif,0.5,excluded,plain,3,1,114,114,1,0.008771929824561403,9959,114,0
main/E/union/D_unif/tau0.5/uniform/excl/k3/r2/ctl-plain,union,E,D_unif,0.5,excluded,plain,3,2,1167,1167,139,0.11910882604970009,9959,1167,0
main/E/union/D_unif/tau0.5/uniform/excl/k3/r3/ctl-plain,union,E,D_unif,0.5,excluded,plain,3,3,3942,3942,1860,0.471841704718417,9959,3942,0
main/E/union/D_unif/tau0.5/uniform/excl/k3/r4/ctl-plain,union,E,D_unif,0.5,excluded,plain,3,4,1058,1058,141,0.1332703213610586,9959,1058,0
main/E/union/D_unif/tau0.5/uniform/excl/k3/r5/ctl-plain,union,E,D_unif,0.5,excluded,plain,3,5,7307,7307,5603,0.7667989599014643,9959,7307,0
main/E/union/D_unif/tau0.5/uniform/excl/k3/r5a/ctl-plain,union,E,D_unif,0.5,excluded,plain,3,5a,5131,5131,2894,0.5640226076788151,9959,5131,0
main/E/union/D_unif/tau0.5/uniform/excl/k3/r6/ctl-plain,union,E,D_unif,0.5,excluded,plain,3,6,8717,8717,7781,0.8926236090398073,9959,8717,0
main/E/union/D_unif/tau0.5/uniform/excl/k3/r6a/ctl-plain,union,E,D_unif,0.5,excluded,plain,3,6a,7909,7909,6456,0.8162852446579846,9959,7909,0
main/E/union/D_unif/tau0.5/uniform/excl/k3/r7/ctl-plain,union,E,D_unif,0.5,excluded,plain,3,7,9445,9445,9014,0.9543673901535203,9959,9445,0
main/E/union/D_unif/tau0.5/uniform/excl/k4/r1/ctl-plain,union,E,D_unif,0.5,excluded,plain,4,1,176,176,5,0.028409090909090908,9959,176,0
main/E/union/D_unif/tau0.5/uniform/excl/k4/r2/ctl-plain,union,E,D_unif,0.5,excluded,plain,4,2,976,976,162,0.16598360655737704,9959,976,0
main/E/union/D_unif/tau0.5/uniform/excl/k4/r3/ctl-plain,union,E,D_unif,0.5,excluded,plain,4,3,3662,3662,1642,0.4483888585472419,9959,3662,0
main/E/union/D_unif/tau0.5/uniform/excl/k4/r4/ctl-plain,union,E,D_unif,0.5,excluded,plain,4,4,4289,4289,2056,0.47936581953835394,9959,4289,0
main/E/union/D_unif/tau0.5/uniform/excl/k4/r5/ctl-plain,union,E,D_unif,0.5,excluded,plain,4,5,7216,7216,5555,0.7698170731707317,9959,7216,0
main/E/union/D_unif/tau0.5/uniform/excl/k4/r5a/ctl-plain,union,E,D_unif,0.5,excluded,plain,4,5a,4961,4961,2699,0.5440435396089498,9959,4961,0
main/E/union/D_unif/tau0.5/uniform/excl/k4/r6/ctl-plain,union,E,D_unif,0.5,excluded,plain,4,6,8810,8810,7922,0.8992054483541431,9959,8810,0
main/E/union/D_unif/tau0.5/uniform/excl/k4/r6a/ctl-plain,union,E,D_unif,0.5,excluded,plain,4,6a,8061,8061,6820,0.8460488773105074,9959,8061,0
main/E/union/D_unif/tau0.5/uniform/excl/k4/r7/ctl-plain,union,E,D_unif,0.5,excluded,plain,4,7,9458,9458,9027,0.9544301120744343,9959,9458,0
main/E/union/D_unif/tau0.5/uniform/excl/k5/r1/ctl-plain,union,E,D_unif,0.5,excluded,plain,5,1,126,126,1,0.007936507936507936,9959,126,0
main/E/union/D_unif/tau0.5/uniform/excl/k5/r2/ctl-plain,union,E,D_unif,0.5,excluded,plain,5,2,713,713,62,0.08695652173913043,9959,713,0
main/E/union/D_unif/tau0.5/uniform/excl/k5/r3/ctl-plain,union,E,D_unif,0.5,excluded,plain,5,3,4167,4167,2027,0.48644108471322295,9959,4167,0
main/E/union/D_unif/tau0.5/uniform/excl/k5/r4/ctl-plain,union,E,D_unif,0.5,excluded,plain,5,4,5174,5174,2936,0.5674526478546579,9959,5174,0
main/E/union/D_unif/tau0.5/uniform/excl/k5/r5/ctl-plain,union,E,D_unif,0.5,excluded,plain,5,5,7014,7014,5157,0.7352437981180496,9959,7014,0
main/E/union/D_unif/tau0.5/uniform/excl/k5/r5a/ctl-plain,union,E,D_unif,0.5,excluded,plain,5,5a,6065,6065,3971,0.6547403132728772,9959,6065,0
main/E/union/D_unif/tau0.5/uniform/excl/k5/r6/ctl-plain,union,E,D_unif,0.5,excluded,plain,5,6,8995,8995,8246,0.9167315175097276,9959,8995,0
main/E/union/D_unif/tau0.5/uniform/excl/k5/r6a/ctl-plain,union,E,D_unif,0.5,excluded,plain,5,6a,8336,8336,7148,0.8574856046065259,9959,8336,0
main/E/union/D_unif/tau0.5/uniform/excl/k5/r7/ctl-plain,union,E,D_unif,0.5,excluded,plain,5,7,9498,9498,9107,0.9588334386186566,9959,9498,0
main/E/union/D_unif/tau0.5/uniform/excl/k6/r1/ctl-plain,union,E,D_unif,0.5,excluded,plain,6,1,37,37,1,0.02702702702702703,9959,37,0
main/E/union/D_unif/tau0.5/uniform/excl/k6/r2/ctl-plain,union,E,D_unif,0.5,excluded,plain,6,2,743,743,61,0.08209959623149395,9959,743,0
main/E/union/D_unif/tau0.5/uniform/excl/k6/r3/ctl-plain,union,E,D_unif,0.5,excluded,plain,6,3,4074,4074,1948,0.47815414825724106,9959,4074,0
main/E/union/D_unif/tau0.5/uniform/excl/k6/r4/ctl-plain,union,E,D_unif,0.5,excluded,plain,6,4,4980,4980,2726,0.5473895582329317,9959,4980,0
main/E/union/D_unif/tau0.5/uniform/excl/k6/r5/ctl-plain,union,E,D_unif,0.5,excluded,plain,6,5,6889,6889,5026,0.7295688779213239,9959,6889,0
main/E/union/D_unif/tau0.5/uniform/excl/k6/r5a/ctl-plain,union,E,D_unif,0.5,excluded,plain,6,5a,5781,5781,3658,0.6327624978377443,9959,5781,0
main/E/union/D_unif/tau0.5/uniform/excl/k6/r6/ctl-plain,union,E,D_unif,0.5,excluded,plain,6,6,8579,8579,7509,0.8752768387924,9959,8579,0
main/E/union/D_unif/tau0.5/uniform/excl/k6/r6a/ctl-plain,union,E,D_unif,0.5,excluded,plain,6,6a,7765,7765,6267,0.8070830650354153,9959,7765,0
main/E/union/D_unif/tau0.5/uniform/excl/k6/r7/ctl-plain,union,E,D_unif,0.5,excluded,plain,6,7,9571,9571,9224,0.9637446452826246,9959,9571,0
main/E/union/D_unif/tau0.5/uniform/excl/k7/r1/ctl-plain,union,E,D_unif,0.5,excluded,plain,7,1,124,124,3,0.024193548387096774,9959,124,0
main/E/union/D_unif/tau0.5/uniform/excl/k7/r2/ctl-plain,union,E,D_unif,0.5,excluded,plain,7,2,818,818,89,0.10880195599022005,9959,818,0
main/E/union/D_unif/tau0.5/uniform/excl/k7/r3/ctl-plain,union,E,D_unif,0.5,excluded,plain,7,3,4007,4007,1890,0.4716745695033691,9959,4007,0
main/E/union/D_unif/tau0.5/uniform/excl/k7/r4/ctl-plain,union,E,D_unif,0.5,excluded,plain,7,4,4975,4975,2710,0.5447236180904522,9959,4975,0
main/E/union/D_unif/tau0.5/uniform/excl/k7/r5/ctl-plain,union,E,D_unif,0.5,excluded,plain,7,5,6859,6859,4936,0.7196384312582009,9959,6859,0
main/E/union/D_unif/tau0.5/uniform/excl/k7/r5a/ctl-plain,union,E,D_unif,0.5,excluded,plain,7,5a,6456,6456,4430,0.686183395291202,9959,6456,0
main/E/union/D_unif/tau0.5/uniform/excl/k7/r6/ctl-plain,union,E,D_unif,0.5,excluded,plain,7,6,8899,8899,8081,0.9080795595010676,9959,8899,0
main/E/union/D_unif/tau0.5/uniform/excl/k7/r6a/ctl-plain,union,E,D_unif,0.5,excluded,plain,7,6a,7989,7989,6610,0.827387658029791,9959,7989,0
main/E/union/D_unif/tau0.5/uniform/excl/k7/r7/ctl-plain,union,E,D_unif,0.5,excluded,plain,7,7,9567,9567,9214,0.9631023309292359,9959,9567,0
main/E/union/D_unif/tau0.5/uniform/excl/k0/r8/ctl-plain,union,E,D_unif,0.5,excluded,plain,0,8,9926,9926,9894,0.9967761434616159,9959,9926,0
main/E/union/D_unif/tau0.5/uniform/excl/k1/r8/ctl-plain,union,E,D_unif,0.5,excluded,plain,1,8,9926,9926,9893,0.9966753979447914,9959,9926,0
main/E/union/D_unif/tau0.5/uniform/excl/k2/r8/ctl-plain,union,E,D_unif,0.5,excluded,plain,2,8,9926,9926,9895,0.9968768889784405,9959,9926,0
main/E/union/D_unif/tau0.5/uniform/excl/k3/r8/ctl-plain,union,E,D_unif,0.5,excluded,plain,3,8,9926,9926,9894,0.9967761434616159,9959,9926,0
main/E/union/D_unif/tau0.5/uniform/excl/k4/r8/ctl-plain,union,E,D_unif,0.5,excluded,plain,4,8,9926,9926,9895,0.9968768889784405,9959,9926,0
main/E/union/D_unif/tau0.5/uniform/excl/k5/r8/ctl-plain,union,E,D_unif,0.5,excluded,plain,5,8,9926,9926,9893,0.9966753979447914,9959,9926,0
main/E/union/D_unif/tau0.5/uniform/excl/k6/r8/ctl-plain,union,E,D_unif,0.5,excluded,plain,6,8,9926,9926,9893,0.9966753979447914,9959,9926,0
main/E/union/D_unif/tau0.5/uniform/excl/k7/r8/ctl-plain,union,E,D_unif,0.5,excluded,plain,7,8,9926,9926,9893,0.9966753979447914,9959,9926,0
main/E/hard_zero/D_unif/tau0.5/ones/incl/k0/r1/ctl-plain,hard_zero,E,D_unif,0.5,included,plain,0,1,164,164,5,0.03048780487804878,9959,164,0
main/E/hard_zero/D_unif/tau0.5/ones/incl/k0/r2/ctl-plain,hard_zero,E,D_unif,0.5,included,plain,0,2,855,855,103,0.12046783625730995,9959,855,0
main/E/hard_zero/D_unif/tau0.5/ones/incl/k0/r3/ctl-plain,hard_zero,E,D_unif,0.5,included,plain,0,3,3961,3961,1862,0.47008331229487504,9959,3961,0
main/E/hard_zero/D_unif/tau0.5/ones/incl/k0/r4/ctl-plain,hard_zero,E,D_unif,0.5,included,plain,0,4,6303,6303,4307,0.6833254006028875,9959,6303,0
main/E/hard_zero/D_unif/tau0.5/ones/incl/k0/r5/ctl-plain,hard_zero,E,D_unif,0.5,included,plain,0,5,7673,7673,6179,0.8052912811156001,9959,7673,0
main/E/hard_zero/D_unif/tau0.5/ones/incl/k0/r5a/ctl-plain,hard_zero,E,D_unif,0.5,included,plain,0,5a,7097,7097,5366,0.7560941242778639,9959,7097,0
main/E/hard_zero/D_unif/tau0.5/ones/incl/k0/r6/ctl-plain,hard_zero,E,D_unif,0.5,included,plain,0,6,8825,8825,7910,0.8963172804532578,9959,8825,0
main/E/hard_zero/D_unif/tau0.5/ones/incl/k0/r6a/ctl-plain,hard_zero,E,D_unif,0.5,included,plain,0,6a,8224,8224,6963,0.8466682879377432,9959,8224,0
main/E/hard_zero/D_unif/tau0.5/ones/incl/k0/r7/ctl-plain,hard_zero,E,D_unif,0.5,included,plain,0,7,9551,9551,9186,0.9617841063762956,9959,9551,0
main/E/hard_zero/D_unif/tau0.5/ones/incl/k1/r1/ctl-plain,hard_zero,E,D_unif,0.5,included,plain,1,1,184,184,11,0.059782608695652176,9959,184,0
main/E/hard_zero/D_unif/tau0.5/ones/incl/k1/r2/ctl-plain,hard_zero,E,D_unif,0.5,included,plain,1,2,1034,1034,146,0.14119922630560927,9959,1034,0
main/E/hard_zero/D_unif/tau0.5/ones/incl/k1/r3/ctl-plain,hard_zero,E,D_unif,0.5,included,plain,1,3,3930,3930,1831,0.4659033078880407,9959,3930,0
main/E/hard_zero/D_unif/tau0.5/ones/incl/k1/r4/ctl-plain,hard_zero,E,D_unif,0.5,included,plain,1,4,3705,3705,1542,0.4161943319838057,9959,3705,0
main/E/hard_zero/D_unif/tau0.5/ones/incl/k1/r5/ctl-plain,hard_zero,E,D_unif,0.5,included,plain,1,5,7425,7425,5860,0.7892255892255893,9959,7425,0
main/E/hard_zero/D_unif/tau0.5/ones/incl/k1/r5a/ctl-plain,hard_zero,E,D_unif,0.5,included,plain,1,5a,6182,6182,4214,0.681656421869945,9959,6182,0
main/E/hard_zero/D_unif/tau0.5/ones/incl/k1/r6/ctl-plain,hard_zero,E,D_unif,0.5,included,plain,1,6,8674,8674,7724,0.8904772884482361,9959,8674,0
main/E/hard_zero/D_unif/tau0.5/ones/incl/k1/r6a/ctl-plain,hard_zero,E,D_unif,0.5,included,plain,1,6a,8231,8231,7041,0.8554246142631515,9959,8231,0
main/E/hard_zero/D_unif/tau0.5/ones/incl/k1/r7/ctl-plain,hard_zero,E,D_unif,0.5,included,plain,1,7,9447,9447,9004,0.953106806393564,9959,9447,0
main/E/hard_zero/D_unif/tau0.5/ones/incl/k2/r1/ctl-plain,hard_zero,E,D_unif,0.5,included,plain,2,1,164,164,5,0.03048780487804878,9959,164,0
main/E/hard_zero/D_unif/tau0.5/ones/incl/k2/r2/ctl-plain,hard_zero,E,D_unif,0.5,included,plain,2,2,842,842,93,0.11045130641330166,9959,842,0
main/E/hard_zero/D_unif/tau0.5/ones/incl/k2/r3/ctl-plain,hard_zero,E,D_unif,0.5,included,plain,2,3,4072,4072,2035,0.49975442043222,9959,4072,0
main/E/hard_zero/D_unif/tau0.5/ones/incl/k2/r4/ctl-plain,hard_zero,E,D_unif,0.5,included,plain,2,4,4572,4572,2314,0.5061242344706912,9959,4572,0
main/E/hard_zero/D_unif/tau0.5/ones/incl/k2/r5/ctl-plain,hard_zero,E,D_unif,0.5,included,plain,2,5,7575,7575,5962,0.787062706270627,9959,7575,0
main/E/hard_zero/D_unif/tau0.5/ones/incl/k2/r5a/ctl-plain,hard_zero,E,D_unif,0.5,included,plain,2,5a,6083,6083,4000,0.6575702778234424,9959,6083,0
main/E/hard_zero/D_unif/tau0.5/ones/incl/k2/r6/ctl-plain,hard_zero,E,D_unif,0.5,included,plain,2,6,8887,8887,8026,0.903116912343873,9959,8887,0
main/E/hard_zero/D_unif/tau0.5/ones/incl/k2/r6a/ctl-plain,hard_zero,E,D_unif,0.5,included,plain,2,6a,8451,8451,7338,0.868299609513667,9959,8451,0
main/E/hard_zero/D_unif/tau0.5/ones/incl/k2/r7/ctl-plain,hard_zero,E,D_unif,0.5,included,plain,2,7,9515,9515,9124,0.9589069889647924,9959,9515,0
main/E/hard_zero/D_unif/tau0.5/ones/incl/k3/r1/ctl-plain,hard_zero,E,D_unif,0.5,included,plain,3,1,114,114,0,0.0,9959,114,0
main/E/hard_zero/D_unif/tau0.5/ones/incl/k3/r2/ctl-plain,hard_zero,E,D_unif,0.5,included,plain,3,2,1167,1167,159,0.13624678663239073,9959,1167,0
main/E/hard_zero/D_unif/tau0.5/ones/incl/k3/r3/ctl-plain,hard_zero,E,D_unif,0.5,included,plain,3,3,3942,3942,1864,0.4728564180618975,9959,3942,0
main/E/hard_zero/D_unif/tau0.5/ones/incl/k3/r4/ctl-plain,hard_zero,E,D_unif,0.5,included,plain,3,4,1058,1058,151,0.14272211720226843,9959,1058,0
main/E/hard_zero/D_unif/tau0.5/ones/incl/k3/r5/ctl-plain,hard_zero,E,D_unif,0.5,included,plain,3,5,7307,7307,5559,0.7607773368003284,9959,7307,0
main/E/hard_zero/D_unif/tau0.5/ones/incl/k3/r5a/ctl-plain,hard_zero,E,D_unif,0.5,included,plain,3,5a,5131,5131,2842,0.5538881309686221,9959,5131,0
main/E/hard_zero/D_unif/tau0.5/ones/incl/k3/r6/ctl-plain,hard_zero,E,D_unif,0.5,included,plain,3,6,8717,8717,7771,0.8914764253757026,9959,8717,0
main/E/hard_zero/D_unif/tau0.5/ones/incl/k3/r6a/ctl-plain,hard_zero,E,D_unif,0.5,included,plain,3,6a,7909,7909,6430,0.8129978505500063,9959,7909,0
main/E/hard_zero/D_unif/tau0.5/ones/incl/k3/r7/ctl-plain,hard_zero,E,D_unif,0.5,included,plain,3,7,9445,9445,9019,0.9548967707781895,9959,9445,0
main/E/hard_zero/D_unif/tau0.5/ones/incl/k4/r1/ctl-plain,hard_zero,E,D_unif,0.5,included,plain,4,1,176,176,3,0.017045454545454544,9959,176,0
main/E/hard_zero/D_unif/tau0.5/ones/incl/k4/r2/ctl-plain,hard_zero,E,D_unif,0.5,included,plain,4,2,976,976,138,0.1413934426229508,9959,976,0
main/E/hard_zero/D_unif/tau0.5/ones/incl/k4/r3/ctl-plain,hard_zero,E,D_unif,0.5,included,plain,4,3,3662,3662,1610,0.4396504642271983,9959,3662,0
main/E/hard_zero/D_unif/tau0.5/ones/incl/k4/r4/ctl-plain,hard_zero,E,D_unif,0.5,included,plain,4,4,4289,4289,2024,0.4719048729307531,9959,4289,0
main/E/hard_zero/D_unif/tau0.5/ones/incl/k4/r5/ctl-plain,hard_zero,E,D_unif,0.5,included,plain,4,5,7216,7216,5559,0.7703713968957872,9959,7216,0
main/E/hard_zero/D_unif/tau0.5/ones/incl/k4/r5a/ctl-plain,hard_zero,E,D_unif,0.5,included,plain,4,5a,4961,4961,2657,0.5355775045353759,9959,4961,0
main/E/hard_zero/D_unif/tau0.5/ones/incl/k4/r6/ctl-plain,hard_zero,E,D_unif,0.5,included,plain,4,6,8810,8810,7928,0.8998864926220205,9959,8810,0
main/E/hard_zero/D_unif/tau0.5/ones/incl/k4/r6a/ctl-plain,hard_zero,E,D_unif,0.5,included,plain,4,6a,8061,8061,6818,0.845800769135343,9959,8061,0
main/E/hard_zero/D_unif/tau0.5/ones/incl/k4/r7/ctl-plain,hard_zero,E,D_unif,0.5,included,plain,4,7,9458,9458,9017,0.9533728060900825,9959,9458,0
main/E/hard_zero/D_unif/tau0.5/ones/incl/k5/r1/ctl-plain,hard_zero,E,D_unif,0.5,included,plain,5,1,126,126,4,0.031746031746031744,9959,126,0
main/E/hard_zero/D_unif/tau0.5/ones/incl/k5/r2/ctl-plain,hard_zero,E,D_unif,0.5,included,plain,5,2,713,713,74,0.10378681626928471,9959,713,0
main/E/hard_zero/D_unif/tau0.5/ones/incl/k5/r3/ctl-plain,hard_zero,E,D_unif,0.5,included,plain,5,3,4167,4167,2042,0.4900407967362611,9959,4167,0
main/E/hard_zero/D_unif/tau0.5/ones/incl/k5/r4/ctl-plain,hard_zero,E,D_unif,0.5,included,plain,5,4,5174,5174,2879,0.5564360262852726,9959,5174,0
main/E/hard_zero/D_unif/tau0.5/ones/incl/k5/r5/ctl-plain,hard_zero,E,D_unif,0.5,included,plain,5,5,7014,7014,5125,0.7306814941545481,9959,7014,0
main/E/hard_zero/D_unif/tau0.5/ones/incl/k5/r5a/ctl-plain,hard_zero,E,D_unif,0.5,included,plain,5,5a,6065,6065,3924,0.6469909315746084,9959,6065,0
main/E/hard_zero/D_unif/tau0.5/ones/incl/k5/r6/ctl-plain,hard_zero,E,D_unif,0.5,included,plain,5,6,8995,8995,8233,0.9152862701500833,9959,8995,0
main/E/hard_zero/D_unif/tau0.5/ones/incl/k5/r6a/ctl-plain,hard_zero,E,D_unif,0.5,included,plain,5,6a,8336,8336,7145,0.8571257197696737,9959,8336,0
main/E/hard_zero/D_unif/tau0.5/ones/incl/k5/r7/ctl-plain,hard_zero,E,D_unif,0.5,included,plain,5,7,9498,9498,9090,0.9570435881238155,9959,9498,0
main/E/hard_zero/D_unif/tau0.5/ones/incl/k6/r1/ctl-plain,hard_zero,E,D_unif,0.5,included,plain,6,1,37,37,1,0.02702702702702703,9959,37,0
main/E/hard_zero/D_unif/tau0.5/ones/incl/k6/r2/ctl-plain,hard_zero,E,D_unif,0.5,included,plain,6,2,743,743,81,0.10901749663526245,9959,743,0
main/E/hard_zero/D_unif/tau0.5/ones/incl/k6/r3/ctl-plain,hard_zero,E,D_unif,0.5,included,plain,6,3,4074,4074,1933,0.4744722631320569,9959,4074,0
main/E/hard_zero/D_unif/tau0.5/ones/incl/k6/r4/ctl-plain,hard_zero,E,D_unif,0.5,included,plain,6,4,4980,4980,2743,0.5508032128514057,9959,4980,0
main/E/hard_zero/D_unif/tau0.5/ones/incl/k6/r5/ctl-plain,hard_zero,E,D_unif,0.5,included,plain,6,5,6889,6889,5025,0.7294237189722746,9959,6889,0
main/E/hard_zero/D_unif/tau0.5/ones/incl/k6/r5a/ctl-plain,hard_zero,E,D_unif,0.5,included,plain,6,5a,5781,5781,3673,0.6353572046358762,9959,5781,0
main/E/hard_zero/D_unif/tau0.5/ones/incl/k6/r6/ctl-plain,hard_zero,E,D_unif,0.5,included,plain,6,6,8579,8579,7504,0.8746940202820842,9959,8579,0
main/E/hard_zero/D_unif/tau0.5/ones/incl/k6/r6a/ctl-plain,hard_zero,E,D_unif,0.5,included,plain,6,6a,7765,7765,6266,0.8069542820347714,9959,7765,0
main/E/hard_zero/D_unif/tau0.5/ones/incl/k6/r7/ctl-plain,hard_zero,E,D_unif,0.5,included,plain,6,7,9571,9571,9221,0.9634311984118692,9959,9571,0
main/E/hard_zero/D_unif/tau0.5/ones/incl/k7/r1/ctl-plain,hard_zero,E,D_unif,0.5,included,plain,7,1,124,124,7,0.056451612903225805,9959,124,0
main/E/hard_zero/D_unif/tau0.5/ones/incl/k7/r2/ctl-plain,hard_zero,E,D_unif,0.5,included,plain,7,2,818,818,97,0.11858190709046455,9959,818,0
main/E/hard_zero/D_unif/tau0.5/ones/incl/k7/r3/ctl-plain,hard_zero,E,D_unif,0.5,included,plain,7,3,4007,4007,1892,0.4721736960319441,9959,4007,0
main/E/hard_zero/D_unif/tau0.5/ones/incl/k7/r4/ctl-plain,hard_zero,E,D_unif,0.5,included,plain,7,4,4975,4975,2690,0.5407035175879397,9959,4975,0
main/E/hard_zero/D_unif/tau0.5/ones/incl/k7/r5/ctl-plain,hard_zero,E,D_unif,0.5,included,plain,7,5,6859,6859,4945,0.7209505758856977,9959,6859,0
main/E/hard_zero/D_unif/tau0.5/ones/incl/k7/r5a/ctl-plain,hard_zero,E,D_unif,0.5,included,plain,7,5a,6456,6456,4414,0.6837050805452293,9959,6456,0
main/E/hard_zero/D_unif/tau0.5/ones/incl/k7/r6/ctl-plain,hard_zero,E,D_unif,0.5,included,plain,7,6,8899,8899,8100,0.9102146308573997,9959,8899,0
main/E/hard_zero/D_unif/tau0.5/ones/incl/k7/r6a/ctl-plain,hard_zero,E,D_unif,0.5,included,plain,7,6a,7989,7989,6615,0.8280135185880586,9959,7989,0
main/E/hard_zero/D_unif/tau0.5/ones/incl/k7/r7/ctl-plain,hard_zero,E,D_unif,0.5,included,plain,7,7,9567,9567,9224,0.9641475906762831,9959,9567,0
main/E/hard_zero/D_unif/tau0.5/ones/incl/k0/r8/ctl-plain,hard_zero,E,D_unif,0.5,included,plain,0,8,9926,9926,9893,0.9966753979447914,9959,9926,0
main/E/soft_erase/D_unif/tau0.5/r1/excl/k0/r1/ctl-plain,soft_erase,E,D_unif,0.5,excluded,plain,0,1,164,164,7,0.042682926829268296,9959,164,0
main/E/soft_erase/D_unif/tau0.5/r1/excl/k0/r2/ctl-plain,soft_erase,E,D_unif,0.5,excluded,plain,0,2,855,855,98,0.11461988304093568,9959,855,0
main/E/soft_erase/D_unif/tau0.5/r1/excl/k0/r3/ctl-plain,soft_erase,E,D_unif,0.5,excluded,plain,0,3,3961,3961,1746,0.44079777833880335,9959,3961,0
main/E/soft_erase/D_unif/tau0.5/r1/excl/k0/r4/ctl-plain,soft_erase,E,D_unif,0.5,excluded,plain,0,4,6303,6303,4255,0.6750753609392353,9959,6303,0
main/E/soft_erase/D_unif/tau0.5/r1/excl/k0/r5/ctl-plain,soft_erase,E,D_unif,0.5,excluded,plain,0,5,7673,7673,6139,0.8000781962726443,9959,7673,0
main/E/soft_erase/D_unif/tau0.5/r1/excl/k0/r5a/ctl-plain,soft_erase,E,D_unif,0.5,excluded,plain,0,5a,7097,7097,5336,0.7518669860504439,9959,7097,0
main/E/soft_erase/D_unif/tau0.5/r1/excl/k0/r6/ctl-plain,soft_erase,E,D_unif,0.5,excluded,plain,0,6,8825,8825,7914,0.8967705382436261,9959,8825,0
main/E/soft_erase/D_unif/tau0.5/r1/excl/k0/r6a/ctl-plain,soft_erase,E,D_unif,0.5,excluded,plain,0,6a,8224,8224,6971,0.8476410505836576,9959,8224,0
main/E/soft_erase/D_unif/tau0.5/r1/excl/k0/r7/ctl-plain,soft_erase,E,D_unif,0.5,excluded,plain,0,7,9551,9551,9179,0.9610511988273479,9959,9551,0
main/E/soft_erase/D_unif/tau0.5/r1/excl/k1/r1/ctl-plain,soft_erase,E,D_unif,0.5,excluded,plain,1,1,184,184,2,0.010869565217391304,9959,184,0
main/E/soft_erase/D_unif/tau0.5/r1/excl/k1/r2/ctl-plain,soft_erase,E,D_unif,0.5,excluded,plain,1,2,1034,1034,142,0.13733075435203096,9959,1034,0
main/E/soft_erase/D_unif/tau0.5/r1/excl/k1/r3/ctl-plain,soft_erase,E,D_unif,0.5,excluded,plain,1,3,3930,3930,1818,0.46259541984732827,9959,3930,0
main/E/soft_erase/D_unif/tau0.5/r1/excl/k1/r4/ctl-plain,soft_erase,E,D_unif,0.5,excluded,plain,1,4,3705,3705,1516,0.40917678812415653,9959,3705,0
main/E/soft_erase/D_unif/tau0.5/r1/excl/k1/r5/ctl-plain,soft_erase,E,D_unif,0.5,excluded,plain,1,5,7425,7425,5854,0.7884175084175085,9959,7425,0
main/E/soft_erase/D_unif/tau0.5/r1/excl/k1/r5a/ctl-plain,soft_erase,E,D_unif,0.5,excluded,plain,1,5a,6182,6182,4186,0.6771271433193141,9959,6182,0
main/E/soft_erase/D_unif/tau0.5/r1/excl/k1/r6/ctl-plain,soft_erase,E,D_unif,0.5,excluded,plain,1,6,8674,8674,7704,0.8881715471524095,9959,8674,0
main/E/soft_erase/D_unif/tau0.5/r1/excl/k1/r6a/ctl-plain,soft_erase,E,D_unif,0.5,excluded,plain,1,6a,8231,8231,7031,0.8542096950552788,9959,8231,0
main/E/soft_erase/D_unif/tau0.5/r1/excl/k1/r7/ctl-plain,soft_erase,E,D_unif,0.5,excluded,plain,1,7,9447,9447,9004,0.953106806393564,9959,9447,0
main/E/soft_erase/D_unif/tau0.5/r1/excl/k2/r1/ctl-plain,soft_erase,E,D_unif,0.5,excluded,plain,2,1,164,164,4,0.024390243902439025,9959,164,0
main/E/soft_erase/D_unif/tau0.5/r1/excl/k2/r2/ctl-plain,soft_erase,E,D_unif,0.5,excluded,plain,2,2,842,842,90,0.10688836104513064,9959,842,0
main/E/soft_erase/D_unif/tau0.5/r1/excl/k2/r3/ctl-plain,soft_erase,E,D_unif,0.5,excluded,plain,2,3,4072,4072,2024,0.49705304518664045,9959,4072,0
main/E/soft_erase/D_unif/tau0.5/r1/excl/k2/r4/ctl-plain,soft_erase,E,D_unif,0.5,excluded,plain,2,4,4572,4572,2315,0.5063429571303587,9959,4572,0
main/E/soft_erase/D_unif/tau0.5/r1/excl/k2/r5/ctl-plain,soft_erase,E,D_unif,0.5,excluded,plain,2,5,7575,7575,5967,0.7877227722772278,9959,7575,0
main/E/soft_erase/D_unif/tau0.5/r1/excl/k2/r5a/ctl-plain,soft_erase,E,D_unif,0.5,excluded,plain,2,5a,6083,6083,4002,0.6578990629623541,9959,6083,0
main/E/soft_erase/D_unif/tau0.5/r1/excl/k2/r6/ctl-plain,soft_erase,E,D_unif,0.5,excluded,plain,2,6,8887,8887,8035,0.9041296275458535,9959,8887,0
main/E/soft_erase/D_unif/tau0.5/r1/excl/k2/r6a/ctl-plain,soft_erase,E,D_unif,0.5,excluded,plain,2,6a,8451,8451,7327,0.8669979884037392,9959,8451,0
main/E/soft_erase/D_unif/tau0.5/r1/excl/k2/r7/ctl-plain,soft_erase,E,D_unif,0.5,excluded,plain,2,7,9515,9515,9129,0.9594324750394114,9959,9515,0
main/E/soft_erase/D_unif/tau0.5/r1/excl/k3/r1/ctl-plain,soft_erase,E,D_unif,0.5,excluded,plain,3,1,114,114,0,0.0,9959,114,0
main/E/soft_erase/D_unif/tau0.5/r1/excl/k3/r2/ctl-plain,soft_erase,E,D_unif,0.5,excluded,plain,3,2,1167,1167,173,0.14824335904027422,9959,1167,0
main/E/soft_erase/D_unif/tau0.5/r1/excl/k3/r3/ctl-plain,soft_erase,E,D_unif,0.5,excluded,plain,3,3,3942,3942,1876,0.4759005580923389,9959,3942,0
main/E/soft_erase/D_unif/tau0.5/r1/excl/k3/r4/ctl-plain,soft_erase,E,D_unif,0.5,excluded,plain,3,4,1058,1058,142,0.1342155009451796,9959,1058,0
main/E/soft_erase/D_unif/tau0.5/r1/excl/k3/r5/ctl-plain,soft_erase,E,D_unif,0.5,excluded,plain,3,5,7307,7307,5556,0.7603667715888873,9959,7307,0
main/E/soft_erase/D_unif/tau0.5/r1/excl/k3/r5a/ctl-plain,soft_erase,E,D_unif,0.5,excluded,plain,3,5a,5131,5131,2886,0.5624634574157085,9959,5131,0
main/E/soft_erase/D_unif/tau0.5/r1/excl/k3/r6/ctl-plain,soft_erase,E,D_unif,0.5,excluded,plain,3,6,8717,8717,7769,0.8912469886428818,9959,8717,0
main/E/soft_erase/D_unif/tau0.5/r1/excl/k3/r6a/ctl-plain,soft_erase,E,D_unif,0.5,excluded,plain,3,6a,7909,7909,6439,0.8141357946643065,9959,7909,0
main/E/soft_erase/D_unif/tau0.5/r1/excl/k3/r7/ctl-plain,soft_erase,E,D_unif,0.5,excluded,plain,3,7,9445,9445,9003,0.9532027527792483,9959,9445,0
main/E/soft_erase/D_unif/tau0.5/r1/excl/k4/r1/ctl-plain,soft_erase,E,D_unif,0.5,excluded,plain,4,1,176,176,8,0.045454545454545456,9959,176,0
main/E/soft_erase/D_unif/tau0.5/r1/excl/k4/r2/ctl-plain,soft_erase,E,D_unif,0.5,excluded,plain,4,2,976,976,139,0.14241803278688525,9959,976,0
main/E/soft_erase/D_unif/tau0.5/r1/excl/k4/r3/ctl-plain,soft_erase,E,D_unif,0.5,excluded,plain,4,3,3662,3662,1630,0.4451119606772256,9959,3662,0
main/E/soft_erase/D_unif/tau0.5/r1/excl/k4/r4/ctl-plain,soft_erase,E,D_unif,0.5,excluded,plain,4,4,4289,4289,2053,0.47866635579389133,9959,4289,0
main/E/soft_erase/D_unif/tau0.5/r1/excl/k4/r5/ctl-plain,soft_erase,E,D_unif,0.5,excluded,plain,4,5,7216,7216,5586,0.7741130820399114,9959,7216,0
main/E/soft_erase/D_unif/tau0.5/r1/excl/k4/r5a/ctl-plain,soft_erase,E,D_unif,0.5,excluded,plain,4,5a,4961,4961,2723,0.5488812739367063,9959,4961,0
main/E/soft_erase/D_unif/tau0.5/r1/excl/k4/r6/ctl-plain,soft_erase,E,D_unif,0.5,excluded,plain,4,6,8810,8810,7947,0.9020431328036322,9959,8810,0
main/E/soft_erase/D_unif/tau0.5/r1/excl/k4/r6a/ctl-plain,soft_erase,E,D_unif,0.5,excluded,plain,4,6a,8061,8061,6834,0.847785634536658,9959,8061,0
main/E/soft_erase/D_unif/tau0.5/r1/excl/k4/r7/ctl-plain,soft_erase,E,D_unif,0.5,excluded,plain,4,7,9458,9458,9035,0.9552759568619158,9959,9458,0
main/E/soft_erase/D_unif/tau0.5/r1/excl/k5/r1/ctl-plain,soft_erase,E,D_unif,0.5,excluded,plain,5,1,126,126,2,0.015873015873015872,9959,126,0
main/E/soft_erase/D_unif/tau0.5/r1/excl/k5/r2/ctl-plain,soft_erase,E,D_unif,0.5,excluded,plain,5,2,713,713,64,0.08976157082748948,9959,713,0
main/E/soft_erase/D_unif/tau0.5/r1/excl/k5/r3/ctl-plain,soft_erase,E,D_unif,0.5,excluded,plain,5,3,4167,4167,2014,0.4833213342932565,9959,4167,0
main/E/soft_erase/D_unif/tau0.5/r1/excl/k5/r4/ctl-plain,soft_erase,E,D_unif,0.5,excluded,plain,5,4,5174,5174,2836,0.5481252415925782,9959,5174,0
main/E/soft_erase/D_unif/tau0.5/r1/excl/k5/r5/ctl-plain,soft_erase,E,D_unif,0.5,excluded,plain,5,5,7014,7014,5155,0.7349586541203308,9959,7014,0
main/E/soft_erase/D_unif/tau0.5/r1/excl/k5/r5a/ctl-plain,soft_erase,E,D_unif,0.5,excluded,plain,5,5a,6065,6065,3905,0.6438582028029678,9959,6065,0
main/E/soft_erase/D_unif/tau0.5/r1/excl/k5/r6/ctl-plain,soft_erase,E,D_unif,0.5,excluded,plain,5,6,8995,8995,8223,0.9141745414118955,9959,8995,0
main/E/soft_erase/D_unif/tau0.5/r1/excl/k5/r6a/ctl-plain,soft_erase,E,D_unif,0.5,excluded,plain,5,6a,8336,8336,7146,0.8572456813819578,9959,8336,0
main/E/soft_erase/D_unif/tau0.5/r1/excl/k5/r7/ctl-plain,soft_erase,E,D_unif,0.5,excluded,plain,5,7,9498,9498,9106,0.9587281532954306,9959,9498,0
main/E/soft_erase/D_unif/tau0.5/r1/excl/k6/r1/ctl-plain,soft_erase,E,D_unif,0.5,excluded,plain,6,1,37,37,0,0.0,9959,37,0
main/E/soft_erase/D_unif/tau0.5/r1/excl/k6/r2/ctl-plain,soft_erase,E,D_unif,0.5,excluded,plain,6,2,743,743,66,0.08882907133243607,9959,743,0
main/E/soft_erase/D_unif/tau0.5/r1/excl/k6/r3/ctl-plain,soft_erase,E,D_unif,0.5,excluded,plain,6,3,4074,4074,1957,0.4803632793323515,9959,4074,0
main/E/soft_erase/D_unif/tau0.5/r1/excl/k6/r4/ctl-plain,soft_erase,E,D_unif,0.5,excluded,plain,6,4,4980,4980,2744,0.551004016064257,9959,4980,0
main/E/soft_erase/D_unif/tau0.5/r1/excl/k6/r5/ctl-plain,soft_erase,E,D_unif,0.5,excluded,plain,6,5,6889,6889,5051,0.733197851647554,9959,6889,0
main/E/soft_erase/D_unif/tau0.5/r1/excl/k6/r5a/ctl-plain,soft_erase,E,D_unif,0.5,excluded,plain,6,5a,5781,5781,3672,0.6351842241826674,9959,5781,0
main/E/soft_erase/D_unif/tau0.5/r1/excl/k6/r6/ctl-plain,soft_erase,E,D_unif,0.5,excluded,plain,6,6,8579,8579,7537,0.8785406224501691,9959,8579,0
main/E/soft_erase/D_unif/tau0.5/r1/excl/k6/r6a/ctl-plain,soft_erase,E,D_unif,0.5,excluded,plain,6,6a,7765,7765,6290,0.8100450740502254,9959,7765,0
main/E/soft_erase/D_unif/tau0.5/r1/excl/k6/r7/ctl-plain,soft_erase,E,D_unif,0.5,excluded,plain,6,7,9571,9571,9227,0.96405809215338,9959,9571,0
main/E/soft_erase/D_unif/tau0.5/r1/excl/k7/r1/ctl-plain,soft_erase,E,D_unif,0.5,excluded,plain,7,1,124,124,2,0.016129032258064516,9959,124,0
main/E/soft_erase/D_unif/tau0.5/r1/excl/k7/r2/ctl-plain,soft_erase,E,D_unif,0.5,excluded,plain,7,2,818,818,98,0.1198044009779951,9959,818,0
main/E/soft_erase/D_unif/tau0.5/r1/excl/k7/r3/ctl-plain,soft_erase,E,D_unif,0.5,excluded,plain,7,3,4007,4007,1939,0.48390316945345646,9959,4007,0
main/E/soft_erase/D_unif/tau0.5/r1/excl/k7/r4/ctl-plain,soft_erase,E,D_unif,0.5,excluded,plain,7,4,4975,4975,2733,0.5493467336683417,9959,4975,0
main/E/soft_erase/D_unif/tau0.5/r1/excl/k7/r5/ctl-plain,soft_erase,E,D_unif,0.5,excluded,plain,7,5,6859,6859,4967,0.7241580405306896,9959,6859,0
main/E/soft_erase/D_unif/tau0.5/r1/excl/k7/r5a/ctl-plain,soft_erase,E,D_unif,0.5,excluded,plain,7,5a,6456,6456,4453,0.6897459727385378,9959,6456,0
main/E/soft_erase/D_unif/tau0.5/r1/excl/k7/r6/ctl-plain,soft_erase,E,D_unif,0.5,excluded,plain,7,6,8899,8899,8076,0.9075176986178223,9959,8899,0
main/E/soft_erase/D_unif/tau0.5/r1/excl/k7/r6a/ctl-plain,soft_erase,E,D_unif,0.5,excluded,plain,7,6a,7989,7989,6645,0.8317686819376643,9959,7989,0
main/E/soft_erase/D_unif/tau0.5/r1/excl/k7/r7/ctl-plain,soft_erase,E,D_unif,0.5,excluded,plain,7,7,9567,9567,9226,0.9643566426256925,9959,9567,0
main/E/soft_erase/D_unif/tau0.5/r1/excl/k0/r8/ctl-plain,soft_erase,E,D_unif,0.5,excluded,plain,0,8,9926,9926,9894,0.9967761434616159,9959,9926,0
main/E/soft_erase/D_unif/tau0.5/uniform/excl/k0/r1/ctl-plain,soft_erase,E,D_unif,0.5,excluded,plain,0,1,164,164,7,0.042682926829268296,9959,164,0
main/E/soft_erase/D_unif/tau0.5/uniform/excl/k0/r2/ctl-plain,soft_erase,E,D_unif,0.5,excluded,plain,0,2,855,855,98,0.11461988304093568,9959,855,0
main/E/soft_erase/D_unif/tau0.5/uniform/excl/k0/r3/ctl-plain,soft_erase,E,D_unif,0.5,excluded,plain,0,3,3961,3961,1746,0.44079777833880335,9959,3961,0
main/E/soft_erase/D_unif/tau0.5/uniform/excl/k0/r4/ctl-plain,soft_erase,E,D_unif,0.5,excluded,plain,0,4,6303,6303,4255,0.6750753609392353,9959,6303,0
main/E/soft_erase/D_unif/tau0.5/uniform/excl/k0/r5/ctl-plain,soft_erase,E,D_unif,0.5,excluded,plain,0,5,7673,7673,6139,0.8000781962726443,9959,7673,0
main/E/soft_erase/D_unif/tau0.5/uniform/excl/k0/r5a/ctl-plain,soft_erase,E,D_unif,0.5,excluded,plain,0,5a,7097,7097,5336,0.7518669860504439,9959,7097,0
main/E/soft_erase/D_unif/tau0.5/uniform/excl/k0/r6/ctl-plain,soft_erase,E,D_unif,0.5,excluded,plain,0,6,8825,8825,7914,0.8967705382436261,9959,8825,0
main/E/soft_erase/D_unif/tau0.5/uniform/excl/k0/r6a/ctl-plain,soft_erase,E,D_unif,0.5,excluded,plain,0,6a,8224,8224,6971,0.8476410505836576,9959,8224,0
main/E/soft_erase/D_unif/tau0.5/uniform/excl/k0/r7/ctl-plain,soft_erase,E,D_unif,0.5,excluded,plain,0,7,9551,9551,9179,0.9610511988273479,9959,9551,0
main/E/soft_erase/D_unif/tau0.5/uniform/excl/k1/r1/ctl-plain,soft_erase,E,D_unif,0.5,excluded,plain,1,1,184,184,2,0.010869565217391304,9959,184,0
main/E/soft_erase/D_unif/tau0.5/uniform/excl/k1/r2/ctl-plain,soft_erase,E,D_unif,0.5,excluded,plain,1,2,1034,1034,142,0.13733075435203096,9959,1034,0
main/E/soft_erase/D_unif/tau0.5/uniform/excl/k1/r3/ctl-plain,soft_erase,E,D_unif,0.5,excluded,plain,1,3,3930,3930,1818,0.46259541984732827,9959,3930,0
main/E/soft_erase/D_unif/tau0.5/uniform/excl/k1/r4/ctl-plain,soft_erase,E,D_unif,0.5,excluded,plain,1,4,3705,3705,1516,0.40917678812415653,9959,3705,0
main/E/soft_erase/D_unif/tau0.5/uniform/excl/k1/r5/ctl-plain,soft_erase,E,D_unif,0.5,excluded,plain,1,5,7425,7425,5854,0.7884175084175085,9959,7425,0
main/E/soft_erase/D_unif/tau0.5/uniform/excl/k1/r5a/ctl-plain,soft_erase,E,D_unif,0.5,excluded,plain,1,5a,6182,6182,4186,0.6771271433193141,9959,6182,0
main/E/soft_erase/D_unif/tau0.5/uniform/excl/k1/r6/ctl-plain,soft_erase,E,D_unif,0.5,excluded,plain,1,6,8674,8674,7704,0.8881715471524095,9959,8674,0
main/E/soft_erase/D_unif/tau0.5/uniform/excl/k1/r6a/ctl-plain,soft_erase,E,D_unif,0.5,excluded,plain,1,6a,8231,8231,7031,0.8542096950552788,9959,8231,0
main/E/soft_erase/D_unif/tau0.5/uniform/excl/k1/r7/ctl-plain,soft_erase,E,D_unif,0.5,excluded,plain,1,7,9447,9447,9004,0.953106806393564,9959,9447,0
main/E/soft_erase/D_unif/tau0.5/uniform/excl/k2/r1/ctl-plain,soft_erase,E,D_unif,0.5,excluded,plain,2,1,164,164,4,0.024390243902439025,9959,164,0
main/E/soft_erase/D_unif/tau0.5/uniform/excl/k2/r2/ctl-plain,soft_erase,E,D_unif,0.5,excluded,plain,2,2,842,842,90,0.10688836104513064,9959,842,0
main/E/soft_erase/D_unif/tau0.5/uniform/excl/k2/r3/ctl-plain,soft_erase,E,D_unif,0.5,excluded,plain,2,3,4072,4072,2024,0.49705304518664045,9959,4072,0
main/E/soft_erase/D_unif/tau0.5/uniform/excl/k2/r4/ctl-plain,soft_erase,E,D_unif,0.5,excluded,plain,2,4,4572,4572,2315,0.5063429571303587,9959,4572,0
main/E/soft_erase/D_unif/tau0.5/uniform/excl/k2/r5/ctl-plain,soft_erase,E,D_unif,0.5,excluded,plain,2,5,7575,7575,5967,0.7877227722772278,9959,7575,0
main/E/soft_erase/D_unif/tau0.5/uniform/excl/k2/r5a/ctl-plain,soft_erase,E,D_unif,0.5,excluded,plain,2,5a,6083,6083,4002,0.6578990629623541,9959,6083,0
main/E/soft_erase/D_unif/tau0.5/uniform/excl/k2/r6/ctl-plain,soft_erase,E,D_unif,0.5,excluded,plain,2,6,8887,8887,8035,0.9041296275458535,9959,8887,0
main/E/soft_erase/D_unif/tau0.5/uniform/excl/k2/r6a/ctl-plain,soft_erase,E,D_unif,0.5,excluded,plain,2,6a,8451,8451,7327,0.8669979884037392,9959,8451,0
main/E/soft_erase/D_unif/tau0.5/uniform/excl/k2/r7/ctl-plain,soft_erase,E,D_unif,0.5,excluded,plain,2,7,9515,9515,9129,0.9594324750394114,9959,9515,0
main/E/soft_erase/D_unif/tau0.5/uniform/excl/k3/r1/ctl-plain,soft_erase,E,D_unif,0.5,excluded,plain,3,1,114,114,0,0.0,9959,114,0
main/E/soft_erase/D_unif/tau0.5/uniform/excl/k3/r2/ctl-plain,soft_erase,E,D_unif,0.5,excluded,plain,3,2,1167,1167,173,0.14824335904027422,9959,1167,0
main/E/soft_erase/D_unif/tau0.5/uniform/excl/k3/r3/ctl-plain,soft_erase,E,D_unif,0.5,excluded,plain,3,3,3942,3942,1876,0.4759005580923389,9959,3942,0
main/E/soft_erase/D_unif/tau0.5/uniform/excl/k3/r4/ctl-plain,soft_erase,E,D_unif,0.5,excluded,plain,3,4,1058,1058,142,0.1342155009451796,9959,1058,0
main/E/soft_erase/D_unif/tau0.5/uniform/excl/k3/r5/ctl-plain,soft_erase,E,D_unif,0.5,excluded,plain,3,5,7307,7307,5556,0.7603667715888873,9959,7307,0
main/E/soft_erase/D_unif/tau0.5/uniform/excl/k3/r5a/ctl-plain,soft_erase,E,D_unif,0.5,excluded,plain,3,5a,5131,5131,2886,0.5624634574157085,9959,5131,0
main/E/soft_erase/D_unif/tau0.5/uniform/excl/k3/r6/ctl-plain,soft_erase,E,D_unif,0.5,excluded,plain,3,6,8717,8717,7769,0.8912469886428818,9959,8717,0
main/E/soft_erase/D_unif/tau0.5/uniform/excl/k3/r6a/ctl-plain,soft_erase,E,D_unif,0.5,excluded,plain,3,6a,7909,7909,6439,0.8141357946643065,9959,7909,0
main/E/soft_erase/D_unif/tau0.5/uniform/excl/k3/r7/ctl-plain,soft_erase,E,D_unif,0.5,excluded,plain,3,7,9445,9445,9003,0.9532027527792483,9959,9445,0
main/E/soft_erase/D_unif/tau0.5/uniform/excl/k4/r1/ctl-plain,soft_erase,E,D_unif,0.5,excluded,plain,4,1,176,176,8,0.045454545454545456,9959,176,0
main/E/soft_erase/D_unif/tau0.5/uniform/excl/k4/r2/ctl-plain,soft_erase,E,D_unif,0.5,excluded,plain,4,2,976,976,139,0.14241803278688525,9959,976,0
main/E/soft_erase/D_unif/tau0.5/uniform/excl/k4/r3/ctl-plain,soft_erase,E,D_unif,0.5,excluded,plain,4,3,3662,3662,1630,0.4451119606772256,9959,3662,0
main/E/soft_erase/D_unif/tau0.5/uniform/excl/k4/r4/ctl-plain,soft_erase,E,D_unif,0.5,excluded,plain,4,4,4289,4289,2053,0.47866635579389133,9959,4289,0
main/E/soft_erase/D_unif/tau0.5/uniform/excl/k4/r5/ctl-plain,soft_erase,E,D_unif,0.5,excluded,plain,4,5,7216,7216,5586,0.7741130820399114,9959,7216,0
main/E/soft_erase/D_unif/tau0.5/uniform/excl/k4/r5a/ctl-plain,soft_erase,E,D_unif,0.5,excluded,plain,4,5a,4961,4961,2723,0.5488812739367063,9959,4961,0
main/E/soft_erase/D_unif/tau0.5/uniform/excl/k4/r6/ctl-plain,soft_erase,E,D_unif,0.5,excluded,plain,4,6,8810,8810,7947,0.9020431328036322,9959,8810,0
main/E/soft_erase/D_unif/tau0.5/uniform/excl/k4/r6a/ctl-plain,soft_erase,E,D_unif,0.5,excluded,plain,4,6a,8061,8061,6834,0.847785634536658,9959,8061,0
main/E/soft_erase/D_unif/tau0.5/uniform/excl/k4/r7/ctl-plain,soft_erase,E,D_unif,0.5,excluded,plain,4,7,9458,9458,9035,0.9552759568619158,9959,9458,0
main/E/soft_erase/D_unif/tau0.5/uniform/excl/k5/r1/ctl-plain,soft_erase,E,D_unif,0.5,excluded,plain,5,1,126,126,2,0.015873015873015872,9959,126,0
main/E/soft_erase/D_unif/tau0.5/uniform/excl/k5/r2/ctl-plain,soft_erase,E,D_unif,0.5,excluded,plain,5,2,713,713,64,0.08976157082748948,9959,713,0
main/E/soft_erase/D_unif/tau0.5/uniform/excl/k5/r3/ctl-plain,soft_erase,E,D_unif,0.5,excluded,plain,5,3,4167,4167,2014,0.4833213342932565,9959,4167,0
main/E/soft_erase/D_unif/tau0.5/uniform/excl/k5/r4/ctl-plain,soft_erase,E,D_unif,0.5,excluded,plain,5,4,5174,5174,2836,0.5481252415925782,9959,5174,0
main/E/soft_erase/D_unif/tau0.5/uniform/excl/k5/r5/ctl-plain,soft_erase,E,D_unif,0.5,excluded,plain,5,5,7014,7014,5155,0.7349586541203308,9959,7014,0
main/E/soft_erase/D_unif/tau0.5/uniform/excl/k5/r5a/ctl-plain,soft_erase,E,D_unif,0.5,excluded,plain,5,5a,6065,6065,3905,0.6438582028029678,9959,6065,0
main/E/soft_erase/D_unif/tau0.5/uniform/excl/k5/r6/ctl-plain,soft_erase,E,D_unif,0.5,excluded,plain,5,6,8995,8995,8223,0.9141745414118955,9959,8995,0
main/E/soft_erase/D_unif/tau0.5/uniform/excl/k5/r6a/ctl-plain,soft_erase,E,D_unif,0.5,excluded,plain,5,6a,8336,8336,7146,0.8572456813819578,9959,8336,0
main/E/soft_erase/D_unif/tau0.5/uniform/excl/k5/r7/ctl-plain,soft_erase,E,D_unif,0.5,excluded,plain,5,7,9498,9498,9106,0.9587281532954306,9959,9498,0
main/E/soft_erase/D_unif/tau0.5/uniform/excl/k6/r1/ctl-plain,soft_erase,E,D_unif,0.5,excluded,plain,6,1,37,37,0,0.0,9959,37,0
main/E/soft_erase/D_unif/tau0.5/uniform/excl/k6/r2/ctl-plain,soft_erase,E,D_unif,0.5,excluded,plain,6,2,743,743,66,0.08882907133243607,9959,743,0
main/E/soft_erase/D_unif/tau0.5/uniform/excl/k6/r3/ctl-plain,soft_erase,E,D_unif,0.5,excluded,plain,6,3,4074,4074,1957,0.4803632793323515,9959,4074,0
main/E/soft_erase/D_unif/tau0.5/uniform/excl/k6/r4/ctl-plain,soft_erase,E,D_unif,0.5,excluded,plain,6,4,4980,4980,2744,0.551004016064257,9959,4980,0
main/E/soft_erase/D_unif/tau0.5/uniform/excl/k6/r5/ctl-plain,soft_erase,E,D_unif,0.5,excluded,plain,6,5,6889,6889,5051,0.733197851647554,9959,6889,0
main/E/soft_erase/D_unif/tau0.5/uniform/excl/k6/r5a/ctl-plain,soft_erase,E,D_unif,0.5,excluded,plain,6,5a,5781,5781,3672,0.6351842241826674,9959,5781,0
main/E/soft_erase/D_unif/tau0.5/uniform/excl/k6/r6/ctl-plain,soft_erase,E,D_unif,0.5,excluded,plain,6,6,8579,8579,7537,0.8785406224501691,9959,8579,0
main/E/soft_erase/D_unif/tau0.5/uniform/excl/k6/r6a/ctl-plain,soft_erase,E,D_unif,0.5,excluded,plain,6,6a,7765,7765,6290,0.8100450740502254,9959,7765,0
main/E/soft_erase/D_unif/tau0.5/uniform/excl/k6/r7/ctl-plain,soft_erase,E,D_unif,0.5,excluded,plain,6,7,9571,9571,9227,0.96405809215338,9959,9571,0
main/E/soft_erase/D_unif/tau0.5/uniform/excl/k7/r1/ctl-plain,soft_erase,E,D_unif,0.5,excluded,plain,7,1,124,124,2,0.016129032258064516,9959,124,0
main/E/soft_erase/D_unif/tau0.5/uniform/excl/k7/r2/ctl-plain,soft_erase,E,D_unif,0.5,excluded,plain,7,2,818,818,98,0.1198044009779951,9959,818,0
main/E/soft_erase/D_unif/tau0.5/uniform/excl/k7/r3/ctl-plain,soft_erase,E,D_unif,0.5,excluded,plain,7,3,4007,4007,1939,0.48390316945345646,9959,4007,0
main/E/soft_erase/D_unif/tau0.5/uniform/excl/k7/r4/ctl-plain,soft_erase,E,D_unif,0.5,excluded,plain,7,4,4975,4975,2733,0.5493467336683417,9959,4975,0
main/E/soft_erase/D_unif/tau0.5/uniform/excl/k7/r5/ctl-plain,soft_erase,E,D_unif,0.5,excluded,plain,7,5,6859,6859,4967,0.7241580405306896,9959,6859,0
main/E/soft_erase/D_unif/tau0.5/uniform/excl/k7/r5a/ctl-plain,soft_erase,E,D_unif,0.5,excluded,plain,7,5a,6456,6456,4453,0.6897459727385378,9959,6456,0
main/E/soft_erase/D_unif/tau0.5/uniform/excl/k7/r6/ctl-plain,soft_erase,E,D_unif,0.5,excluded,plain,7,6,8899,8899,8076,0.9075176986178223,9959,8899,0
main/E/soft_erase/D_unif/tau0.5/uniform/excl/k7/r6a/ctl-plain,soft_erase,E,D_unif,0.5,excluded,plain,7,6a,7989,7989,6645,0.8317686819376643,9959,7989,0
main/E/soft_erase/D_unif/tau0.5/uniform/excl/k7/r7/ctl-plain,soft_erase,E,D_unif,0.5,excluded,plain,7,7,9567,9567,9226,0.9643566426256925,9959,9567,0
main/E/soft_erase/D_unif/tau0.5/uniform/excl/k0/r8/ctl-plain,soft_erase,E,D_unif,0.5,excluded,plain,0,8,9926,9926,9894,0.9967761434616159,9959,9926,0
main/E/soft_erase/D_unif/tau0.5/uniform/excl/k1/r8/ctl-plain,soft_erase,E,D_unif,0.5,excluded,plain,1,8,9926,9926,9893,0.9966753979447914,9959,9926,0
main/E/soft_erase/D_unif/tau0.5/uniform/excl/k2/r8/ctl-plain,soft_erase,E,D_unif,0.5,excluded,plain,2,8,9926,9926,9893,0.9966753979447914,9959,9926,0
main/E/soft_erase/D_unif/tau0.5/uniform/excl/k3/r8/ctl-plain,soft_erase,E,D_unif,0.5,excluded,plain,3,8,9926,9926,9893,0.9966753979447914,9959,9926,0
main/E/soft_erase/D_unif/tau0.5/uniform/excl/k4/r8/ctl-plain,soft_erase,E,D_unif,0.5,excluded,plain,4,8,9926,9926,9893,0.9966753979447914,9959,9926,0
main/E/soft_erase/D_unif/tau0.5/uniform/excl/k5/r8/ctl-plain,soft_erase,E,D_unif,0.5,excluded,plain,5,8,9926,9926,9893,0.9966753979447914,9959,9926,0
main/E/soft_erase/D_unif/tau0.5/uniform/excl/k6/r8/ctl-plain,soft_erase,E,D_unif,0.5,excluded,plain,6,8,9926,9926,9893,0.9966753979447914,9959,9926,0
main/E/soft_erase/D_unif/tau0.5/uniform/excl/k7/r8/ctl-plain,soft_erase,E,D_unif,0.5,excluded,plain,7,8,9926,9926,9894,0.9967761434616159,9959,9926,0
main/E_lab/hard_zero/D_code/tau0.5/ones/incl/k0/r1/ctl-plain,hard_zero,E_lab,D_code,0.5,included,plain,0,1,179,179,10,0.055865921787709494,9959,179,0
main/E_lab/hard_zero/D_code/tau0.5/ones/incl/k0/r2/ctl-plain,hard_zero,E_lab,D_code,0.5,included,plain,0,2,972,972,148,0.1522633744855967,9959,972,0
main/E_lab/hard_zero/D_code/tau0.5/ones/incl/k0/r3/ctl-plain,hard_zero,E_lab,D_code,0.5,included,plain,0,3,2753,2753,936,0.33999273519796586,9959,2753,0
main/E_lab/hard_zero/D_code/tau0.5/ones/incl/k0/r4/ctl-plain,hard_zero,E_lab,D_code,0.5,included,plain,0,4,5461,5461,3287,0.6019044131111518,9959,5461,0
main/E_lab/hard_zero/D_code/tau0.5/ones/incl/k0/r5/ctl-plain,hard_zero,E_lab,D_code,0.5,included,plain,0,5,6999,6999,5212,0.7446778111158737,9959,6999,0
main/E_lab/hard_zero/D_code/tau0.5/ones/incl/k0/r5a/ctl-plain,hard_zero,E_lab,D_code,0.5,included,plain,0,5a,5985,5985,3885,0.6491228070175439,9959,5985,0
main/E_lab/hard_zero/D_code/tau0.5/ones/incl/k0/r6/ctl-plain,hard_zero,E_lab,D_code,0.5,included,plain,0,6,8174,8174,6892,0.8431612429655003,9959,8174,0
main/E_lab/hard_zero/D_code/tau0.5/ones/incl/k0/r6a/ctl-plain,hard_zero,E_lab,D_code,0.5,included,plain,0,6a,7608,7608,6070,0.7978443743427971,9959,7608,0
main/E_lab/hard_zero/D_code/tau0.5/ones/incl/k0/r7/ctl-plain,hard_zero,E_lab,D_code,0.5,included,plain,0,7,8900,8900,8055,0.9050561797752809,9959,8900,0
main/E_lab/hard_zero/D_code/tau0.5/ones/incl/k1/r1/ctl-plain,hard_zero,E_lab,D_code,0.5,included,plain,1,1,84,84,3,0.03571428571428571,9959,84,0
main/E_lab/hard_zero/D_code/tau0.5/ones/incl/k1/r2/ctl-plain,hard_zero,E_lab,D_code,0.5,included,plain,1,2,676,676,69,0.10207100591715976,9959,676,0
main/E_lab/hard_zero/D_code/tau0.5/ones/incl/k1/r3/ctl-plain,hard_zero,E_lab,D_code,0.5,included,plain,1,3,3267,3267,1252,0.3832262014080196,9959,3267,0
main/E_lab/hard_zero/D_code/tau0.5/ones/incl/k1/r4/ctl-plain,hard_zero,E_lab,D_code,0.5,included,plain,1,4,3946,3946,1730,0.4384186517992904,9959,3946,0
main/E_lab/hard_zero/D_code/tau0.5/ones/incl/k1/r5/ctl-plain,hard_zero,E_lab,D_code,0.5,included,plain,1,5,7159,7159,5401,0.7544349769520883,9959,7159,0
main/E_lab/hard_zero/D_code/tau0.5/ones/incl/k1/r5a/ctl-plain,hard_zero,E_lab,D_code,0.5,included,plain,1,5a,6026,6026,3969,0.6586458679057418,9959,6026,0
main/E_lab/hard_zero/D_code/tau0.5/ones/incl/k1/r6/ctl-plain,hard_zero,E_lab,D_code,0.5,included,plain,1,6,8279,8279,7048,0.8513105447517816,9959,8279,0
main/E_lab/hard_zero/D_code/tau0.5/ones/incl/k1/r6a/ctl-plain,hard_zero,E_lab,D_code,0.5,included,plain,1,6a,7667,7667,6126,0.7990087387504891,9959,7667,0
main/E_lab/hard_zero/D_code/tau0.5/ones/incl/k1/r7/ctl-plain,hard_zero,E_lab,D_code,0.5,included,plain,1,7,8962,8962,8171,0.9117384512385628,9959,8962,0
main/E_lab/hard_zero/D_code/tau0.5/ones/incl/k2/r1/ctl-plain,hard_zero,E_lab,D_code,0.5,included,plain,2,1,238,238,7,0.029411764705882353,9959,238,0
main/E_lab/hard_zero/D_code/tau0.5/ones/incl/k2/r2/ctl-plain,hard_zero,E_lab,D_code,0.5,included,plain,2,2,831,831,95,0.11432009626955475,9959,831,0
main/E_lab/hard_zero/D_code/tau0.5/ones/incl/k2/r3/ctl-plain,hard_zero,E_lab,D_code,0.5,included,plain,2,3,3380,3380,1336,0.3952662721893491,9959,3380,0
main/E_lab/hard_zero/D_code/tau0.5/ones/incl/k2/r4/ctl-plain,hard_zero,E_lab,D_code,0.5,included,plain,2,4,4848,4848,2564,0.5288778877887789,9959,4848,0
main/E_lab/hard_zero/D_code/tau0.5/ones/incl/k2/r5/ctl-plain,hard_zero,E_lab,D_code,0.5,included,plain,2,5,7176,7176,5407,0.7534838350055741,9959,7176,0
main/E_lab/hard_zero/D_code/tau0.5/ones/incl/k2/r5a/ctl-plain,hard_zero,E_lab,D_code,0.5,included,plain,2,5a,5294,5294,3033,0.572912731394031,9959,5294,0
main/E_lab/hard_zero/D_code/tau0.5/ones/incl/k2/r6/ctl-plain,hard_zero,E_lab,D_code,0.5,included,plain,2,6,8273,8273,7049,0.8520488335549378,9959,8273,0
main/E_lab/hard_zero/D_code/tau0.5/ones/incl/k2/r6a/ctl-plain,hard_zero,E_lab,D_code,0.5,included,plain,2,6a,7590,7590,6016,0.7926218708827405,9959,7590,0
main/E_lab/hard_zero/D_code/tau0.5/ones/incl/k2/r7/ctl-plain,hard_zero,E_lab,D_code,0.5,included,plain,2,7,8845,8845,7972,0.9013001695873375,9959,8845,0
main/E_lab/hard_zero/D_code/tau0.5/ones/incl/k3/r1/ctl-plain,hard_zero,E_lab,D_code,0.5,included,plain,3,1,61,61,1,0.01639344262295082,9959,61,0
main/E_lab/hard_zero/D_code/tau0.5/ones/incl/k3/r2/ctl-plain,hard_zero,E_lab,D_code,0.5,included,plain,3,2,824,824,101,0.12257281553398058,9959,824,0
main/E_lab/hard_zero/D_code/tau0.5/ones/incl/k3/r3/ctl-plain,hard_zero,E_lab,D_code,0.5,included,plain,3,3,3346,3346,1298,0.387925881649731,9959,3346,0
main/E_lab/hard_zero/D_code/tau0.5/ones/incl/k3/r4/ctl-plain,hard_zero,E_lab,D_code,0.5,included,plain,3,4,3502,3502,1386,0.3957738435179897,9959,3502,0
main/E_lab/hard_zero/D_code/tau0.5/ones/incl/k3/r5/ctl-plain,hard_zero,E_lab,D_code,0.5,included,plain,3,5,5650,5650,3427,0.6065486725663717,9959,5650,0
main/E_lab/hard_zero/D_code/tau0.5/ones/incl/k3/r5a/ctl-plain,hard_zero,E_lab,D_code,0.5,included,plain,3,5a,4943,4943,2623,0.5306494031964394,9959,4943,0
main/E_lab/hard_zero/D_code/tau0.5/ones/incl/k3/r6/ctl-plain,hard_zero,E_lab,D_code,0.5,included,plain,3,6,7945,7945,6630,0.8344870988042794,9959,7945,0
main/E_lab/hard_zero/D_code/tau0.5/ones/incl/k3/r6a/ctl-plain,hard_zero,E_lab,D_code,0.5,included,plain,3,6a,7453,7453,5881,0.7890782235341474,9959,7453,0
main/E_lab/hard_zero/D_code/tau0.5/ones/incl/k3/r7/ctl-plain,hard_zero,E_lab,D_code,0.5,included,plain,3,7,8882,8882,8066,0.9081287998198604,9959,8882,0
main/E_lab/hard_zero/D_code/tau0.5/ones/incl/k4/r1/ctl-plain,hard_zero,E_lab,D_code,0.5,included,plain,4,1,124,124,3,0.024193548387096774,9959,124,0
main/E_lab/hard_zero/D_code/tau0.5/ones/incl/k4/r2/ctl-plain,hard_zero,E_lab,D_code,0.5,included,plain,4,2,790,790,77,0.09746835443037975,9959,790,0
main/E_lab/hard_zero/D_code/tau0.5/ones/incl/k4/r3/ctl-plain,hard_zero,E_lab,D_code,0.5,included,plain,4,3,2874,2874,1025,0.3566457898399443,9959,2874,0
main/E_lab/hard_zero/D_code/tau0.5/ones/incl/k4/r4/ctl-plain,hard_zero,E_lab,D_code,0.5,included,plain,4,4,5415,5415,3236,0.5975992613111727,9959,5415,0
main/E_lab/hard_zero/D_code/tau0.5/ones/incl/k4/r5/ctl-plain,hard_zero,E_lab,D_code,0.5,included,plain,4,5,6436,6436,4456,0.692355500310752,9959,6436,0
main/E_lab/hard_zero/D_code/tau0.5/ones/incl/k4/r5a/ctl-plain,hard_zero,E_lab,D_code,0.5,included,plain,4,5a,5834,5834,3736,0.6403839561193007,9959,5834,0
main/E_lab/hard_zero/D_code/tau0.5/ones/incl/k4/r6/ctl-plain,hard_zero,E_lab,D_code,0.5,included,plain,4,6,8208,8208,6920,0.8430799220272904,9959,8208,0
main/E_lab/hard_zero/D_code/tau0.5/ones/incl/k4/r6a/ctl-plain,hard_zero,E_lab,D_code,0.5,included,plain,4,6a,7638,7638,6065,0.7940560356114166,9959,7638,0
main/E_lab/hard_zero/D_code/tau0.5/ones/incl/k4/r7/ctl-plain,hard_zero,E_lab,D_code,0.5,included,plain,4,7,8886,8886,8055,0.9064821066846726,9959,8886,0
main/E_lab/hard_zero/D_code/tau0.5/ones/incl/k5/r1/ctl-plain,hard_zero,E_lab,D_code,0.5,included,plain,5,1,284,284,9,0.03169014084507042,9959,284,0
main/E_lab/hard_zero/D_code/tau0.5/ones/incl/k5/r2/ctl-plain,hard_zero,E_lab,D_code,0.5,included,plain,5,2,760,760,68,0.08947368421052632,9959,760,0
main/E_lab/hard_zero/D_code/tau0.5/ones/incl/k5/r3/ctl-plain,hard_zero,E_lab,D_code,0.5,included,plain,5,3,3060,3060,1101,0.35980392156862745,9959,3060,0
main/E_lab/hard_zero/D_code/tau0.5/ones/incl/k5/r4/ctl-plain,hard_zero,E_lab,D_code,0.5,included,plain,5,4,3613,3613,1473,0.4076944367561583,9959,3613,0
main/E_lab/hard_zero/D_code/tau0.5/ones/incl/k5/r5/ctl-plain,hard_zero,E_lab,D_code,0.5,included,plain,5,5,6312,6312,4273,0.6769645120405576,9959,6312,0
main/E_lab/hard_zero/D_code/tau0.5/ones/incl/k5/r5a/ctl-plain,hard_zero,E_lab,D_code,0.5,included,plain,5,5a,5377,5377,3168,0.5891761205132974,9959,5377,0
main/E_lab/hard_zero/D_code/tau0.5/ones/incl/k5/r6/ctl-plain,hard_zero,E_lab,D_code,0.5,included,plain,5,6,8271,8271,7049,0.852254866400677,9959,8271,0
main/E_lab/hard_zero/D_code/tau0.5/ones/incl/k5/r6a/ctl-plain,hard_zero,E_lab,D_code,0.5,included,plain,5,6a,7418,7418,5724,0.771636559719601,9959,7418,0
main/E_lab/hard_zero/D_code/tau0.5/ones/incl/k5/r7/ctl-plain,hard_zero,E_lab,D_code,0.5,included,plain,5,7,8983,8983,8191,0.9118334632082823,9959,8983,0
main/E_lab/hard_zero/D_code/tau0.5/ones/incl/k6/r1/ctl-plain,hard_zero,E_lab,D_code,0.5,included,plain,6,1,160,160,5,0.03125,9959,160,0
main/E_lab/hard_zero/D_code/tau0.5/ones/incl/k6/r2/ctl-plain,hard_zero,E_lab,D_code,0.5,included,plain,6,2,823,823,97,0.11786148238153099,9959,823,0
main/E_lab/hard_zero/D_code/tau0.5/ones/incl/k6/r3/ctl-plain,hard_zero,E_lab,D_code,0.5,included,plain,6,3,3261,3261,1245,0.38178472861085555,9959,3261,0
main/E_lab/hard_zero/D_code/tau0.5/ones/incl/k6/r4/ctl-plain,hard_zero,E_lab,D_code,0.5,included,plain,6,4,5474,5474,3315,0.6055900621118012,9959,5474,0
main/E_lab/hard_zero/D_code/tau0.5/ones/incl/k6/r5/ctl-plain,hard_zero,E_lab,D_code,0.5,included,plain,6,5,6950,6950,5206,0.7490647482014389,9959,6950,0
main/E_lab/hard_zero/D_code/tau0.5/ones/incl/k6/r5a/ctl-plain,hard_zero,E_lab,D_code,0.5,included,plain,6,5a,5702,5702,3588,0.6292528937215013,9959,5702,0
main/E_lab/hard_zero/D_code/tau0.5/ones/incl/k6/r6/ctl-plain,hard_zero,E_lab,D_code,0.5,included,plain,6,6,8417,8417,7279,0.8647974337649994,9959,8417,0
main/E_lab/hard_zero/D_code/tau0.5/ones/incl/k6/r6a/ctl-plain,hard_zero,E_lab,D_code,0.5,included,plain,6,6a,7936,7936,6552,0.8256048387096774,9959,7936,0
main/E_lab/hard_zero/D_code/tau0.5/ones/incl/k6/r7/ctl-plain,hard_zero,E_lab,D_code,0.5,included,plain,6,7,8934,8934,8109,0.9076561450638012,9959,8934,0
main/E_lab/hard_zero/D_code/tau0.5/ones/incl/k7/r1/ctl-plain,hard_zero,E_lab,D_code,0.5,included,plain,7,1,149,149,6,0.040268456375838924,9959,149,0
main/E_lab/hard_zero/D_code/tau0.5/ones/incl/k7/r2/ctl-plain,hard_zero,E_lab,D_code,0.5,included,plain,7,2,750,750,81,0.108,9959,750,0
main/E_lab/hard_zero/D_code/tau0.5/ones/incl/k7/r3/ctl-plain,hard_zero,E_lab,D_code,0.5,included,plain,7,3,3203,3203,1274,0.39775210739931316,9959,3203,0
main/E_lab/hard_zero/D_code/tau0.5/ones/incl/k7/r4/ctl-plain,hard_zero,E_lab,D_code,0.5,included,plain,7,4,4359,4359,2079,0.4769442532690984,9959,4359,0
main/E_lab/hard_zero/D_code/tau0.5/ones/incl/k7/r5/ctl-plain,hard_zero,E_lab,D_code,0.5,included,plain,7,5,7247,7247,5515,0.7610045536083897,9959,7247,0
main/E_lab/hard_zero/D_code/tau0.5/ones/incl/k7/r5a/ctl-plain,hard_zero,E_lab,D_code,0.5,included,plain,7,5a,4846,4846,2539,0.523937267849773,9959,4846,0
main/E_lab/hard_zero/D_code/tau0.5/ones/incl/k7/r6/ctl-plain,hard_zero,E_lab,D_code,0.5,included,plain,7,6,8349,8349,7171,0.8589052581147443,9959,8349,0
main/E_lab/hard_zero/D_code/tau0.5/ones/incl/k7/r6a/ctl-plain,hard_zero,E_lab,D_code,0.5,included,plain,7,6a,7885,7885,6460,0.8192771084337349,9959,7885,0
main/E_lab/hard_zero/D_code/tau0.5/ones/incl/k7/r7/ctl-plain,hard_zero,E_lab,D_code,0.5,included,plain,7,7,9003,9003,8230,0.9141397312007109,9959,9003,0
main/E_lab/hard_zero/D_code/tau0.5/ones/incl/k0/r8/ctl-plain,hard_zero,E_lab,D_code,0.5,included,plain,0,8,9378,9378,8885,0.9474301556835146,9959,9378,0
main/E_lab/soft_erase/D_code/tau0.5/r1/excl/k0/r1/ctl-plain,soft_erase,E_lab,D_code,0.5,excluded,plain,0,1,179,179,6,0.0335195530726257,9959,179,0
main/E_lab/soft_erase/D_code/tau0.5/r1/excl/k0/r2/ctl-plain,soft_erase,E_lab,D_code,0.5,excluded,plain,0,2,972,972,138,0.1419753086419753,9959,972,0
main/E_lab/soft_erase/D_code/tau0.5/r1/excl/k0/r3/ctl-plain,soft_erase,E_lab,D_code,0.5,excluded,plain,0,3,2753,2753,897,0.32582637123138397,9959,2753,0
main/E_lab/soft_erase/D_code/tau0.5/r1/excl/k0/r4/ctl-plain,soft_erase,E_lab,D_code,0.5,excluded,plain,0,4,5461,5461,3231,0.5916498809741806,9959,5461,0
main/E_lab/soft_erase/D_code/tau0.5/r1/excl/k0/r5/ctl-plain,soft_erase,E_lab,D_code,0.5,excluded,plain,0,5,6999,6999,5175,0.7393913416202315,9959,6999,0
main/E_lab/soft_erase/D_code/tau0.5/r1/excl/k0/r5a/ctl-plain,soft_erase,E_lab,D_code,0.5,excluded,plain,0,5a,5985,5985,3819,0.638095238095238,9959,5985,0
main/E_lab/soft_erase/D_code/tau0.5/r1/excl/k0/r6/ctl-plain,soft_erase,E_lab,D_code,0.5,excluded,plain,0,6,8174,8174,6889,0.8427942255933447,9959,8174,0
main/E_lab/soft_erase/D_code/tau0.5/r1/excl/k0/r6a/ctl-plain,soft_erase,E_lab,D_code,0.5,excluded,plain,0,6a,7608,7608,6032,0.7928496319663512,9959,7608,0
main/E_lab/soft_erase/D_code/tau0.5/r1/excl/k0/r7/ctl-plain,soft_erase,E_lab,D_code,0.5,excluded,plain,0,7,8900,8900,8088,0.9087640449438202,9959,8900,0
main/E_lab/soft_erase/D_code/tau0.5/r1/excl/k1/r1/ctl-plain,soft_erase,E_lab,D_code,0.5,excluded,plain,1,1,84,84,1,0.011904761904761904,9959,84,0
main/E_lab/soft_erase/D_code/tau0.5/r1/excl/k1/r2/ctl-plain,soft_erase,E_lab,D_code,0.5,excluded,plain,1,2,676,676,69,0.10207100591715976,9959,676,0
main/E_lab/soft_erase/D_code/tau0.5/r1/excl/k1/r3/ctl-plain,soft_erase,E_lab,D_code,0.5,excluded,plain,1,3,3267,3267,1231,0.376798285889195,9959,3267,0
main/E_lab/soft_erase/D_code/tau0.5/r1/excl/k1/r4/ctl-plain,soft_erase,E_lab,D_code,0.5,excluded,plain,1,4,3946,3946,1717,0.4351241763811455,9959,3946,0
main/E_lab/soft_erase/D_code/tau0.5/r1/excl/k1/r5/ctl-plain,soft_erase,E_lab,D_code,0.5,excluded,plain,1,5,7159,7159,5396,0.7537365553848303,9959,7159,0
main/E_lab/soft_erase/D_code/tau0.5/r1/excl/k1/r5a/ctl-plain,soft_erase,E_lab,D_code,0.5,excluded,plain,1,5a,6026,6026,3940,0.6538333886491868,9959,6026,0
main/E_lab/soft_erase/D_code/tau0.5/r1/excl/k1/r6/ctl-plain,soft_erase,E_lab,D_code,0.5,excluded,plain,1,6,8279,8279,7056,0.852276845029593,9959,8279,0
main/E_lab/soft_erase/D_code/tau0.5/r1/excl/k1/r6a/ctl-plain,soft_erase,E_lab,D_code,0.5,excluded,plain,1,6a,7667,7667,6125,0.7988783096387113,9959,7667,0
main/E_lab/soft_erase/D_code/tau0.5/r1/excl/k1/r7/ctl-plain,soft_erase,E_lab,D_code,0.5,excluded,plain,1,7,8962,8962,8170,0.9116268690024548,9959,8962,0
main/E_lab/soft_erase/D_code/tau0.5/r1/excl/k2/r1/ctl-plain,soft_erase,E_lab,D_code,0.5,excluded,plain,2,1,238,238,13,0.0546218487394958,9959,238,0
main/E_lab/soft_erase/D_code/tau0.5/r1/excl/k2/r2/ctl-plain,soft_erase,E_lab,D_code,0.5,excluded,plain,2,2,831,831,105,0.1263537906137184,9959,831,0
main/E_lab/soft_erase/D_code/tau0.5/r1/excl/k2/r3/ctl-plain,soft_erase,E_lab,D_code,0.5,excluded,plain,2,3,3380,3380,1330,0.39349112426035504,9959,3380,0
main/E_lab/soft_erase/D_code/tau0.5/r1/excl/k2/r4/ctl-plain,soft_erase,E_lab,D_code,0.5,excluded,plain,2,4,4848,4848,2603,0.5369224422442245,9959,4848,0
main/E_lab/soft_erase/D_code/tau0.5/r1/excl/k2/r5/ctl-plain,soft_erase,E_lab,D_code,0.5,excluded,plain,2,5,7176,7176,5404,0.7530657748049052,9959,7176,0
main/E_lab/soft_erase/D_code/tau0.5/r1/excl/k2/r5a/ctl-plain,soft_erase,E_lab,D_code,0.5,excluded,plain,2,5a,5294,5294,3049,0.5759350207782395,9959,5294,0
main/E_lab/soft_erase/D_code/tau0.5/r1/excl/k2/r6/ctl-plain,soft_erase,E_lab,D_code,0.5,excluded,plain,2,6,8273,8273,7049,0.8520488335549378,9959,8273,0
main/E_lab/soft_erase/D_code/tau0.5/r1/excl/k2/r6a/ctl-plain,soft_erase,E_lab,D_code,0.5,excluded,plain,2,6a,7590,7590,6005,0.7911725955204216,9959,7590,0
main/E_lab/soft_erase/D_code/tau0.5/r1/excl/k2/r7/ctl-plain,soft_erase,E_lab,D_code,0.5,excluded,plain,2,7,8845,8845,7955,0.8993781797625777,9959,8845,0
main/E_lab/soft_erase/D_code/tau0.5/r1/excl/k3/r1/ctl-plain,soft_erase,E_lab,D_code,0.5,excluded,plain,3,1,61,61,0,0.0,9959,61,0
main/E_lab/soft_erase/D_code/tau0.5/r1/excl/k3/r2/ctl-plain,soft_erase,E_lab,D_code,0.5,excluded,plain,3,2,824,824,100,0.12135922330097088,9959,824,0
main/E_lab/soft_erase/D_code/tau0.5/r1/excl/k3/r3/ctl-plain,soft_erase,E_lab,D_code,0.5,excluded,plain,3,3,3346,3346,1294,0.38673042438732813,9959,3346,0
main/E_lab/soft_erase/D_code/tau0.5/r1/excl/k3/r4/ctl-plain,soft_erase,E_lab,D_code,0.5,excluded,plain,3,4,3502,3502,1401,0.4000571102227299,9959,3502,0
main/E_lab/soft_erase/D_code/tau0.5/r1/excl/k3/r5/ctl-plain,soft_erase,E_lab,D_code,0.5,excluded,plain,3,5,5650,5650,3519,0.6228318584070797,9959,5650,0
main/E_lab/soft_erase/D_code/tau0.5/r1/excl/k3/r5a/ctl-plain,soft_erase,E_lab,D_code,0.5,excluded,plain,3,5a,4943,4943,2750,0.5563423022455999,9959,4943,0
main/E_lab/soft_erase/D_code/tau0.5/r1/excl/k3/r6/ctl-plain,soft_erase,E_lab,D_code,0.5,excluded,plain,3,6,7945,7945,6634,0.8349905601006923,9959,7945,0
main/E_lab/soft_erase/D_code/tau0.5/r1/excl/k3/r6a/ctl-plain,soft_erase,E_lab,D_code,0.5,excluded,plain,3,6a,7453,7453,5896,0.7910908359050047,9959,7453,0
main/E_lab/soft_erase/D_code/tau0.5/r1/excl/k3/r7/ctl-plain,soft_erase,E_lab,D_code,0.5,excluded,plain,3,7,8882,8882,8068,0.9083539743301058,9959,8882,0
main/E_lab/soft_erase/D_code/tau0.5/r1/excl/k4/r1/ctl-plain,soft_erase,E_lab,D_code,0.5,excluded,plain,4,1,124,124,3,0.024193548387096774,9959,124,0
main/E_lab/soft_erase/D_code/tau0.5/r1/excl/k4/r2/ctl-plain,soft_erase,E_lab,D_code,0.5,excluded,plain,4,2,790,790,81,0.10253164556962026,9959,790,0
main/E_lab/soft_erase/D_code/tau0.5/r1/excl/k4/r3/ctl-plain,soft_erase,E_lab,D_code,0.5,excluded,plain,4,3,2874,2874,1007,0.35038274182324286,9959,2874,0
main/E_lab/soft_erase/D_code/tau0.5/r1/excl/k4/r4/ctl-plain,soft_erase,E_lab,D_code,0.5,excluded,plain,4,4,5415,5415,3218,0.594275161588181,9959,5415,0
main/E_lab/soft_erase/D_code/tau0.5/r1/excl/k4/r5/ctl-plain,soft_erase,E_lab,D_code,0.5,excluded,plain,4,5,6436,6436,4458,0.6926662523306402,9959,6436,0
main/E_lab/soft_erase/D_code/tau0.5/r1/excl/k4/r5a/ctl-plain,soft_erase,E_lab,D_code,0.5,excluded,plain,4,5a,5834,5834,3721,0.6378128213918409,9959,5834,0
main/E_lab/soft_erase/D_code/tau0.5/r1/excl/k4/r6/ctl-plain,soft_erase,E_lab,D_code,0.5,excluded,plain,4,6,8208,8208,6923,0.8434454191033138,9959,8208,0
main/E_lab/soft_erase/D_code/tau0.5/r1/excl/k4/r6a/ctl-plain,soft_erase,E_lab,D_code,0.5,excluded,plain,4,6a,7638,7638,6074,0.7952343545430741,9959,7638,0
main/E_lab/soft_erase/D_code/tau0.5/r1/excl/k4/r7/ctl-plain,soft_erase,E_lab,D_code,0.5,excluded,plain,4,7,8886,8886,8039,0.9046815214944857,9959,8886,0
main/E_lab/soft_erase/D_code/tau0.5/r1/excl/k5/r1/ctl-plain,soft_erase,E_lab,D_code,0.5,excluded,plain,5,1,284,284,12,0.04225352112676056,9959,284,0
main/E_lab/soft_erase/D_code/tau0.5/r1/excl/k5/r2/ctl-plain,soft_erase,E_lab,D_code,0.5,excluded,plain,5,2,760,760,64,0.08421052631578947,9959,760,0
main/E_lab/soft_erase/D_code/tau0.5/r1/excl/k5/r3/ctl-plain,soft_erase,E_lab,D_code,0.5,excluded,plain,5,3,3060,3060,1093,0.35718954248366014,9959,3060,0
main/E_lab/soft_erase/D_code/tau0.5/r1/excl/k5/r4/ctl-plain,soft_erase,E_lab,D_code,0.5,excluded,plain,5,4,3613,3613,1440,0.39856075283697756,9959,3613,0
main/E_lab/soft_erase/D_code/tau0.5/r1/excl/k5/r5/ctl-plain,soft_erase,E_lab,D_code,0.5,excluded,plain,5,5,6312,6312,4281,0.6782319391634981,9959,6312,0
main/E_lab/soft_erase/D_code/tau0.5/r1/excl/k5/r5a/ctl-plain,soft_erase,E_lab,D_code,0.5,excluded,plain,5,5a,5377,5377,3178,0.5910358936209782,9959,5377,0
main/E_lab/soft_erase/D_code/tau0.5/r1/excl/k5/r6/ctl-plain,soft_erase,E_lab,D_code,0.5,excluded,plain,5,6,8271,8271,7032,0.8501994922016685,9959,8271,0
main/E_lab/soft_erase/D_code/tau0.5/r1/excl/k5/r6a/ctl-plain,soft_erase,E_lab,D_code,0.5,excluded,plain,5,6a,7418,7418,5736,0.7732542464276085,9959,7418,0
main/E_lab/soft_erase/D_code/tau0.5/r1/excl/k5/r7/ctl-plain,soft_erase,E_lab,D_code,0.5,excluded,plain,5,7,8983,8983,8205,0.9133919625960147,9959,8983,0
main/E_lab/soft_erase/D_code/tau0.5/r1/excl/k6/r1/ctl-plain,soft_erase,E_lab,D_code,0.5,excluded,plain,6,1,160,160,4,0.025,9959,160,0
main/E_lab/soft_erase/D_code/tau0.5/r1/excl/k6/r2/ctl-plain,soft_erase,E_lab,D_code,0.5,excluded,plain,6,2,823,823,89,0.10814094775212636,9959,823,0
main/E_lab/soft_erase/D_code/tau0.5/r1/excl/k6/r3/ctl-plain,soft_erase,E_lab,D_code,0.5,excluded,plain,6,3,3261,3261,1255,0.384851272615762,9959,3261,0
main/E_lab/soft_erase/D_code/tau0.5/r1/excl/k6/r4/ctl-plain,soft_erase,E_lab,D_code,0.5,excluded,plain,6,4,5474,5474,3308,0.6043112897332846,9959,5474,0
main/E_lab/soft_erase/D_code/tau0.5/r1/excl/k6/r5/ctl-plain,soft_erase,E_lab,D_code,0.5,excluded,plain,6,5,6950,6950,5201,0.7483453237410072,9959,6950,0
main/E_lab/soft_erase/D_code/tau0.5/r1/excl/k6/r5a/ctl-plain,soft_erase,E_lab,D_code,0.5,excluded,plain,6,5a,5702,5702,3566,0.625394598386531,9959,5702,0
main/E_lab/soft_erase/D_code/tau0.5/r1/excl/k6/r6/ctl-plain,soft_erase,E_lab,D_code,0.5,excluded,plain,6,6,8417,8417,7326,0.8703813710348105,9959,8417,0
main/E_lab/soft_erase/D_code/tau0.5/r1/excl/k6/r6a/ctl-plain,soft_erase,E_lab,D_code,0.5,excluded,plain,6,6a,7936,7936,6572,0.828125,9959,7936,0
main/E_lab/soft_erase/D_code/tau0.5/r1/excl/k6/r7/ctl-plain,soft_erase,E_lab,D_code,0.5,excluded,plain,6,7,8934,8934,8138,0.9109021714797403,9959,8934,0
main/E_lab/soft_erase/D_code/tau0.5/r1/excl/k7/r1/ctl-plain,soft_erase,E_lab,D_code,0.5,excluded,plain,7,1,149,149,5,0.03355704697986577,9959,149,0
main/E_lab/soft_erase/D_code/tau0.5/r1/excl/k7/r2/ctl-plain,soft_erase,E_lab,D_code,0.5,excluded,plain,7,2,750,750,77,0.10266666666666667,9959,750,0
main/E_lab/soft_erase/D_code/tau0.5/r1/excl/k7/r3/ctl-plain,soft_erase,E_lab,D_code,0.5,excluded,plain,7,3,3203,3203,1246,0.3890103028410865,9959,3203,0
main/E_lab/soft_erase/D_code/tau0.5/r1/excl/k7/r4/ctl-plain,soft_erase,E_lab,D_code,0.5,excluded,plain,7,4,4359,4359,2072,0.47533838036246845,9959,4359,0
main/E_lab/soft_erase/D_code/tau0.5/r1/excl/k7/r5/ctl-plain,soft_erase,E_lab,D_code,0.5,excluded,plain,7,5,7247,7247,5568,0.7683179246584794,9959,7247,0
main/E_lab/soft_erase/D_code/tau0.5/r1/excl/k7/r5a/ctl-plain,soft_erase,E_lab,D_code,0.5,excluded,plain,7,5a,4846,4846,2503,0.5165084605860504,9959,4846,0
main/E_lab/soft_erase/D_code/tau0.5/r1/excl/k7/r6/ctl-plain,soft_erase,E_lab,D_code,0.5,excluded,plain,7,6,8349,8349,7208,0.8633369265780333,9959,8349,0
main/E_lab/soft_erase/D_code/tau0.5/r1/excl/k7/r6a/ctl-plain,soft_erase,E_lab,D_code,0.5,excluded,plain,7,6a,7885,7885,6500,0.8243500317057705,9959,7885,0
main/E_lab/soft_erase/D_code/tau0.5/r1/excl/k7/r7/ctl-plain,soft_erase,E_lab,D_code,0.5,excluded,plain,7,7,9003,9003,8234,0.9145840275463735,9959,9003,0
main/E_lab/soft_erase/D_code/tau0.5/r1/excl/k0/r8/ctl-plain,soft_erase,E_lab,D_code,0.5,excluded,plain,0,8,9378,9378,8885,0.9474301556835146,9959,9378,0
main/E_lab/code_specific_hard/D_code/tau0.5/ones/incl/k0/r1/ctl-complement,code_specific_hard,E_lab,D_code,0.5,included,complement,0,1,0,0,0,,776,0,0
main/E_lab/code_specific_hard/D_code/tau0.5/ones/incl/k0/r2/ctl-complement,code_specific_hard,E_lab,D_code,0.5,included,complement,0,2,2,2,0,0.0,776,2,0
main/E_lab/code_specific_hard/D_code/tau0.5/ones/incl/k0/r3/ctl-complement,code_specific_hard,E_lab,D_code,0.5,included,complement,0,3,26,26,3,0.11538461538461539,776,26,0
main/E_lab/code_specific_hard/D_code/tau0.5/ones/incl/k0/r4/ctl-complement,code_specific_hard,E_lab,D_code,0.5,included,complement,0,4,69,69,18,0.2608695652173913,776,69,0
main/E_lab/code_specific_hard/D_code/tau0.5/ones/incl/k0/r5/ctl-complement,code_specific_hard,E_lab,D_code,0.5,included,complement,0,5,93,93,21,0.22580645161290322,776,93,0
main/E_lab/code_specific_hard/D_code/tau0.5/ones/incl/k0/r5a/ctl-complement,code_specific_hard,E_lab,D_code,0.5,included,complement,0,5a,85,85,19,0.2235294117647059,776,85,0
main/E_lab/code_specific_hard/D_code/tau0.5/ones/incl/k0/r6/ctl-complement,code_specific_hard,E_lab,D_code,0.5,included,complement,0,6,161,161,55,0.3416149068322981,776,161,0
main/E_lab/code_specific_hard/D_code/tau0.5/ones/incl/k0/r6a/ctl-complement,code_specific_hard,E_lab,D_code,0.5,included,complement,0,6a,112,112,31,0.2767857142857143,776,112,0
main/E_lab/code_specific_hard/D_code/tau0.5/ones/incl/k0/r7/ctl-complement,code_specific_hard,E_lab,D_code,0.5,included,complement,0,7,239,239,115,0.4811715481171548,776,239,0
main/E_lab/code_specific_hard/D_code/tau0.5/ones/incl/k1/r1/ctl-complement,code_specific_hard,E_lab,D_code,0.5,included,complement,1,1,1,1,0,0.0,776,1,0
main/E_lab/code_specific_hard/D_code/tau0.5/ones/incl/k1/r2/ctl-complement,code_specific_hard,E_lab,D_code,0.5,included,complement,1,2,9,9,2,0.2222222222222222,776,9,0
main/E_lab/code_specific_hard/D_code/tau0.5/ones/incl/k1/r3/ctl-complement,code_specific_hard,E_lab,D_code,0.5,included,complement,1,3,22,22,5,0.22727272727272727,776,22,0
main/E_lab/code_specific_hard/D_code/tau0.5/ones/incl/k1/r4/ctl-complement,code_specific_hard,E_lab,D_code,0.5,included,complement,1,4,39,39,11,0.28205128205128205,776,39,0
main/E_lab/code_specific_hard/D_code/tau0.5/ones/incl/k1/r5/ctl-complement,code_specific_hard,E_lab,D_code,0.5,included,complement,1,5,98,98,30,0.30612244897959184,776,98,0
main/E_lab/code_specific_hard/D_code/tau0.5/ones/incl/k1/r5a/ctl-complement,code_specific_hard,E_lab,D_code,0.5,included,complement,1,5a,68,68,23,0.3382352941176471,776,68,0
main/E_lab/code_specific_hard/D_code/tau0.5/ones/incl/k1/r6/ctl-complement,code_specific_hard,E_lab,D_code,0.5,included,complement,1,6,193,193,92,0.47668393782383417,776,193,0
main/E_lab/code_specific_hard/D_code/tau0.5/ones/incl/k1/r6a/ctl-complement,code_specific_hard,E_lab,D_code,0.5,included,complement,1,6a,116,116,40,0.3448275862068966,776,116,0
main/E_lab/code_specific_hard/D_code/tau0.5/ones/incl/k1/r7/ctl-complement,code_specific_hard,E_lab,D_code,0.5,included,complement,1,7,262,262,128,0.48854961832061067,776,262,0
main/E_lab/code_specific_hard/D_code/tau0.5/ones/incl/k2/r1/ctl-complement,code_specific_hard,E_lab,D_code,0.5,included,complement,2,1,0,0,0,,776,0,0
main/E_lab/code_specific_hard/D_code/tau0.5/ones/incl/k2/r2/ctl-complement,code_specific_hard,E_lab,D_code,0.5,included,complement,2,2,0,0,0,,776,0,0
main/E_lab/code_specific_hard/D_code/tau0.5/ones/incl/k2/r3/ctl-complement,code_specific_hard,E_lab,D_code,0.5,included,complement,2,3,28,28,7,0.25,776,28,0
main/E_lab/code_specific_hard/D_code/tau0.5/ones/incl/k2/r4/ctl-complement,code_specific_hard,E_lab,D_code,0.5,included,complement,2,4,17,17,4,0.23529411764705882,776,17,0
main/E_lab/code_specific_hard/D_code/tau0.5/ones/incl/k2/r5/ctl-complement,code_specific_hard,E_lab,D_code,0.5,included,complement,2,5,84,84,16,0.19047619047619047,776,84,0
main/E_lab/code_specific_hard/D_code/tau0.5/ones/incl/k2/r5a/ctl-complement,code_specific_hard,E_lab,D_code,0.5,included,complement,2,5a,28,28,5,0.17857142857142858,776,28,0
main/E_lab/code_specific_hard/D_code/tau0.5/ones/incl/k2/r6/ctl-complement,code_specific_hard,E_lab,D_code,0.5,included,complement,2,6,169,169,78,0.46153846153846156,776,169,0
main/E_lab/code_specific_hard/D_code/tau0.5/ones/incl/k2/r6a/ctl-complement,code_specific_hard,E_lab,D_code,0.5,included,complement,2,6a,121,121,31,0.256198347107438,776,121,0
main/E_lab/code_specific_hard/D_code/tau0.5/ones/incl/k2/r7/ctl-complement,code_specific_hard,E_lab,D_code,0.5,included,complement,2,7,206,206,97,0.470873786407767,776,206,0
main/E_lab/code_specific_hard/D_code/tau0.5/ones/incl/k3/r1/ctl-complement,code_specific_hard,E_lab,D_code,0.5,included,complement,3,1,0,0,0,,776,0,0
main/E_lab/code_specific_hard/D_code/tau0.5/ones/incl/k3/r2/ctl-complement,code_specific_hard,E_lab,D_code,0.5,included,complement,3,2,8,8,0,0.0,776,8,0
main/E_lab/code_specific_hard/D_code/tau0.5/ones/incl/k3/r3/ctl-complement,code_specific_hard,E_lab,D_code,0.5,included,complement,3,3,20,20,1,0.05,776,20,0
main/E_lab/code_specific_hard/D_code/tau0.5/ones/incl/k3/r4/ctl-complement,code_specific_hard,E_lab,D_code,0.5,included,complement,3,4,11,11,1,0.09090909090909091,776,11,0
main/E_lab/code_specific_hard/D_code/tau0.5/ones/incl/k3/r5/ctl-complement,code_specific_hard,E_lab,D_code,0.5,included,complement,3,5,83,83,17,0.20481927710843373,776,83,0
main/E_lab/code_specific_hard/D_code/tau0.5/ones/incl/k3/r5a/ctl-complement,code_specific_hard,E_lab,D_code,0.5,included,complement,3,5a,41,41,5,0.12195121951219512,776,41,0
main/E_lab/code_specific_hard/D_code/tau0.5/ones/incl/k3/r6/ctl-complement,code_specific_hard,E_lab,D_code,0.5,included,complement,3,6,168,168,81,0.48214285714285715,776,168,0
main/E_lab/code_specific_hard/D_code/tau0.5/ones/incl/k3/r6a/ctl-complement,code_specific_hard,E_lab,D_code,0.5,included,complement,3,6a,129,129,48,0.37209302325581395,776,129,0
main/E_lab/code_specific_hard/D_code/tau0.5/ones/incl/k3/r7/ctl-complement,code_specific_hard,E_lab,D_code,0.5,included,complement,3,7,232,232,122,0.5258620689655172,776,232,0
main/E_lab/code_specific_hard/D_code/tau0.5/ones/incl/k4/r1/ctl-complement,code_specific_hard,E_lab,D_code,0.5,included,complement,4,1,2,2,0,0.0,776,2,0
main/E_lab/code_specific_hard/D_code/tau0.5/ones/incl/k4/r2/ctl-complement,code_specific_hard,E_lab,D_code,0.5,included,complement,4,2,6,6,0,0.0,776,6,0
main/E_lab/code_specific_hard/D_code/tau0.5/ones/incl/k4/r3/ctl-complement,code_specific_hard,E_lab,D_code,0.5,included,complement,4,3,27,27,1,0.037037037037037035,776,27,0
main/E_lab/code_specific_hard/D_code/tau0.5/ones/incl/k4/r4/ctl-complement,code_specific_hard,E_lab,D_code,0.5,included,complement,4,4,25,25,0,0.0,776,25,0
main/E_lab/code_specific_hard/D_code/tau0.5/ones/incl/k4/r5/ctl-complement,code_specific_hard,E_lab,D_code,0.5,included,complement,4,5,54,54,7,0.12962962962962962,776,54,0
main/E_lab/code_specific_hard/D_code/tau0.5/ones/incl/k4/r5a/ctl-complement,code_specific_hard,E_lab,D_code,0.5,included,complement,4,5a,36,36,3,0.08333333333333333,776,36,0
main/E_lab/code_specific_hard/D_code/tau0.5/ones/incl/k4/r6/ctl-complement,code_specific_hard,E_lab,D_code,0.5,included,complement,4,6,190,190,53,0.2789473684210526,776,190,0
main/E_lab/code_specific_hard/D_code/tau0.5/ones/incl/k4/r6a/ctl-complement,code_specific_hard,E_lab,D_code,0.5,included,complement,4,6a,162,162,42,0.25925925925925924,776,162,0
main/E_lab/code_specific_hard/D_code/tau0.5/ones/incl/k4/r7/ctl-complement,code_specific_hard,E_lab,D_code,0.5,included,complement,4,7,243,243,94,0.3868312757201646,776,243,0
main/E_lab/code_specific_hard/D_code/tau0.5/ones/incl/k5/r1/ctl-complement,code_specific_hard,E_lab,D_code,0.5,included,complement,5,1,0,0,0,,776,0,0
main/E_lab/code_specific_hard/D_code/tau0.5/ones/incl/k5/r2/ctl-complement,code_specific_hard,E_lab,D_code,0.5,included,complement,5,2,10,10,1,0.1,776,10,0
main/E_lab/code_specific_hard/D_code/tau0.5/ones/incl/k5/r3/ctl-complement,code_specific_hard,E_lab,D_code,0.5,included,complement,5,3,17,17,5,0.29411764705882354,776,17,0
main/E_lab/code_specific_hard/D_code/tau0.5/ones/incl/k5/r4/ctl-complement,code_specific_hard,E_lab,D_code,0.5,included,complement,5,4,29,29,1,0.034482758620689655,776,29,0
main/E_lab/code_specific_hard/D_code/tau0.5/ones/incl/k5/r5/ctl-complement,code_specific_hard,E_lab,D_code,0.5,included,complement,5,5,72,72,13,0.18055555555555555,776,72,0
main/E_lab/code_specific_hard/D_code/tau0.5/ones/incl/k5/r5a/ctl-complement,code_specific_hard,E_lab,D_code,0.5,included,complement,5,5a,52,52,6,0.11538461538461539,776,52,0
main/E_lab/code_specific_hard/D_code/tau0.5/ones/incl/k5/r6/ctl-complement,code_specific_hard,E_lab,D_code,0.5,included,complement,5,6,173,173,56,0.3236994219653179,776,173,0
main/E_lab/code_specific_hard/D_code/tau0.5/ones/incl/k5/r6a/ctl-complement,code_specific_hard,E_lab,D_code,0.5,included,complement,5,6a,98,98,23,0.23469387755102042,776,98,0
main/E_lab/code_specific_hard/D_code/tau0.5/ones/incl/k5/r7/ctl-complement,code_specific_hard,E_lab,D_code,0.5,included,complement,5,7,235,235,111,0.4723404255319149,776,235,0
main/E_lab/code_specific_hard/D_code/tau0.5/ones/incl/k6/r1/ctl-complement,code_specific_hard,E_lab,D_code,0.5,included,complement,6,1,0,0,0,,776,0,0
main/E_lab/code_specific_hard/D_code/tau0.5/ones/incl/k6/r2/ctl-complement,code_specific_hard,E_lab,D_code,0.5,included,complement,6,2,1,1,0,0.0,776,1,0
main/E_lab/code_specific_hard/D_code/tau0.5/ones/incl/k6/r3/ctl-complement,code_specific_hard,E_lab,D_code,0.5,included,complement,6,3,18,18,0,0.0,776,18,0
main/E_lab/code_specific_hard/D_code/tau0.5/ones/incl/k6/r4/ctl-complement,code_specific_hard,E_lab,D_code,0.5,included,complement,6,4,19,19,2,0.10526315789473684,776,19,0
main/E_lab/code_specific_hard/D_code/tau0.5/ones/incl/k6/r5/ctl-complement,code_specific_hard,E_lab,D_code,0.5,included,complement,6,5,92,92,30,0.32608695652173914,776,92,0
main/E_lab/code_specific_hard/D_code/tau0.5/ones/incl/k6/r5a/ctl-complement,code_specific_hard,E_lab,D_code,0.5,included,complement,6,5a,26,26,4,0.15384615384615385,776,26,0
main/E_lab/code_specific_hard/D_code/tau0.5/ones/incl/k6/r6/ctl-complement,code_specific_hard,E_lab,D_code,0.5,included,complement,6,6,180,180,75,0.4166666666666667,776,180,0
main/E_lab/code_specific_hard/D_code/tau0.5/ones/incl/k6/r6a/ctl-complement,code_specific_hard,E_lab,D_code,0.5,included,complement,6,6a,138,138,50,0.36231884057971014,776,138,0
main/E_lab/code_specific_hard/D_code/tau0.5/ones/incl/k6/r7/ctl-complement,code_specific_hard,E_lab,D_code,0.5,included,complement,6,7,233,233,121,0.51931330472103,776,233,0
main/E_lab/code_specific_hard/D_code/tau0.5/ones/incl/k7/r1/ctl-complement,code_specific_hard,E_lab,D_code,0.5,included,complement,7,1,0,0,0,,776,0,0
main/E_lab/code_specific_hard/D_code/tau0.5/ones/incl/k7/r2/ctl-complement,code_specific_hard,E_lab,D_code,0.5,included,complement,7,2,1,1,0,0.0,776,1,0
main/E_lab/code_specific_hard/D_code/tau0.5/ones/incl/k7/r3/ctl-complement,code_specific_hard,E_lab,D_code,0.5,included,complement,7,3,15,15,4,0.26666666666666666,776,15,0
main/E_lab/code_specific_hard/D_code/tau0.5/ones/incl/k7/r4/ctl-complement,code_specific_hard,E_lab,D_code,0.5,included,complement,7,4,46,46,10,0.21739130434782608,776,46,0
main/E_lab/code_specific_hard/D_code/tau0.5/ones/incl/k7/r5/ctl-complement,code_specific_hard,E_lab,D_code,0.5,included,complement,7,5,126,126,37,0.29365079365079366,776,126,0
main/E_lab/code_specific_hard/D_code/tau0.5/ones/incl/k7/r5a/ctl-complement,code_specific_hard,E_lab,D_code,0.5,included,complement,7,5a,56,56,11,0.19642857142857142,776,56,0
main/E_lab/code_specific_hard/D_code/tau0.5/ones/incl/k7/r6/ctl-complement,code_specific_hard,E_lab,D_code,0.5,included,complement,7,6,177,177,70,0.3954802259887006,776,177,0
main/E_lab/code_specific_hard/D_code/tau0.5/ones/incl/k7/r6a/ctl-complement,code_specific_hard,E_lab,D_code,0.5,included,complement,7,6a,145,145,50,0.3448275862068966,776,145,0
main/E_lab/code_specific_hard/D_code/tau0.5/ones/incl/k7/r7/ctl-complement,code_specific_hard,E_lab,D_code,0.5,included,complement,7,7,292,292,138,0.4726027397260274,776,292,0
main/E_lab/code_specific_hard/D_code/tau0.5/ones/incl/k0/r8/ctl-complement,code_specific_hard,E_lab,D_code,0.5,included,complement,0,8,379,379,222,0.5857519788918206,776,379,0
main/E_lab/code_specific_hard/D_code/tau0.5/ones/incl/k0/rS4/ctl-complement,code_specific_hard,E_lab,D_code,0.5,included,complement,0,S4,4,4,0,0.0,776,4,0
main/E_lab/code_specific_hard/D_code/tau0.5/ones/incl/k0/rS16/ctl-complement,code_specific_hard,E_lab,D_code,0.5,included,complement,0,S16,16,16,3,0.1875,776,16,0
main/E_lab/code_specific_hard/D_code/tau0.5/ones/incl/k0/rS64/ctl-complement,code_specific_hard,E_lab,D_code,0.5,included,complement,0,S64,64,64,10,0.15625,776,64,0
main/E_lab/code_specific_hard/D_code/tau0.5/ones/incl/k0/r1/ctl-plain,code_specific_hard,E_lab,D_code,0.5,included,plain,0,1,0,0,0,,9959,0,0
main/E_lab/code_specific_hard/D_code/tau0.5/ones/incl/k0/r2/ctl-plain,code_specific_hard,E_lab,D_code,0.5,included,plain,0,2,2,2,0,0.0,9959,2,0
main/E_lab/code_specific_hard/D_code/tau0.5/ones/incl/k0/r3/ctl-plain,code_specific_hard,E_lab,D_code,0.5,included,plain,0,3,26,26,0,0.0,9959,26,0
main/E_lab/code_specific_hard/D_code/tau0.5/ones/incl/k0/r4/ctl-plain,code_specific_hard,E_lab,D_code,0.5,included,plain,0,4,69,69,1,0.014492753623188406,9959,69,0
main/E_lab/code_specific_hard/D_code/tau0.5/ones/incl/k0/r5/ctl-plain,code_specific_hard,E_lab,D_code,0.5,included,plain,0,5,93,93,3,0.03225806451612903,9959,93,0
main/E_lab/code_specific_hard/D_code/tau0.5/ones/incl/k0/r5a/ctl-plain,code_specific_hard,E_lab,D_code,0.5,included,plain,0,5a,85,85,3,0.03529411764705882,9959,85,0
main/E_lab/code_specific_hard/D_code/tau0.5/ones/incl/k0/r6/ctl-plain,code_specific_hard,E_lab,D_code,0.5,included,plain,0,6,161,161,4,0.024844720496894408,9959,161,0
main/E_lab/code_specific_hard/D_code/tau0.5/ones/incl/k0/r6a/ctl-plain,code_specific_hard,E_lab,D_code,0.5,included,plain,0,6a,112,112,3,0.026785714285714284,9959,112,0
main/E_lab/code_specific_hard/D_code/tau0.5/ones/incl/k0/r7/ctl-plain,code_specific_hard,E_lab,D_code,0.5,included,plain,0,7,239,239,8,0.03347280334728033,9959,239,0
main/E_lab/code_specific_hard/D_code/tau0.5/ones/incl/k1/r1/ctl-plain,code_specific_hard,E_lab,D_code,0.5,included,plain,1,1,1,1,0,0.0,9959,1,0
main/E_lab/code_specific_hard/D_code/tau0.5/ones/incl/k1/r2/ctl-plain,code_specific_hard,E_lab,D_code,0.5,included,plain,1,2,9,9,1,0.1111111111111111,9959,9,0
main/E_lab/code_specific_hard/D_code/tau0.5/ones/incl/k1/r3/ctl-plain,code_specific_hard,E_lab,D_code,0.5,included,plain,1,3,22,22,1,0.045454545454545456,9959,22,0
main/E_lab/code_specific_hard/D_code/tau0.5/ones/incl/k1/r4/ctl-plain,code_specific_hard,E_lab,D_code,0.5,included,plain,1,4,39,39,2,0.05128205128205128,9959,39,0
main/E_lab/code_specific_hard/D_code/tau0.5/ones/incl/k1/r5/ctl-plain,code_specific_hard,E_lab,D_code,0.5,included,plain,1,5,98,98,2,0.02040816326530612,9959,98,0
main/E_lab/code_specific_hard/D_code/tau0.5/ones/incl/k1/r5a/ctl-plain,code_specific_hard,E_lab,D_code,0.5,included,plain,1,5a,68,68,2,0.029411764705882353,9959,68,0
main/E_lab/code_specific_hard/D_code/tau0.5/ones/incl/k1/r6/ctl-plain,code_specific_hard,E_lab,D_code,0.5,included,plain,1,6,193,193,5,0.025906735751295335,9959,193,0
main/E_lab/code_specific_hard/D_code/tau0.5/ones/incl/k1/r6a/ctl-plain,code_specific_hard,E_lab,D_code,0.5,included,plain,1,6a,116,116,2,0.017241379310344827,9959,116,0
main/E_lab/code_specific_hard/D_code/tau0.5/ones/incl/k1/r7/ctl-plain,code_specific_hard,E_lab,D_code,0.5,included,plain,1,7,262,262,11,0.04198473282442748,9959,262,0
main/E_lab/code_specific_hard/D_code/tau0.5/ones/incl/k2/r1/ctl-plain,code_specific_hard,E_lab,D_code,0.5,included,plain,2,1,0,0,0,,9959,0,0
main/E_lab/code_specific_hard/D_code/tau0.5/ones/incl/k2/r2/ctl-plain,code_specific_hard,E_lab,D_code,0.5,included,plain,2,2,0,0,0,,9959,0,0
main/E_lab/code_specific_hard/D_code/tau0.5/ones/incl/k2/r3/ctl-plain,code_specific_hard,E_lab,D_code,0.5,included,plain,2,3,28,28,0,0.0,9959,28,0
main/E_lab/code_specific_hard/D_code/tau0.5/ones/incl/k2/r4/ctl-plain,code_specific_hard,E_lab,D_code,0.5,included,plain,2,4,17,17,0,0.0,9959,17,0
main/E_lab/code_specific_hard/D_code/tau0.5/ones/incl/k2/r5/ctl-plain,code_specific_hard,E_lab,D_code,0.5,included,plain,2,5,84,84,2,0.023809523809523808,9959,84,0
main/E_lab/code_specific_hard/D_code/tau0.5/ones/incl/k2/r5a/ctl-plain,code_specific_hard,E_lab,D_code,0.5,included,plain,2,5a,28,28,0,0.0,9959,28,0
main/E_lab/code_specific_hard/D_code/tau0.5/ones/incl/k2/r6/ctl-plain,code_specific_hard,E_lab,D_code,0.5,included,plain,2,6,169,169,5,0.029585798816568046,9959,169,0
main/E_lab/code_specific_hard/D_code/tau0.5/ones/incl/k2/r6a/ctl-plain,code_specific_hard,E_lab,D_code,0.5,included,plain,2,6a,121,121,3,0.024793388429752067,9959,121,0
main/E_lab/code_specific_hard/D_code/tau0.5/ones/incl/k2/r7/ctl-plain,code_specific_hard,E_lab,D_code,0.5,included,plain,2,7,206,206,8,0.038834951456310676,9959,206,0
main/E_lab/code_specific_hard/D_code/tau0.5/ones/incl/k3/r1/ctl-plain,code_specific_hard,E_lab,D_code,0.5,included,plain,3,1,0,0,0,,9959,0,0
main/E_lab/code_specific_hard/D_code/tau0.5/ones/incl/k3/r2/ctl-plain,code_specific_hard,E_lab,D_code,0.5,included,plain,3,2,8,8,0,0.0,9959,8,0
main/E_lab/code_specific_hard/D_code/tau0.5/ones/incl/k3/r3/ctl-plain,code_specific_hard,E_lab,D_code,0.5,included,plain,3,3,20,20,0,0.0,9959,20,0
main/E_lab/code_specific_hard/D_code/tau0.5/ones/incl/k3/r4/ctl-plain,code_specific_hard,E_lab,D_code,0.5,included,plain,3,4,11,11,0,0.0,9959,11,0
main/E_lab/code_specific_hard/D_code/tau0.5/ones/incl/k3/r5/ctl-plain,code_specific_hard,E_lab,D_code,0.5,included,plain,3,5,83,83,1,0.012048192771084338,9959,83,0
main/E_lab/code_specific_hard/D_code/tau0.5/ones/incl/k3/r5a/ctl-plain,code_specific_hard,E_lab,D_code,0.5,included,plain,3,5a,41,41,0,0.0,9959,41,0
main/E_lab/code_specific_hard/D_code/tau0.5/ones/incl/k3/r6/ctl-plain,code_specific_hard,E_lab,D_code,0.5,included,plain,3,6,168,168,1,0.005952380952380952,9959,168,0
main/E_lab/code_specific_hard/D_code/tau0.5/ones/incl/k3/r6a/ctl-plain,code_specific_hard,E_lab,D_code,0.5,included,plain,3,6a,129,129,1,0.007751937984496124,9959,129,0
main/E_lab/code_specific_hard/D_code/tau0.5/ones/incl/k3/r7/ctl-plain,code_specific_hard,E_lab,D_code,0.5,included,plain,3,7,232,232,3,0.01293103448275862,9959,232,0
main/E_lab/code_specific_hard/D_code/tau0.5/ones/incl/k4/r1/ctl-plain,code_specific_hard,E_lab,D_code,0.5,included,plain,4,1,2,2,0,0.0,9959,2,0
main/E_lab/code_specific_hard/D_code/tau0.5/ones/incl/k4/r2/ctl-plain,code_specific_hard,E_lab,D_code,0.5,included,plain,4,2,6,6,0,0.0,9959,6,0
main/E_lab/code_specific_hard/D_code/tau0.5/ones/incl/k4/r3/ctl-plain,code_specific_hard,E_lab,D_code,0.5,included,plain,4,3,27,27,0,0.0,9959,27,0
main/E_lab/code_specific_hard/D_code/tau0.5/ones/incl/k4/r4/ctl-plain,code_specific_hard,E_lab,D_code,0.5,included,plain,4,4,25,25,0,0.0,9959,25,0
main/E_lab/code_specific_hard/D_code/tau0.5/ones/incl/k4/r5/ctl-plain,code_specific_hard,E_lab,D_code,0.5,included,plain,4,5,54,54,0,0.0,9959,54,0
main/E_lab/code_specific_hard/D_code/tau0.5/ones/incl/k4/r5a/ctl-plain,code_specific_hard,E_lab,D_code,0.5,included,plain,4,5a,36,36,0,0.0,9959,36,0
main/E_lab/code_specific_hard/D_code/tau0.5/ones/incl/k4/r6/ctl-plain,code_specific_hard,E_lab,D_code,0.5,included,plain,4,6,190,190,2,0.010526315789473684,9959,190,0
main/E_lab/code_specific_hard/D_code/tau0.5/ones/incl/k4/r6a/ctl-plain,code_specific_hard,E_lab,D_code,0.5,included,plain,4,6a,162,162,2,0.012345679012345678,9959,162,0
main/E_lab/code_specific_hard/D_code/tau0.5/ones/incl/k4/r7/ctl-plain,code_specific_hard,E_lab,D_code,0.5,included,plain,4,7,243,243,4,0.01646090534979424,9959,243,0
main/E_lab/code_specific_hard/D_code/tau0.5/ones/incl/k5/r1/ctl-plain,code_specific_hard,E_lab,D_code,0.5,included,plain,5,1,0,0,0,,9959,0,0
main/E_lab/code_specific_hard/D_code/tau0.5/ones/incl/k5/r2/ctl-plain,code_specific_hard,E_lab,D_code,0.5,included,plain,5,2,10,10,0,0.0,9959,10,0
main/E_lab/code_specific_hard/D_code/tau0.5/ones/incl/k5/r3/ctl-plain,code_specific_hard,E_lab,D_code,0.5,included,plain,5,3,17,17,0,0.0,9959,17,0
main/E_lab/code_specific_hard/D_code/tau0.5/ones/incl/k5/r4/ctl-plain,code_specific_hard,E_lab,D_code,0.5,included,plain,5,4,29,29,0,0.0,9959,29,0
main/E_lab/code_specific_hard/D_code/tau0.5/ones/incl/k5/r5/ctl-plain,code_specific_hard,E_lab,D_code,0.5,included,plain,5,5,72,72,0,0.0,9959,72,0
main/E_lab/code_specific_hard/D_code/tau0.5/ones/incl/k5/r5a/ctl-plain,code_specific_hard,E_lab,D_code,0.5,included,plain,5,5a,52,52,0,0.0,9959,52,0
main/E_lab/code_specific_hard/D_code/tau0.5/ones/incl/k5/r6/ctl-plain,code_specific_hard,E_lab,D_code,0.5,included,plain,5,6,173,173,2,0.011560693641618497,9959,173,0
main/E_lab/code_specific_hard/D_code/tau0.5/ones/incl/k5/r6a/ctl-plain,code_specific_hard,E_lab,D_code,0.5,included,plain,5,6a,98,98,0,0.0,9959,98,0
main/E_lab/code_specific_hard/D_code/tau0.5/ones/incl/k5/r7/ctl-plain,code_specific_hard,E_lab,D_code,0.5,included,plain,5,7,235,235,6,0.02553191489361702,9959,235,0
main/E_lab/code_specific_hard/D_code/tau0.5/ones/incl/k6/r1/ctl-plain,code_specific_hard,E_lab,D_code,0.5,included,plain,6,1,0,0,0,,9959,0,0
main/E_lab/code_specific_hard/D_code/tau0.5/ones/incl/k6/r2/ctl-plain,code_specific_hard,E_lab,D_code,0.5,included,plain,6,2,1,1,0,0.0,9959,1,0
main/E_lab/code_specific_hard/D_code/tau0.5/ones/incl/k6/r3/ctl-plain,code_specific_hard,E_lab,D_code,0.5,included,plain,6,3,18,18,0,0.0,9959,18,0
main/E_lab/code_specific_hard/D_code/tau0.5/ones/incl/k6/r4/ctl-plain,code_specific_hard,E_lab,D_code,0.5,included,plain,6,4,19,19,0,0.0,9959,19,0
main/E_lab/code_specific_hard/D_code/tau0.5/ones/incl/k6/r5/ctl-plain,code_specific_hard,E_lab,D_code,0.5,included,plain,6,5,92,92,0,0.0,9959,92,0
main/E_lab/code_specific_hard/D_code/tau0.5/ones/incl/k6/r5a/ctl-plain,code_specific_hard,E_lab,D_code,0.5,included,plain,6,5a,26,26,0,0.0,9959,26,0
main/E_lab/code_specific_hard/D_code/tau0.5/ones/incl/k6/r6/ctl-plain,code_specific_hard,E_lab,D_code,0.5,included,plain,6,6,180,180,2,0.011111111111111112,9959,180,0
main/E_lab/code_specific_hard/D_code/tau0.5/ones/incl/k6/r6a/ctl-plain,code_specific_hard,E_lab,D_code,0.5,included,plain,6,6a,138,138,2,0.014492753623188406,9959,138,0
main/E_lab/code_specific_hard/D_code/tau0.5/ones/incl/k6/r7/ctl-plain,code_specific_hard,E_lab,D_code,0.5,included,plain,6,7,233,233,5,0.02145922746781116,9959,233,0
main/E_lab/code_specific_hard/D_code/tau0.5/ones/incl/k7/r1/ctl-plain,code_specific_hard,E_lab,D_code,0.5,included,plain,7,1,0,0,0,,9959,0,0
main/E_lab/code_specific_hard/D_code/tau0.5/ones/incl/k7/r2/ctl-plain,code_specific_hard,E_lab,D_code,0.5,included,plain,7,2,1,1,0,0.0,9959,1,0
main/E_lab/code_specific_hard/D_code/tau0.5/ones/incl/k7/r3/ctl-plain,code_specific_hard,E_lab,D_code,0.5,included,plain,7,3,15,15,0,0.0,9959,15,0
main/E_lab/code_specific_hard/D_code/tau0.5/ones/incl/k7/r4/ctl-plain,code_specific_hard,E_lab,D_code,0.5,included,plain,7,4,46,46,1,0.021739130434782608,9959,46,0
main/E_lab/code_specific_hard/D_code/tau0.5/ones/incl/k7/r5/ctl-plain,code_specific_hard,E_lab,D_code,0.5,included,plain,7,5,126,126,2,0.015873015873015872,9959,126,0
main/E_lab/code_specific_hard/D_code/tau0.5/ones/incl/k7/r5a/ctl-plain,code_specific_hard,E_lab,D_code,0.5,included,plain,7,5a,56,56,1,0.017857142857142856,9959,56,0
main/E_lab/code_specific_hard/D_code/tau0.5/ones/incl/k7/r6/ctl-plain,code_specific_hard,E_lab,D_code,0.5,included,plain,7,6,177,177,5,0.02824858757062147,9959,177,0
main/E_lab/code_specific_hard/D_code/tau0.5/ones/incl/k7/r6a/ctl-plain,code_specific_hard,E_lab,D_code,0.5,included,plain,7,6a,145,145,3,0.020689655172413793,9959,145,0
main/E_lab/code_specific_hard/D_code/tau0.5/ones/incl/k7/r7/ctl-plain,code_specific_hard,E_lab,D_code,0.5,included,plain,7,7,292,292,17,0.05821917808219178,9959,292,0
main/E_lab/code_specific_hard/D_code/tau0.5/ones/incl/k0/r8/ctl-plain,code_specific_hard,E_lab,D_code,0.5,included,plain,0,8,379,379,20,0.052770448548812667,9959,379,0
main/E_lab/code_specific_hard/D_code/tau0.5/ones/incl/k0/rS4/ctl-plain,code_specific_hard,E_lab,D_code,0.5,included,plain,0,S4,4,4,0,0.0,9959,4,0
main/E_lab/code_specific_hard/D_code/tau0.5/ones/incl/k0/rS16/ctl-plain,code_specific_hard,E_lab,D_code,0.5,included,plain,0,S16,16,16,0,0.0,9959,16,0
main/E_lab/code_specific_hard/D_code/tau0.5/ones/incl/k0/rS64/ctl-plain,code_specific_hard,E_lab,D_code,0.5,included,plain,0,S64,64,64,0,0.0,9959,64,0
main/E/union/D_unif/tau0/r0/excl/k0/r1/ctl-plain,union,E,D_unif,0.0,excluded,plain,0,1,216,216,7,0.032407407407407406,9959,216,0
main/E/union/D_unif/tau0/r0/excl/k0/r2/ctl-plain,union,E,D_unif,0.0,excluded,plain,0,2,1132,1132,165,0.14575971731448764,9959,1125,0
main/E/union/D_unif/tau0/r0/excl/k0/r3/ctl-plain,union,E,D_unif,0.0,excluded,plain,0,3,4733,4733,2512,0.5307416015212338,9959,4698,0
main/E/union/D_unif/tau0/r0/excl/k0/r4/ctl-plain,union,E,D_unif,0.0,excluded,plain,0,4,7307,7307,5486,0.7507869166552621,9959,7075,7
main/E/union/D_unif/tau0/r0/excl/k0/r5/ctl-plain,union,E,D_unif,0.0,excluded,plain,0,5,9303,9303,7942,0.853703106524777,9959,8540,247
main/E/union/D_unif/tau0/r0/excl/k0/r6/ctl-plain,union,E,D_unif,0.0,excluded,plain,0,6,12743,12743,9817,0.7703837400925999,9959,9550,2833
main/E/union/D_unif/tau0/r0/excl/k0/r7/ctl-plain,union,E,D_unif,0.0,excluded,plain,0,7,19040,19040,12931,0.6791491596638656,9959,9928,9081
main/E/union/D_unif/tau0/r0/excl/k1/r1/ctl-plain,union,E,D_unif,0.0,excluded,plain,1,1,233,233,9,0.03862660944206009,9959,231,0
main/E/union/D_unif/tau0/r0/excl/k1/r2/ctl-plain,union,E,D_unif,0.0,excluded,plain,1,2,1381,1381,259,0.1875452570601014,9959,1373,0
main/E/union/D_unif/tau0/r0/excl/k1/r3/ctl-plain,union,E,D_unif,0.0,excluded,plain,1,3,4689,4689,2589,0.5521433141394754,9959,4658,0
main/E/union/D_unif/tau0/r0/excl/k1/r4/ctl-plain,union,E,D_unif,0.0,excluded,plain,1,4,4581,4581,2258,0.49290547915302335,9959,4449,0
main/E/union/D_unif/tau0/r0/excl/k1/r5/ctl-plain,union,E,D_unif,0.0,excluded,plain,1,5,8860,8860,7400,0.835214446952596,9959,8152,147
main/E/union/D_unif/tau0/r0/excl/k1/r6/ctl-plain,union,E,D_unif,0.0,excluded,plain,1,6,12228,12228,9497,0.7766601243048741,9959,9307,2403
main/E/union/D_unif/tau0/r0/excl/k1/r7/ctl-plain,union,E,D_unif,0.0,excluded,plain,1,7,18666,18666,12590,0.6744883745848066,9959,9887,8707
main/E/union/D_unif/tau0/r0/excl/k2/r1/ctl-plain,union,E,D_unif,0.0,excluded,plain,2,1,246,246,9,0.036585365853658534,9959,246,0
main/E/union/D_unif/tau0/r0/excl/k2/r2/ctl-plain,union,E,D_unif,0.0,excluded,plain,2,2,1145,1145,174,0.15196506550218342,9959,1143,0
main/E/union/D_unif/tau0/r0/excl/k2/r3/ctl-plain,union,E,D_unif,0.0,excluded,plain,2,3,4887,4887,2833,0.5797012482095355,9959,4859,0
main/E/union/D_unif/tau0/r0/excl/k2/r4/ctl-plain,union,E,D_unif,0.0,excluded,plain,2,4,5805,5805,3467,0.5972437553832902,9959,5614,0
main/E/union/D_unif/tau0/r0/excl/k2/r5/ctl-plain,union,E,D_unif,0.0,excluded,plain,2,5,9279,9279,7734,0.8334949886841254,9959,8394,262
main/E/union/D_unif/tau0/r0/excl/k2/r6/ctl-plain,union,E,D_unif,0.0,excluded,plain,2,6,12565,12565,9659,0.7687226422602467,9959,9418,2658
main/E/union/D_unif/tau0/r0/excl/k2/r7/ctl-plain,union,E,D_unif,0.0,excluded,plain,2,7,18627,18627,12606,0.6767595425994524,9959,9872,8668
main/E/union/D_unif/tau0/r0/excl/k3/r1/ctl-plain,union,E,D_unif,0.0,excluded,plain,3,1,149,149,2,0.013422818791946308,9959,148,0
main/E/union/D_unif/tau0/r0/excl/k3/r2/ctl-plain,union,E,D_unif,0.0,excluded,plain,3,2,1653,1653,307,0.18572292800967938,9959,1649,0
main/E/union/D_unif/tau0/r0/excl/k3/r3/ctl-plain,union,E,D_unif,0.0,excluded,plain,3,3,4747,4747,2624,0.5527701706340847,9959,4719,0
main/E/union/D_unif/tau0/r0/excl/k3/r4/ctl-plain,union,E,D_unif,0.0,excluded,plain,3,4,1595,1595,286,0.1793103448275862,9959,1571,0
main/E/union/D_unif/tau0/r0/excl/k3/r5/ctl-plain,union,E,D_unif,0.0,excluded,plain,3,5,8943,8943,7338,0.820530023482053,9959,8186,192
main/E/union/D_unif/tau0/r0/excl/k3/r6/ctl-plain,union,E,D_unif,0.0,excluded,plain,3,6,12478,12478,9620,0.7709568841160442,9959,9374,2613
main/E/union/D_unif/tau0/r0/excl/k3/r7/ctl-plain,union,E,D_unif,0.0,excluded,plain,3,7,18961,18961,12762,0.6730657665734929,9959,9842,9002
main/E/union/D_unif/tau0/r0/excl/k4/r1/ctl-plain,union,E,D_unif,0.0,excluded,plain,4,1,227,227,7,0.030837004405286344,9959,227,0
main/E/union/D_unif/tau0/r0/excl/k4/r2/ctl-plain,union,E,D_unif,0.0,excluded,plain,4,2,1292,1292,258,0.1996904024767802,9959,1289,0
main/E/union/D_unif/tau0/r0/excl/k4/r3/ctl-plain,union,E,D_unif,0.0,excluded,plain,4,3,4454,4454,2341,0.5255949708127525,9959,4437,0
main/E/union/D_unif/tau0/r0/excl/k4/r4/ctl-plain,union,E,D_unif,0.0,excluded,plain,4,4,5625,5625,3267,0.5808,9959,5416,0
main/E/union/D_unif/tau0/r0/excl/k4/r5/ctl-plain,union,E,D_unif,0.0,excluded,plain,4,5,8953,8953,7374,0.8236345359097509,9959,8102,183
main/E/union/D_unif/tau0/r0/excl/k4/r6/ctl-plain,union,E,D_unif,0.0,excluded,plain,4,6,12288,12288,9642,0.78466796875,9959,9428,2410
main/E/union/D_unif/tau0/r0/excl/k4/r7/ctl-plain,union,E,D_unif,0.0,excluded,plain,4,7,18696,18696,12640,0.6760804450149764,9959,9907,8737
main/E/union/D_unif/tau0/r0/excl/k5/r1/ctl-plain,union,E,D_unif,0.0,excluded,plain,5,1,163,163,3,0.018404907975460124,9959,163,0
main/E/union/D_unif/tau0/r0/excl/k5/r2/ctl-plain,union,E,D_unif,0.0,excluded,plain,5,2,946,946,112,0.11839323467230443,9959,946,0
main/E/union/D_unif/tau0/r0/excl/k5/r3/ctl-plain,union,E,D_unif,0.0,excluded,plain,5,3,4950,4950,2836,0.572929292929293,9959,4920,0
main/E/union/D_unif/tau0/r0/excl/k5/r4/ctl-plain,union,E,D_unif,0.0,excluded,plain,5,4,6269,6269,4062,0.6479502312968576,9959,6013,0
main/E/union/D_unif/tau0/r0/excl/k5/r5/ctl-plain,union,E,D_unif,0.0,excluded,plain,5,5,8908,8908,7134,0.8008531656937584,9959,8031,242
main/E/union/D_unif/tau0/r0/excl/k5/r6/ctl-plain,union,E,D_unif,0.0,excluded,plain,5,6,12442,12442,9698,0.779456678990516,9959,9492,2552
main/E/union/D_unif/tau0/r0/excl/k5/r7/ctl-plain,union,E,D_unif,0.0,excluded,plain,5,7,18533,18533,12479,0.673339448551233,9959,9842,8574
main/E/union/D_unif/tau0/r0/excl/k6/r1/ctl-plain,union,E,D_unif,0.0,excluded,plain,6,1,38,38,1,0.02631578947368421,9959,38,0
main/E/union/D_unif/tau0/r0/excl/k6/r2/ctl-plain,union,E,D_unif,0.0,excluded,plain,6,2,1011,1011,128,0.12660731948565776,9959,1007,0
main/E/union/D_unif/tau0/r0/excl/k6/r3/ctl-plain,union,E,D_unif,0.0,excluded,plain,6,3,4849,4849,2700,0.5568158383171788,9959,4818,0
main/E/union/D_unif/tau0/r0/excl/k6/r4/ctl-plain,union,E,D_unif,0.0,excluded,plain,6,4,6156,6156,3911,0.6353151397011046,9959,5977,4
main/E/union/D_unif/tau0/r0/excl/k6/r5/ctl-plain,union,E,D_unif,0.0,excluded,plain,6,5,8761,8761,7081,0.8082410683711905,9959,7998,153
main/E/union/D_unif/tau0/r0/excl/k6/r6/ctl-plain,union,E,D_unif,0.0,excluded,plain,6,6,12308,12308,9626,0.7820929476763081,9959,9424,2404
main/E/union/D_unif/tau0/r0/excl/k6/r7/ctl-plain,union,E,D_unif,0.0,excluded,plain,6,7,18740,18740,12759,0.6808431163287086,9959,9907,8781
main/E/union/D_unif/tau0/r0/excl/k7/r1/ctl-plain,union,E,D_unif,0.0,excluded,plain,7,1,174,174,6,0.034482758620689655,9959,173,0
main/E/union/D_unif/tau0/r0/excl/k7/r2/ctl-plain,union,E,D_unif,0.0,excluded,plain,7,2,1092,1092,171,0.1565934065934066,9959,1087,0
main/E/union/D_unif/tau0/r0/excl/k7/r3/ctl-plain,union,E,D_unif,0.0,excluded,plain,7,3,4810,4810,2727,0.5669438669438669,9959,4781,0
main/E/union/D_unif/tau0/r0/excl/k7/r4/ctl-plain,union,E,D_unif,0.0,excluded,plain,7,4,6001,6001,3700,0.616563906015664,9959,5749,0
main/E/union/D_unif/tau0/r0/excl/k7/r5/ctl-plain,union,E,D_unif,0.0,excluded,plain,7,5,8602,8602,6804,0.7909788421297372,9959,7839,162
main/E/union/D_unif/tau0/r0/excl/k7/r6/ctl-plain,union,E,D_unif,0.0,excluded,plain,7,6,12326,12326,9623,0.7807074476715885,9959,9456,2484
main/E/union/D_unif/tau0/r0/excl/k7/r7/ctl-plain,union,E,D_unif,0.0,excluded,plain,7,7,18700,18700,12644,0.6761497326203209,9959,9910,8741
main/E/union/D_unif/tau0/r0/excl/k0/r8/ctl-plain,union,E,D_unif,0.0,excluded,plain,0,8,33576,33576,29311,0.8729747438646652,9959,9959,23617
main/E/rounded_own_g/D_unif/tau0.1/r0/excl/k0/r1/ctl-plain,rounded_own_g,E,D_unif,0.1,excluded,plain,0,1,201,201,11,0.05472636815920398,9959,201,0
main/E/rounded_own_g/D_unif/tau0.1/r0/excl/k0/r2/ctl-plain,rounded_own_g,E,D_unif,0.1,excluded,plain,0,2,1039,1039,155,0.14918190567853706,9959,1039,0
main/E/rounded_own_g/D_unif/tau0.1/r0/excl/k0/r3/ctl-plain,rounded_own_g,E,D_unif,0.1,excluded,plain,0,3,4494,4494,2321,0.5164663996439698,9959,4494,0
main/E/rounded_own_g/D_unif/tau0.1/r0/excl/k0/r4/ctl-plain,rounded_own_g,E,D_unif,0.1,excluded,plain,0,4,6764,6764,4873,0.7204316972205795,9959,6764,0
main/E/rounded_own_g/D_unif/tau0.1/r0/excl/k0/r5/ctl-plain,rounded_own_g,E,D_unif,0.1,excluded,plain,0,5,8170,8170,6934,0.8487148102815177,9959,8170,0
main/E/rounded_own_g/D_unif/tau0.1/r0/excl/k0/r5a/ctl-plain,rounded_own_g,E,D_unif,0.1,excluded,plain,0,5a,7508,7508,5954,0.7930207778369739,9959,7508,0
main/E/rounded_own_g/D_unif/tau0.1/r0/excl/k0/r6/ctl-plain,rounded_own_g,E,D_unif,0.1,excluded,plain,0,6,9203,9203,8582,0.9325220036944475,9959,9203,0
main/E/rounded_own_g/D_unif/tau0.1/r0/excl/k0/r6a/ctl-plain,rounded_own_g,E,D_unif,0.1,excluded,plain,0,6a,8660,8660,7687,0.8876443418013856,9959,8660,0
main/E/rounded_own_g/D_unif/tau0.1/r0/excl/k0/r7/ctl-plain,rounded_own_g,E,D_unif,0.1,excluded,plain,0,7,9794,9794,9641,0.9843781907290178,9959,9793,0
main/E/rounded_own_g/D_unif/tau0.1/r0/excl/k1/r1/ctl-plain,rounded_own_g,E,D_unif,0.1,excluded,plain,1,1,222,222,3,0.013513513513513514,9959,222,0
main/E/rounded_own_g/D_unif/tau0.1/r0/excl/k1/r2/ctl-plain,rounded_own_g,E,D_unif,0.1,excluded,plain,1,2,1287,1287,200,0.1554001554001554,9959,1287,0
main/E/rounded_own_g/D_unif/tau0.1/r0/excl/k1/r3/ctl-plain,rounded_own_g,E,D_unif,0.1,excluded,plain,1,3,4466,4466,2381,0.5331392745185849,9959,4466,0
main/E/rounded_own_g/D_unif/tau0.1/r0/excl/k1/r4/ctl-plain,rounded_own_g,E,D_unif,0.1,excluded,plain,1,4,4171,4171,1956,0.4689522896187964,9959,4171,0
main/E/rounded_own_g/D_unif/tau0.1/r0/excl/k1/r5/ctl-plain,rounded_own_g,E,D_unif,0.1,excluded,plain,1,5,7805,7805,6454,0.8269058295964126,9959,7805,0
main/E/rounded_own_g/D_unif/tau0.1/r0/excl/k1/r5a/ctl-plain,rounded_own_g,E,D_unif,0.1,excluded,plain,1,5a,6609,6609,4813,0.7282493569375095,9959,6609,0
main/E/rounded_own_g/D_unif/tau0.1/r0/excl/k1/r6/ctl-plain,rounded_own_g,E,D_unif,0.1,excluded,plain,1,6,8893,8893,8088,0.9094793657933206,9959,8893,0
main/E/rounded_own_g/D_unif/tau0.1/r0/excl/k1/r6a/ctl-plain,rounded_own_g,E,D_unif,0.1,excluded,plain,1,6a,8517,8517,7516,0.8824703534108254,9959,8517,0
main/E/rounded_own_g/D_unif/tau0.1/r0/excl/k1/r7/ctl-plain,rounded_own_g,E,D_unif,0.1,excluded,plain,1,7,9580,9580,9242,0.9647181628392484,9959,9580,0
main/E/rounded_own_g/D_unif/tau0.1/r0/excl/k2/r1/ctl-plain,rounded_own_g,E,D_unif,0.1,excluded,plain,2,1,226,226,10,0.04424778761061947,9959,226,0
main/E/rounded_own_g/D_unif/tau0.1/r0/excl/k2/r2/ctl-plain,rounded_own_g,E,D_unif,0.1,excluded,plain,2,2,1066,1066,163,0.1529080675422139,9959,1066,0
main/E/rounded_own_g/D_unif/tau0.1/r0/excl/k2/r3/ctl-plain,rounded_own_g,E,D_unif,0.1,excluded,plain,2,3,4640,4640,2582,0.5564655172413793,9959,4640,0
main/E/rounded_own_g/D_unif/tau0.1/r0/excl/k2/r4/ctl-plain,rounded_own_g,E,D_unif,0.1,excluded,plain,2,4,5242,5242,2981,0.5686760778328882,9959,5242,0
main/E/rounded_own_g/D_unif/tau0.1/r0/excl/k2/r5/ctl-plain,rounded_own_g,E,D_unif,0.1,excluded,plain,2,5,8026,8026,6659,0.8296785447296287,9959,8026,0
main/E/rounded_own_g/D_unif/tau0.1/r0/excl/k2/r5a/ctl-plain,rounded_own_g,E,D_unif,0.1,excluded,plain,2,5a,6666,6666,4732,0.7098709870987099,9959,6666,0
main/E/rounded_own_g/D_unif/tau0.1/r0/excl/k2/r6/ctl-plain,rounded_own_g,E,D_unif,0.1,excluded,plain,2,6,9106,9106,8398,0.9222490665495278,9959,9106,0
main/E/rounded_own_g/D_unif/tau0.1/r0/excl/k2/r6a/ctl-plain,rounded_own_g,E,D_unif,0.1,excluded,plain,2,6a,8736,8736,7795,0.8922847985347986,9959,8736,0
main/E/rounded_own_g/D_unif/tau0.1/r0/excl/k2/r7/ctl-plain,rounded_own_g,E,D_unif,0.1,excluded,plain,2,7,9625,9625,9325,0.9688311688311688,9959,9625,0
main/E/rounded_own_g/D_unif/tau0.1/r0/excl/k3/r1/ctl-plain,rounded_own_g,E,D_unif,0.1,excluded,plain,3,1,143,143,3,0.02097902097902098,9959,143,0
main/E/rounded_own_g/D_unif/tau0.1/r0/excl/k3/r2/ctl-plain,rounded_own_g,E,D_unif,0.1,excluded,plain,3,2,1530,1530,290,0.1895424836601307,9959,1530,0
main/E/rounded_own_g/D_unif/tau0.1/r0/excl/k3/r3/ctl-plain,rounded_own_g,E,D_unif,0.1,excluded,plain,3,3,4523,4523,2434,0.5381384037143488,9959,4523,0
main/E/rounded_own_g/D_unif/tau0.1/r0/excl/k3/r4/ctl-plain,rounded_own_g,E,D_unif,0.1,excluded,plain,3,4,1366,1366,211,0.15446559297218154,9959,1366,0
main/E/rounded_own_g/D_unif/tau0.1/r0/excl/k3/r5/ctl-plain,rounded_own_g,E,D_unif,0.1,excluded,plain,3,5,7761,7761,6218,0.8011854142507409,9959,7761,0
main/E/rounded_own_g/D_unif/tau0.1/r0/excl/k3/r5a/ctl-plain,rounded_own_g,E,D_unif,0.1,excluded,plain,3,5a,5677,5677,3488,0.614409018847983,9959,5677,0
main/E/rounded_own_g/D_unif/tau0.1/r0/excl/k3/r6/ctl-plain,rounded_own_g,E,D_unif,0.1,excluded,plain,3,6,8963,8963,8170,0.9115251589869463,9959,8963,0
main/E/rounded_own_g/D_unif/tau0.1/r0/excl/k3/r6a/ctl-plain,rounded_own_g,E,D_unif,0.1,excluded,plain,3,6a,8331,8331,7097,0.8518785259872764,9959,8331,0
main/E/rounded_own_g/D_unif/tau0.1/r0/excl/k3/r7/ctl-plain,rounded_own_g,E,D_unif,0.1,excluded,plain,3,7,9579,9579,9249,0.9655496398371437,9959,9579,0
main/E/rounded_own_g/D_unif/tau0.1/r0/excl/k4/r1/ctl-plain,rounded_own_g,E,D_unif,0.1,excluded,plain,4,1,212,212,10,0.04716981132075472,9959,212,0
main/E/rounded_own_g/D_unif/tau0.1/r0/excl/k4/r2/ctl-plain,rounded_own_g,E,D_unif,0.1,excluded,plain,4,2,1201,1201,209,0.1740216486261449,9959,1201,0
main/E/rounded_own_g/D_unif/tau0.1/r0/excl/k4/r3/ctl-plain,rounded_own_g,E,D_unif,0.1,excluded,plain,4,3,4240,4240,2140,0.5047169811320755,9959,4240,0
main/E/rounded_own_g/D_unif/tau0.1/r0/excl/k4/r4/ctl-plain,rounded_own_g,E,D_unif,0.1,excluded,plain,4,4,4981,4981,2737,0.5494880546075085,9959,4981,0
main/E/rounded_own_g/D_unif/tau0.1/r0/excl/k4/r5/ctl-plain,rounded_own_g,E,D_unif,0.1,excluded,plain,4,5,7675,7675,6253,0.8147231270358306,9959,7675,0
main/E/rounded_own_g/D_unif/tau0.1/r0/excl/k4/r5a/ctl-plain,rounded_own_g,E,D_unif,0.1,excluded,plain,4,5a,5814,5814,3622,0.6229790161678707,9959,5814,0
main/E/rounded_own_g/D_unif/tau0.1/r0/excl/k4/r6/ctl-plain,rounded_own_g,E,D_unif,0.1,excluded,plain,4,6,9067,9067,8373,0.9234586963714569,9959,9067,0
main/E/rounded_own_g/D_unif/tau0.1/r0/excl/k4/r6a/ctl-plain,rounded_own_g,E,D_unif,0.1,excluded,plain,4,6a,8383,8383,7332,0.8746272217583204,9959,8383,0
main/E/rounded_own_g/D_unif/tau0.1/r0/excl/k4/r7/ctl-plain,rounded_own_g,E,D_unif,0.1,excluded,plain,4,7,9704,9704,9487,0.9776380873866447,9959,9704,0
main/E/rounded_own_g/D_unif/tau0.1/r0/excl/k5/r1/ctl-plain,rounded_own_g,E,D_unif,0.1,excluded,plain,5,1,154,154,3,0.01948051948051948,9959,154,0
main/E/rounded_own_g/D_unif/tau0.1/r0/excl/k5/r2/ctl-plain,rounded_own_g,E,D_unif,0.1,excluded,plain,5,2,891,891,90,0.10101010101010101,9959,891,0
main/E/rounded_own_g/D_unif/tau0.1/r0/excl/k5/r3/ctl-plain,rounded_own_g,E,D_unif,0.1,excluded,plain,5,3,4733,4733,2652,0.5603211493767166,9959,4733,0
main/E/rounded_own_g/D_unif/tau0.1/r0/excl/k5/r4/ctl-plain,rounded_own_g,E,D_unif,0.1,excluded,plain,5,4,5621,5621,3415,0.6075431417897171,9959,5621,0
main/E/rounded_own_g/D_unif/tau0.1/r0/excl/k5/r5/ctl-plain,rounded_own_g,E,D_unif,0.1,excluded,plain,5,5,7475,7475,5825,0.7792642140468228,9959,7475,0
main/E/rounded_own_g/D_unif/tau0.1/r0/excl/k5/r5a/ctl-plain,rounded_own_g,E,D_unif,0.1,excluded,plain,5,5a,6490,6490,4519,0.6963020030816641,9959,6490,0
main/E/rounded_own_g/D_unif/tau0.1/r0/excl/k5/r6/ctl-plain,rounded_own_g,E,D_unif,0.1,excluded,plain,5,6,9182,9182,8552,0.9313874972772817,9959,9182,0
main/E/rounded_own_g/D_unif/tau0.1/r0/excl/k5/r6a/ctl-plain,rounded_own_g,E,D_unif,0.1,excluded,plain,5,6a,8626,8626,7626,0.8840714120102017,9959,8626,0
main/E/rounded_own_g/D_unif/tau0.1/r0/excl/k5/r7/ctl-plain,rounded_own_g,E,D_unif,0.1,excluded,plain,5,7,9591,9591,9273,0.9668439161714107,9959,9591,0
main/E/rounded_own_g/D_unif/tau0.1/r0/excl/k6/r1/ctl-plain,rounded_own_g,E,D_unif,0.1,excluded,plain,6,1,38,38,1,0.02631578947368421,9959,38,0
main/E/rounded_own_g/D_unif/tau0.1/r0/excl/k6/r2/ctl-plain,rounded_own_g,E,D_unif,0.1,excluded,plain,6,2,950,950,103,0.10842105263157895,9959,950,0
main/E/rounded_own_g/D_unif/tau0.1/r0/excl/k6/r3/ctl-plain,rounded_own_g,E,D_unif,0.1,excluded,plain,6,3,4660,4660,2495,0.5354077253218884,9959,4660,0
main/E/rounded_own_g/D_unif/tau0.1/r0/excl/k6/r4/ctl-plain,rounded_own_g,E,D_unif,0.1,excluded,plain,6,4,5550,5550,3317,0.5976576576576577,9959,5550,0
main/E/rounded_own_g/D_unif/tau0.1/r0/excl/k6/r5/ctl-plain,rounded_own_g,E,D_unif,0.1,excluded,plain,6,5,7455,7455,5846,0.7841716968477532,9959,7455,0
main/E/rounded_own_g/D_unif/tau0.1/r0/excl/k6/r5a/ctl-plain,rounded_own_g,E,D_unif,0.1,excluded,plain,6,5a,6356,6356,4369,0.6873820012586532,9959,6356,0
main/E/rounded_own_g/D_unif/tau0.1/r0/excl/k6/r6/ctl-plain,rounded_own_g,E,D_unif,0.1,excluded,plain,6,6,8942,8942,8128,0.9089689107582196,9959,8942,0
main/E/rounded_own_g/D_unif/tau0.1/r0/excl/k6/r6a/ctl-plain,rounded_own_g,E,D_unif,0.1,excluded,plain,6,6a,8284,8284,7073,0.8538145823273781,9959,8284,0
main/E/rounded_own_g/D_unif/tau0.1/r0/excl/k6/r7/ctl-plain,rounded_own_g,E,D_unif,0.1,excluded,plain,6,7,9694,9694,9446,0.97441716525686,9959,9694,0
main/E/rounded_own_g/D_unif/tau0.1/r0/excl/k7/r1/ctl-plain,rounded_own_g,E,D_unif,0.1,excluded,plain,7,1,156,156,5,0.03205128205128205,9959,156,0
main/E/rounded_own_g/D_unif/tau0.1/r0/excl/k7/r2/ctl-plain,rounded_own_g,E,D_unif,0.1,excluded,plain,7,2,1001,1001,147,0.14685314685314685,9959,1001,0
main/E/rounded_own_g/D_unif/tau0.1/r0/excl/k7/r3/ctl-plain,rounded_own_g,E,D_unif,0.1,excluded,plain,7,3,4593,4593,2476,0.5390812105377749,9959,4593,0
main/E/rounded_own_g/D_unif/tau0.1/r0/excl/k7/r4/ctl-plain,rounded_own_g,E,D_unif,0.1,excluded,plain,7,4,5427,5427,3226,0.5944352312511516,9959,5427,0
main/E/rounded_own_g/D_unif/tau0.1/r0/excl/k7/r5/ctl-plain,rounded_own_g,E,D_unif,0.1,excluded,plain,7,5,7321,7321,5607,0.7658789782816555,9959,7321,0
main/E/rounded_own_g/D_unif/tau0.1/r0/excl/k7/r5a/ctl-plain,rounded_own_g,E,D_unif,0.1,excluded,plain,7,5a,6891,6891,5023,0.7289217820345378,9959,6891,0
main/E/rounded_own_g/D_unif/tau0.1/r0/excl/k7/r6/ctl-plain,rounded_own_g,E,D_unif,0.1,excluded,plain,7,6,9124,9124,8468,0.9281017097764138,9959,9124,0
main/E/rounded_own_g/D_unif/tau0.1/r0/excl/k7/r6a/ctl-plain,rounded_own_g,E,D_unif,0.1,excluded,plain,7,6a,8379,8379,7229,0.8627521183912161,9959,8379,0
main/E/rounded_own_g/D_unif/tau0.1/r0/excl/k7/r7/ctl-plain,rounded_own_g,E,D_unif,0.1,excluded,plain,7,7,9707,9707,9486,0.9772329246935202,9959,9706,0
main/E/rounded_own_g/D_unif/tau0.1/r0/excl/k0/r8/ctl-plain,rounded_own_g,E,D_unif,0.1,excluded,plain,0,8,9966,9966,9958,0.9991972707204495,9959,9958,7
main/E/union/D_unif/tau0.1/r0/excl/k0/r2a/ctl-plain,union,E,D_unif,0.1,excluded,plain,0,2a,2166,2166,581,0.26823638042474607,9959,2166,0
main/E/union/D_unif/tau0.1/r0/excl/k0/r2b/ctl-plain,union,E,D_unif,0.1,excluded,plain,0,2b,3041,3041,1107,0.36402499177902004,9959,3041,0
main/E/union/D_unif/tau0.1/r0/excl/k1/r2a/ctl-plain,union,E,D_unif,0.1,excluded,plain,1,2a,1819,1819,449,0.2468389224848818,9959,1819,0
main/E/union/D_unif/tau0.1/r0/excl/k1/r2b/ctl-plain,union,E,D_unif,0.1,excluded,plain,1,2b,3138,3138,1226,0.3906947100063735,9959,3138,0
main/E/union/D_unif/tau0.1/r0/excl/k2/r2a/ctl-plain,union,E,D_unif,0.1,excluded,plain,2,2a,2059,2059,533,0.2588635259834871,9959,2059,0
main/E/union/D_unif/tau0.1/r0/excl/k2/r2b/ctl-plain,union,E,D_unif,0.1,excluded,plain,2,2b,3450,3450,1495,0.43333333333333335,9959,3450,0
main/E/union/D_unif/tau0.1/r0/excl/k3/r2a/ctl-plain,union,E,D_unif,0.1,excluded,plain,3,2a,2096,2096,511,0.24379770992366412,9959,2096,0
main/E/union/D_unif/tau0.1/r0/excl/k3/r2b/ctl-plain,union,E,D_unif,0.1,excluded,plain,3,2b,3343,3343,1323,0.3957523182769967,9959,3343,0
main/E/union/D_unif/tau0.1/r0/excl/k4/r2a/ctl-plain,union,E,D_unif,0.1,excluded,plain,4,2a,2166,2166,626,0.28901200369344415,9959,2166,0
main/E/union/D_unif/tau0.1/r0/excl/k4/r2b/ctl-plain,union,E,D_unif,0.1,excluded,plain,4,2b,2992,2992,1136,0.37967914438502676,9959,2992,0
main/E/union/D_unif/tau0.1/r0/excl/k5/r2a/ctl-plain,union,E,D_unif,0.1,excluded,plain,5,2a,1767,1767,378,0.21392190152801357,9959,1767,0
main/E/union/D_unif/tau0.1/r0/excl/k5/r2b/ctl-plain,union,E,D_unif,0.1,excluded,plain,5,2b,3404,3404,1393,0.4092244418331375,9959,3404,0
main/E/union/D_unif/tau0.1/r0/excl/k6/r2a/ctl-plain,union,E,D_unif,0.1,excluded,plain,6,2a,1749,1749,388,0.22184105202973128,9959,1749,0
main/E/union/D_unif/tau0.1/r0/excl/k6/r2b/ctl-plain,union,E,D_unif,0.1,excluded,plain,6,2b,3026,3026,1104,0.3648380700594845,9959,3026,0
main/E/union/D_unif/tau0.1/r0/excl/k7/r2a/ctl-plain,union,E,D_unif,0.1,excluded,plain,7,2a,1968,1968,515,0.2616869918699187,9959,1968,0
main/E/union/D_unif/tau0.1/r0/excl/k7/r2b/ctl-plain,union,E,D_unif,0.1,excluded,plain,7,2b,3194,3194,1260,0.3944896681277395,9959,3194,0
