cell,size,control,draw,seq,omega_from_cache
main/E_lab/code_leaning_hard/D_code/tau0.1/ones/incl/k0/rG256,256,none,0,0,11.325652229475054
main/E_lab/code_leaning_hard/D_code/tau0.1/ones/incl/k0/rG256,256,none,0,1,16.6548843232149
main/E_lab/code_leaning_hard/D_code/tau0.1/ones/incl/k0/rG256,256,none,0,2,15.25467499836941
main/E_lab/code_leaning_hard/D_code/tau0.1/ones/incl/k0/rG256,256,none,0,3,14.002812653352521
main/E_lab/code_leaning_hard/D_code/tau0.1/ones/incl/k0/rG256,256,none,0,4,12.802842579631942
main/E_lab/code_leaning_hard/D_code/tau0.1/ones/incl/k0/rG256,256,none,0,5,9.871159533036916
main/E_lab/code_leaning_hard/D_code/tau0.1/ones/incl/k0/rG256,256,none,0,6,6.074391208463567
main/E_lab/code_leaning_hard/D_code/tau0.1/ones/incl/k0/rG256,256,none,0,7,11.357910481192448
main/E_lab/code_leaning_hard/D_code/tau0.1/ones/incl/k0/rG256,256,none,0,8,3.161656736939676
main/E_lab/code_leaning_hard/D_code/tau0.1/ones/incl/k0/rG256,256,none,0,9,7.567466852097823
main/E_lab/code_leaning_hard/D_code/tau0.1/ones/incl/k0/rG256,256,none,0,10,15.162222576820113
main/E_lab/code_leaning_hard/D_code/tau0.1/ones/incl/k0/rG256,256,none,0,11,15.52642851805308
main/E_lab/code_leaning_hard/D_code/tau0.1/ones/incl/k0/rG256,256,none,0,12,16.463310059997752
main/E_lab/code_leaning_hard/D_code/tau0.1/ones/incl/k0/rG256,256,none,0,13,15.518029967604889
main/E_lab/code_leaning_hard/D_code/tau0.1/ones/incl/k0/rG256,256,none,0,14,15.25279666410188
main/E_lab/code_leaning_hard/D_code/tau0.1/ones/incl/k0/rG256,256,none,0,15,16.977619219855114
main/E_lab/code_leaning_hard/D_code/tau0.1/ones/incl/k0/rG256,256,none,0,16,16.51180278000129
main/E_lab/code_leaning_hard/D_code/tau0.1/ones/incl/k0/rG256,256,none,0,17,15.169947739118925
main/E_lab/code_leaning_hard/D_code/tau0.1/ones/incl/k0/rG256,256,none,0,18,14.985486552256702
main/E_lab/code_leaning_hard/D_code/tau0.1/ones/incl/k0/rG256,256,none,0,19,15.493325137917964
main/E_lab/code_leaning_hard/D_code/tau0.1/ones/incl/k0/rG256,256,none,0,20,13.977973292491242
main/E_lab/code_leaning_hard/D_code/tau0.1/ones/incl/k0/rG256,256,none,0,21,14.593500602218228
main/E_lab/code_leaning_hard/D_code/tau0.1/ones/incl/k0/rG256,256,none,0,22,15.257640900832712
main/E_lab/code_leaning_hard/D_code/tau0.1/ones/incl/k0/rG256,256,none,0,23,14.968294870721365
main/E_lab/code_leaning_hard/D_code/tau0.1/ones/incl/k0/rG256,256,none,0,24,15.875243907137701
main/E_lab/code_leaning_hard/D_code/tau0.1/ones/incl/k0/rG256,256,none,0,25,15.12413467644376
main/E_lab/code_leaning_hard/D_code/tau0.1/ones/incl/k0/rG256,256,none,0,26,9.64186316878886
main/E_lab/code_leaning_hard/D_code/tau0.1/ones/incl/k0/rG256,256,none,0,27,4.552734210921699
main/E_lab/code_leaning_hard/D_code/tau0.1/ones/incl/k0/rG256,256,none,0,28,12.965687075904498
main/E_lab/code_leaning_hard/D_code/tau0.1/ones/incl/k0/rG256,256,none,0,29,13.276784700537974
main/E_lab/code_leaning_hard/D_code/tau0.1/ones/incl/k0/rG256,256,none,0,30,14.106682103459207
main/E_lab/code_leaning_hard/D_code/tau0.1/ones/incl/k0/rG256,256,none,0,31,11.857892933313224
main/E_lab/code_leaning_hard/D_code/tau0.1/ones/incl/k0/rG256,256,none,0,32,12.688376283325852
main/E_lab/code_leaning_hard/D_code/tau0.1/ones/incl/k0/rG256,256,none,0,33,10.20452306823654
main/E_lab/code_leaning_hard/D_code/tau0.1/ones/incl/k0/rG256,256,none,0,34,8.196359665743785
main/E_lab/code_leaning_hard/D_code/tau0.1/ones/incl/k0/rG256,256,none,0,35,12.578962616717945
main/E_lab/code_leaning_hard/D_code/tau0.1/ones/incl/k0/rG256,256,none,0,36,10.167525700839633
main/E_lab/code_leaning_hard/D_code/tau0.1/ones/incl/k0/rG256,256,none,0,37,15.855523734507642
main/E_lab/code_leaning_hard/D_code/tau0.1/ones/incl/k0/rG256,256,none,0,38,9.709224988034293
main/E_lab/code_leaning_hard/D_code/tau0.1/ones/incl/k0/rG256,256,none,0,39,2.05556771992633
main/E_lab/code_leaning_hard/D_code/tau0.1/ones/incl/k0/rG256,256,none,0,40,1.8711434060187457
main/E_lab/code_leaning_hard/D_code/tau0.1/ones/incl/k0/rG256,256,none,0,41,1.9666414237308345
main/E_lab/code_leaning_hard/D_code/tau0.1/ones/incl/k0/rG256,256,none,0,42,7.412301602907519
main/E_lab/code_leaning_hard/D_code/tau0.1/ones/incl/k0/rG256,256,none,0,43,11.077501251643184
main/E_lab/code_leaning_hard/D_code/tau0.1/ones/incl/k0/rG256,256,none,0,44,10.505729817368092
main/E_lab/code_leaning_hard/D_code/tau0.1/ones/incl/k0/rG256,256,none,0,45,10.872785381972676
main/E_lab/code_leaning_hard/D_code/tau0.1/ones/incl/k0/rG256,256,none,0,46,9.790538186343838
main/E_lab/code_leaning_hard/D_code/tau0.1/ones/incl/k0/rG256,256,none,0,47,10.896602165655622
main/E_lab/code_leaning_hard/D_code/tau0.1/ones/incl/k0/rG256,256,none,0,48,12.384854708803687
main/E_lab/code_leaning_hard/D_code/tau0.1/ones/incl/k0/rG256,256,none,0,49,11.345929639559472
main/E_lab/code_leaning_hard/D_code/tau0.1/ones/incl/k0/rG256,256,none,0,50,9.606484033484776
main/E_lab/code_leaning_hard/D_code/tau0.1/ones/incl/k0/rG256,256,none,0,51,6.914107505272568
main/E_lab/code_leaning_hard/D_code/tau0.1/ones/incl/k0/rG256,256,none,0,52,12.131017704228384
main/E_lab/code_leaning_hard/D_code/tau0.1/ones/incl/k0/rG256,256,none,0,53,9.96248360257232
main/E_lab/code_leaning_hard/D_code/tau0.1/ones/incl/k0/rG256,256,none,0,54,13.204010775025381
main/E_lab/code_leaning_hard/D_code/tau0.1/ones/incl/k0/rG256,256,none,0,55,12.448424847370916
main/E_lab/code_leaning_hard/D_code/tau0.1/ones/incl/k0/rG256,256,none,0,56,14.076251838983353
main/E_lab/code_leaning_hard/D_code/tau0.1/ones/incl/k0/rG256,256,none,0,57,12.434499942151888
main/E_lab/code_leaning_hard/D_code/tau0.1/ones/incl/k0/rG256,256,none,0,58,15.03281966911618
main/E_lab/code_leaning_hard/D_code/tau0.1/ones/incl/k0/rG256,256,none,0,59,14.57277589074738
main/E_lab/code_leaning_hard/D_code/tau0.1/ones/incl/k0/rG256,256,none,0,60,10.926661320775565
main/E_lab/code_leaning_hard/D_code/tau0.1/ones/incl/k0/rG256,256,none,0,61,13.80038752775772
main/E_lab/code_leaning_hard/D_code/tau0.1/ones/incl/k0/rG256,256,none,0,62,13.446810391797953
main/E_lab/code_leaning_hard/D_code/tau0.1/ones/incl/k0/rG256,256,none,0,63,14.674031122756787
main/E_lab/code_leaning_hard/D_code/tau0.1/ones/incl/k0/rG256,256,none,0,64,11.767426611042993
main/E_lab/code_leaning_hard/D_code/tau0.1/ones/incl/k0/rG256,256,none,0,65,11.618458207623007
main/E_lab/code_leaning_hard/D_code/tau0.1/ones/incl/k0/rG256,256,none,0,66,5.492056692726692
main/E_lab/code_leaning_hard/D_code/tau0.1/ones/incl/k0/rG256,256,none,0,67,4.472855567414626
main/E_lab/code_leaning_hard/D_code/tau0.1/ones/incl/k0/rG256,256,none,0,68,4.365887659150758
main/E_lab/code_leaning_hard/D_code/tau0.1/ones/incl/k0/rG256,256,none,0,69,6.956392122236593
main/E_lab/code_leaning_hard/D_code/tau0.1/ones/incl/k0/rG256,256,none,0,70,0.1302557536509994
main/E_lab/code_leaning_hard/D_code/tau0.1/ones/incl/k0/rG256,256,none,0,71,0.050117257931105996
main/E_lab/code_leaning_hard/D_code/tau0.1/ones/incl/k0/rG256,256,none,0,72,0.15073931449114752
main/E_lab/code_leaning_hard/D_code/tau0.1/ones/incl/k0/rG256,256,none,0,73,0.20821633001787632
main/E_lab/code_leaning_hard/D_code/tau0.1/ones/incl/k0/rG256,256,none,0,74,0.7309960424640849
main/E_lab/code_leaning_hard/D_code/tau0.1/ones/incl/k0/rG256,256,none,0,75,0.21029820818330336
main/E_lab/code_leaning_hard/D_code/tau0.1/ones/incl/k0/rG256,256,none,0,76,0.4242088267942563
main/E_lab/code_leaning_hard/D_code/tau0.1/ones/incl/k0/rG256,256,none,0,77,0.05497312948114086
main/E_lab/code_leaning_hard/D_code/tau0.1/ones/incl/k0/rG256,256,none,0,78,0.34458628725133167
main/E_lab/code_leaning_hard/D_code/tau0.1/ones/incl/k0/rG256,256,none,0,79,0.8303524169932643
main/E_lab/code_leaning_hard/D_code/tau0.1/ones/incl/k0/rG256,256,none,0,80,0.06146515254476981
main/E_lab/code_leaning_hard/D_code/tau0.1/ones/incl/k0/rG256,256,none,0,81,0.32001524092584077
main/E_lab/code_leaning_hard/D_code/tau0.1/ones/incl/k0/rG256,256,none,0,82,0.02068544725807442
main/E_lab/code_leaning_hard/D_code/tau0.1/ones/incl/k0/rG256,256,none,0,83,0.04670892397007265
main/E_lab/code_leaning_hard/D_code/tau0.1/ones/incl/k0/rG256,256,none,0,84,0.05673574484899291
main/E_lab/code_leaning_hard/D_code/tau0.1/ones/incl/k0/rG256,256,none,0,85,0.09858789963800518
main/E_lab/code_leaning_hard/D_code/tau0.1/ones/incl/k0/rG256,256,none,0,86,0.10322225606614666
main/E_lab/code_leaning_hard/D_code/tau0.1/ones/incl/k0/rG256,256,none,0,87,0.04780216626750189
main/E_lab/code_leaning_hard/D_code/tau0.1/ones/incl/k0/rG256,256,none,0,88,0.08797193418831739
main/E_lab/code_leaning_hard/D_code/tau0.1/ones/incl/k0/rG256,256,none,0,89,8.23722653852019
main/E_lab/code_leaning_hard/D_code/tau0.1/ones/incl/k0/rG256,256,none,0,90,11.87276818881719
main/E_lab/code_leaning_hard/D_code/tau0.1/ones/incl/k0/rG256,256,none,0,91,9.12921417645066
main/E_lab/code_leaning_hard/D_code/tau0.1/ones/incl/k0/rG256,256,none,0,92,6.184174460486247
main/E_lab/code_leaning_hard/D_code/tau0.1/ones/incl/k0/rG256,256,none,0,93,6.073169928523384
main/E_lab/code_leaning_hard/D_code/tau0.1/ones/incl/k0/rG256,256,none,0,94,13.470249346132732
main/E_lab/code_leaning_hard/D_code/tau0.1/ones/incl/k0/rG256,256,none,0,95,13.79075034365053
main/E_lab/code_leaning_hard/D_code/tau0.1/ones/incl/k0/rG256,256,none,0,96,13.474461609464925
main/E_lab/code_leaning_hard/D_code/tau0.1/ones/incl/k0/rG256,256,none,0,97,13.835980012764708
main/E_lab/code_leaning_hard/D_code/tau0.1/ones/incl/k0/rG256,256,none,0,98,12.035060055344275
main/E_lab/code_leaning_hard/D_code/tau0.1/ones/incl/k0/rG256,256,none,0,99,13.636477287985144
main/E_lab/code_leaning_hard/D_code/tau0.1/ones/incl/k0/rG256,256,none,0,100,12.835630722668611
main/E_lab/code_leaning_hard/D_code/tau0.1/ones/incl/k0/rG256,256,none,0,101,13.566420106450096
main/E_lab/code_leaning_hard/D_code/tau0.1/ones/incl/k0/rG256,256,none,0,102,12.12401276824744
main/E_lab/code_leaning_hard/D_code/tau0.1/ones/incl/k0/rG256,256,none,0,103,11.978872221442316
main/E_lab/code_leaning_hard/D_code/tau0.1/ones/incl/k0/rG256,256,none,0,104,13.177851163997275
main/E_lab/code_leaning_hard/D_code/tau0.1/ones/incl/k0/rG256,256,none,0,105,10.192009910083016
main/E_lab/code_leaning_hard/D_code/tau0.1/ones/incl/k0/rG256,256,none,0,106,7.8813520990752295
main/E_lab/code_leaning_hard/D_code/tau0.1/ones/incl/k0/rG256,256,none,0,107,10.395397691797598
main/E_lab/code_leaning_hard/D_code/tau0.1/ones/incl/k0/rG256,256,none,0,108,10.662145755256006
main/E_lab/code_leaning_hard/D_code/tau0.1/ones/incl/k0/rG256,256,none,0,109,10.144268597658538
main/E_lab/code_leaning_hard/D_code/tau0.1/ones/incl/k0/rG256,256,none,0,110,9.714261265974528
main/E_lab/code_leaning_hard/D_code/tau0.1/ones/incl/k0/rG256,256,none,0,111,10.018004797355388
main/E_lab/code_leaning_hard/D_code/tau0.1/ones/incl/k0/rG256,256,none,0,112,11.60263827000972
main/E_lab/code_leaning_hard/D_code/tau0.1/ones/incl/k0/rG256,256,none,0,113,9.47010345648232
main/E_lab/code_leaning_hard/D_code/tau0.1/ones/incl/k0/rG256,256,none,0,114,11.268215722392142
main/E_lab/code_leaning_hard/D_code/tau0.1/ones/incl/k0/rG256,256,none,0,115,9.433600815640602
main/E_lab/code_leaning_hard/D_code/tau0.1/ones/incl/k0/rG256,256,none,0,116,15.080319325256369
main/E_lab/code_leaning_hard/D_code/tau0.1/ones/incl/k0/rG256,256,none,0,117,14.144921778470234
main/E_lab/code_leaning_hard/D_code/tau0.1/ones/incl/k0/rG256,256,none,0,118,15.111976550611871
main/E_lab/code_leaning_hard/D_code/tau0.1/ones/incl/k0/rG256,256,none,0,119,10.268262630635945
main/E_lab/code_leaning_hard/D_code/tau0.1/ones/incl/k0/rG256,256,none,0,120,11.736604409964798
main/E_lab/code_leaning_hard/D_code/tau0.1/ones/incl/k0/rG256,256,none,0,121,9.58644764045448
main/E_lab/code_leaning_hard/D_code/tau0.1/ones/incl/k0/rG256,256,none,0,122,8.16921530702075
main/E_lab/code_leaning_hard/D_code/tau0.1/ones/incl/k0/rG256,256,none,0,123,3.1889833720697425
main/E_lab/code_leaning_hard/D_code/tau0.1/ones/incl/k0/rG256,256,none,0,124,5.934015813884798
main/E_lab/code_leaning_hard/D_code/tau0.1/ones/incl/k0/rG256,256,none,0,125,12.482902378214476
main/E_lab/code_leaning_hard/D_code/tau0.1/ones/incl/k0/rG256,256,none,0,126,11.567283286929978
main/E_lab/code_leaning_hard/D_code/tau0.1/ones/incl/k0/rG256,256,none,0,127,9.87455156651913
main/E_lab/code_leaning_hard/D_code/tau0.1/ones/incl/k0/rG256,256,none,0,128,10.917707641857305
main/E_lab/code_leaning_hard/D_code/tau0.1/ones/incl/k0/rG256,256,none,0,129,9.988729593605967
main/E_lab/code_leaning_hard/D_code/tau0.1/ones/incl/k0/rG256,256,none,0,130,13.208316712288706
main/E_lab/code_leaning_hard/D_code/tau0.1/ones/incl/k0/rG256,256,none,0,131,9.628602298772194
main/E_lab/code_leaning_hard/D_code/tau0.1/ones/incl/k0/rG256,256,none,0,132,9.607368055915686
main/E_lab/code_leaning_hard/D_code/tau0.1/ones/incl/k0/rG256,256,none,0,133,7.3623650595488925
main/E_lab/code_leaning_hard/D_code/tau0.1/ones/incl/k0/rG256,256,none,0,134,5.368275099202037
main/E_lab/code_leaning_hard/D_code/tau0.1/ones/incl/k0/rG256,256,none,0,135,4.350425402981273
main/E_lab/code_leaning_hard/D_code/tau0.1/ones/incl/k0/rG256,256,none,0,136,4.8559774164987175
main/E_lab/code_leaning_hard/D_code/tau0.1/ones/incl/k0/rG256,256,none,0,137,9.688249218599594
main/E_lab/code_leaning_hard/D_code/tau0.1/ones/incl/k0/rG256,256,none,0,138,10.763841749952917
main/E_lab/code_leaning_hard/D_code/tau0.1/ones/incl/k0/rG256,256,none,0,139,10.29343656473884
main/E_lab/code_leaning_hard/D_code/tau0.1/ones/incl/k0/rG256,256,none,0,140,8.922704986025906
main/E_lab/code_leaning_hard/D_code/tau0.1/ones/incl/k0/rG256,256,none,0,141,13.003035745426587
main/E_lab/code_leaning_hard/D_code/tau0.1/ones/incl/k0/rG256,256,none,0,142,7.410982383255032
main/E_lab/code_leaning_hard/D_code/tau0.1/ones/incl/k0/rG256,256,none,0,143,7.807428875748883
main/E_lab/code_leaning_hard/D_code/tau0.1/ones/incl/k0/rG256,256,none,0,144,7.680286921461175
main/E_lab/code_leaning_hard/D_code/tau0.1/ones/incl/k0/rG256,256,none,0,145,7.60875321072308
main/E_lab/code_leaning_hard/D_code/tau0.1/ones/incl/k0/rG256,256,none,0,146,7.225959544742182
main/E_lab/code_leaning_hard/D_code/tau0.1/ones/incl/k0/rG256,256,none,0,147,9.146482246378127
main/E_lab/code_leaning_hard/D_code/tau0.1/ones/incl/k0/rG256,256,none,0,148,0.9569436870151549
main/E_lab/code_leaning_hard/D_code/tau0.1/ones/incl/k0/rG256,256,none,0,149,0.7621528839317762
main/E_lab/code_leaning_hard/D_code/tau0.1/ones/incl/k0/rG256,256,none,0,150,0.8253145584867525
main/E_lab/code_leaning_hard/D_code/tau0.1/ones/incl/k0/rG256,256,none,0,151,0.17650489114794254
main/E_lab/code_leaning_hard/D_code/tau0.1/ones/incl/k0/rG256,256,none,0,152,0.21548088699364598
main/E_lab/code_leaning_hard/D_code/tau0.1/ones/incl/k0/rG256,256,none,0,153,1.0760700283462938
main/E_lab/code_leaning_hard/D_code/tau0.1/ones/incl/k0/rG256,256,none,0,154,0.3347016181696745
main/E_lab/code_leaning_hard/D_code/tau0.1/ones/incl/k0/rG256,256,none,0,155,0.09658901631337358
main/E_lab/code_leaning_hard/D_code/tau0.1/ones/incl/k0/rG256,256,none,0,156,0.6495784011867727
main/E_lab/code_leaning_hard/D_code/tau0.1/ones/incl/k0/rG256,256,none,0,157,0.8270739839244925
main/E_lab/code_leaning_hard/D_code/tau0.1/ones/incl/k0/rG256,256,none,0,158,8.22111302752819
main/E_lab/code_leaning_hard/D_code/tau0.1/ones/incl/k0/rG256,256,none,0,159,8.568029734412903
main/E_lab/code_leaning_hard/D_code/tau0.1/ones/incl/k0/rG256,256,none,0,160,5.270564545709476
main/E_lab/code_leaning_hard/D_code/tau0.1/ones/incl/k0/rG256,256,none,0,161,9.51606541331148
main/E_lab/code_leaning_hard/D_code/tau0.1/ones/incl/k0/rG256,256,none,0,162,9.363316715572182
main/E_lab/code_leaning_hard/D_code/tau0.1/ones/incl/k0/rG256,256,none,0,163,7.925531634992694
main/E_lab/code_leaning_hard/D_code/tau0.1/ones/incl/k0/rG256,256,none,0,164,6.449759097391507
main/E_lab/code_leaning_hard/D_code/tau0.1/ones/incl/k0/rG256,256,none,0,165,6.526574302715744
main/E_lab/code_leaning_hard/D_code/tau0.1/ones/incl/k0/rG256,256,none,0,166,6.868733131599583
main/E_lab/code_leaning_hard/D_code/tau0.1/ones/incl/k0/rG256,256,none,0,167,6.589265174664433
main/E_lab/code_leaning_hard/D_code/tau0.1/ones/incl/k0/rG256,256,none,0,168,7.701417177341682
main/E_lab/code_leaning_hard/D_code/tau0.1/ones/incl/k0/rG256,256,none,0,169,7.892847977385827
main/E_lab/code_leaning_hard/D_code/tau0.1/ones/incl/k0/rG256,256,none,0,170,7.274091856560517
main/E_lab/code_leaning_hard/D_code/tau0.1/ones/incl/k0/rG256,256,none,0,171,8.964399197778903
main/E_lab/code_leaning_hard/D_code/tau0.1/ones/incl/k0/rG256,256,none,0,172,10.230464920003215
main/E_lab/code_leaning_hard/D_code/tau0.1/ones/incl/k0/rG256,256,none,0,173,10.485164119247202
main/E_lab/code_leaning_hard/D_code/tau0.1/ones/incl/k0/rG256,256,none,0,174,4.4090100177982094
main/E_lab/code_leaning_hard/D_code/tau0.1/ones/incl/k0/rG256,256,none,0,175,5.619888007685404
main/E_lab/code_leaning_hard/D_code/tau0.1/ones/incl/k0/rG256,256,none,0,176,9.067916802965783
main/E_lab/code_leaning_hard/D_code/tau0.1/ones/incl/k0/rG256,256,none,0,177,5.293655487193064
main/E_lab/code_leaning_hard/D_code/tau0.1/ones/incl/k0/rG256,256,none,0,178,7.3256898255322085
main/E_lab/code_leaning_hard/D_code/tau0.1/ones/incl/k0/rG256,256,none,0,179,9.950995760546903
main/E_lab/code_leaning_hard/D_code/tau0.1/ones/incl/k0/rG256,256,none,0,180,12.509161964552732
main/E_lab/code_leaning_hard/D_code/tau0.1/ones/incl/k0/rG256,256,none,0,181,13.296003030447082
main/E_lab/code_leaning_hard/D_code/tau0.1/ones/incl/k0/rG256,256,none,0,182,11.283536099033881
main/E_lab/code_leaning_hard/D_code/tau0.1/ones/incl/k0/rG256,256,none,0,183,12.228183976982905
main/E_lab/code_leaning_hard/D_code/tau0.1/ones/incl/k0/rG256,256,none,0,184,11.552741321362191
main/E_lab/code_leaning_hard/D_code/tau0.1/ones/incl/k0/rG256,256,none,0,185,6.367129123281302
main/E_lab/code_leaning_hard/D_code/tau0.1/ones/incl/k0/rG256,256,none,0,186,8.36996503238288
main/E_lab/code_leaning_hard/D_code/tau0.1/ones/incl/k0/rG256,256,none,0,187,9.086104202186107
main/E_lab/code_leaning_hard/D_code/tau0.1/ones/incl/k0/rG256,256,none,0,188,8.63040470181295
main/E_lab/code_leaning_hard/D_code/tau0.1/ones/incl/k0/rG256,256,none,0,189,7.447312448534376
main/E_lab/code_leaning_hard/D_code/tau0.1/ones/incl/k0/rG256,256,none,0,190,7.190144028561463
main/E_lab/code_leaning_hard/D_code/tau0.1/ones/incl/k0/rG256,256,none,0,191,11.792856399954871
main/E_lab/code_leaning_hard/D_code/tau0.1/ones/incl/k0/rG256,256,none,0,192,16.959218451125707
main/E_lab/code_leaning_hard/D_code/tau0.1/ones/incl/k0/rG256,256,none,0,193,10.928013074624687
main/E_lab/code_leaning_hard/D_code/tau0.1/ones/incl/k0/rG256,256,none,0,194,12.387071851824658
main/E_lab/code_leaning_hard/D_code/tau0.1/ones/incl/k0/rG256,256,none,0,195,13.76566911532882
main/E_lab/code_leaning_hard/D_code/tau0.1/ones/incl/k0/rG256,256,none,0,196,15.26885105184374
main/E_lab/code_leaning_hard/D_code/tau0.1/ones/incl/k0/rG256,256,none,0,197,13.959695989867214
main/E_lab/code_leaning_hard/D_code/tau0.1/ones/incl/k0/rG256,256,none,0,198,14.897334261827382
main/E_lab/code_leaning_hard/D_code/tau0.1/ones/incl/k0/rG256,256,none,0,199,10.781285273563185
main/E_lab/code_leaning_hard/D_code/tau0.1/ones/incl/k0/rG256,256,none,0,200,7.532615812228869
main/E_lab/code_leaning_hard/D_code/tau0.1/ones/incl/k0/rG256,256,none,0,201,8.383198136963074
main/E_lab/code_leaning_hard/D_code/tau0.1/ones/incl/k0/rG256,256,none,0,202,10.264672730091661
main/E_lab/code_leaning_hard/D_code/tau0.1/ones/incl/k0/rG256,256,none,0,203,12.106972208795696
main/E_lab/code_leaning_hard/D_code/tau0.1/ones/incl/k0/rG256,256,none,0,204,12.765792312920894
main/E_lab/code_leaning_hard/D_code/tau0.1/ones/incl/k0/rG256,256,none,0,205,12.971573051124892
main/E_lab/code_leaning_hard/D_code/tau0.1/ones/incl/k0/rG256,256,none,0,206,14.6699254578416
main/E_lab/code_leaning_hard/D_code/tau0.1/ones/incl/k0/rG256,256,none,0,207,14.877248228640383
main/E_lab/code_leaning_hard/D_code/tau0.1/ones/incl/k0/rG256,256,none,0,208,14.239486662729178
main/E_lab/code_leaning_hard/D_code/tau0.1/ones/incl/k0/rG256,256,none,0,209,12.802100359802353
main/E_lab/code_leaning_hard/D_code/tau0.1/ones/incl/k0/rG256,256,none,0,210,2.357196066970573
main/E_lab/code_leaning_hard/D_code/tau0.1/ones/incl/k0/rG256,256,none,0,211,2.062795156985885
main/E_lab/code_leaning_hard/D_code/tau0.1/ones/incl/k0/rG256,256,none,0,212,4.305152743626309
main/E_lab/code_leaning_hard/D_code/tau0.1/ones/incl/k0/rG256,256,none,0,213,15.78432476290368
main/E_lab/code_leaning_hard/D_code/tau0.1/ones/incl/k0/rG256,256,none,0,214,11.918184223662365
main/E_lab/code_leaning_hard/D_code/tau0.1/ones/incl/k0/rG256,256,none,0,215,6.858702170692595
main/E_lab/code_leaning_hard/D_code/tau0.1/ones/incl/k0/rG256,256,none,0,216,3.770059734401457
main/E_lab/code_leaning_hard/D_code/tau0.1/ones/incl/k0/rG256,256,none,0,217,4.651386568053567
main/E_lab/code_leaning_hard/D_code/tau0.1/ones/incl/k0/rG256,256,none,0,218,4.818591158738855
main/E_lab/code_leaning_hard/D_code/tau0.1/ones/incl/k0/rG256,256,none,0,219,4.377163453656522
main/E_lab/code_leaning_hard/D_code/tau0.1/ones/incl/k0/rG256,256,none,0,220,3.4151808045135112
main/E_lab/code_leaning_hard/D_code/tau0.1/ones/incl/k0/rG256,256,none,0,221,4.3214178993985115
main/E_lab/code_leaning_hard/D_code/tau0.1/ones/incl/k0/rG256,256,none,0,222,7.854395976693922
main/E_lab/code_leaning_hard/D_code/tau0.1/ones/incl/k0/rG256,256,none,0,223,7.33483627636906
main/E_lab/code_leaning_hard/D_code/tau0.1/ones/incl/k0/rG256,256,none,0,224,12.662881894070779
main/E_lab/code_leaning_hard/D_code/tau0.1/ones/incl/k0/rG256,256,none,0,225,0.4260631927900249
main/E_lab/code_leaning_hard/D_code/tau0.1/ones/incl/k0/rG256,256,none,0,226,5.515259744536024
main/E_lab/code_leaning_hard/D_code/tau0.1/ones/incl/k0/rG256,256,none,0,227,7.96458809624346
main/E_lab/code_leaning_hard/D_code/tau0.1/ones/incl/k0/rG256,256,none,0,228,8.677378525332188
main/E_lab/code_leaning_hard/D_code/tau0.1/ones/incl/k0/rG256,256,none,0,229,9.57077994421843
main/E_lab/code_leaning_hard/D_code/tau0.1/ones/incl/k0/rG256,256,none,0,230,9.916052125874558
main/E_lab/code_leaning_hard/D_code/tau0.1/ones/incl/k0/rG256,256,none,0,231,9.809550287424827
main/E_lab/code_leaning_hard/D_code/tau0.1/ones/incl/k0/rG256,256,none,0,232,11.066252315111342
main/E_lab/code_leaning_hard/D_code/tau0.1/ones/incl/k0/rG256,256,none,0,233,8.289775401992756
main/E_lab/code_leaning_hard/D_code/tau0.1/ones/incl/k0/rG256,256,none,0,234,4.787454112394698
main/E_lab/code_leaning_hard/D_code/tau0.1/ones/incl/k0/rG256,256,none,0,235,0.7067798713633238
main/E_lab/code_leaning_hard/D_code/tau0.1/ones/incl/k0/rG256,256,none,0,236,4.294805425427057
main/E_lab/code_leaning_hard/D_code/tau0.1/ones/incl/k0/rG256,256,none,0,237,5.6630001856351555
main/E_lab/code_leaning_hard/D_code/tau0.1/ones/incl/k0/rG256,256,none,0,238,10.663622615588793
main/E_lab/code_leaning_hard/D_code/tau0.1/ones/incl/k0/rG256,256,none,0,239,13.160415217163063
main/E_lab/code_leaning_hard/D_code/tau0.1/ones/incl/k0/rG256,256,none,0,240,10.160655756083543
main/E_lab/code_leaning_hard/D_code/tau0.1/ones/incl/k0/rG256,256,none,0,241,9.394988191628727
main/E_lab/code_leaning_hard/D_code/tau0.1/ones/incl/k0/rG256,256,none,0,242,13.31776514341982
main/E_lab/code_leaning_hard/D_code/tau0.1/ones/incl/k0/rG256,256,none,0,243,9.4552589339537
main/E_lab/code_leaning_hard/D_code/tau0.1/ones/incl/k0/rG256,256,none,0,244,10.04777792937466
main/E_lab/code_leaning_hard/D_code/tau0.1/ones/incl/k0/rG256,256,none,0,245,12.909838696839529
main/E_lab/code_leaning_hard/D_code/tau0.1/ones/incl/k0/rG256,256,none,0,246,10.9599205727921
main/E_lab/code_leaning_hard/D_code/tau0.1/ones/incl/k0/rG256,256,none,0,247,11.242777771545661
main/E_lab/code_leaning_hard/D_code/tau0.1/ones/incl/k0/rG256,256,none,0,248,10.961988505490353
main/E_lab/code_leaning_hard/D_code/tau0.1/ones/incl/k0/rG256,256,none,0,249,8.752743546451256
main/E_lab/code_leaning_hard/D_code/tau0.1/ones/incl/k0/rG256,256,none,0,250,12.403817504591643
main/E_lab/code_leaning_hard/D_code/tau0.1/ones/incl/k0/rG256,256,none,0,251,11.146776639437121
main/E_lab/code_leaning_hard/D_code/tau0.1/ones/incl/k0/rG256,256,none,0,252,9.770483069185502
main/E_lab/code_leaning_hard/D_code/tau0.1/ones/incl/k0/rG256,256,none,0,253,12.319043403706928
main/E_lab/code_leaning_hard/D_code/tau0.1/ones/incl/k0/rG256,256,none,0,254,10.30365870485457
main/E_lab/code_leaning_hard/D_code/tau0.1/ones/incl/k0/rG256,256,none,0,255,10.221552219131468
main/E_lab/code_leaning_hard/D_code/tau0.1/ones/incl/k0/rG256,256,none,0,256,0.024996142154122936
main/E_lab/code_leaning_hard/D_code/tau0.1/ones/incl/k0/rG256,256,none,0,257,0.007440440902428236
main/E_lab/code_leaning_hard/D_code/tau0.1/ones/incl/k0/rG256,256,none,0,258,0.011605142901316867
main/E_lab/code_leaning_hard/D_code/tau0.1/ones/incl/k0/rG256,256,none,0,259,0.004817386850845651
main/E_lab/code_leaning_hard/D_code/tau0.1/ones/incl/k0/rG256,256,none,0,260,0.010772852973332192
main/E_lab/code_leaning_hard/D_code/tau0.1/ones/incl/k0/rG256,256,none,0,261,0.011505171915359824
main/E_lab/code_leaning_hard/D_code/tau0.1/ones/incl/k0/rG256,256,none,0,262,0.03386351365770679
main/E_lab/code_leaning_hard/D_code/tau0.1/ones/incl/k0/rG256,256,none,0,263,0.16360359184818662
main/E_lab/code_leaning_hard/D_code/tau0.1/ones/incl/k0/rG256,256,none,0,264,0.03502267314615892
main/E_lab/code_leaning_hard/D_code/tau0.1/ones/incl/k0/rG256,256,none,0,265,0.05634339673542854
main/E_lab/code_leaning_hard/D_code/tau0.1/ones/incl/k0/rG256,256,none,0,266,0.0025083536187366917
main/E_lab/code_leaning_hard/D_code/tau0.1/ones/incl/k0/rG256,256,none,0,267,0.047835807045885304
main/E_lab/code_leaning_hard/D_code/tau0.1/ones/incl/k0/rG256,256,none,0,268,0.00898631762174773
main/E_lab/code_leaning_hard/D_code/tau0.1/ones/incl/k0/rG256,256,none,0,269,0.016513698761627893
main/E_lab/code_leaning_hard/D_code/tau0.1/ones/incl/k0/rG256,256,none,0,270,0.00666254435236624
main/E_lab/code_leaning_hard/D_code/tau0.1/ones/incl/k0/rG256,256,none,0,271,0.01507254868874952
main/E_lab/code_leaning_hard/D_code/tau0.1/ones/incl/k0/rG256,256,none,0,272,0.011704837629622489
main/E_lab/code_leaning_hard/D_code/tau0.1/ones/incl/k0/rG256,256,none,0,273,0.0205080846499186
main/E_lab/code_leaning_hard/D_code/tau0.1/ones/incl/k0/rG256,256,none,0,274,0.024076867476651387
main/E_lab/code_leaning_hard/D_code/tau0.1/ones/incl/k0/rG256,256,none,0,275,0.03176326416360098
main/E_lab/code_leaning_hard/D_code/tau0.1/ones/incl/k0/rG256,256,none,0,276,0.02764207329346391
main/E_lab/code_leaning_hard/D_code/tau0.1/ones/incl/k0/rG256,256,none,0,277,0.0070325015594789875
main/E_lab/code_leaning_hard/D_code/tau0.1/ones/incl/k0/rG256,256,none,0,278,0.09284317549645493
main/E_lab/code_leaning_hard/D_code/tau0.1/ones/incl/k0/rG256,256,none,0,279,0.040522226455777854
main/E_lab/code_leaning_hard/D_code/tau0.1/ones/incl/k0/rG256,256,none,0,280,0.0058285939621782745
main/E_lab/code_leaning_hard/D_code/tau0.1/ones/incl/k0/rG256,256,none,0,281,0.008553911477065412
main/E_lab/code_leaning_hard/D_code/tau0.1/ones/incl/k0/rG256,256,none,0,282,0.02629955475913448
main/E_lab/code_leaning_hard/D_code/tau0.1/ones/incl/k0/rG256,256,none,0,283,0.08405738216060854
main/E_lab/code_leaning_hard/D_code/tau0.1/ones/incl/k0/rG256,256,none,0,284,0.008322259673150256
main/E_lab/code_leaning_hard/D_code/tau0.1/ones/incl/k0/rG256,256,none,0,285,0.07774571673860464
main/E_lab/code_leaning_hard/D_code/tau0.1/ones/incl/k0/rG256,256,none,0,286,0.026379221590104862
main/E_lab/code_leaning_hard/D_code/tau0.1/ones/incl/k0/rG256,256,none,0,287,0.034892064388259314
main/E_lab/code_leaning_hard/D_code/tau0.1/ones/incl/k0/rG256,256,none,0,288,0.05237405677235074
main/E_lab/code_leaning_hard/D_code/tau0.1/ones/incl/k0/rG256,256,none,0,289,0.05829166077910486
main/E_lab/code_leaning_hard/D_code/tau0.1/ones/incl/k0/rG256,256,none,0,290,0.04663909491500817
main/E_lab/code_leaning_hard/D_code/tau0.1/ones/incl/k0/rG256,256,none,0,291,0.1014448329260631
main/E_lab/code_leaning_hard/D_code/tau0.1/ones/incl/k0/rG256,256,none,0,292,0.02364412264978455
main/E_lab/code_leaning_hard/D_code/tau0.1/ones/incl/k0/rG256,256,none,0,293,0.025409501372450904
main/E_lab/code_leaning_hard/D_code/tau0.1/ones/incl/k0/rG256,256,none,0,294,0.04179663750164764
main/E_lab/code_leaning_hard/D_code/tau0.1/ones/incl/k0/rG256,256,none,0,295,0.04496460813061276
main/E_lab/code_leaning_hard/D_code/tau0.1/ones/incl/k0/rG256,256,none,0,296,0.029608586548420135
main/E_lab/code_leaning_hard/D_code/tau0.1/ones/incl/k0/rG256,256,none,0,297,0.010822802090842742
main/E_lab/code_leaning_hard/D_code/tau0.1/ones/incl/k0/rG256,256,none,0,298,0.08934434214097564
main/E_lab/code_leaning_hard/D_code/tau0.1/ones/incl/k0/rG256,256,none,0,299,0.019029433708055876
main/E_lab/code_leaning_hard/D_code/tau0.1/ones/incl/k0/rG256,256,none,0,300,0.008067233240581118
main/E_lab/code_leaning_hard/D_code/tau0.1/ones/incl/k0/rG256,256,none,0,301,0.004622291746272822
main/E_lab/code_leaning_hard/D_code/tau0.1/ones/incl/k0/rG256,256,none,0,302,0.014556911031831987
main/E_lab/code_leaning_hard/D_code/tau0.1/ones/incl/k0/rG256,256,none,0,303,0.025060280396246526
main/E_lab/code_leaning_hard/D_code/tau0.1/ones/incl/k0/rG256,256,none,0,304,0.0011924097823339252
main/E_lab/code_leaning_hard/D_code/tau0.1/ones/incl/k0/rG256,256,none,0,305,0.005291742974804947
main/E_lab/code_leaning_hard/D_code/tau0.1/ones/incl/k0/rG256,256,none,0,306,0.028142168854174088
main/E_lab/code_leaning_hard/D_code/tau0.1/ones/incl/k0/rG256,256,none,0,307,0.00925035241562
main/E_lab/code_leaning_hard/D_code/tau0.1/ones/incl/k0/rG256,256,none,0,308,0.025440169028115633
main/E_lab/code_leaning_hard/D_code/tau0.1/ones/incl/k0/rG256,256,none,0,309,0.0057210681079595815
main/E_lab/code_leaning_hard/D_code/tau0.1/ones/incl/k0/rG256,256,none,0,310,0.010449795575368626
main/E_lab/code_leaning_hard/D_code/tau0.1/ones/incl/k0/rG256,256,none,0,311,0.04683013418389237
main/E_lab/code_leaning_hard/D_code/tau0.1/ones/incl/k0/rG256,256,none,0,312,0.01101448354711465
main/E_lab/code_leaning_hard/D_code/tau0.1/ones/incl/k0/rG256,256,none,0,313,0.024668800744620967
main/E_lab/code_leaning_hard/D_code/tau0.1/ones/incl/k0/rG256,256,none,0,314,0.09303230194791468
main/E_lab/code_leaning_hard/D_code/tau0.1/ones/incl/k0/rG256,256,none,0,315,0.003880165170357941
main/E_lab/code_leaning_hard/D_code/tau0.1/ones/incl/k0/rG256,256,none,0,316,0.006951922921871301
main/E_lab/code_leaning_hard/D_code/tau0.1/ones/incl/k0/rG256,256,none,0,317,0.00420715880318312
main/E_lab/code_leaning_hard/D_code/tau0.1/ones/incl/k0/rG256,256,none,0,318,0.01693227316809498
main/E_lab/code_leaning_hard/D_code/tau0.1/ones/incl/k0/rG256,256,none,0,319,0.006912296910741134
main/E_lab/code_leaning_hard/D_code/tau0.1/ones/incl/k0/rG256,256,none,0,320,0.03405891617148882
main/E_lab/code_leaning_hard/D_code/tau0.1/ones/incl/k0/rG256,256,none,0,321,0.010865366549637656
main/E_lab/code_leaning_hard/D_code/tau0.1/ones/incl/k0/rG256,256,none,0,322,0.01277875984851562
main/E_lab/code_leaning_hard/D_code/tau0.1/ones/incl/k0/rG256,256,none,0,323,0.06728606923024927
main/E_lab/code_leaning_hard/D_code/tau0.1/ones/incl/k0/rG256,256,none,0,324,0.03696393041172996
main/E_lab/code_leaning_hard/D_code/tau0.1/ones/incl/k0/rG256,256,none,0,325,0.02324017289447511
main/E_lab/code_leaning_hard/D_code/tau0.1/ones/incl/k0/rG256,256,none,0,326,0.023414397834130796
main/E_lab/code_leaning_hard/D_code/tau0.1/ones/incl/k0/rG256,256,none,0,327,0.01024822219392263
main/E_lab/code_leaning_hard/D_code/tau0.1/ones/incl/k0/rG256,256,none,0,328,0.009102711897867266
main/E_lab/code_leaning_hard/D_code/tau0.1/ones/incl/k0/rG256,256,none,0,329,0.017416963743016822
main/E_lab/code_leaning_hard/D_code/tau0.1/ones/incl/k0/rG256,256,none,0,330,0.03792697872813733
main/E_lab/code_leaning_hard/D_code/tau0.1/ones/incl/k0/rG256,256,none,0,331,0.055714713873385335
main/E_lab/code_leaning_hard/D_code/tau0.1/ones/incl/k0/rG256,256,none,0,332,0.06978092183089757
main/E_lab/code_leaning_hard/D_code/tau0.1/ones/incl/k0/rG256,256,none,0,333,0.02180929600399395
main/E_lab/code_leaning_hard/D_code/tau0.1/ones/incl/k0/rG256,256,none,0,334,0.01617578439436329
main/E_lab/code_leaning_hard/D_code/tau0.1/ones/incl/k0/rG256,256,none,0,335,0.029999817510542925
main/E_lab/code_leaning_hard/D_code/tau0.1/ones/incl/k0/rG256,256,none,0,336,0.022407210963137913
main/E_lab/code_leaning_hard/D_code/tau0.1/ones/incl/k0/rG256,256,none,0,337,0.004794096923433244
main/E_lab/code_leaning_hard/D_code/tau0.1/ones/incl/k0/rG256,256,none,0,338,0.01690663271710946
main/E_lab/code_leaning_hard/D_code/tau0.1/ones/incl/k0/rG256,256,none,0,339,0.007927113552113951
main/E_lab/code_leaning_hard/D_code/tau0.1/ones/incl/k0/rG256,256,none,0,340,0.004343896514001244
main/E_lab/code_leaning_hard/D_code/tau0.1/ones/incl/k0/rG256,256,none,0,341,0.009600123013569828
main/E_lab/code_leaning_hard/D_code/tau0.1/ones/incl/k0/rG256,256,none,0,342,0.05200197051271971
main/E_lab/code_leaning_hard/D_code/tau0.1/ones/incl/k0/rG256,256,none,0,343,0.016302132627970423
main/E_lab/code_leaning_hard/D_code/tau0.1/ones/incl/k0/rG256,256,none,0,344,0.012200071009829117
main/E_lab/code_leaning_hard/D_code/tau0.1/ones/incl/k0/rG256,256,none,0,345,0.00913032346034015
main/E_lab/code_leaning_hard/D_code/tau0.1/ones/incl/k0/rG256,256,none,0,346,0.018082271733874222
main/E_lab/code_leaning_hard/D_code/tau0.1/ones/incl/k0/rG256,256,none,0,347,0.018776277804136043
main/E_lab/code_leaning_hard/D_code/tau0.1/ones/incl/k0/rG256,256,none,0,348,0.020205227546284732
main/E_lab/code_leaning_hard/D_code/tau0.1/ones/incl/k0/rG256,256,none,0,349,0.02298411617994134
main/E_lab/code_leaning_hard/D_code/tau0.1/ones/incl/k0/rG256,256,none,0,350,0.007359285669281235
main/E_lab/code_leaning_hard/D_code/tau0.1/ones/incl/k0/rG256,256,none,0,351,0.0038271055636869278
main/E_lab/code_leaning_hard/D_code/tau0.1/ones/incl/k0/rG256,256,none,0,352,2.2314033161441102
main/E_lab/code_leaning_hard/D_code/tau0.1/ones/incl/k0/rG256,256,none,0,353,0.29633703230229
main/E_lab/code_leaning_hard/D_code/tau0.1/ones/incl/k0/rG256,256,none,0,354,0.02677224115905119
main/E_lab/code_leaning_hard/D_code/tau0.1/ones/incl/k0/rG256,256,none,0,355,0.004047011492275487
main/E_lab/code_leaning_hard/D_code/tau0.1/ones/incl/k0/rG256,256,none,0,356,0.01442581966148282
main/E_lab/code_leaning_hard/D_code/tau0.1/ones/incl/k0/rG256,256,none,0,357,0.02639653489131888
main/E_lab/code_leaning_hard/D_code/tau0.1/ones/incl/k0/rG256,256,none,0,358,0.005880928445549216
main/E_lab/code_leaning_hard/D_code/tau0.1/ones/incl/k0/rG256,256,none,0,359,0.010828833930645487
main/E_lab/code_leaning_hard/D_code/tau0.1/ones/incl/k0/rG256,256,none,0,360,0.006269169040933775
main/E_lab/code_leaning_hard/D_code/tau0.1/ones/incl/k0/rG256,256,none,0,361,0.003810401974078559
main/E_lab/code_leaning_hard/D_code/tau0.1/ones/incl/k0/rG256,256,none,0,362,0.00803432643715496
main/E_lab/code_leaning_hard/D_code/tau0.1/ones/incl/k0/rG256,256,none,0,363,0.01896856708026462
main/E_lab/code_leaning_hard/D_code/tau0.1/ones/incl/k0/rG256,256,none,0,364,0.011346324263286078
main/E_lab/code_leaning_hard/D_code/tau0.1/ones/incl/k0/rG256,256,none,0,365,0.012647917694266653
main/E_lab/code_leaning_hard/D_code/tau0.1/ones/incl/k0/rG256,256,none,0,366,0.004273446015758964
main/E_lab/code_leaning_hard/D_code/tau0.1/ones/incl/k0/rG256,256,none,0,367,0.03212630637881375
main/E_lab/code_leaning_hard/D_code/tau0.1/ones/incl/k0/rG256,256,none,0,368,0.009152053160050855
main/E_lab/code_leaning_hard/D_code/tau0.1/ones/incl/k0/rG256,256,none,0,369,0.009312494126788806
main/E_lab/code_leaning_hard/D_code/tau0.1/ones/incl/k0/rG256,256,none,0,370,0.014919447810825659
main/E_lab/code_leaning_hard/D_code/tau0.1/ones/incl/k0/rG256,256,none,0,371,0.003007123192674044
main/E_lab/code_leaning_hard/D_code/tau0.1/ones/incl/k0/rG256,256,none,0,372,0.024058142422745732
main/E_lab/code_leaning_hard/D_code/tau0.1/ones/incl/k0/rG256,256,none,0,373,0.009461444215048687
main/E_lab/code_leaning_hard/D_code/tau0.1/ones/incl/k0/rG256,256,none,0,374,0.007249731284900918
main/E_lab/code_leaning_hard/D_code/tau0.1/ones/incl/k0/rG256,256,none,0,375,0.01701656473824187
main/E_lab/code_leaning_hard/D_code/tau0.1/ones/incl/k0/rG256,256,none,0,376,0.06323226908352808
main/E_lab/code_leaning_hard/D_code/tau0.1/ones/incl/k0/rG256,256,none,0,377,0.03155736474946025
main/E_lab/code_leaning_hard/D_code/tau0.1/ones/incl/k0/rG256,256,none,0,378,0.010881247738325328
main/E_lab/code_leaning_hard/D_code/tau0.1/ones/incl/k0/rG256,256,none,0,379,0.011830734574232338
main/E_lab/code_leaning_hard/D_code/tau0.1/ones/incl/k0/rG256,256,none,0,380,0.015078199080562626
main/E_lab/code_leaning_hard/D_code/tau0.1/ones/incl/k0/rG256,256,none,0,381,0.011009348509105621
main/E_lab/code_leaning_hard/D_code/tau0.1/ones/incl/k0/rG256,256,none,0,382,0.015469619786927069
main/E_lab/code_leaning_hard/D_code/tau0.1/ones/incl/k0/rG256,256,none,0,383,0.0032768432320153806
main/E_lab/code_leaning_hard/D_code/tau0.1/ones/incl/k0/rG256,256,none,0,384,0.09027563000501004
main/E_lab/code_leaning_hard/D_code/tau0.1/ones/incl/k0/rG256,256,none,0,385,6.775186086169924
main/E_lab/code_leaning_hard/D_code/tau0.1/ones/incl/k0/rG256,256,none,0,386,6.944821404430286
main/E_lab/code_leaning_hard/D_code/tau0.1/ones/incl/k0/rG256,256,none,0,387,5.629971189256139
main/E_lab/code_leaning_hard/D_code/tau0.1/ones/incl/k0/rG256,256,none,0,388,11.888279443048305
main/E_lab/code_leaning_hard/D_code/tau0.1/ones/incl/k0/rG256,256,none,0,389,7.445122894237102
main/E_lab/code_leaning_hard/D_code/tau0.1/ones/incl/k0/rG256,256,none,0,390,11.130970459795662
main/E_lab/code_leaning_hard/D_code/tau0.1/ones/incl/k0/rG256,256,none,0,391,12.551379495038418
main/E_lab/code_leaning_hard/D_code/tau0.1/ones/incl/k0/rG256,256,none,0,392,4.535615615121969
main/E_lab/code_leaning_hard/D_code/tau0.1/ones/incl/k0/rG256,256,none,0,393,5.183721238633552
main/E_lab/code_leaning_hard/D_code/tau0.1/ones/incl/k0/rG256,256,none,0,394,1.3043438254253488
main/E_lab/code_leaning_hard/D_code/tau0.1/ones/incl/k0/rG256,256,none,0,395,3.3842280563949316
main/E_lab/code_leaning_hard/D_code/tau0.1/ones/incl/k0/rG256,256,none,0,396,4.281195588838045
main/E_lab/code_leaning_hard/D_code/tau0.1/ones/incl/k0/rG256,256,none,0,397,5.2858533956095926
main/E_lab/code_leaning_hard/D_code/tau0.1/ones/incl/k0/rG256,256,none,0,398,3.151627626546542
main/E_lab/code_leaning_hard/D_code/tau0.1/ones/incl/k0/rG256,256,none,0,399,6.673708058690863
main/E_lab/code_leaning_hard/D_code/tau0.1/ones/incl/k0/rG256,256,none,0,400,10.603687828173406
main/E_lab/code_leaning_hard/D_code/tau0.1/ones/incl/k0/rG256,256,none,0,401,10.09699444202397
main/E_lab/code_leaning_hard/D_code/tau0.1/ones/incl/k0/rG256,256,none,0,402,5.544903020381298
main/E_lab/code_leaning_hard/D_code/tau0.1/ones/incl/k0/rG256,256,none,0,403,0.9738693860381318
main/E_lab/code_leaning_hard/D_code/tau0.1/ones/incl/k0/rG256,256,none,0,404,4.86225834353354
main/E_lab/code_leaning_hard/D_code/tau0.1/ones/incl/k0/rG256,256,none,0,405,1.0745050036421162
main/E_lab/code_leaning_hard/D_code/tau0.1/ones/incl/k0/rG256,256,none,0,406,5.156358652315703
main/E_lab/code_leaning_hard/D_code/tau0.1/ones/incl/k0/rG256,256,none,0,407,9.888039252166891
main/E_lab/code_leaning_hard/D_code/tau0.1/ones/incl/k0/rG256,256,none,0,408,8.126786903864968
main/E_lab/code_leaning_hard/D_code/tau0.1/ones/incl/k0/rG256,256,none,0,409,0.685376876896953
main/E_lab/code_leaning_hard/D_code/tau0.1/ones/incl/k0/rG256,256,none,0,410,6.467097771637782
main/E_lab/code_leaning_hard/D_code/tau0.1/ones/incl/k0/rG256,256,none,0,411,0.9075809798450791
main/E_lab/code_leaning_hard/D_code/tau0.1/ones/incl/k0/rG256,256,none,0,412,4.159784552332894
main/E_lab/code_leaning_hard/D_code/tau0.1/ones/incl/k0/rG256,256,none,0,413,4.832256388676342
main/E_lab/code_leaning_hard/D_code/tau0.1/ones/incl/k0/rG256,256,none,0,414,1.1231982145036454
main/E_lab/code_leaning_hard/D_code/tau0.1/ones/incl/k0/rG256,256,none,0,415,5.549714642269464
main/E_lab/code_leaning_hard/D_code/tau0.1/ones/incl/k0/rG256,256,none,0,416,5.338513855564088
main/E_lab/code_leaning_hard/D_code/tau0.1/ones/incl/k0/rG256,256,none,0,417,4.690746824586313
main/E_lab/code_leaning_hard/D_code/tau0.1/ones/incl/k0/rG256,256,none,0,418,5.136321594525725
main/E_lab/code_leaning_hard/D_code/tau0.1/ones/incl/k0/rG256,256,none,0,419,6.658615229677707
main/E_lab/code_leaning_hard/D_code/tau0.1/ones/incl/k0/rG256,256,none,0,420,2.76805640675002
main/E_lab/code_leaning_hard/D_code/tau0.1/ones/incl/k0/rG256,256,none,0,421,5.5510029465290245
main/E_lab/code_leaning_hard/D_code/tau0.1/ones/incl/k0/rG256,256,none,0,422,9.911222720995283
main/E_lab/code_leaning_hard/D_code/tau0.1/ones/incl/k0/rG256,256,none,0,423,5.547762630746547
main/E_lab/code_leaning_hard/D_code/tau0.1/ones/incl/k0/rG256,256,none,0,424,10.499169728160268
main/E_lab/code_leaning_hard/D_code/tau0.1/ones/incl/k0/rG256,256,none,0,425,9.090400294753636
main/E_lab/code_leaning_hard/D_code/tau0.1/ones/incl/k0/rG256,256,none,0,426,5.316135310911704
main/E_lab/code_leaning_hard/D_code/tau0.1/ones/incl/k0/rG256,256,none,0,427,0.012236451554599626
main/E_lab/code_leaning_hard/D_code/tau0.1/ones/incl/k0/rG256,256,none,0,428,2.027951207036722
main/E_lab/code_leaning_hard/D_code/tau0.1/ones/incl/k0/rG256,256,none,0,429,3.6494199425951592
main/E_lab/code_leaning_hard/D_code/tau0.1/ones/incl/k0/rG256,256,none,0,430,9.831400941810898
main/E_lab/code_leaning_hard/D_code/tau0.1/ones/incl/k0/rG256,256,none,0,431,6.891071201289833
main/E_lab/code_leaning_hard/D_code/tau0.1/ones/incl/k0/rG256,256,none,0,432,2.0954801893126387
main/E_lab/code_leaning_hard/D_code/tau0.1/ones/incl/k0/rG256,256,none,0,433,7.018832343000213
main/E_lab/code_leaning_hard/D_code/tau0.1/ones/incl/k0/rG256,256,none,0,434,7.854759609168468
main/E_lab/code_leaning_hard/D_code/tau0.1/ones/incl/k0/rG256,256,none,0,435,3.804028172865401
main/E_lab/code_leaning_hard/D_code/tau0.1/ones/incl/k0/rG256,256,none,0,436,3.1624050385405553
main/E_lab/code_leaning_hard/D_code/tau0.1/ones/incl/k0/rG256,256,none,0,437,11.425112419599827
main/E_lab/code_leaning_hard/D_code/tau0.1/ones/incl/k0/rG256,256,none,0,438,12.578980372843262
main/E_lab/code_leaning_hard/D_code/tau0.1/ones/incl/k0/rG256,256,none,0,439,8.015965118725944
main/E_lab/code_leaning_hard/D_code/tau0.1/ones/incl/k0/rG256,256,none,0,440,2.877542520800489
main/E_lab/code_leaning_hard/D_code/tau0.1/ones/incl/k0/rG256,256,none,0,441,7.659993364352999
main/E_lab/code_leaning_hard/D_code/tau0.1/ones/incl/k0/rG256,256,none,0,442,4.015510577069108
main/E_lab/code_leaning_hard/D_code/tau0.1/ones/incl/k0/rG256,256,none,0,443,0.5767976223432925
main/E_lab/code_leaning_hard/D_code/tau0.1/ones/incl/k0/rG256,256,none,0,444,4.187913222242969
main/E_lab/code_leaning_hard/D_code/tau0.1/ones/incl/k0/rG256,256,none,0,445,4.267436575280044
main/E_lab/code_leaning_hard/D_code/tau0.1/ones/incl/k0/rG256,256,none,0,446,1.5169031809336957
main/E_lab/code_leaning_hard/D_code/tau0.1/ones/incl/k0/rG256,256,none,0,447,1.058249334210359
main/E_lab/code_leaning_hard/D_code/tau0.1/ones/incl/k0/rG256,256,none,0,448,0.04157859808856301
main/E_lab/code_leaning_hard/D_code/tau0.1/ones/incl/k0/rG256,256,none,0,449,0.8451517078715369
main/E_lab/code_leaning_hard/D_code/tau0.1/ones/incl/k0/rG256,256,none,0,450,0.4664056882611476
main/E_lab/code_leaning_hard/D_code/tau0.1/ones/incl/k0/rG256,256,none,0,451,0.047945413822162664
main/E_lab/code_leaning_hard/D_code/tau0.1/ones/incl/k0/rG256,256,none,0,452,1.0736844726543495
main/E_lab/code_leaning_hard/D_code/tau0.1/ones/incl/k0/rG256,256,none,0,453,1.3984335300615385
main/E_lab/code_leaning_hard/D_code/tau0.1/ones/incl/k0/rG256,256,none,0,454,0.5617001922628333
main/E_lab/code_leaning_hard/D_code/tau0.1/ones/incl/k0/rG256,256,none,0,455,0.39495063035610656
main/E_lab/code_leaning_hard/D_code/tau0.1/ones/incl/k0/rG256,256,none,0,456,0.05385301020487532
main/E_lab/code_leaning_hard/D_code/tau0.1/ones/incl/k0/rG256,256,none,0,457,0.22990437642692996
main/E_lab/code_leaning_hard/D_code/tau0.1/ones/incl/k0/rG256,256,none,0,458,1.8848515669069457
main/E_lab/code_leaning_hard/D_code/tau0.1/ones/incl/k0/rG256,256,none,0,459,1.8715514963437272
main/E_lab/code_leaning_hard/D_code/tau0.1/ones/incl/k0/rG256,256,none,0,460,0.6775402669300092
main/E_lab/code_leaning_hard/D_code/tau0.1/ones/incl/k0/rG256,256,none,0,461,0.03897475056055555
main/E_lab/code_leaning_hard/D_code/tau0.1/ones/incl/k0/rG256,256,none,0,462,1.0611202299724027
main/E_lab/code_leaning_hard/D_code/tau0.1/ones/incl/k0/rG256,256,none,0,463,1.7293647332685396
main/E_lab/code_leaning_hard/D_code/tau0.1/ones/incl/k0/rG256,256,none,0,464,2.4305767377691154
main/E_lab/code_leaning_hard/D_code/tau0.1/ones/incl/k0/rG256,256,none,0,465,1.9538937060547141
main/E_lab/code_leaning_hard/D_code/tau0.1/ones/incl/k0/rG256,256,none,0,466,0.8905664812255054
main/E_lab/code_leaning_hard/D_code/tau0.1/ones/incl/k0/rG256,256,none,0,467,2.0497260088104667
main/E_lab/code_leaning_hard/D_code/tau0.1/ones/incl/k0/rG256,256,none,0,468,1.4387838352181461
main/E_lab/code_leaning_hard/D_code/tau0.1/ones/incl/k0/rG256,256,none,0,469,1.1513514562921046
main/E_lab/code_leaning_hard/D_code/tau0.1/ones/incl/k0/rG256,256,none,0,470,2.068763202722039
main/E_lab/code_leaning_hard/D_code/tau0.1/ones/incl/k0/rG256,256,none,0,471,2.578986247467128
main/E_lab/code_leaning_hard/D_code/tau0.1/ones/incl/k0/rG256,256,none,0,472,3.2662589501542243
main/E_lab/code_leaning_hard/D_code/tau0.1/ones/incl/k0/rG256,256,none,0,473,3.0269097438663266
main/E_lab/code_leaning_hard/D_code/tau0.1/ones/incl/k0/rG256,256,none,0,474,2.2197324989356275
main/E_lab/code_leaning_hard/D_code/tau0.1/ones/incl/k0/rG256,256,none,0,475,2.86191826914137
main/E_lab/code_leaning_hard/D_code/tau0.1/ones/incl/k0/rG256,256,none,0,476,3.086365758021884
main/E_lab/code_leaning_hard/D_code/tau0.1/ones/incl/k0/rG256,256,none,0,477,1.7265953949784034
main/E_lab/code_leaning_hard/D_code/tau0.1/ones/incl/k0/rG256,256,none,0,478,0.334165601136192
main/E_lab/code_leaning_hard/D_code/tau0.1/ones/incl/k0/rG256,256,none,0,479,0.2209708730129023
main/E_lab/code_leaning_hard/D_code/tau0.1/ones/incl/k0/rG256,256,none,0,480,0.11683332222673926
main/E_lab/code_leaning_hard/D_code/tau0.1/ones/incl/k0/rG256,256,none,0,481,0.01706977358844597
main/E_lab/code_leaning_hard/D_code/tau0.1/ones/incl/k0/rG256,256,none,0,482,0.2710042365924892
main/E_lab/code_leaning_hard/D_code/tau0.1/ones/incl/k0/rG256,256,none,0,483,0.20238415234780405
main/E_lab/code_leaning_hard/D_code/tau0.1/ones/incl/k0/rG256,256,none,0,484,0.029740278438112
main/E_lab/code_leaning_hard/D_code/tau0.1/ones/incl/k0/rG256,256,none,0,485,0.043526635614625775
main/E_lab/code_leaning_hard/D_code/tau0.1/ones/incl/k0/rG256,256,none,0,486,0.04404926533698017
main/E_lab/code_leaning_hard/D_code/tau0.1/ones/incl/k0/rG256,256,none,0,487,0.10971694813815702
main/E_lab/code_leaning_hard/D_code/tau0.1/ones/incl/k0/rG256,256,none,0,488,1.1931886256606958
main/E_lab/code_leaning_hard/D_code/tau0.1/ones/incl/k0/rG256,256,none,0,489,1.3095050541983255
main/E_lab/code_leaning_hard/D_code/tau0.1/ones/incl/k0/rG256,256,none,0,490,0.0446161329930419
main/E_lab/code_leaning_hard/D_code/tau0.1/ones/incl/k0/rG256,256,none,0,491,0.054842847923282534
main/E_lab/code_leaning_hard/D_code/tau0.1/ones/incl/k0/rG256,256,none,0,492,0.05294060554660973
main/E_lab/code_leaning_hard/D_code/tau0.1/ones/incl/k0/rG256,256,none,0,493,0.08523906797017844
main/E_lab/code_leaning_hard/D_code/tau0.1/ones/incl/k0/rG256,256,none,0,494,0.7372855161594032
main/E_lab/code_leaning_hard/D_code/tau0.1/ones/incl/k0/rG256,256,none,0,495,2.250602493897077
main/E_lab/code_leaning_hard/D_code/tau0.1/ones/incl/k0/rG256,256,none,0,496,0.6249150920430111
main/E_lab/code_leaning_hard/D_code/tau0.1/ones/incl/k0/rG256,256,none,0,497,0.628266539363949
main/E_lab/code_leaning_hard/D_code/tau0.1/ones/incl/k0/rG256,256,none,0,498,1.7195466998300617
main/E_lab/code_leaning_hard/D_code/tau0.1/ones/incl/k0/rG256,256,none,0,499,1.4598334064712617
main/E_lab/code_leaning_hard/D_code/tau0.1/ones/incl/k0/rG256,256,none,0,500,1.9684028398824012
main/E_lab/code_leaning_hard/D_code/tau0.1/ones/incl/k0/rG256,256,none,0,501,2.134605210809241
main/E_lab/code_leaning_hard/D_code/tau0.1/ones/incl/k0/rG256,256,none,0,502,1.759164143178623
main/E_lab/code_leaning_hard/D_code/tau0.1/ones/incl/k0/rG256,256,none,0,503,1.9319688929431322
main/E_lab/code_leaning_hard/D_code/tau0.1/ones/incl/k0/rG256,256,none,0,504,1.3525744530588781
main/E_lab/code_leaning_hard/D_code/tau0.1/ones/incl/k0/rG256,256,none,0,505,0.8303461712166609
main/E_lab/code_leaning_hard/D_code/tau0.1/ones/incl/k0/rG256,256,none,0,506,1.149511630894267
main/E_lab/code_leaning_hard/D_code/tau0.1/ones/incl/k0/rG256,256,none,0,507,0.40160701865806914
main/E_lab/code_leaning_hard/D_code/tau0.1/ones/incl/k0/rG256,256,none,0,508,1.112616595645079
main/E_lab/code_leaning_hard/D_code/tau0.1/ones/incl/k0/rG256,256,none,0,509,1.0177283980783614
main/E_lab/code_leaning_hard/D_code/tau0.1/ones/incl/k0/rG256,256,none,0,510,1.3626582408724062
main/E_lab/code_leaning_hard/D_code/tau0.1/ones/incl/k0/rG256,256,none,0,511,2.1390468691897695
main/E_lab/code_leaning_hard/D_code/tau0.1/ones/incl/k0/rG1007,1007,none,0,0,47.17477224835375
main/E_lab/code_leaning_hard/D_code/tau0.1/ones/incl/k0/rG1007,1007,none,0,1,61.588025829214985
main/E_lab/code_leaning_hard/D_code/tau0.1/ones/incl/k0/rG1007,1007,none,0,2,57.29459347320176
main/E_lab/code_leaning_hard/D_code/tau0.1/ones/incl/k0/rG1007,1007,none,0,3,54.28222288211214
main/E_lab/code_leaning_hard/D_code/tau0.1/ones/incl/k0/rG1007,1007,none,0,4,50.211591041055726
main/E_lab/code_leaning_hard/D_code/tau0.1/ones/incl/k0/rG1007,1007,none,0,5,45.04094293442108
main/E_lab/code_leaning_hard/D_code/tau0.1/ones/incl/k0/rG1007,1007,none,0,6,31.603814602994134
main/E_lab/code_leaning_hard/D_code/tau0.1/ones/incl/k0/rG1007,1007,none,0,7,50.78018782883396
main/E_lab/code_leaning_hard/D_code/tau0.1/ones/incl/k0/rG1007,1007,none,0,8,28.31856750572115
main/E_lab/code_leaning_hard/D_code/tau0.1/ones/incl/k0/rG1007,1007,none,0,9,36.43436552263415
main/E_lab/code_leaning_hard/D_code/tau0.1/ones/incl/k0/rG1007,1007,none,0,10,58.704750507153335
main/E_lab/code_leaning_hard/D_code/tau0.1/ones/incl/k0/rG1007,1007,none,0,11,60.08897965746303
main/E_lab/code_leaning_hard/D_code/tau0.1/ones/incl/k0/rG1007,1007,none,0,12,63.36339243761961
main/E_lab/code_leaning_hard/D_code/tau0.1/ones/incl/k0/rG1007,1007,none,0,13,62.98158621297193
main/E_lab/code_leaning_hard/D_code/tau0.1/ones/incl/k0/rG1007,1007,none,0,14,62.887667014003
main/E_lab/code_leaning_hard/D_code/tau0.1/ones/incl/k0/rG1007,1007,none,0,15,66.37216905792229
main/E_lab/code_leaning_hard/D_code/tau0.1/ones/incl/k0/rG1007,1007,none,0,16,65.30101806702498
main/E_lab/code_leaning_hard/D_code/tau0.1/ones/incl/k0/rG1007,1007,none,0,17,63.290687288820436
main/E_lab/code_leaning_hard/D_code/tau0.1/ones/incl/k0/rG1007,1007,none,0,18,59.13211944081638
main/E_lab/code_leaning_hard/D_code/tau0.1/ones/incl/k0/rG1007,1007,none,0,19,61.06465590561743
main/E_lab/code_leaning_hard/D_code/tau0.1/ones/incl/k0/rG1007,1007,none,0,20,59.23789215225861
main/E_lab/code_leaning_hard/D_code/tau0.1/ones/incl/k0/rG1007,1007,none,0,21,59.44290421068422
main/E_lab/code_leaning_hard/D_code/tau0.1/ones/incl/k0/rG1007,1007,none,0,22,60.24287737248585
main/E_lab/code_leaning_hard/D_code/tau0.1/ones/incl/k0/rG1007,1007,none,0,23,62.98322921624049
main/E_lab/code_leaning_hard/D_code/tau0.1/ones/incl/k0/rG1007,1007,none,0,24,63.583770434982284
main/E_lab/code_leaning_hard/D_code/tau0.1/ones/incl/k0/rG1007,1007,none,0,25,62.12774298135514
main/E_lab/code_leaning_hard/D_code/tau0.1/ones/incl/k0/rG1007,1007,none,0,26,43.69421143020895
main/E_lab/code_leaning_hard/D_code/tau0.1/ones/incl/k0/rG1007,1007,none,0,27,27.54587744636956
main/E_lab/code_leaning_hard/D_code/tau0.1/ones/incl/k0/rG1007,1007,none,0,28,55.910638928342905
main/E_lab/code_leaning_hard/D_code/tau0.1/ones/incl/k0/rG1007,1007,none,0,29,53.330892488854715
main/E_lab/code_leaning_hard/D_code/tau0.1/ones/incl/k0/rG1007,1007,none,0,30,57.53371078057535
main/E_lab/code_leaning_hard/D_code/tau0.1/ones/incl/k0/rG1007,1007,none,0,31,49.927950145749264
main/E_lab/code_leaning_hard/D_code/tau0.1/ones/incl/k0/rG1007,1007,none,0,32,54.192559733996745
main/E_lab/code_leaning_hard/D_code/tau0.1/ones/incl/k0/rG1007,1007,none,0,33,46.28538876312905
main/E_lab/code_leaning_hard/D_code/tau0.1/ones/incl/k0/rG1007,1007,none,0,34,38.908780613364115
main/E_lab/code_leaning_hard/D_code/tau0.1/ones/incl/k0/rG1007,1007,none,0,35,52.84812377077992
main/E_lab/code_leaning_hard/D_code/tau0.1/ones/incl/k0/rG1007,1007,none,0,36,42.4806024670703
main/E_lab/code_leaning_hard/D_code/tau0.1/ones/incl/k0/rG1007,1007,none,0,37,60.22780218720936
main/E_lab/code_leaning_hard/D_code/tau0.1/ones/incl/k0/rG1007,1007,none,0,38,41.565545355364236
main/E_lab/code_leaning_hard/D_code/tau0.1/ones/incl/k0/rG1007,1007,none,0,39,20.702204668537433
main/E_lab/code_leaning_hard/D_code/tau0.1/ones/incl/k0/rG1007,1007,none,0,40,23.530369275870385
main/E_lab/code_leaning_hard/D_code/tau0.1/ones/incl/k0/rG1007,1007,none,0,41,14.98888912981215
main/E_lab/code_leaning_hard/D_code/tau0.1/ones/incl/k0/rG1007,1007,none,0,42,37.18524539577493
main/E_lab/code_leaning_hard/D_code/tau0.1/ones/incl/k0/rG1007,1007,none,0,43,49.631561475534795
main/E_lab/code_leaning_hard/D_code/tau0.1/ones/incl/k0/rG1007,1007,none,0,44,42.26971060215385
main/E_lab/code_leaning_hard/D_code/tau0.1/ones/incl/k0/rG1007,1007,none,0,45,45.16238711900803
main/E_lab/code_leaning_hard/D_code/tau0.1/ones/incl/k0/rG1007,1007,none,0,46,41.5205860406104
main/E_lab/code_leaning_hard/D_code/tau0.1/ones/incl/k0/rG1007,1007,none,0,47,47.967565801127876
main/E_lab/code_leaning_hard/D_code/tau0.1/ones/incl/k0/rG1007,1007,none,0,48,54.68457597994529
main/E_lab/code_leaning_hard/D_code/tau0.1/ones/incl/k0/rG1007,1007,none,0,49,52.357488074286664
main/E_lab/code_leaning_hard/D_code/tau0.1/ones/incl/k0/rG1007,1007,none,0,50,48.66600068843127
main/E_lab/code_leaning_hard/D_code/tau0.1/ones/incl/k0/rG1007,1007,none,0,51,38.00329192283834
main/E_lab/code_leaning_hard/D_code/tau0.1/ones/incl/k0/rG1007,1007,none,0,52,50.84228467013895
main/E_lab/code_leaning_hard/D_code/tau0.1/ones/incl/k0/rG1007,1007,none,0,53,42.980006672510854
main/E_lab/code_leaning_hard/D_code/tau0.1/ones/incl/k0/rG1007,1007,none,0,54,49.190459710050845
main/E_lab/code_leaning_hard/D_code/tau0.1/ones/incl/k0/rG1007,1007,none,0,55,45.7831329111923
main/E_lab/code_leaning_hard/D_code/tau0.1/ones/incl/k0/rG1007,1007,none,0,56,52.20059756467674
main/E_lab/code_leaning_hard/D_code/tau0.1/ones/incl/k0/rG1007,1007,none,0,57,47.0106372291375
main/E_lab/code_leaning_hard/D_code/tau0.1/ones/incl/k0/rG1007,1007,none,0,58,55.79128610986959
main/E_lab/code_leaning_hard/D_code/tau0.1/ones/incl/k0/rG1007,1007,none,0,59,52.419808315399735
main/E_lab/code_leaning_hard/D_code/tau0.1/ones/incl/k0/rG1007,1007,none,0,60,40.806231212810644
main/E_lab/code_leaning_hard/D_code/tau0.1/ones/incl/k0/rG1007,1007,none,0,61,50.52709834787538
main/E_lab/code_leaning_hard/D_code/tau0.1/ones/incl/k0/rG1007,1007,none,0,62,50.08690470456372
main/E_lab/code_leaning_hard/D_code/tau0.1/ones/incl/k0/rG1007,1007,none,0,63,53.24330333360035
main/E_lab/code_leaning_hard/D_code/tau0.1/ones/incl/k0/rG1007,1007,none,0,64,48.91802460899157
main/E_lab/code_leaning_hard/D_code/tau0.1/ones/incl/k0/rG1007,1007,none,0,65,52.09575137302318
main/E_lab/code_leaning_hard/D_code/tau0.1/ones/incl/k0/rG1007,1007,none,0,66,29.46303979197137
main/E_lab/code_leaning_hard/D_code/tau0.1/ones/incl/k0/rG1007,1007,none,0,67,26.329967596126153
main/E_lab/code_leaning_hard/D_code/tau0.1/ones/incl/k0/rG1007,1007,none,0,68,26.67142980622475
main/E_lab/code_leaning_hard/D_code/tau0.1/ones/incl/k0/rG1007,1007,none,0,69,35.87178877032318
main/E_lab/code_leaning_hard/D_code/tau0.1/ones/incl/k0/rG1007,1007,none,0,70,8.37099167965448
main/E_lab/code_leaning_hard/D_code/tau0.1/ones/incl/k0/rG1007,1007,none,0,71,7.394095926310456
main/E_lab/code_leaning_hard/D_code/tau0.1/ones/incl/k0/rG1007,1007,none,0,72,8.109100192761161
main/E_lab/code_leaning_hard/D_code/tau0.1/ones/incl/k0/rG1007,1007,none,0,73,8.780488169784348
main/E_lab/code_leaning_hard/D_code/tau0.1/ones/incl/k0/rG1007,1007,none,0,74,9.092480070389684
main/E_lab/code_leaning_hard/D_code/tau0.1/ones/incl/k0/rG1007,1007,none,0,75,7.775459675238835
main/E_lab/code_leaning_hard/D_code/tau0.1/ones/incl/k0/rG1007,1007,none,0,76,8.94763470801172
main/E_lab/code_leaning_hard/D_code/tau0.1/ones/incl/k0/rG1007,1007,none,0,77,7.5781901761849895
main/E_lab/code_leaning_hard/D_code/tau0.1/ones/incl/k0/rG1007,1007,none,0,78,9.419426309104438
main/E_lab/code_leaning_hard/D_code/tau0.1/ones/incl/k0/rG1007,1007,none,0,79,9.832540437521743
main/E_lab/code_leaning_hard/D_code/tau0.1/ones/incl/k0/rG1007,1007,none,0,80,8.873263896048229
main/E_lab/code_leaning_hard/D_code/tau0.1/ones/incl/k0/rG1007,1007,none,0,81,10.419102555474183
main/E_lab/code_leaning_hard/D_code/tau0.1/ones/incl/k0/rG1007,1007,none,0,82,6.936836611107083
main/E_lab/code_leaning_hard/D_code/tau0.1/ones/incl/k0/rG1007,1007,none,0,83,7.349227791950398
main/E_lab/code_leaning_hard/D_code/tau0.1/ones/incl/k0/rG1007,1007,none,0,84,7.864796044510513
main/E_lab/code_leaning_hard/D_code/tau0.1/ones/incl/k0/rG1007,1007,none,0,85,8.099258889783869
main/E_lab/code_leaning_hard/D_code/tau0.1/ones/incl/k0/rG1007,1007,none,0,86,8.1758547996875
main/E_lab/code_leaning_hard/D_code/tau0.1/ones/incl/k0/rG1007,1007,none,0,87,8.0965524198391
main/E_lab/code_leaning_hard/D_code/tau0.1/ones/incl/k0/rG1007,1007,none,0,88,8.105382202235376
main/E_lab/code_leaning_hard/D_code/tau0.1/ones/incl/k0/rG1007,1007,none,0,89,44.291213934785446
main/E_lab/code_leaning_hard/D_code/tau0.1/ones/incl/k0/rG1007,1007,none,0,90,61.900816579992124
main/E_lab/code_leaning_hard/D_code/tau0.1/ones/incl/k0/rG1007,1007,none,0,91,47.59224408849059
main/E_lab/code_leaning_hard/D_code/tau0.1/ones/incl/k0/rG1007,1007,none,0,92,32.496536232631684
main/E_lab/code_leaning_hard/D_code/tau0.1/ones/incl/k0/rG1007,1007,none,0,93,34.60996026933276
main/E_lab/code_leaning_hard/D_code/tau0.1/ones/incl/k0/rG1007,1007,none,0,94,59.06227234287206
main/E_lab/code_leaning_hard/D_code/tau0.1/ones/incl/k0/rG1007,1007,none,0,95,58.73701530969913
main/E_lab/code_leaning_hard/D_code/tau0.1/ones/incl/k0/rG1007,1007,none,0,96,57.85778151703471
main/E_lab/code_leaning_hard/D_code/tau0.1/ones/incl/k0/rG1007,1007,none,0,97,57.768016330793216
main/E_lab/code_leaning_hard/D_code/tau0.1/ones/incl/k0/rG1007,1007,none,0,98,54.255870661944414
main/E_lab/code_leaning_hard/D_code/tau0.1/ones/incl/k0/rG1007,1007,none,0,99,60.29496736954911
main/E_lab/code_leaning_hard/D_code/tau0.1/ones/incl/k0/rG1007,1007,none,0,100,55.64662440459824
main/E_lab/code_leaning_hard/D_code/tau0.1/ones/incl/k0/rG1007,1007,none,0,101,59.58654555220687
main/E_lab/code_leaning_hard/D_code/tau0.1/ones/incl/k0/rG1007,1007,none,0,102,54.25325786474741
main/E_lab/code_leaning_hard/D_code/tau0.1/ones/incl/k0/rG1007,1007,none,0,103,56.27195096326591
main/E_lab/code_leaning_hard/D_code/tau0.1/ones/incl/k0/rG1007,1007,none,0,104,57.82740120737276
main/E_lab/code_leaning_hard/D_code/tau0.1/ones/incl/k0/rG1007,1007,none,0,105,49.808014490157916
main/E_lab/code_leaning_hard/D_code/tau0.1/ones/incl/k0/rG1007,1007,none,0,106,40.68657999210302
main/E_lab/code_leaning_hard/D_code/tau0.1/ones/incl/k0/rG1007,1007,none,0,107,47.70894314966358
main/E_lab/code_leaning_hard/D_code/tau0.1/ones/incl/k0/rG1007,1007,none,0,108,49.31815831118695
main/E_lab/code_leaning_hard/D_code/tau0.1/ones/incl/k0/rG1007,1007,none,0,109,48.72438899144129
main/E_lab/code_leaning_hard/D_code/tau0.1/ones/incl/k0/rG1007,1007,none,0,110,45.474100558916234
main/E_lab/code_leaning_hard/D_code/tau0.1/ones/incl/k0/rG1007,1007,none,0,111,46.12046792038541
main/E_lab/code_leaning_hard/D_code/tau0.1/ones/incl/k0/rG1007,1007,none,0,112,52.90209742211596
main/E_lab/code_leaning_hard/D_code/tau0.1/ones/incl/k0/rG1007,1007,none,0,113,45.75742475218783
main/E_lab/code_leaning_hard/D_code/tau0.1/ones/incl/k0/rG1007,1007,none,0,114,50.29963053935285
main/E_lab/code_leaning_hard/D_code/tau0.1/ones/incl/k0/rG1007,1007,none,0,115,46.218984520804725
main/E_lab/code_leaning_hard/D_code/tau0.1/ones/incl/k0/rG1007,1007,none,0,116,57.23329083347835
main/E_lab/code_leaning_hard/D_code/tau0.1/ones/incl/k0/rG1007,1007,none,0,117,54.12417243775849
main/E_lab/code_leaning_hard/D_code/tau0.1/ones/incl/k0/rG1007,1007,none,0,118,56.67433879778787
main/E_lab/code_leaning_hard/D_code/tau0.1/ones/incl/k0/rG1007,1007,none,0,119,47.089404471486205
main/E_lab/code_leaning_hard/D_code/tau0.1/ones/incl/k0/rG1007,1007,none,0,120,51.362045617399076
main/E_lab/code_leaning_hard/D_code/tau0.1/ones/incl/k0/rG1007,1007,none,0,121,50.017386420067396
main/E_lab/code_leaning_hard/D_code/tau0.1/ones/incl/k0/rG1007,1007,none,0,122,40.4018505111419
main/E_lab/code_leaning_hard/D_code/tau0.1/ones/incl/k0/rG1007,1007,none,0,123,24.65197666469544
main/E_lab/code_leaning_hard/D_code/tau0.1/ones/incl/k0/rG1007,1007,none,0,124,33.40260569254906
main/E_lab/code_leaning_hard/D_code/tau0.1/ones/incl/k0/rG1007,1007,none,0,125,48.93284409915327
main/E_lab/code_leaning_hard/D_code/tau0.1/ones/incl/k0/rG1007,1007,none,0,126,53.35145966239497
main/E_lab/code_leaning_hard/D_code/tau0.1/ones/incl/k0/rG1007,1007,none,0,127,47.96525385622476
main/E_lab/code_leaning_hard/D_code/tau0.1/ones/incl/k0/rG1007,1007,none,0,128,49.18002155719569
main/E_lab/code_leaning_hard/D_code/tau0.1/ones/incl/k0/rG1007,1007,none,0,129,49.2428870408537
main/E_lab/code_leaning_hard/D_code/tau0.1/ones/incl/k0/rG1007,1007,none,0,130,57.96006222966844
main/E_lab/code_leaning_hard/D_code/tau0.1/ones/incl/k0/rG1007,1007,none,0,131,45.74740078654486
main/E_lab/code_leaning_hard/D_code/tau0.1/ones/incl/k0/rG1007,1007,none,0,132,45.59917028096663
main/E_lab/code_leaning_hard/D_code/tau0.1/ones/incl/k0/rG1007,1007,none,0,133,41.263731586245854
main/E_lab/code_leaning_hard/D_code/tau0.1/ones/incl/k0/rG1007,1007,none,0,134,29.335445130718767
main/E_lab/code_leaning_hard/D_code/tau0.1/ones/incl/k0/rG1007,1007,none,0,135,23.5150355854081
main/E_lab/code_leaning_hard/D_code/tau0.1/ones/incl/k0/rG1007,1007,none,0,136,28.055005485806532
main/E_lab/code_leaning_hard/D_code/tau0.1/ones/incl/k0/rG1007,1007,none,0,137,44.89933863333249
main/E_lab/code_leaning_hard/D_code/tau0.1/ones/incl/k0/rG1007,1007,none,0,138,44.88713792485214
main/E_lab/code_leaning_hard/D_code/tau0.1/ones/incl/k0/rG1007,1007,none,0,139,46.54270964447005
main/E_lab/code_leaning_hard/D_code/tau0.1/ones/incl/k0/rG1007,1007,none,0,140,44.596036813422074
main/E_lab/code_leaning_hard/D_code/tau0.1/ones/incl/k0/rG1007,1007,none,0,141,58.36430787832387
main/E_lab/code_leaning_hard/D_code/tau0.1/ones/incl/k0/rG1007,1007,none,0,142,34.082140707058215
main/E_lab/code_leaning_hard/D_code/tau0.1/ones/incl/k0/rG1007,1007,none,0,143,35.15145739340744
main/E_lab/code_leaning_hard/D_code/tau0.1/ones/incl/k0/rG1007,1007,none,0,144,34.76700300125913
main/E_lab/code_leaning_hard/D_code/tau0.1/ones/incl/k0/rG1007,1007,none,0,145,34.712500711708344
main/E_lab/code_leaning_hard/D_code/tau0.1/ones/incl/k0/rG1007,1007,none,0,146,39.236767857866425
main/E_lab/code_leaning_hard/D_code/tau0.1/ones/incl/k0/rG1007,1007,none,0,147,47.09575269284392
main/E_lab/code_leaning_hard/D_code/tau0.1/ones/incl/k0/rG1007,1007,none,0,148,17.910862438914137
main/E_lab/code_leaning_hard/D_code/tau0.1/ones/incl/k0/rG1007,1007,none,0,149,12.468257802133053
main/E_lab/code_leaning_hard/D_code/tau0.1/ones/incl/k0/rG1007,1007,none,0,150,14.556587508732264
main/E_lab/code_leaning_hard/D_code/tau0.1/ones/incl/k0/rG1007,1007,none,0,151,7.410208300269915
main/E_lab/code_leaning_hard/D_code/tau0.1/ones/incl/k0/rG1007,1007,none,0,152,8.899639035667747
main/E_lab/code_leaning_hard/D_code/tau0.1/ones/incl/k0/rG1007,1007,none,0,153,17.460824232035066
main/E_lab/code_leaning_hard/D_code/tau0.1/ones/incl/k0/rG1007,1007,none,0,154,12.018153858553887
main/E_lab/code_leaning_hard/D_code/tau0.1/ones/incl/k0/rG1007,1007,none,0,155,9.283378401662958
main/E_lab/code_leaning_hard/D_code/tau0.1/ones/incl/k0/rG1007,1007,none,0,156,11.476960362671889
main/E_lab/code_leaning_hard/D_code/tau0.1/ones/incl/k0/rG1007,1007,none,0,157,11.064890352766724
main/E_lab/code_leaning_hard/D_code/tau0.1/ones/incl/k0/rG1007,1007,none,0,158,38.510682991293834
main/E_lab/code_leaning_hard/D_code/tau0.1/ones/incl/k0/rG1007,1007,none,0,159,39.71066176536306
main/E_lab/code_leaning_hard/D_code/tau0.1/ones/incl/k0/rG1007,1007,none,0,160,31.92315026196502
main/E_lab/code_leaning_hard/D_code/tau0.1/ones/incl/k0/rG1007,1007,none,0,161,41.437056060977284
main/E_lab/code_leaning_hard/D_code/tau0.1/ones/incl/k0/rG1007,1007,none,0,162,44.84241259511782
main/E_lab/code_leaning_hard/D_code/tau0.1/ones/incl/k0/rG1007,1007,none,0,163,46.176915876002795
main/E_lab/code_leaning_hard/D_code/tau0.1/ones/incl/k0/rG1007,1007,none,0,164,36.0907043846164
main/E_lab/code_leaning_hard/D_code/tau0.1/ones/incl/k0/rG1007,1007,none,0,165,36.13956351428311
main/E_lab/code_leaning_hard/D_code/tau0.1/ones/incl/k0/rG1007,1007,none,0,166,36.52640988972223
main/E_lab/code_leaning_hard/D_code/tau0.1/ones/incl/k0/rG1007,1007,none,0,167,36.692020012275634
main/E_lab/code_leaning_hard/D_code/tau0.1/ones/incl/k0/rG1007,1007,none,0,168,41.7854551264727
main/E_lab/code_leaning_hard/D_code/tau0.1/ones/incl/k0/rG1007,1007,none,0,169,42.06635325130492
main/E_lab/code_leaning_hard/D_code/tau0.1/ones/incl/k0/rG1007,1007,none,0,170,41.22644507265102
main/E_lab/code_leaning_hard/D_code/tau0.1/ones/incl/k0/rG1007,1007,none,0,171,46.26672828665073
main/E_lab/code_leaning_hard/D_code/tau0.1/ones/incl/k0/rG1007,1007,none,0,172,47.582507467598134
main/E_lab/code_leaning_hard/D_code/tau0.1/ones/incl/k0/rG1007,1007,none,0,173,48.95029216692194
main/E_lab/code_leaning_hard/D_code/tau0.1/ones/incl/k0/rG1007,1007,none,0,174,25.747797901284912
main/E_lab/code_leaning_hard/D_code/tau0.1/ones/incl/k0/rG1007,1007,none,0,175,31.719574776489935
main/E_lab/code_leaning_hard/D_code/tau0.1/ones/incl/k0/rG1007,1007,none,0,176,41.509314127086895
main/E_lab/code_leaning_hard/D_code/tau0.1/ones/incl/k0/rG1007,1007,none,0,177,30.225499337313522
main/E_lab/code_leaning_hard/D_code/tau0.1/ones/incl/k0/rG1007,1007,none,0,178,34.64997374954328
main/E_lab/code_leaning_hard/D_code/tau0.1/ones/incl/k0/rG1007,1007,none,0,179,40.5429014746544
main/E_lab/code_leaning_hard/D_code/tau0.1/ones/incl/k0/rG1007,1007,none,0,180,48.501299789809536
main/E_lab/code_leaning_hard/D_code/tau0.1/ones/incl/k0/rG1007,1007,none,0,181,50.59189917880167
main/E_lab/code_leaning_hard/D_code/tau0.1/ones/incl/k0/rG1007,1007,none,0,182,43.78197166175448
main/E_lab/code_leaning_hard/D_code/tau0.1/ones/incl/k0/rG1007,1007,none,0,183,47.23624326359379
main/E_lab/code_leaning_hard/D_code/tau0.1/ones/incl/k0/rG1007,1007,none,0,184,44.3143346846681
main/E_lab/code_leaning_hard/D_code/tau0.1/ones/incl/k0/rG1007,1007,none,0,185,38.20620841052755
main/E_lab/code_leaning_hard/D_code/tau0.1/ones/incl/k0/rG1007,1007,none,0,186,47.77645205729959
main/E_lab/code_leaning_hard/D_code/tau0.1/ones/incl/k0/rG1007,1007,none,0,187,50.869798897880855
main/E_lab/code_leaning_hard/D_code/tau0.1/ones/incl/k0/rG1007,1007,none,0,188,48.107037396664055
main/E_lab/code_leaning_hard/D_code/tau0.1/ones/incl/k0/rG1007,1007,none,0,189,37.091406227124025
main/E_lab/code_leaning_hard/D_code/tau0.1/ones/incl/k0/rG1007,1007,none,0,190,32.31338201390872
main/E_lab/code_leaning_hard/D_code/tau0.1/ones/incl/k0/rG1007,1007,none,0,191,53.33296331909287
main/E_lab/code_leaning_hard/D_code/tau0.1/ones/incl/k0/rG1007,1007,none,0,192,69.37264999221134
main/E_lab/code_leaning_hard/D_code/tau0.1/ones/incl/k0/rG1007,1007,none,0,193,52.15883226317942
main/E_lab/code_leaning_hard/D_code/tau0.1/ones/incl/k0/rG1007,1007,none,0,194,56.86860965491553
main/E_lab/code_leaning_hard/D_code/tau0.1/ones/incl/k0/rG1007,1007,none,0,195,61.03779666206606
main/E_lab/code_leaning_hard/D_code/tau0.1/ones/incl/k0/rG1007,1007,none,0,196,65.06697606142416
main/E_lab/code_leaning_hard/D_code/tau0.1/ones/incl/k0/rG1007,1007,none,0,197,59.82558869389504
main/E_lab/code_leaning_hard/D_code/tau0.1/ones/incl/k0/rG1007,1007,none,0,198,63.150363472036815
main/E_lab/code_leaning_hard/D_code/tau0.1/ones/incl/k0/rG1007,1007,none,0,199,49.64668662905399
main/E_lab/code_leaning_hard/D_code/tau0.1/ones/incl/k0/rG1007,1007,none,0,200,39.83815525224691
main/E_lab/code_leaning_hard/D_code/tau0.1/ones/incl/k0/rG1007,1007,none,0,201,42.89217745413316
main/E_lab/code_leaning_hard/D_code/tau0.1/ones/incl/k0/rG1007,1007,none,0,202,48.00189479482901
main/E_lab/code_leaning_hard/D_code/tau0.1/ones/incl/k0/rG1007,1007,none,0,203,53.97259593306603
main/E_lab/code_leaning_hard/D_code/tau0.1/ones/incl/k0/rG1007,1007,none,0,204,53.50329571974817
main/E_lab/code_leaning_hard/D_code/tau0.1/ones/incl/k0/rG1007,1007,none,0,205,54.0945478322285
main/E_lab/code_leaning_hard/D_code/tau0.1/ones/incl/k0/rG1007,1007,none,0,206,59.36953292251178
main/E_lab/code_leaning_hard/D_code/tau0.1/ones/incl/k0/rG1007,1007,none,0,207,58.340947998384195
main/E_lab/code_leaning_hard/D_code/tau0.1/ones/incl/k0/rG1007,1007,none,0,208,57.374667099717044
main/E_lab/code_leaning_hard/D_code/tau0.1/ones/incl/k0/rG1007,1007,none,0,209,55.6349551955916
main/E_lab/code_leaning_hard/D_code/tau0.1/ones/incl/k0/rG1007,1007,none,0,210,20.796366738131155
main/E_lab/code_leaning_hard/D_code/tau0.1/ones/incl/k0/rG1007,1007,none,0,211,18.977105785987305
main/E_lab/code_leaning_hard/D_code/tau0.1/ones/incl/k0/rG1007,1007,none,0,212,28.141031021915182
main/E_lab/code_leaning_hard/D_code/tau0.1/ones/incl/k0/rG1007,1007,none,0,213,67.5530626023442
main/E_lab/code_leaning_hard/D_code/tau0.1/ones/incl/k0/rG1007,1007,none,0,214,54.1120018550414
main/E_lab/code_leaning_hard/D_code/tau0.1/ones/incl/k0/rG1007,1007,none,0,215,35.30495346616851
main/E_lab/code_leaning_hard/D_code/tau0.1/ones/incl/k0/rG1007,1007,none,0,216,25.250706403312734
main/E_lab/code_leaning_hard/D_code/tau0.1/ones/incl/k0/rG1007,1007,none,0,217,34.51722707371334
main/E_lab/code_leaning_hard/D_code/tau0.1/ones/incl/k0/rG1007,1007,none,0,218,35.282080719506666
main/E_lab/code_leaning_hard/D_code/tau0.1/ones/incl/k0/rG1007,1007,none,0,219,31.475091738511765
main/E_lab/code_leaning_hard/D_code/tau0.1/ones/incl/k0/rG1007,1007,none,0,220,27.31201200133671
main/E_lab/code_leaning_hard/D_code/tau0.1/ones/incl/k0/rG1007,1007,none,0,221,29.89964898424347
main/E_lab/code_leaning_hard/D_code/tau0.1/ones/incl/k0/rG1007,1007,none,0,222,40.378203794474985
main/E_lab/code_leaning_hard/D_code/tau0.1/ones/incl/k0/rG1007,1007,none,0,223,36.15770784701954
main/E_lab/code_leaning_hard/D_code/tau0.1/ones/incl/k0/rG1007,1007,none,0,224,53.3027010235121
main/E_lab/code_leaning_hard/D_code/tau0.1/ones/incl/k0/rG1007,1007,none,0,225,8.426020472125401
main/E_lab/code_leaning_hard/D_code/tau0.1/ones/incl/k0/rG1007,1007,none,0,226,29.78950176254307
main/E_lab/code_leaning_hard/D_code/tau0.1/ones/incl/k0/rG1007,1007,none,0,227,35.76521076573772
main/E_lab/code_leaning_hard/D_code/tau0.1/ones/incl/k0/rG1007,1007,none,0,228,38.517594305702914
main/E_lab/code_leaning_hard/D_code/tau0.1/ones/incl/k0/rG1007,1007,none,0,229,42.48503219145914
main/E_lab/code_leaning_hard/D_code/tau0.1/ones/incl/k0/rG1007,1007,none,0,230,44.71019852057941
main/E_lab/code_leaning_hard/D_code/tau0.1/ones/incl/k0/rG1007,1007,none,0,231,48.74218729368653
main/E_lab/code_leaning_hard/D_code/tau0.1/ones/incl/k0/rG1007,1007,none,0,232,53.08551568361122
main/E_lab/code_leaning_hard/D_code/tau0.1/ones/incl/k0/rG1007,1007,none,0,233,40.22093464894806
main/E_lab/code_leaning_hard/D_code/tau0.1/ones/incl/k0/rG1007,1007,none,0,234,29.82092114468668
main/E_lab/code_leaning_hard/D_code/tau0.1/ones/incl/k0/rG1007,1007,none,0,235,5.948909207059387
main/E_lab/code_leaning_hard/D_code/tau0.1/ones/incl/k0/rG1007,1007,none,0,236,26.071386086668326
main/E_lab/code_leaning_hard/D_code/tau0.1/ones/incl/k0/rG1007,1007,none,0,237,29.210206249319413
main/E_lab/code_leaning_hard/D_code/tau0.1/ones/incl/k0/rG1007,1007,none,0,238,43.01917774308458
main/E_lab/code_leaning_hard/D_code/tau0.1/ones/incl/k0/rG1007,1007,none,0,239,51.59195715613282
main/E_lab/code_leaning_hard/D_code/tau0.1/ones/incl/k0/rG1007,1007,none,0,240,41.724876437644525
main/E_lab/code_leaning_hard/D_code/tau0.1/ones/incl/k0/rG1007,1007,none,0,241,39.41349176387621
main/E_lab/code_leaning_hard/D_code/tau0.1/ones/incl/k0/rG1007,1007,none,0,242,51.03597581885742
main/E_lab/code_leaning_hard/D_code/tau0.1/ones/incl/k0/rG1007,1007,none,0,243,38.257887136736144
main/E_lab/code_leaning_hard/D_code/tau0.1/ones/incl/k0/rG1007,1007,none,0,244,40.32424321000531
main/E_lab/code_leaning_hard/D_code/tau0.1/ones/incl/k0/rG1007,1007,none,0,245,51.10872580224293
main/E_lab/code_leaning_hard/D_code/tau0.1/ones/incl/k0/rG1007,1007,none,0,246,44.848069944651854
main/E_lab/code_leaning_hard/D_code/tau0.1/ones/incl/k0/rG1007,1007,none,0,247,45.57671151875036
main/E_lab/code_leaning_hard/D_code/tau0.1/ones/incl/k0/rG1007,1007,none,0,248,43.47650641651944
main/E_lab/code_leaning_hard/D_code/tau0.1/ones/incl/k0/rG1007,1007,none,0,249,35.866631572725964
main/E_lab/code_leaning_hard/D_code/tau0.1/ones/incl/k0/rG1007,1007,none,0,250,48.66390029247168
main/E_lab/code_leaning_hard/D_code/tau0.1/ones/incl/k0/rG1007,1007,none,0,251,46.10885311506058
main/E_lab/code_leaning_hard/D_code/tau0.1/ones/incl/k0/rG1007,1007,none,0,252,40.074377117119184
main/E_lab/code_leaning_hard/D_code/tau0.1/ones/incl/k0/rG1007,1007,none,0,253,49.142125201180534
main/E_lab/code_leaning_hard/D_code/tau0.1/ones/incl/k0/rG1007,1007,none,0,254,41.209643329110804
main/E_lab/code_leaning_hard/D_code/tau0.1/ones/incl/k0/rG1007,1007,none,0,255,41.82871719031448
main/E_lab/code_leaning_hard/D_code/tau0.1/ones/incl/k0/rG1007,1007,none,0,256,0.6191725137032336
main/E_lab/code_leaning_hard/D_code/tau0.1/ones/incl/k0/rG1007,1007,none,0,257,0.29245094715406594
main/E_lab/code_leaning_hard/D_code/tau0.1/ones/incl/k0/rG1007,1007,none,0,258,0.4108045989227094
main/E_lab/code_leaning_hard/D_code/tau0.1/ones/incl/k0/rG1007,1007,none,0,259,0.31673361364573793
main/E_lab/code_leaning_hard/D_code/tau0.1/ones/incl/k0/rG1007,1007,none,0,260,0.2633425701728811
main/E_lab/code_leaning_hard/D_code/tau0.1/ones/incl/k0/rG1007,1007,none,0,261,0.33047970253210224
main/E_lab/code_leaning_hard/D_code/tau0.1/ones/incl/k0/rG1007,1007,none,0,262,0.8895817594188884
main/E_lab/code_leaning_hard/D_code/tau0.1/ones/incl/k0/rG1007,1007,none,0,263,2.0305279628699964
main/E_lab/code_leaning_hard/D_code/tau0.1/ones/incl/k0/rG1007,1007,none,0,264,1.0224550651614663
main/E_lab/code_leaning_hard/D_code/tau0.1/ones/incl/k0/rG1007,1007,none,0,265,1.3891630168884603
main/E_lab/code_leaning_hard/D_code/tau0.1/ones/incl/k0/rG1007,1007,none,0,266,0.3138984076380211
main/E_lab/code_leaning_hard/D_code/tau0.1/ones/incl/k0/rG1007,1007,none,0,267,0.7525628665125623
main/E_lab/code_leaning_hard/D_code/tau0.1/ones/incl/k0/rG1007,1007,none,0,268,0.35917994932356123
main/E_lab/code_leaning_hard/D_code/tau0.1/ones/incl/k0/rG1007,1007,none,0,269,0.9037750578781925
main/E_lab/code_leaning_hard/D_code/tau0.1/ones/incl/k0/rG1007,1007,none,0,270,0.46188446730548094
main/E_lab/code_leaning_hard/D_code/tau0.1/ones/incl/k0/rG1007,1007,none,0,271,0.5145483056062403
main/E_lab/code_leaning_hard/D_code/tau0.1/ones/incl/k0/rG1007,1007,none,0,272,0.6389402727420475
main/E_lab/code_leaning_hard/D_code/tau0.1/ones/incl/k0/rG1007,1007,none,0,273,3.2361157561772416
main/E_lab/code_leaning_hard/D_code/tau0.1/ones/incl/k0/rG1007,1007,none,0,274,3.8846551390286095
main/E_lab/code_leaning_hard/D_code/tau0.1/ones/incl/k0/rG1007,1007,none,0,275,1.4785613723215647
main/E_lab/code_leaning_hard/D_code/tau0.1/ones/incl/k0/rG1007,1007,none,0,276,1.2682759070005432
main/E_lab/code_leaning_hard/D_code/tau0.1/ones/incl/k0/rG1007,1007,none,0,277,0.4887538930183837
main/E_lab/code_leaning_hard/D_code/tau0.1/ones/incl/k0/rG1007,1007,none,0,278,1.865911587856317
main/E_lab/code_leaning_hard/D_code/tau0.1/ones/incl/k0/rG1007,1007,none,0,279,1.840378306230832
main/E_lab/code_leaning_hard/D_code/tau0.1/ones/incl/k0/rG1007,1007,none,0,280,0.5119135162908606
main/E_lab/code_leaning_hard/D_code/tau0.1/ones/incl/k0/rG1007,1007,none,0,281,0.5986201737860029
main/E_lab/code_leaning_hard/D_code/tau0.1/ones/incl/k0/rG1007,1007,none,0,282,0.6449918286739376
main/E_lab/code_leaning_hard/D_code/tau0.1/ones/incl/k0/rG1007,1007,none,0,283,2.9799069824530307
main/E_lab/code_leaning_hard/D_code/tau0.1/ones/incl/k0/rG1007,1007,none,0,284,0.7255491263795193
main/E_lab/code_leaning_hard/D_code/tau0.1/ones/incl/k0/rG1007,1007,none,0,285,2.807264040284167
main/E_lab/code_leaning_hard/D_code/tau0.1/ones/incl/k0/rG1007,1007,none,0,286,1.5451142164320117
main/E_lab/code_leaning_hard/D_code/tau0.1/ones/incl/k0/rG1007,1007,none,0,287,1.6890032914111544
main/E_lab/code_leaning_hard/D_code/tau0.1/ones/incl/k0/rG1007,1007,none,0,288,2.1000803799238383
main/E_lab/code_leaning_hard/D_code/tau0.1/ones/incl/k0/rG1007,1007,none,0,289,2.5638697519539164
main/E_lab/code_leaning_hard/D_code/tau0.1/ones/incl/k0/rG1007,1007,none,0,290,1.7840027334007118
main/E_lab/code_leaning_hard/D_code/tau0.1/ones/incl/k0/rG1007,1007,none,0,291,2.592067842632787
main/E_lab/code_leaning_hard/D_code/tau0.1/ones/incl/k0/rG1007,1007,none,0,292,1.4719252531904203
main/E_lab/code_leaning_hard/D_code/tau0.1/ones/incl/k0/rG1007,1007,none,0,293,1.2975538009654883
main/E_lab/code_leaning_hard/D_code/tau0.1/ones/incl/k0/rG1007,1007,none,0,294,1.898867608114415
main/E_lab/code_leaning_hard/D_code/tau0.1/ones/incl/k0/rG1007,1007,none,0,295,1.8343728782128892
main/E_lab/code_leaning_hard/D_code/tau0.1/ones/incl/k0/rG1007,1007,none,0,296,1.4460857855635822
main/E_lab/code_leaning_hard/D_code/tau0.1/ones/incl/k0/rG1007,1007,none,0,297,0.4234292274809377
main/E_lab/code_leaning_hard/D_code/tau0.1/ones/incl/k0/rG1007,1007,none,0,298,1.7662023009364702
main/E_lab/code_leaning_hard/D_code/tau0.1/ones/incl/k0/rG1007,1007,none,0,299,0.9990878081971459
main/E_lab/code_leaning_hard/D_code/tau0.1/ones/incl/k0/rG1007,1007,none,0,300,0.5372680480563758
main/E_lab/code_leaning_hard/D_code/tau0.1/ones/incl/k0/rG1007,1007,none,0,301,0.36351705096876685
main/E_lab/code_leaning_hard/D_code/tau0.1/ones/incl/k0/rG1007,1007,none,0,302,1.4695737204174293
main/E_lab/code_leaning_hard/D_code/tau0.1/ones/incl/k0/rG1007,1007,none,0,303,0.4241118320815076
main/E_lab/code_leaning_hard/D_code/tau0.1/ones/incl/k0/rG1007,1007,none,0,304,0.12855320115500035
main/E_lab/code_leaning_hard/D_code/tau0.1/ones/incl/k0/rG1007,1007,none,0,305,0.16059267992750392
main/E_lab/code_leaning_hard/D_code/tau0.1/ones/incl/k0/rG1007,1007,none,0,306,1.6029773627356008
main/E_lab/code_leaning_hard/D_code/tau0.1/ones/incl/k0/rG1007,1007,none,0,307,0.8123395083571268
main/E_lab/code_leaning_hard/D_code/tau0.1/ones/incl/k0/rG1007,1007,none,0,308,0.6427331731983941
main/E_lab/code_leaning_hard/D_code/tau0.1/ones/incl/k0/rG1007,1007,none,0,309,0.38092292838791764
main/E_lab/code_leaning_hard/D_code/tau0.1/ones/incl/k0/rG1007,1007,none,0,310,0.39770630737439205
main/E_lab/code_leaning_hard/D_code/tau0.1/ones/incl/k0/rG1007,1007,none,0,311,0.7948175109345357
main/E_lab/code_leaning_hard/D_code/tau0.1/ones/incl/k0/rG1007,1007,none,0,312,0.3254823704162959
main/E_lab/code_leaning_hard/D_code/tau0.1/ones/incl/k0/rG1007,1007,none,0,313,0.5241935511921838
main/E_lab/code_leaning_hard/D_code/tau0.1/ones/incl/k0/rG1007,1007,none,0,314,0.9315251843768237
main/E_lab/code_leaning_hard/D_code/tau0.1/ones/incl/k0/rG1007,1007,none,0,315,0.4965128968533463
main/E_lab/code_leaning_hard/D_code/tau0.1/ones/incl/k0/rG1007,1007,none,0,316,0.4779415076790201
main/E_lab/code_leaning_hard/D_code/tau0.1/ones/incl/k0/rG1007,1007,none,0,317,0.3101175432216223
main/E_lab/code_leaning_hard/D_code/tau0.1/ones/incl/k0/rG1007,1007,none,0,318,1.0353261117552393
main/E_lab/code_leaning_hard/D_code/tau0.1/ones/incl/k0/rG1007,1007,none,0,319,0.266632847359233
main/E_lab/code_leaning_hard/D_code/tau0.1/ones/incl/k0/rG1007,1007,none,0,320,0.8133185117935682
main/E_lab/code_leaning_hard/D_code/tau0.1/ones/incl/k0/rG1007,1007,none,0,321,0.6593593047185777
main/E_lab/code_leaning_hard/D_code/tau0.1/ones/incl/k0/rG1007,1007,none,0,322,0.7550109481981053
main/E_lab/code_leaning_hard/D_code/tau0.1/ones/incl/k0/rG1007,1007,none,0,323,1.3120484506267758
main/E_lab/code_leaning_hard/D_code/tau0.1/ones/incl/k0/rG1007,1007,none,0,324,1.3456708365297345
main/E_lab/code_leaning_hard/D_code/tau0.1/ones/incl/k0/rG1007,1007,none,0,325,1.2494006541337512
main/E_lab/code_leaning_hard/D_code/tau0.1/ones/incl/k0/rG1007,1007,none,0,326,0.6340639010127234
main/E_lab/code_leaning_hard/D_code/tau0.1/ones/incl/k0/rG1007,1007,none,0,327,0.36625082351361016
main/E_lab/code_leaning_hard/D_code/tau0.1/ones/incl/k0/rG1007,1007,none,0,328,0.592363121310882
main/E_lab/code_leaning_hard/D_code/tau0.1/ones/incl/k0/rG1007,1007,none,0,329,0.5113267067117704
main/E_lab/code_leaning_hard/D_code/tau0.1/ones/incl/k0/rG1007,1007,none,0,330,1.6934603116733342
main/E_lab/code_leaning_hard/D_code/tau0.1/ones/incl/k0/rG1007,1007,none,0,331,2.9629493127323485
main/E_lab/code_leaning_hard/D_code/tau0.1/ones/incl/k0/rG1007,1007,none,0,332,1.136247083385797
main/E_lab/code_leaning_hard/D_code/tau0.1/ones/incl/k0/rG1007,1007,none,0,333,0.7676803470054665
main/E_lab/code_leaning_hard/D_code/tau0.1/ones/incl/k0/rG1007,1007,none,0,334,0.7637461081721995
main/E_lab/code_leaning_hard/D_code/tau0.1/ones/incl/k0/rG1007,1007,none,0,335,0.8717384123037846
main/E_lab/code_leaning_hard/D_code/tau0.1/ones/incl/k0/rG1007,1007,none,0,336,0.7620983787701334
main/E_lab/code_leaning_hard/D_code/tau0.1/ones/incl/k0/rG1007,1007,none,0,337,0.648453199058622
main/E_lab/code_leaning_hard/D_code/tau0.1/ones/incl/k0/rG1007,1007,none,0,338,1.178833710850995
main/E_lab/code_leaning_hard/D_code/tau0.1/ones/incl/k0/rG1007,1007,none,0,339,0.2598951318170748
main/E_lab/code_leaning_hard/D_code/tau0.1/ones/incl/k0/rG1007,1007,none,0,340,0.47027355715908925
main/E_lab/code_leaning_hard/D_code/tau0.1/ones/incl/k0/rG1007,1007,none,0,341,0.8821505904134028
main/E_lab/code_leaning_hard/D_code/tau0.1/ones/incl/k0/rG1007,1007,none,0,342,2.63013151868563
main/E_lab/code_leaning_hard/D_code/tau0.1/ones/incl/k0/rG1007,1007,none,0,343,0.7018723626324572
main/E_lab/code_leaning_hard/D_code/tau0.1/ones/incl/k0/rG1007,1007,none,0,344,0.18286894037555612
main/E_lab/code_leaning_hard/D_code/tau0.1/ones/incl/k0/rG1007,1007,none,0,345,0.5958149976431741
main/E_lab/code_leaning_hard/D_code/tau0.1/ones/incl/k0/rG1007,1007,none,0,346,0.502038343003278
main/E_lab/code_leaning_hard/D_code/tau0.1/ones/incl/k0/rG1007,1007,none,0,347,0.8386432788624916
main/E_lab/code_leaning_hard/D_code/tau0.1/ones/incl/k0/rG1007,1007,none,0,348,0.5022463885934485
main/E_lab/code_leaning_hard/D_code/tau0.1/ones/incl/k0/rG1007,1007,none,0,349,0.5393548047559307
main/E_lab/code_leaning_hard/D_code/tau0.1/ones/incl/k0/rG1007,1007,none,0,350,0.2997439262830994
main/E_lab/code_leaning_hard/D_code/tau0.1/ones/incl/k0/rG1007,1007,none,0,351,0.3041109345294899
main/E_lab/code_leaning_hard/D_code/tau0.1/ones/incl/k0/rG1007,1007,none,0,352,16.54339131579661
main/E_lab/code_leaning_hard/D_code/tau0.1/ones/incl/k0/rG1007,1007,none,0,353,2.5309786280804474
main/E_lab/code_leaning_hard/D_code/tau0.1/ones/incl/k0/rG1007,1007,none,0,354,1.268233080195614
main/E_lab/code_leaning_hard/D_code/tau0.1/ones/incl/k0/rG1007,1007,none,0,355,0.5994727823076573
main/E_lab/code_leaning_hard/D_code/tau0.1/ones/incl/k0/rG1007,1007,none,0,356,1.1225273136769829
main/E_lab/code_leaning_hard/D_code/tau0.1/ones/incl/k0/rG1007,1007,none,0,357,2.0645103387755626
main/E_lab/code_leaning_hard/D_code/tau0.1/ones/incl/k0/rG1007,1007,none,0,358,0.4142739604076269
main/E_lab/code_leaning_hard/D_code/tau0.1/ones/incl/k0/rG1007,1007,none,0,359,0.33461056569262837
main/E_lab/code_leaning_hard/D_code/tau0.1/ones/incl/k0/rG1007,1007,none,0,360,0.3098847311212012
main/E_lab/code_leaning_hard/D_code/tau0.1/ones/incl/k0/rG1007,1007,none,0,361,0.4497400121908868
main/E_lab/code_leaning_hard/D_code/tau0.1/ones/incl/k0/rG1007,1007,none,0,362,0.4903617035952266
main/E_lab/code_leaning_hard/D_code/tau0.1/ones/incl/k0/rG1007,1007,none,0,363,0.9888674805715709
main/E_lab/code_leaning_hard/D_code/tau0.1/ones/incl/k0/rG1007,1007,none,0,364,0.5695142068589121
main/E_lab/code_leaning_hard/D_code/tau0.1/ones/incl/k0/rG1007,1007,none,0,365,0.8314541101699433
main/E_lab/code_leaning_hard/D_code/tau0.1/ones/incl/k0/rG1007,1007,none,0,366,1.106341198562859
main/E_lab/code_leaning_hard/D_code/tau0.1/ones/incl/k0/rG1007,1007,none,0,367,0.617371169510875
main/E_lab/code_leaning_hard/D_code/tau0.1/ones/incl/k0/rG1007,1007,none,0,368,0.67089770308894
main/E_lab/code_leaning_hard/D_code/tau0.1/ones/incl/k0/rG1007,1007,none,0,369,0.859920588712157
main/E_lab/code_leaning_hard/D_code/tau0.1/ones/incl/k0/rG1007,1007,none,0,370,1.1202191903430503
main/E_lab/code_leaning_hard/D_code/tau0.1/ones/incl/k0/rG1007,1007,none,0,371,0.20424176359256307
main/E_lab/code_leaning_hard/D_code/tau0.1/ones/incl/k0/rG1007,1007,none,0,372,1.0835629782350225
main/E_lab/code_leaning_hard/D_code/tau0.1/ones/incl/k0/rG1007,1007,none,0,373,0.4657486658643393
main/E_lab/code_leaning_hard/D_code/tau0.1/ones/incl/k0/rG1007,1007,none,0,374,0.3202077122450646
main/E_lab/code_leaning_hard/D_code/tau0.1/ones/incl/k0/rG1007,1007,none,0,375,0.6389809843344665
main/E_lab/code_leaning_hard/D_code/tau0.1/ones/incl/k0/rG1007,1007,none,0,376,1.6599750881296131
main/E_lab/code_leaning_hard/D_code/tau0.1/ones/incl/k0/rG1007,1007,none,0,377,1.1755568377247982
main/E_lab/code_leaning_hard/D_code/tau0.1/ones/incl/k0/rG1007,1007,none,0,378,0.4598051482885239
main/E_lab/code_leaning_hard/D_code/tau0.1/ones/incl/k0/rG1007,1007,none,0,379,0.34497671191093104
main/E_lab/code_leaning_hard/D_code/tau0.1/ones/incl/k0/rG1007,1007,none,0,380,0.2964189107360653
main/E_lab/code_leaning_hard/D_code/tau0.1/ones/incl/k0/rG1007,1007,none,0,381,0.305067283254175
main/E_lab/code_leaning_hard/D_code/tau0.1/ones/incl/k0/rG1007,1007,none,0,382,0.4673643238961631
main/E_lab/code_leaning_hard/D_code/tau0.1/ones/incl/k0/rG1007,1007,none,0,383,0.14836535195763645
main/E_lab/code_leaning_hard/D_code/tau0.1/ones/incl/k0/rG1007,1007,none,0,384,1.8881751616102633
main/E_lab/code_leaning_hard/D_code/tau0.1/ones/incl/k0/rG1007,1007,none,0,385,37.93924106549275
main/E_lab/code_leaning_hard/D_code/tau0.1/ones/incl/k0/rG1007,1007,none,0,386,34.82978010961028
main/E_lab/code_leaning_hard/D_code/tau0.1/ones/incl/k0/rG1007,1007,none,0,387,28.892277591906804
main/E_lab/code_leaning_hard/D_code/tau0.1/ones/incl/k0/rG1007,1007,none,0,388,56.10231129026374
main/E_lab/code_leaning_hard/D_code/tau0.1/ones/incl/k0/rG1007,1007,none,0,389,35.41271564439512
main/E_lab/code_leaning_hard/D_code/tau0.1/ones/incl/k0/rG1007,1007,none,0,390,46.26206430498064
main/E_lab/code_leaning_hard/D_code/tau0.1/ones/incl/k0/rG1007,1007,none,0,391,52.43207256965616
main/E_lab/code_leaning_hard/D_code/tau0.1/ones/incl/k0/rG1007,1007,none,0,392,30.113353805704094
main/E_lab/code_leaning_hard/D_code/tau0.1/ones/incl/k0/rG1007,1007,none,0,393,37.34283394990143
main/E_lab/code_leaning_hard/D_code/tau0.1/ones/incl/k0/rG1007,1007,none,0,394,13.964069350350883
main/E_lab/code_leaning_hard/D_code/tau0.1/ones/incl/k0/rG1007,1007,none,0,395,22.389168747204167
main/E_lab/code_leaning_hard/D_code/tau0.1/ones/incl/k0/rG1007,1007,none,0,396,22.134885993727494
main/E_lab/code_leaning_hard/D_code/tau0.1/ones/incl/k0/rG1007,1007,none,0,397,31.450430505658915
main/E_lab/code_leaning_hard/D_code/tau0.1/ones/incl/k0/rG1007,1007,none,0,398,23.742680393667342
main/E_lab/code_leaning_hard/D_code/tau0.1/ones/incl/k0/rG1007,1007,none,0,399,38.765857081641116
main/E_lab/code_leaning_hard/D_code/tau0.1/ones/incl/k0/rG1007,1007,none,0,400,53.67100685936293
main/E_lab/code_leaning_hard/D_code/tau0.1/ones/incl/k0/rG1007,1007,none,0,401,53.41950530007625
main/E_lab/code_leaning_hard/D_code/tau0.1/ones/incl/k0/rG1007,1007,none,0,402,35.54625928207997
main/E_lab/code_leaning_hard/D_code/tau0.1/ones/incl/k0/rG1007,1007,none,0,403,12.649824050375742
main/E_lab/code_leaning_hard/D_code/tau0.1/ones/incl/k0/rG1007,1007,none,0,404,29.282480393298215
main/E_lab/code_leaning_hard/D_code/tau0.1/ones/incl/k0/rG1007,1007,none,0,405,14.974524062578439
main/E_lab/code_leaning_hard/D_code/tau0.1/ones/incl/k0/rG1007,1007,none,0,406,30.285833781785414
main/E_lab/code_leaning_hard/D_code/tau0.1/ones/incl/k0/rG1007,1007,none,0,407,49.96307234208052
main/E_lab/code_leaning_hard/D_code/tau0.1/ones/incl/k0/rG1007,1007,none,0,408,42.583824723470116
main/E_lab/code_leaning_hard/D_code/tau0.1/ones/incl/k0/rG1007,1007,none,0,409,12.72874933903097
main/E_lab/code_leaning_hard/D_code/tau0.1/ones/incl/k0/rG1007,1007,none,0,410,34.609380629739576
main/E_lab/code_leaning_hard/D_code/tau0.1/ones/incl/k0/rG1007,1007,none,0,411,11.972234921751351
main/E_lab/code_leaning_hard/D_code/tau0.1/ones/incl/k0/rG1007,1007,none,0,412,25.779830220060376
main/E_lab/code_leaning_hard/D_code/tau0.1/ones/incl/k0/rG1007,1007,none,0,413,27.023901724576717
main/E_lab/code_leaning_hard/D_code/tau0.1/ones/incl/k0/rG1007,1007,none,0,414,11.380105641049795
main/E_lab/code_leaning_hard/D_code/tau0.1/ones/incl/k0/rG1007,1007,none,0,415,33.55934289383799
main/E_lab/code_leaning_hard/D_code/tau0.1/ones/incl/k0/rG1007,1007,none,0,416,28.850900136750397
main/E_lab/code_leaning_hard/D_code/tau0.1/ones/incl/k0/rG1007,1007,none,0,417,27.80370452130137
main/E_lab/code_leaning_hard/D_code/tau0.1/ones/incl/k0/rG1007,1007,none,0,418,32.39627883106493
main/E_lab/code_leaning_hard/D_code/tau0.1/ones/incl/k0/rG1007,1007,none,0,419,41.3469167148271
main/E_lab/code_leaning_hard/D_code/tau0.1/ones/incl/k0/rG1007,1007,none,0,420,21.396028080156782
main/E_lab/code_leaning_hard/D_code/tau0.1/ones/incl/k0/rG1007,1007,none,0,421,33.642858121319705
main/E_lab/code_leaning_hard/D_code/tau0.1/ones/incl/k0/rG1007,1007,none,0,422,49.42452740483145
main/E_lab/code_leaning_hard/D_code/tau0.1/ones/incl/k0/rG1007,1007,none,0,423,31.347650200778844
main/E_lab/code_leaning_hard/D_code/tau0.1/ones/incl/k0/rG1007,1007,none,0,424,47.97438283560996
main/E_lab/code_leaning_hard/D_code/tau0.1/ones/incl/k0/rG1007,1007,none,0,425,48.76204186216228
main/E_lab/code_leaning_hard/D_code/tau0.1/ones/incl/k0/rG1007,1007,none,0,426,31.469910321808243
main/E_lab/code_leaning_hard/D_code/tau0.1/ones/incl/k0/rG1007,1007,none,0,427,1.155395346887417
main/E_lab/code_leaning_hard/D_code/tau0.1/ones/incl/k0/rG1007,1007,none,0,428,16.26711925213567
main/E_lab/code_leaning_hard/D_code/tau0.1/ones/incl/k0/rG1007,1007,none,0,429,24.735399050530077
main/E_lab/code_leaning_hard/D_code/tau0.1/ones/incl/k0/rG1007,1007,none,0,430,46.36783460632478
main/E_lab/code_leaning_hard/D_code/tau0.1/ones/incl/k0/rG1007,1007,none,0,431,38.423965578302614
main/E_lab/code_leaning_hard/D_code/tau0.1/ones/incl/k0/rG1007,1007,none,0,432,19.07983240790213
main/E_lab/code_leaning_hard/D_code/tau0.1/ones/incl/k0/rG1007,1007,none,0,433,38.7684241980096
main/E_lab/code_leaning_hard/D_code/tau0.1/ones/incl/k0/rG1007,1007,none,0,434,40.52781587163395
main/E_lab/code_leaning_hard/D_code/tau0.1/ones/incl/k0/rG1007,1007,none,0,435,24.825148603563093
main/E_lab/code_leaning_hard/D_code/tau0.1/ones/incl/k0/rG1007,1007,none,0,436,20.504956821835776
main/E_lab/code_leaning_hard/D_code/tau0.1/ones/incl/k0/rG1007,1007,none,0,437,47.39890685649925
main/E_lab/code_leaning_hard/D_code/tau0.1/ones/incl/k0/rG1007,1007,none,0,438,50.79379348780344
main/E_lab/code_leaning_hard/D_code/tau0.1/ones/incl/k0/rG1007,1007,none,0,439,38.04307597530976
main/E_lab/code_leaning_hard/D_code/tau0.1/ones/incl/k0/rG1007,1007,none,0,440,21.326029939846194
main/E_lab/code_leaning_hard/D_code/tau0.1/ones/incl/k0/rG1007,1007,none,0,441,37.887426052162596
main/E_lab/code_leaning_hard/D_code/tau0.1/ones/incl/k0/rG1007,1007,none,0,442,28.605018614342498
main/E_lab/code_leaning_hard/D_code/tau0.1/ones/incl/k0/rG1007,1007,none,0,443,9.385669319452973
main/E_lab/code_leaning_hard/D_code/tau0.1/ones/incl/k0/rG1007,1007,none,0,444,19.538629838485576
main/E_lab/code_leaning_hard/D_code/tau0.1/ones/incl/k0/rG1007,1007,none,0,445,21.249599373737055
main/E_lab/code_leaning_hard/D_code/tau0.1/ones/incl/k0/rG1007,1007,none,0,446,16.740149370055406
main/E_lab/code_leaning_hard/D_code/tau0.1/ones/incl/k0/rG1007,1007,none,0,447,15.217436533295313
main/E_lab/code_leaning_hard/D_code/tau0.1/ones/incl/k0/rG1007,1007,none,0,448,2.4620041075895642
main/E_lab/code_leaning_hard/D_code/tau0.1/ones/incl/k0/rG1007,1007,none,0,449,11.78805194013762
main/E_lab/code_leaning_hard/D_code/tau0.1/ones/incl/k0/rG1007,1007,none,0,450,8.009072902096932
main/E_lab/code_leaning_hard/D_code/tau0.1/ones/incl/k0/rG1007,1007,none,0,451,1.4206918031370606
main/E_lab/code_leaning_hard/D_code/tau0.1/ones/incl/k0/rG1007,1007,none,0,452,11.588197212261548
main/E_lab/code_leaning_hard/D_code/tau0.1/ones/incl/k0/rG1007,1007,none,0,453,15.01080092237271
main/E_lab/code_leaning_hard/D_code/tau0.1/ones/incl/k0/rG1007,1007,none,0,454,8.23027934790116
main/E_lab/code_leaning_hard/D_code/tau0.1/ones/incl/k0/rG1007,1007,none,0,455,6.964141370347534
main/E_lab/code_leaning_hard/D_code/tau0.1/ones/incl/k0/rG1007,1007,none,0,456,1.8954200203456821
main/E_lab/code_leaning_hard/D_code/tau0.1/ones/incl/k0/rG1007,1007,none,0,457,4.901910104203125
main/E_lab/code_leaning_hard/D_code/tau0.1/ones/incl/k0/rG1007,1007,none,0,458,20.463032747941043
main/E_lab/code_leaning_hard/D_code/tau0.1/ones/incl/k0/rG1007,1007,none,0,459,20.683421552242635
main/E_lab/code_leaning_hard/D_code/tau0.1/ones/incl/k0/rG1007,1007,none,0,460,8.166752976331736
main/E_lab/code_leaning_hard/D_code/tau0.1/ones/incl/k0/rG1007,1007,none,0,461,5.2715649908745945
main/E_lab/code_leaning_hard/D_code/tau0.1/ones/incl/k0/rG1007,1007,none,0,462,14.345295045730836
main/E_lab/code_leaning_hard/D_code/tau0.1/ones/incl/k0/rG1007,1007,none,0,463,19.22830403210719
main/E_lab/code_leaning_hard/D_code/tau0.1/ones/incl/k0/rG1007,1007,none,0,464,25.548932699228885
main/E_lab/code_leaning_hard/D_code/tau0.1/ones/incl/k0/rG1007,1007,none,0,465,22.632186251722942
main/E_lab/code_leaning_hard/D_code/tau0.1/ones/incl/k0/rG1007,1007,none,0,466,10.180858144763079
main/E_lab/code_leaning_hard/D_code/tau0.1/ones/incl/k0/rG1007,1007,none,0,467,19.795376492346804
main/E_lab/code_leaning_hard/D_code/tau0.1/ones/incl/k0/rG1007,1007,none,0,468,16.425856142325756
main/E_lab/code_leaning_hard/D_code/tau0.1/ones/incl/k0/rG1007,1007,none,0,469,12.665143909926428
main/E_lab/code_leaning_hard/D_code/tau0.1/ones/incl/k0/rG1007,1007,none,0,470,21.855560381951364
main/E_lab/code_leaning_hard/D_code/tau0.1/ones/incl/k0/rG1007,1007,none,0,471,26.42238153207518
main/E_lab/code_leaning_hard/D_code/tau0.1/ones/incl/k0/rG1007,1007,none,0,472,30.899591726056997
main/E_lab/code_leaning_hard/D_code/tau0.1/ones/incl/k0/rG1007,1007,none,0,473,28.618525727447377
main/E_lab/code_leaning_hard/D_code/tau0.1/ones/incl/k0/rG1007,1007,none,0,474,21.620544596199124
main/E_lab/code_leaning_hard/D_code/tau0.1/ones/incl/k0/rG1007,1007,none,0,475,28.246388388418836
main/E_lab/code_leaning_hard/D_code/tau0.1/ones/incl/k0/rG1007,1007,none,0,476,29.433572829082323
main/E_lab/code_leaning_hard/D_code/tau0.1/ones/incl/k0/rG1007,1007,none,0,477,17.50572866425989
main/E_lab/code_leaning_hard/D_code/tau0.1/ones/incl/k0/rG1007,1007,none,0,478,4.931525318285821
main/E_lab/code_leaning_hard/D_code/tau0.1/ones/incl/k0/rG1007,1007,none,0,479,3.662023673717613
main/E_lab/code_leaning_hard/D_code/tau0.1/ones/incl/k0/rG1007,1007,none,0,480,2.871781373253725
main/E_lab/code_leaning_hard/D_code/tau0.1/ones/incl/k0/rG1007,1007,none,0,481,2.4886990319248525
main/E_lab/code_leaning_hard/D_code/tau0.1/ones/incl/k0/rG1007,1007,none,0,482,5.189308474449717
main/E_lab/code_leaning_hard/D_code/tau0.1/ones/incl/k0/rG1007,1007,none,0,483,5.792871987752733
main/E_lab/code_leaning_hard/D_code/tau0.1/ones/incl/k0/rG1007,1007,none,0,484,2.5844847027492506
main/E_lab/code_leaning_hard/D_code/tau0.1/ones/incl/k0/rG1007,1007,none,0,485,5.728728101317074
main/E_lab/code_leaning_hard/D_code/tau0.1/ones/incl/k0/rG1007,1007,none,0,486,3.571226389791036
main/E_lab/code_leaning_hard/D_code/tau0.1/ones/incl/k0/rG1007,1007,none,0,487,3.6052417751398025
main/E_lab/code_leaning_hard/D_code/tau0.1/ones/incl/k0/rG1007,1007,none,0,488,14.887265594998553
main/E_lab/code_leaning_hard/D_code/tau0.1/ones/incl/k0/rG1007,1007,none,0,489,15.049659132596503
main/E_lab/code_leaning_hard/D_code/tau0.1/ones/incl/k0/rG1007,1007,none,0,490,3.430729191716864
main/E_lab/code_leaning_hard/D_code/tau0.1/ones/incl/k0/rG1007,1007,none,0,491,3.195293643219884
main/E_lab/code_leaning_hard/D_code/tau0.1/ones/incl/k0/rG1007,1007,none,0,492,2.689073729856318
main/E_lab/code_leaning_hard/D_code/tau0.1/ones/incl/k0/rG1007,1007,none,0,493,3.239287595820315
main/E_lab/code_leaning_hard/D_code/tau0.1/ones/incl/k0/rG1007,1007,none,0,494,10.009554108992319
main/E_lab/code_leaning_hard/D_code/tau0.1/ones/incl/k0/rG1007,1007,none,0,495,21.333413392195894
main/E_lab/code_leaning_hard/D_code/tau0.1/ones/incl/k0/rG1007,1007,none,0,496,7.8280396778905015
main/E_lab/code_leaning_hard/D_code/tau0.1/ones/incl/k0/rG1007,1007,none,0,497,7.391308865951032
main/E_lab/code_leaning_hard/D_code/tau0.1/ones/incl/k0/rG1007,1007,none,0,498,16.560744672176952
main/E_lab/code_leaning_hard/D_code/tau0.1/ones/incl/k0/rG1007,1007,none,0,499,15.652451139803816
main/E_lab/code_leaning_hard/D_code/tau0.1/ones/incl/k0/rG1007,1007,none,0,500,20.457860360822906
main/E_lab/code_leaning_hard/D_code/tau0.1/ones/incl/k0/rG1007,1007,none,0,501,22.355894961422564
main/E_lab/code_leaning_hard/D_code/tau0.1/ones/incl/k0/rG1007,1007,none,0,502,18.14797129617682
main/E_lab/code_leaning_hard/D_code/tau0.1/ones/incl/k0/rG1007,1007,none,0,503,20.247205637816023
main/E_lab/code_leaning_hard/D_code/tau0.1/ones/incl/k0/rG1007,1007,none,0,504,15.61845494483805
main/E_lab/code_leaning_hard/D_code/tau0.1/ones/incl/k0/rG1007,1007,none,0,505,10.59302733474442
main/E_lab/code_leaning_hard/D_code/tau0.1/ones/incl/k0/rG1007,1007,none,0,506,13.569141726380167
main/E_lab/code_leaning_hard/D_code/tau0.1/ones/incl/k0/rG1007,1007,none,0,507,5.362777257828384
main/E_lab/code_leaning_hard/D_code/tau0.1/ones/incl/k0/rG1007,1007,none,0,508,12.791958923320692
main/E_lab/code_leaning_hard/D_code/tau0.1/ones/incl/k0/rG1007,1007,none,0,509,11.929770412097469
main/E_lab/code_leaning_hard/D_code/tau0.1/ones/incl/k0/rG1007,1007,none,0,510,16.043124320024162
main/E_lab/code_leaning_hard/D_code/tau0.1/ones/incl/k0/rG1007,1007,none,0,511,20.39673796942884
main/E_lab/code_leaning_hard/D_code/tau0.1/ones/incl/k0/rG256/ctl-usage,256,usage,0,0,0.7453719798832026
main/E_lab/code_leaning_hard/D_code/tau0.1/ones/incl/k0/rG256/ctl-usage,256,usage,0,1,0.8396270315379297
main/E_lab/code_leaning_hard/D_code/tau0.1/ones/incl/k0/rG256/ctl-usage,256,usage,0,2,0.9640893153264187
main/E_lab/code_leaning_hard/D_code/tau0.1/ones/incl/k0/rG256/ctl-usage,256,usage,0,3,0.8570846472284757
main/E_lab/code_leaning_hard/D_code/tau0.1/ones/incl/k0/rG256/ctl-usage,256,usage,0,4,0.5287800031273946
main/E_lab/code_leaning_hard/D_code/tau0.1/ones/incl/k0/rG256/ctl-usage,256,usage,0,5,0.7156333179109424
main/E_lab/code_leaning_hard/D_code/tau0.1/ones/incl/k0/rG256/ctl-usage,256,usage,0,6,0.8788315028141369
main/E_lab/code_leaning_hard/D_code/tau0.1/ones/incl/k0/rG256/ctl-usage,256,usage,0,7,0.6108968670723698
main/E_lab/code_leaning_hard/D_code/tau0.1/ones/incl/k0/rG256/ctl-usage,256,usage,0,8,1.0388992893267641
main/E_lab/code_leaning_hard/D_code/tau0.1/ones/incl/k0/rG256/ctl-usage,256,usage,0,9,0.917912307959341
main/E_lab/code_leaning_hard/D_code/tau0.1/ones/incl/k0/rG256/ctl-usage,256,usage,0,10,0.6945982489560265
main/E_lab/code_leaning_hard/D_code/tau0.1/ones/incl/k0/rG256/ctl-usage,256,usage,0,11,0.41516315931880854
main/E_lab/code_leaning_hard/D_code/tau0.1/ones/incl/k0/rG256/ctl-usage,256,usage,0,12,0.40388607382374175
main/E_lab/code_leaning_hard/D_code/tau0.1/ones/incl/k0/rG256/ctl-usage,256,usage,0,13,0.538875018402905
main/E_lab/code_leaning_hard/D_code/tau0.1/ones/incl/k0/rG256/ctl-usage,256,usage,0,14,0.6935966005567025
main/E_lab/code_leaning_hard/D_code/tau0.1/ones/incl/k0/rG256/ctl-usage,256,usage,0,15,0.6671601906691649
main/E_lab/code_leaning_hard/D_code/tau0.1/ones/incl/k0/rG256/ctl-usage,256,usage,0,16,0.5789135381728556
main/E_lab/code_leaning_hard/D_code/tau0.1/ones/incl/k0/rG256/ctl-usage,256,usage,0,17,0.7891628165298243
main/E_lab/code_leaning_hard/D_code/tau0.1/ones/incl/k0/rG256/ctl-usage,256,usage,0,18,0.5541328057418013
main/E_lab/code_leaning_hard/D_code/tau0.1/ones/incl/k0/rG256/ctl-usage,256,usage,0,19,0.5698161027930837
main/E_lab/code_leaning_hard/D_code/tau0.1/ones/incl/k0/rG256/ctl-usage,256,usage,0,20,0.6723960645824718
main/E_lab/code_leaning_hard/D_code/tau0.1/ones/incl/k0/rG256/ctl-usage,256,usage,0,21,0.5341566403612887
main/E_lab/code_leaning_hard/D_code/tau0.1/ones/incl/k0/rG256/ctl-usage,256,usage,0,22,0.7564327200925618
main/E_lab/code_leaning_hard/D_code/tau0.1/ones/incl/k0/rG256/ctl-usage,256,usage,0,23,0.7391504015104147
main/E_lab/code_leaning_hard/D_code/tau0.1/ones/incl/k0/rG256/ctl-usage,256,usage,0,24,0.6357947013339071
main/E_lab/code_leaning_hard/D_code/tau0.1/ones/incl/k0/rG256/ctl-usage,256,usage,0,25,0.6206689407893009
main/E_lab/code_leaning_hard/D_code/tau0.1/ones/incl/k0/rG256/ctl-usage,256,usage,0,26,1.2814017868813607
main/E_lab/code_leaning_hard/D_code/tau0.1/ones/incl/k0/rG256/ctl-usage,256,usage,0,27,1.3829763811390876
main/E_lab/code_leaning_hard/D_code/tau0.1/ones/incl/k0/rG256/ctl-usage,256,usage,0,28,0.9408673253055895
main/E_lab/code_leaning_hard/D_code/tau0.1/ones/incl/k0/rG256/ctl-usage,256,usage,0,29,0.7225381953323904
main/E_lab/code_leaning_hard/D_code/tau0.1/ones/incl/k0/rG256/ctl-usage,256,usage,0,30,0.6711190271616942
main/E_lab/code_leaning_hard/D_code/tau0.1/ones/incl/k0/rG256/ctl-usage,256,usage,0,31,0.9795049346480482
main/E_lab/code_leaning_hard/D_code/tau0.1/ones/incl/k0/rG256/ctl-usage,256,usage,0,32,0.7697947761589603
main/E_lab/code_leaning_hard/D_code/tau0.1/ones/incl/k0/rG256/ctl-usage,256,usage,0,33,0.9371461981950233
main/E_lab/code_leaning_hard/D_code/tau0.1/ones/incl/k0/rG256/ctl-usage,256,usage,0,34,0.9624882138223256
main/E_lab/code_leaning_hard/D_code/tau0.1/ones/incl/k0/rG256/ctl-usage,256,usage,0,35,0.4914300348273173
main/E_lab/code_leaning_hard/D_code/tau0.1/ones/incl/k0/rG256/ctl-usage,256,usage,0,36,0.9600820150517393
main/E_lab/code_leaning_hard/D_code/tau0.1/ones/incl/k0/rG256/ctl-usage,256,usage,0,37,0.4523488256481869
main/E_lab/code_leaning_hard/D_code/tau0.1/ones/incl/k0/rG256/ctl-usage,256,usage,0,38,0.7834400895749241
main/E_lab/code_leaning_hard/D_code/tau0.1/ones/incl/k0/rG256/ctl-usage,256,usage,0,39,1.2246086720242602
main/E_lab/code_leaning_hard/D_code/tau0.1/ones/incl/k0/rG256/ctl-usage,256,usage,0,40,1.2583551387472198
main/E_lab/code_leaning_hard/D_code/tau0.1/ones/incl/k0/rG256/ctl-usage,256,usage,0,41,2.4952499886884425
main/E_lab/code_leaning_hard/D_code/tau0.1/ones/incl/k0/rG256/ctl-usage,256,usage,0,42,1.2121659679262393
main/E_lab/code_leaning_hard/D_code/tau0.1/ones/incl/k0/rG256/ctl-usage,256,usage,0,43,0.676582983364824
main/E_lab/code_leaning_hard/D_code/tau0.1/ones/incl/k0/rG256/ctl-usage,256,usage,0,44,0.3990691893668554
main/E_lab/code_leaning_hard/D_code/tau0.1/ones/incl/k0/rG256/ctl-usage,256,usage,0,45,0.5576213016265683
main/E_lab/code_leaning_hard/D_code/tau0.1/ones/incl/k0/rG256/ctl-usage,256,usage,0,46,0.7663251061198935
main/E_lab/code_leaning_hard/D_code/tau0.1/ones/incl/k0/rG256/ctl-usage,256,usage,0,47,0.5755085864529974
main/E_lab/code_leaning_hard/D_code/tau0.1/ones/incl/k0/rG256/ctl-usage,256,usage,0,48,0.6573128856025505
main/E_lab/code_leaning_hard/D_code/tau0.1/ones/incl/k0/rG256/ctl-usage,256,usage,0,49,0.5519467779631668
main/E_lab/code_leaning_hard/D_code/tau0.1/ones/incl/k0/rG256/ctl-usage,256,usage,0,50,0.623918301574804
main/E_lab/code_leaning_hard/D_code/tau0.1/ones/incl/k0/rG256/ctl-usage,256,usage,0,51,1.0726137070987534
main/E_lab/code_leaning_hard/D_code/tau0.1/ones/incl/k0/rG256/ctl-usage,256,usage,0,52,0.7255844835026437
main/E_lab/code_leaning_hard/D_code/tau0.1/ones/incl/k0/rG256/ctl-usage,256,usage,0,53,0.7062513621785911
main/E_lab/code_leaning_hard/D_code/tau0.1/ones/incl/k0/rG256/ctl-usage,256,usage,0,54,0.4514998008198745
main/E_lab/code_leaning_hard/D_code/tau0.1/ones/incl/k0/rG256/ctl-usage,256,usage,0,55,0.736984189416944
main/E_lab/code_leaning_hard/D_code/tau0.1/ones/incl/k0/rG256/ctl-usage,256,usage,0,56,0.5897977976987931
main/E_lab/code_leaning_hard/D_code/tau0.1/ones/incl/k0/rG256/ctl-usage,256,usage,0,57,0.7494911915619014
main/E_lab/code_leaning_hard/D_code/tau0.1/ones/incl/k0/rG256/ctl-usage,256,usage,0,58,0.4329873115511873
main/E_lab/code_leaning_hard/D_code/tau0.1/ones/incl/k0/rG256/ctl-usage,256,usage,0,59,0.4343972691531235
main/E_lab/code_leaning_hard/D_code/tau0.1/ones/incl/k0/rG256/ctl-usage,256,usage,0,60,0.8238853652787839
main/E_lab/code_leaning_hard/D_code/tau0.1/ones/incl/k0/rG256/ctl-usage,256,usage,0,61,0.4956150805883226
main/E_lab/code_leaning_hard/D_code/tau0.1/ones/incl/k0/rG256/ctl-usage,256,usage,0,62,0.5313481130970104
main/E_lab/code_leaning_hard/D_code/tau0.1/ones/incl/k0/rG256/ctl-usage,256,usage,0,63,0.5133603781341662
main/E_lab/code_leaning_hard/D_code/tau0.1/ones/incl/k0/rG256/ctl-usage,256,usage,0,64,0.6490142952225142
main/E_lab/code_leaning_hard/D_code/tau0.1/ones/incl/k0/rG256/ctl-usage,256,usage,0,65,0.6335721457705858
main/E_lab/code_leaning_hard/D_code/tau0.1/ones/incl/k0/rG256/ctl-usage,256,usage,0,66,1.0849565325470394
main/E_lab/code_leaning_hard/D_code/tau0.1/ones/incl/k0/rG256/ctl-usage,256,usage,0,67,1.75155702621214
main/E_lab/code_leaning_hard/D_code/tau0.1/ones/incl/k0/rG256/ctl-usage,256,usage,0,68,1.737429841957237
main/E_lab/code_leaning_hard/D_code/tau0.1/ones/incl/k0/rG256/ctl-usage,256,usage,0,69,1.5502662023848188
main/E_lab/code_leaning_hard/D_code/tau0.1/ones/incl/k0/rG256/ctl-usage,256,usage,0,70,2.88294899632092
main/E_lab/code_leaning_hard/D_code/tau0.1/ones/incl/k0/rG256/ctl-usage,256,usage,0,71,2.875307428150336
main/E_lab/code_leaning_hard/D_code/tau0.1/ones/incl/k0/rG256/ctl-usage,256,usage,0,72,3.025099181159021
main/E_lab/code_leaning_hard/D_code/tau0.1/ones/incl/k0/rG256/ctl-usage,256,usage,0,73,2.8949825854124356
main/E_lab/code_leaning_hard/D_code/tau0.1/ones/incl/k0/rG256/ctl-usage,256,usage,0,74,1.9964736685442404
main/E_lab/code_leaning_hard/D_code/tau0.1/ones/incl/k0/rG256/ctl-usage,256,usage,0,75,2.640430916594596
main/E_lab/code_leaning_hard/D_code/tau0.1/ones/incl/k0/rG256/ctl-usage,256,usage,0,76,2.653085955129427
main/E_lab/code_leaning_hard/D_code/tau0.1/ones/incl/k0/rG256/ctl-usage,256,usage,0,77,2.784744654111819
main/E_lab/code_leaning_hard/D_code/tau0.1/ones/incl/k0/rG256/ctl-usage,256,usage,0,78,2.7635170740550166
main/E_lab/code_leaning_hard/D_code/tau0.1/ones/incl/k0/rG256/ctl-usage,256,usage,0,79,2.14363007607335
main/E_lab/code_leaning_hard/D_code/tau0.1/ones/incl/k0/rG256/ctl-usage,256,usage,0,80,2.749900048436757
main/E_lab/code_leaning_hard/D_code/tau0.1/ones/incl/k0/rG256/ctl-usage,256,usage,0,81,2.782151096850612
main/E_lab/code_leaning_hard/D_code/tau0.1/ones/incl/k0/rG256/ctl-usage,256,usage,0,82,2.7490466758736147
main/E_lab/code_leaning_hard/D_code/tau0.1/ones/incl/k0/rG256/ctl-usage,256,usage,0,83,2.8486233761786934
main/E_lab/code_leaning_hard/D_code/tau0.1/ones/incl/k0/rG256/ctl-usage,256,usage,0,84,2.7784867759201006
main/E_lab/code_leaning_hard/D_code/tau0.1/ones/incl/k0/rG256/ctl-usage,256,usage,0,85,2.7190199682690945
main/E_lab/code_leaning_hard/D_code/tau0.1/ones/incl/k0/rG256/ctl-usage,256,usage,0,86,2.799869783007125
main/E_lab/code_leaning_hard/D_code/tau0.1/ones/incl/k0/rG256/ctl-usage,256,usage,0,87,2.8181316259051528
main/E_lab/code_leaning_hard/D_code/tau0.1/ones/incl/k0/rG256/ctl-usage,256,usage,0,88,2.904941427040285
main/E_lab/code_leaning_hard/D_code/tau0.1/ones/incl/k0/rG256/ctl-usage,256,usage,0,89,1.3207286853275946
main/E_lab/code_leaning_hard/D_code/tau0.1/ones/incl/k0/rG256/ctl-usage,256,usage,0,90,0.8166737486862985
main/E_lab/code_leaning_hard/D_code/tau0.1/ones/incl/k0/rG256/ctl-usage,256,usage,0,91,0.5368075848759872
main/E_lab/code_leaning_hard/D_code/tau0.1/ones/incl/k0/rG256/ctl-usage,256,usage,0,92,1.1038125456889247
main/E_lab/code_leaning_hard/D_code/tau0.1/ones/incl/k0/rG256/ctl-usage,256,usage,0,93,0.8503403515269383
main/E_lab/code_leaning_hard/D_code/tau0.1/ones/incl/k0/rG256/ctl-usage,256,usage,0,94,0.5214174305911001
main/E_lab/code_leaning_hard/D_code/tau0.1/ones/incl/k0/rG256/ctl-usage,256,usage,0,95,0.6490551019051054
main/E_lab/code_leaning_hard/D_code/tau0.1/ones/incl/k0/rG256/ctl-usage,256,usage,0,96,0.6015120275551453
main/E_lab/code_leaning_hard/D_code/tau0.1/ones/incl/k0/rG256/ctl-usage,256,usage,0,97,0.5465427802573686
main/E_lab/code_leaning_hard/D_code/tau0.1/ones/incl/k0/rG256/ctl-usage,256,usage,0,98,0.6873293803892011
main/E_lab/code_leaning_hard/D_code/tau0.1/ones/incl/k0/rG256/ctl-usage,256,usage,0,99,0.5932898315295461
main/E_lab/code_leaning_hard/D_code/tau0.1/ones/incl/k0/rG256/ctl-usage,256,usage,0,100,0.7398722095294943
main/E_lab/code_leaning_hard/D_code/tau0.1/ones/incl/k0/rG256/ctl-usage,256,usage,0,101,0.5034713993154583
main/E_lab/code_leaning_hard/D_code/tau0.1/ones/incl/k0/rG256/ctl-usage,256,usage,0,102,0.7114154544769917
main/E_lab/code_leaning_hard/D_code/tau0.1/ones/incl/k0/rG256/ctl-usage,256,usage,0,103,0.8218254581333895
main/E_lab/code_leaning_hard/D_code/tau0.1/ones/incl/k0/rG256/ctl-usage,256,usage,0,104,0.5863053743851196
main/E_lab/code_leaning_hard/D_code/tau0.1/ones/incl/k0/rG256/ctl-usage,256,usage,0,105,0.874318813449463
main/E_lab/code_leaning_hard/D_code/tau0.1/ones/incl/k0/rG256/ctl-usage,256,usage,0,106,0.8070341429447581
main/E_lab/code_leaning_hard/D_code/tau0.1/ones/incl/k0/rG256/ctl-usage,256,usage,0,107,0.9394539556014934
main/E_lab/code_leaning_hard/D_code/tau0.1/ones/incl/k0/rG256/ctl-usage,256,usage,0,108,0.8782394629465671
main/E_lab/code_leaning_hard/D_code/tau0.1/ones/incl/k0/rG256/ctl-usage,256,usage,0,109,0.9292105891363462
main/E_lab/code_leaning_hard/D_code/tau0.1/ones/incl/k0/rG256/ctl-usage,256,usage,0,110,1.0106415400523474
main/E_lab/code_leaning_hard/D_code/tau0.1/ones/incl/k0/rG256/ctl-usage,256,usage,0,111,0.9023084783420927
main/E_lab/code_leaning_hard/D_code/tau0.1/ones/incl/k0/rG256/ctl-usage,256,usage,0,112,0.8881946600567971
main/E_lab/code_leaning_hard/D_code/tau0.1/ones/incl/k0/rG256/ctl-usage,256,usage,0,113,0.9665722340896536
main/E_lab/code_leaning_hard/D_code/tau0.1/ones/incl/k0/rG256/ctl-usage,256,usage,0,114,0.9641029454107866
main/E_lab/code_leaning_hard/D_code/tau0.1/ones/incl/k0/rG256/ctl-usage,256,usage,0,115,0.7684837165143108
main/E_lab/code_leaning_hard/D_code/tau0.1/ones/incl/k0/rG256/ctl-usage,256,usage,0,116,0.5118342245805252
main/E_lab/code_leaning_hard/D_code/tau0.1/ones/incl/k0/rG256/ctl-usage,256,usage,0,117,0.6372940993842349
main/E_lab/code_leaning_hard/D_code/tau0.1/ones/incl/k0/rG256/ctl-usage,256,usage,0,118,0.6249786658045196
main/E_lab/code_leaning_hard/D_code/tau0.1/ones/incl/k0/rG256/ctl-usage,256,usage,0,119,0.730303811410522
main/E_lab/code_leaning_hard/D_code/tau0.1/ones/incl/k0/rG256/ctl-usage,256,usage,0,120,0.551157617213903
main/E_lab/code_leaning_hard/D_code/tau0.1/ones/incl/k0/rG256/ctl-usage,256,usage,0,121,0.721207174963638
main/E_lab/code_leaning_hard/D_code/tau0.1/ones/incl/k0/rG256/ctl-usage,256,usage,0,122,1.104002064115548
main/E_lab/code_leaning_hard/D_code/tau0.1/ones/incl/k0/rG256/ctl-usage,256,usage,0,123,1.4349202917555886
main/E_lab/code_leaning_hard/D_code/tau0.1/ones/incl/k0/rG256/ctl-usage,256,usage,0,124,1.187363685940909
main/E_lab/code_leaning_hard/D_code/tau0.1/ones/incl/k0/rG256/ctl-usage,256,usage,0,125,0.705529480594123
main/E_lab/code_leaning_hard/D_code/tau0.1/ones/incl/k0/rG256/ctl-usage,256,usage,0,126,0.6795227967832034
main/E_lab/code_leaning_hard/D_code/tau0.1/ones/incl/k0/rG256/ctl-usage,256,usage,0,127,0.6689177359203313
main/E_lab/code_leaning_hard/D_code/tau0.1/ones/incl/k0/rG256/ctl-usage,256,usage,0,128,0.642871450898383
main/E_lab/code_leaning_hard/D_code/tau0.1/ones/incl/k0/rG256/ctl-usage,256,usage,0,129,0.7050244665961145
main/E_lab/code_leaning_hard/D_code/tau0.1/ones/incl/k0/rG256/ctl-usage,256,usage,0,130,0.796715052694708
main/E_lab/code_leaning_hard/D_code/tau0.1/ones/incl/k0/rG256/ctl-usage,256,usage,0,131,0.8187909893081269
main/E_lab/code_leaning_hard/D_code/tau0.1/ones/incl/k0/rG256/ctl-usage,256,usage,0,132,0.7852385390606287
main/E_lab/code_leaning_hard/D_code/tau0.1/ones/incl/k0/rG256/ctl-usage,256,usage,0,133,0.744906848321989
main/E_lab/code_leaning_hard/D_code/tau0.1/ones/incl/k0/rG256/ctl-usage,256,usage,0,134,0.4944061024052644
main/E_lab/code_leaning_hard/D_code/tau0.1/ones/incl/k0/rG256/ctl-usage,256,usage,0,135,0.406981881662432
main/E_lab/code_leaning_hard/D_code/tau0.1/ones/incl/k0/rG256/ctl-usage,256,usage,0,136,0.8308608059742255
main/E_lab/code_leaning_hard/D_code/tau0.1/ones/incl/k0/rG256/ctl-usage,256,usage,0,137,0.7572854356112657
main/E_lab/code_leaning_hard/D_code/tau0.1/ones/incl/k0/rG256/ctl-usage,256,usage,0,138,0.9566979136461669
main/E_lab/code_leaning_hard/D_code/tau0.1/ones/incl/k0/rG256/ctl-usage,256,usage,0,139,0.9489564891628106
main/E_lab/code_leaning_hard/D_code/tau0.1/ones/incl/k0/rG256/ctl-usage,256,usage,0,140,0.7791495236524497
main/E_lab/code_leaning_hard/D_code/tau0.1/ones/incl/k0/rG256/ctl-usage,256,usage,0,141,0.9552143908795188
main/E_lab/code_leaning_hard/D_code/tau0.1/ones/incl/k0/rG256/ctl-usage,256,usage,0,142,1.1087579381955948
main/E_lab/code_leaning_hard/D_code/tau0.1/ones/incl/k0/rG256/ctl-usage,256,usage,0,143,1.108996910254973
main/E_lab/code_leaning_hard/D_code/tau0.1/ones/incl/k0/rG256/ctl-usage,256,usage,0,144,1.1298509235584788
main/E_lab/code_leaning_hard/D_code/tau0.1/ones/incl/k0/rG256/ctl-usage,256,usage,0,145,1.1166800452238022
main/E_lab/code_leaning_hard/D_code/tau0.1/ones/incl/k0/rG256/ctl-usage,256,usage,0,146,1.2293945853671175
main/E_lab/code_leaning_hard/D_code/tau0.1/ones/incl/k0/rG256/ctl-usage,256,usage,0,147,0.8396346007903048
main/E_lab/code_leaning_hard/D_code/tau0.1/ones/incl/k0/rG256/ctl-usage,256,usage,0,148,1.5508112116867778
main/E_lab/code_leaning_hard/D_code/tau0.1/ones/incl/k0/rG256/ctl-usage,256,usage,0,149,2.154601132706375
main/E_lab/code_leaning_hard/D_code/tau0.1/ones/incl/k0/rG256/ctl-usage,256,usage,0,150,1.6046175621168004
main/E_lab/code_leaning_hard/D_code/tau0.1/ones/incl/k0/rG256/ctl-usage,256,usage,0,151,1.5769163377133282
main/E_lab/code_leaning_hard/D_code/tau0.1/ones/incl/k0/rG256/ctl-usage,256,usage,0,152,1.572455554482076
main/E_lab/code_leaning_hard/D_code/tau0.1/ones/incl/k0/rG256/ctl-usage,256,usage,0,153,1.2729158124948299
main/E_lab/code_leaning_hard/D_code/tau0.1/ones/incl/k0/rG256/ctl-usage,256,usage,0,154,1.793843474055393
main/E_lab/code_leaning_hard/D_code/tau0.1/ones/incl/k0/rG256/ctl-usage,256,usage,0,155,2.5650116524632267
main/E_lab/code_leaning_hard/D_code/tau0.1/ones/incl/k0/rG256/ctl-usage,256,usage,0,156,2.404743165486707
main/E_lab/code_leaning_hard/D_code/tau0.1/ones/incl/k0/rG256/ctl-usage,256,usage,0,157,2.4840034572712284
main/E_lab/code_leaning_hard/D_code/tau0.1/ones/incl/k0/rG256/ctl-usage,256,usage,0,158,1.150631192187575
main/E_lab/code_leaning_hard/D_code/tau0.1/ones/incl/k0/rG256/ctl-usage,256,usage,0,159,0.7587760961462209
main/E_lab/code_leaning_hard/D_code/tau0.1/ones/incl/k0/rG256/ctl-usage,256,usage,0,160,1.3376395652840074
main/E_lab/code_leaning_hard/D_code/tau0.1/ones/incl/k0/rG256/ctl-usage,256,usage,0,161,1.275845383408523
main/E_lab/code_leaning_hard/D_code/tau0.1/ones/incl/k0/rG256/ctl-usage,256,usage,0,162,1.0151231296586047
main/E_lab/code_leaning_hard/D_code/tau0.1/ones/incl/k0/rG256/ctl-usage,256,usage,0,163,0.482918008867955
main/E_lab/code_leaning_hard/D_code/tau0.1/ones/incl/k0/rG256/ctl-usage,256,usage,0,164,0.4230043090606159
main/E_lab/code_leaning_hard/D_code/tau0.1/ones/incl/k0/rG256/ctl-usage,256,usage,0,165,0.3958035863333862
main/E_lab/code_leaning_hard/D_code/tau0.1/ones/incl/k0/rG256/ctl-usage,256,usage,0,166,0.4153359851979985
main/E_lab/code_leaning_hard/D_code/tau0.1/ones/incl/k0/rG256/ctl-usage,256,usage,0,167,0.44117338721480337
main/E_lab/code_leaning_hard/D_code/tau0.1/ones/incl/k0/rG256/ctl-usage,256,usage,0,168,0.5042652898982851
main/E_lab/code_leaning_hard/D_code/tau0.1/ones/incl/k0/rG256/ctl-usage,256,usage,0,169,0.6831339760913124
main/E_lab/code_leaning_hard/D_code/tau0.1/ones/incl/k0/rG256/ctl-usage,256,usage,0,170,0.6870033381145504
main/E_lab/code_leaning_hard/D_code/tau0.1/ones/incl/k0/rG256/ctl-usage,256,usage,0,171,0.43124071400143293
main/E_lab/code_leaning_hard/D_code/tau0.1/ones/incl/k0/rG256/ctl-usage,256,usage,0,172,0.6619183303046157
main/E_lab/code_leaning_hard/D_code/tau0.1/ones/incl/k0/rG256/ctl-usage,256,usage,0,173,0.8899595833772764
main/E_lab/code_leaning_hard/D_code/tau0.1/ones/incl/k0/rG256/ctl-usage,256,usage,0,174,1.393666844704967
main/E_lab/code_leaning_hard/D_code/tau0.1/ones/incl/k0/rG256/ctl-usage,256,usage,0,175,0.907156496735297
main/E_lab/code_leaning_hard/D_code/tau0.1/ones/incl/k0/rG256/ctl-usage,256,usage,0,176,1.063274039703174
main/E_lab/code_leaning_hard/D_code/tau0.1/ones/incl/k0/rG256/ctl-usage,256,usage,0,177,0.9360533692833997
main/E_lab/code_leaning_hard/D_code/tau0.1/ones/incl/k0/rG256/ctl-usage,256,usage,0,178,0.8476021086726178
main/E_lab/code_leaning_hard/D_code/tau0.1/ones/incl/k0/rG256/ctl-usage,256,usage,0,179,0.6752884124271077
main/E_lab/code_leaning_hard/D_code/tau0.1/ones/incl/k0/rG256/ctl-usage,256,usage,0,180,0.6699072574629099
main/E_lab/code_leaning_hard/D_code/tau0.1/ones/incl/k0/rG256/ctl-usage,256,usage,0,181,0.6550740529537507
main/E_lab/code_leaning_hard/D_code/tau0.1/ones/incl/k0/rG256/ctl-usage,256,usage,0,182,0.6990875697283627
main/E_lab/code_leaning_hard/D_code/tau0.1/ones/incl/k0/rG256/ctl-usage,256,usage,0,183,0.6365428163435354
main/E_lab/code_leaning_hard/D_code/tau0.1/ones/incl/k0/rG256/ctl-usage,256,usage,0,184,0.6798190019117101
main/E_lab/code_leaning_hard/D_code/tau0.1/ones/incl/k0/rG256/ctl-usage,256,usage,0,185,0.6987155093838737
main/E_lab/code_leaning_hard/D_code/tau0.1/ones/incl/k0/rG256/ctl-usage,256,usage,0,186,0.4186043128966048
main/E_lab/code_leaning_hard/D_code/tau0.1/ones/incl/k0/rG256/ctl-usage,256,usage,0,187,0.5851717895241109
main/E_lab/code_leaning_hard/D_code/tau0.1/ones/incl/k0/rG256/ctl-usage,256,usage,0,188,0.47516173002077267
main/E_lab/code_leaning_hard/D_code/tau0.1/ones/incl/k0/rG256/ctl-usage,256,usage,0,189,0.8954373189883427
main/E_lab/code_leaning_hard/D_code/tau0.1/ones/incl/k0/rG256/ctl-usage,256,usage,0,190,1.1611412424435912
main/E_lab/code_leaning_hard/D_code/tau0.1/ones/incl/k0/rG256/ctl-usage,256,usage,0,191,0.5818818386969724
main/E_lab/code_leaning_hard/D_code/tau0.1/ones/incl/k0/rG256/ctl-usage,256,usage,0,192,0.5703318201158254
main/E_lab/code_leaning_hard/D_code/tau0.1/ones/incl/k0/rG256/ctl-usage,256,usage,0,193,1.0803537284209597
main/E_lab/code_leaning_hard/D_code/tau0.1/ones/incl/k0/rG256/ctl-usage,256,usage,0,194,1.0841397273579787
main/E_lab/code_leaning_hard/D_code/tau0.1/ones/incl/k0/rG256/ctl-usage,256,usage,0,195,0.8655386459345209
main/E_lab/code_leaning_hard/D_code/tau0.1/ones/incl/k0/rG256/ctl-usage,256,usage,0,196,0.5268613814673699
main/E_lab/code_leaning_hard/D_code/tau0.1/ones/incl/k0/rG256/ctl-usage,256,usage,0,197,0.5302928353958123
main/E_lab/code_leaning_hard/D_code/tau0.1/ones/incl/k0/rG256/ctl-usage,256,usage,0,198,0.4779628109799887
main/E_lab/code_leaning_hard/D_code/tau0.1/ones/incl/k0/rG256/ctl-usage,256,usage,0,199,0.9480637194701558
main/E_lab/code_leaning_hard/D_code/tau0.1/ones/incl/k0/rG256/ctl-usage,256,usage,0,200,0.6496140333911171
main/E_lab/code_leaning_hard/D_code/tau0.1/ones/incl/k0/rG256/ctl-usage,256,usage,0,201,0.630259118039703
main/E_lab/code_leaning_hard/D_code/tau0.1/ones/incl/k0/rG256/ctl-usage,256,usage,0,202,0.8078234609665742
main/E_lab/code_leaning_hard/D_code/tau0.1/ones/incl/k0/rG256/ctl-usage,256,usage,0,203,0.3944638547327486
main/E_lab/code_leaning_hard/D_code/tau0.1/ones/incl/k0/rG256/ctl-usage,256,usage,0,204,0.4697613476737388
main/E_lab/code_leaning_hard/D_code/tau0.1/ones/incl/k0/rG256/ctl-usage,256,usage,0,205,0.5878532020988132
main/E_lab/code_leaning_hard/D_code/tau0.1/ones/incl/k0/rG256/ctl-usage,256,usage,0,206,0.524769903453489
main/E_lab/code_leaning_hard/D_code/tau0.1/ones/incl/k0/rG256/ctl-usage,256,usage,0,207,0.4635452661286763
main/E_lab/code_leaning_hard/D_code/tau0.1/ones/incl/k0/rG256/ctl-usage,256,usage,0,208,0.5196236929077713
main/E_lab/code_leaning_hard/D_code/tau0.1/ones/incl/k0/rG256/ctl-usage,256,usage,0,209,0.6104641462497966
main/E_lab/code_leaning_hard/D_code/tau0.1/ones/incl/k0/rG256/ctl-usage,256,usage,0,210,1.7218307522780378
main/E_lab/code_leaning_hard/D_code/tau0.1/ones/incl/k0/rG256/ctl-usage,256,usage,0,211,1.8671505998295288
main/E_lab/code_leaning_hard/D_code/tau0.1/ones/incl/k0/rG256/ctl-usage,256,usage,0,212,1.4779907195897977
main/E_lab/code_leaning_hard/D_code/tau0.1/ones/incl/k0/rG256/ctl-usage,256,usage,0,213,0.5683302053412262
main/E_lab/code_leaning_hard/D_code/tau0.1/ones/incl/k0/rG256/ctl-usage,256,usage,0,214,0.6577637367226998
main/E_lab/code_leaning_hard/D_code/tau0.1/ones/incl/k0/rG256/ctl-usage,256,usage,0,215,1.0935343762012053
main/E_lab/code_leaning_hard/D_code/tau0.1/ones/incl/k0/rG256/ctl-usage,256,usage,0,216,1.3418620281845506
main/E_lab/code_leaning_hard/D_code/tau0.1/ones/incl/k0/rG256/ctl-usage,256,usage,0,217,0.8679118468407978
main/E_lab/code_leaning_hard/D_code/tau0.1/ones/incl/k0/rG256/ctl-usage,256,usage,0,218,0.7690894198422029
main/E_lab/code_leaning_hard/D_code/tau0.1/ones/incl/k0/rG256/ctl-usage,256,usage,0,219,0.951706164319603
main/E_lab/code_leaning_hard/D_code/tau0.1/ones/incl/k0/rG256/ctl-usage,256,usage,0,220,1.0529517863760702
main/E_lab/code_leaning_hard/D_code/tau0.1/ones/incl/k0/rG256/ctl-usage,256,usage,0,221,1.0859124894795968
main/E_lab/code_leaning_hard/D_code/tau0.1/ones/incl/k0/rG256/ctl-usage,256,usage,0,222,0.950940774242099
main/E_lab/code_leaning_hard/D_code/tau0.1/ones/incl/k0/rG256/ctl-usage,256,usage,0,223,0.9878337155505506
main/E_lab/code_leaning_hard/D_code/tau0.1/ones/incl/k0/rG256/ctl-usage,256,usage,0,224,0.6950310688735044
main/E_lab/code_leaning_hard/D_code/tau0.1/ones/incl/k0/rG256/ctl-usage,256,usage,0,225,2.7697684369786657
main/E_lab/code_leaning_hard/D_code/tau0.1/ones/incl/k0/rG256/ctl-usage,256,usage,0,226,1.7982274294290619
main/E_lab/code_leaning_hard/D_code/tau0.1/ones/incl/k0/rG256/ctl-usage,256,usage,0,227,0.9028165531026389
main/E_lab/code_leaning_hard/D_code/tau0.1/ones/incl/k0/rG256/ctl-usage,256,usage,0,228,0.84221587196771
main/E_lab/code_leaning_hard/D_code/tau0.1/ones/incl/k0/rG256/ctl-usage,256,usage,0,229,0.643796977798047
main/E_lab/code_leaning_hard/D_code/tau0.1/ones/incl/k0/rG256/ctl-usage,256,usage,0,230,0.7480621132199303
main/E_lab/code_leaning_hard/D_code/tau0.1/ones/incl/k0/rG256/ctl-usage,256,usage,0,231,0.8172209086314979
main/E_lab/code_leaning_hard/D_code/tau0.1/ones/incl/k0/rG256/ctl-usage,256,usage,0,232,0.7208578820827825
main/E_lab/code_leaning_hard/D_code/tau0.1/ones/incl/k0/rG256/ctl-usage,256,usage,0,233,1.2000430429725384
main/E_lab/code_leaning_hard/D_code/tau0.1/ones/incl/k0/rG256/ctl-usage,256,usage,0,234,1.2338493142397056
main/E_lab/code_leaning_hard/D_code/tau0.1/ones/incl/k0/rG256/ctl-usage,256,usage,0,235,0.8301396282458882
main/E_lab/code_leaning_hard/D_code/tau0.1/ones/incl/k0/rG256/ctl-usage,256,usage,0,236,1.5382157803560403
main/E_lab/code_leaning_hard/D_code/tau0.1/ones/incl/k0/rG256/ctl-usage,256,usage,0,237,1.0419961645457079
main/E_lab/code_leaning_hard/D_code/tau0.1/ones/incl/k0/rG256/ctl-usage,256,usage,0,238,0.6299644803148112
main/E_lab/code_leaning_hard/D_code/tau0.1/ones/incl/k0/rG256/ctl-usage,256,usage,0,239,0.6286921689534211
main/E_lab/code_leaning_hard/D_code/tau0.1/ones/incl/k0/rG256/ctl-usage,256,usage,0,240,0.6826213507997636
main/E_lab/code_leaning_hard/D_code/tau0.1/ones/incl/k0/rG256/ctl-usage,256,usage,0,241,0.6157834356333751
main/E_lab/code_leaning_hard/D_code/tau0.1/ones/incl/k0/rG256/ctl-usage,256,usage,0,242,0.7063444359637288
main/E_lab/code_leaning_hard/D_code/tau0.1/ones/incl/k0/rG256/ctl-usage,256,usage,0,243,0.5732123803427385
main/E_lab/code_leaning_hard/D_code/tau0.1/ones/incl/k0/rG256/ctl-usage,256,usage,0,244,0.5960122218193646
main/E_lab/code_leaning_hard/D_code/tau0.1/ones/incl/k0/rG256/ctl-usage,256,usage,0,245,0.6162153083400881
main/E_lab/code_leaning_hard/D_code/tau0.1/ones/incl/k0/rG256/ctl-usage,256,usage,0,246,0.7052914863500064
main/E_lab/code_leaning_hard/D_code/tau0.1/ones/incl/k0/rG256/ctl-usage,256,usage,0,247,0.720218444836064
main/E_lab/code_leaning_hard/D_code/tau0.1/ones/incl/k0/rG256/ctl-usage,256,usage,0,248,0.7063670416318928
main/E_lab/code_leaning_hard/D_code/tau0.1/ones/incl/k0/rG256/ctl-usage,256,usage,0,249,0.496073232658091
main/E_lab/code_leaning_hard/D_code/tau0.1/ones/incl/k0/rG256/ctl-usage,256,usage,0,250,0.5607624000567739
main/E_lab/code_leaning_hard/D_code/tau0.1/ones/incl/k0/rG256/ctl-usage,256,usage,0,251,0.6702999450553762
main/E_lab/code_leaning_hard/D_code/tau0.1/ones/incl/k0/rG256/ctl-usage,256,usage,0,252,0.711859514122807
main/E_lab/code_leaning_hard/D_code/tau0.1/ones/incl/k0/rG256/ctl-usage,256,usage,0,253,0.735817170692826
main/E_lab/code_leaning_hard/D_code/tau0.1/ones/incl/k0/rG256/ctl-usage,256,usage,0,254,0.6801557762755692
main/E_lab/code_leaning_hard/D_code/tau0.1/ones/incl/k0/rG256/ctl-usage,256,usage,0,255,0.49135565124652203
main/E_lab/code_leaning_hard/D_code/tau0.1/ones/incl/k0/rG256/ctl-usage,256,usage,0,256,2.2934647208330716
main/E_lab/code_leaning_hard/D_code/tau0.1/ones/incl/k0/rG256/ctl-usage,256,usage,0,257,2.2162974971242875
main/E_lab/code_leaning_hard/D_code/tau0.1/ones/incl/k0/rG256/ctl-usage,256,usage,0,258,2.463669930260494
main/E_lab/code_leaning_hard/D_code/tau0.1/ones/incl/k0/rG256/ctl-usage,256,usage,0,259,2.3245828865327667
main/E_lab/code_leaning_hard/D_code/tau0.1/ones/incl/k0/rG256/ctl-usage,256,usage,0,260,2.010153674636058
main/E_lab/code_leaning_hard/D_code/tau0.1/ones/incl/k0/rG256/ctl-usage,256,usage,0,261,1.9643104847000359
main/E_lab/code_leaning_hard/D_code/tau0.1/ones/incl/k0/rG256/ctl-usage,256,usage,0,262,1.9308099791142013
main/E_lab/code_leaning_hard/D_code/tau0.1/ones/incl/k0/rG256/ctl-usage,256,usage,0,263,2.526705596317015
main/E_lab/code_leaning_hard/D_code/tau0.1/ones/incl/k0/rG256/ctl-usage,256,usage,0,264,2.7105101694978657
main/E_lab/code_leaning_hard/D_code/tau0.1/ones/incl/k0/rG256/ctl-usage,256,usage,0,265,2.239455008893856
main/E_lab/code_leaning_hard/D_code/tau0.1/ones/incl/k0/rG256/ctl-usage,256,usage,0,266,2.4924700190804288
main/E_lab/code_leaning_hard/D_code/tau0.1/ones/incl/k0/rG256/ctl-usage,256,usage,0,267,1.9036725958221723
main/E_lab/code_leaning_hard/D_code/tau0.1/ones/incl/k0/rG256/ctl-usage,256,usage,0,268,1.9452800260987715
main/E_lab/code_leaning_hard/D_code/tau0.1/ones/incl/k0/rG256/ctl-usage,256,usage,0,269,1.8204382553253708
main/E_lab/code_leaning_hard/D_code/tau0.1/ones/incl/k0/rG256/ctl-usage,256,usage,0,270,2.0433862213249085
main/E_lab/code_leaning_hard/D_code/tau0.1/ones/incl/k0/rG256/ctl-usage,256,usage,0,271,1.7695266375985739
main/E_lab/code_leaning_hard/D_code/tau0.1/ones/incl/k0/rG256/ctl-usage,256,usage,0,272,1.7089986958653753
main/E_lab/code_leaning_hard/D_code/tau0.1/ones/incl/k0/rG256/ctl-usage,256,usage,0,273,2.0263332311815248
main/E_lab/code_leaning_hard/D_code/tau0.1/ones/incl/k0/rG256/ctl-usage,256,usage,0,274,2.177584631332138
main/E_lab/code_leaning_hard/D_code/tau0.1/ones/incl/k0/rG256/ctl-usage,256,usage,0,275,1.6720281157067802
main/E_lab/code_leaning_hard/D_code/tau0.1/ones/incl/k0/rG256/ctl-usage,256,usage,0,276,1.7740031251796609
main/E_lab/code_leaning_hard/D_code/tau0.1/ones/incl/k0/rG256/ctl-usage,256,usage,0,277,1.8480058641844153
main/E_lab/code_leaning_hard/D_code/tau0.1/ones/incl/k0/rG256/ctl-usage,256,usage,0,278,1.6267621311471885
main/E_lab/code_leaning_hard/D_code/tau0.1/ones/incl/k0/rG256/ctl-usage,256,usage,0,279,1.836456373585861
main/E_lab/code_leaning_hard/D_code/tau0.1/ones/incl/k0/rG256/ctl-usage,256,usage,0,280,1.686109092967854
main/E_lab/code_leaning_hard/D_code/tau0.1/ones/incl/k0/rG256/ctl-usage,256,usage,0,281,2.1851537938491674
main/E_lab/code_leaning_hard/D_code/tau0.1/ones/incl/k0/rG256/ctl-usage,256,usage,0,282,2.0320799167020596
main/E_lab/code_leaning_hard/D_code/tau0.1/ones/incl/k0/rG256/ctl-usage,256,usage,0,283,2.3511650946484224
main/E_lab/code_leaning_hard/D_code/tau0.1/ones/incl/k0/rG256/ctl-usage,256,usage,0,284,2.003779998414757
main/E_lab/code_leaning_hard/D_code/tau0.1/ones/incl/k0/rG256/ctl-usage,256,usage,0,285,1.6888288557765918
main/E_lab/code_leaning_hard/D_code/tau0.1/ones/incl/k0/rG256/ctl-usage,256,usage,0,286,1.8560426153444496
main/E_lab/code_leaning_hard/D_code/tau0.1/ones/incl/k0/rG256/ctl-usage,256,usage,0,287,1.82169672164855
main/E_lab/code_leaning_hard/D_code/tau0.1/ones/incl/k0/rG256/ctl-usage,256,usage,0,288,1.6601682882155728
main/E_lab/code_leaning_hard/D_code/tau0.1/ones/incl/k0/rG256/ctl-usage,256,usage,0,289,1.6126165523010059
main/E_lab/code_leaning_hard/D_code/tau0.1/ones/incl/k0/rG256/ctl-usage,256,usage,0,290,1.6149795484125207
main/E_lab/code_leaning_hard/D_code/tau0.1/ones/incl/k0/rG256/ctl-usage,256,usage,0,291,1.6806574376951176
main/E_lab/code_leaning_hard/D_code/tau0.1/ones/incl/k0/rG256/ctl-usage,256,usage,0,292,1.6656974170609828
main/E_lab/code_leaning_hard/D_code/tau0.1/ones/incl/k0/rG256/ctl-usage,256,usage,0,293,1.7202967306866412
main/E_lab/code_leaning_hard/D_code/tau0.1/ones/incl/k0/rG256/ctl-usage,256,usage,0,294,1.806263034528456
main/E_lab/code_leaning_hard/D_code/tau0.1/ones/incl/k0/rG256/ctl-usage,256,usage,0,295,1.7354486673539213
main/E_lab/code_leaning_hard/D_code/tau0.1/ones/incl/k0/rG256/ctl-usage,256,usage,0,296,1.8506483206838311
main/E_lab/code_leaning_hard/D_code/tau0.1/ones/incl/k0/rG256/ctl-usage,256,usage,0,297,1.6345381337469007
main/E_lab/code_leaning_hard/D_code/tau0.1/ones/incl/k0/rG256/ctl-usage,256,usage,0,298,2.11175036838722
main/E_lab/code_leaning_hard/D_code/tau0.1/ones/incl/k0/rG256/ctl-usage,256,usage,0,299,1.9635939212530502
main/E_lab/code_leaning_hard/D_code/tau0.1/ones/incl/k0/rG256/ctl-usage,256,usage,0,300,1.9916756902621273
main/E_lab/code_leaning_hard/D_code/tau0.1/ones/incl/k0/rG256/ctl-usage,256,usage,0,301,1.906537843611659
main/E_lab/code_leaning_hard/D_code/tau0.1/ones/incl/k0/rG256/ctl-usage,256,usage,0,302,1.6487210239629349
main/E_lab/code_leaning_hard/D_code/tau0.1/ones/incl/k0/rG256/ctl-usage,256,usage,0,303,1.9343294429745583
main/E_lab/code_leaning_hard/D_code/tau0.1/ones/incl/k0/rG256/ctl-usage,256,usage,0,304,2.0098272479108346
main/E_lab/code_leaning_hard/D_code/tau0.1/ones/incl/k0/rG256/ctl-usage,256,usage,0,305,2.1472945123568934
main/E_lab/code_leaning_hard/D_code/tau0.1/ones/incl/k0/rG256/ctl-usage,256,usage,0,306,2.03835667756357
main/E_lab/code_leaning_hard/D_code/tau0.1/ones/incl/k0/rG256/ctl-usage,256,usage,0,307,1.918552229864872
main/E_lab/code_leaning_hard/D_code/tau0.1/ones/incl/k0/rG256/ctl-usage,256,usage,0,308,1.9708002931820374
main/E_lab/code_leaning_hard/D_code/tau0.1/ones/incl/k0/rG256/ctl-usage,256,usage,0,309,2.061148450595283
main/E_lab/code_leaning_hard/D_code/tau0.1/ones/incl/k0/rG256/ctl-usage,256,usage,0,310,2.2346178635025353
main/E_lab/code_leaning_hard/D_code/tau0.1/ones/incl/k0/rG256/ctl-usage,256,usage,0,311,2.1416343928976858
main/E_lab/code_leaning_hard/D_code/tau0.1/ones/incl/k0/rG256/ctl-usage,256,usage,0,312,2.5396463295019203
main/E_lab/code_leaning_hard/D_code/tau0.1/ones/incl/k0/rG256/ctl-usage,256,usage,0,313,2.126579333477821
main/E_lab/code_leaning_hard/D_code/tau0.1/ones/incl/k0/rG256/ctl-usage,256,usage,0,314,2.1139437441697737
main/E_lab/code_leaning_hard/D_code/tau0.1/ones/incl/k0/rG256/ctl-usage,256,usage,0,315,1.7369935059250565
main/E_lab/code_leaning_hard/D_code/tau0.1/ones/incl/k0/rG256/ctl-usage,256,usage,0,316,1.9444697923038348
main/E_lab/code_leaning_hard/D_code/tau0.1/ones/incl/k0/rG256/ctl-usage,256,usage,0,317,1.8971614144784326
main/E_lab/code_leaning_hard/D_code/tau0.1/ones/incl/k0/rG256/ctl-usage,256,usage,0,318,1.7801787425814837
main/E_lab/code_leaning_hard/D_code/tau0.1/ones/incl/k0/rG256/ctl-usage,256,usage,0,319,1.8680756735338946
main/E_lab/code_leaning_hard/D_code/tau0.1/ones/incl/k0/rG256/ctl-usage,256,usage,0,320,2.560607201606217
main/E_lab/code_leaning_hard/D_code/tau0.1/ones/incl/k0/rG256/ctl-usage,256,usage,0,321,2.5109765622437408
main/E_lab/code_leaning_hard/D_code/tau0.1/ones/incl/k0/rG256/ctl-usage,256,usage,0,322,2.6633339372910996
main/E_lab/code_leaning_hard/D_code/tau0.1/ones/incl/k0/rG256/ctl-usage,256,usage,0,323,1.9807528205801646
main/E_lab/code_leaning_hard/D_code/tau0.1/ones/incl/k0/rG256/ctl-usage,256,usage,0,324,1.7181715824049206
main/E_lab/code_leaning_hard/D_code/tau0.1/ones/incl/k0/rG256/ctl-usage,256,usage,0,325,2.1011071194670876
main/E_lab/code_leaning_hard/D_code/tau0.1/ones/incl/k0/rG256/ctl-usage,256,usage,0,326,2.43070565514563
main/E_lab/code_leaning_hard/D_code/tau0.1/ones/incl/k0/rG256/ctl-usage,256,usage,0,327,1.9884618877385947
main/E_lab/code_leaning_hard/D_code/tau0.1/ones/incl/k0/rG256/ctl-usage,256,usage,0,328,2.0984619181008384
main/E_lab/code_leaning_hard/D_code/tau0.1/ones/incl/k0/rG256/ctl-usage,256,usage,0,329,2.3523356245186733
main/E_lab/code_leaning_hard/D_code/tau0.1/ones/incl/k0/rG256/ctl-usage,256,usage,0,330,2.539624376892334
main/E_lab/code_leaning_hard/D_code/tau0.1/ones/incl/k0/rG256/ctl-usage,256,usage,0,331,1.923192367728916
main/E_lab/code_leaning_hard/D_code/tau0.1/ones/incl/k0/rG256/ctl-usage,256,usage,0,332,2.6995691672182147
main/E_lab/code_leaning_hard/D_code/tau0.1/ones/incl/k0/rG256/ctl-usage,256,usage,0,333,2.5105781746287903
main/E_lab/code_leaning_hard/D_code/tau0.1/ones/incl/k0/rG256/ctl-usage,256,usage,0,334,2.1236657042281877
main/E_lab/code_leaning_hard/D_code/tau0.1/ones/incl/k0/rG256/ctl-usage,256,usage,0,335,2.4961305184397133
main/E_lab/code_leaning_hard/D_code/tau0.1/ones/incl/k0/rG256/ctl-usage,256,usage,0,336,2.454361119740497
main/E_lab/code_leaning_hard/D_code/tau0.1/ones/incl/k0/rG256/ctl-usage,256,usage,0,337,1.7924534132907866
main/E_lab/code_leaning_hard/D_code/tau0.1/ones/incl/k0/rG256/ctl-usage,256,usage,0,338,1.9283009420132657
main/E_lab/code_leaning_hard/D_code/tau0.1/ones/incl/k0/rG256/ctl-usage,256,usage,0,339,1.854375082399656
main/E_lab/code_leaning_hard/D_code/tau0.1/ones/incl/k0/rG256/ctl-usage,256,usage,0,340,2.396106754991706
main/E_lab/code_leaning_hard/D_code/tau0.1/ones/incl/k0/rG256/ctl-usage,256,usage,0,341,2.3084235220467235
main/E_lab/code_leaning_hard/D_code/tau0.1/ones/incl/k0/rG256/ctl-usage,256,usage,0,342,2.60987197752911
main/E_lab/code_leaning_hard/D_code/tau0.1/ones/incl/k0/rG256/ctl-usage,256,usage,0,343,2.5944042089413415
main/E_lab/code_leaning_hard/D_code/tau0.1/ones/incl/k0/rG256/ctl-usage,256,usage,0,344,2.205527597321634
main/E_lab/code_leaning_hard/D_code/tau0.1/ones/incl/k0/rG256/ctl-usage,256,usage,0,345,2.6085641138397477
main/E_lab/code_leaning_hard/D_code/tau0.1/ones/incl/k0/rG256/ctl-usage,256,usage,0,346,2.5672563709595124
main/E_lab/code_leaning_hard/D_code/tau0.1/ones/incl/k0/rG256/ctl-usage,256,usage,0,347,2.441302708193689
main/E_lab/code_leaning_hard/D_code/tau0.1/ones/incl/k0/rG256/ctl-usage,256,usage,0,348,2.3787275201939337
main/E_lab/code_leaning_hard/D_code/tau0.1/ones/incl/k0/rG256/ctl-usage,256,usage,0,349,2.2921755692259467
main/E_lab/code_leaning_hard/D_code/tau0.1/ones/incl/k0/rG256/ctl-usage,256,usage,0,350,2.772413910952082
main/E_lab/code_leaning_hard/D_code/tau0.1/ones/incl/k0/rG256/ctl-usage,256,usage,0,351,2.9895962631026123
main/E_lab/code_leaning_hard/D_code/tau0.1/ones/incl/k0/rG256/ctl-usage,256,usage,0,352,1.7504027554750792
main/E_lab/code_leaning_hard/D_code/tau0.1/ones/incl/k0/rG256/ctl-usage,256,usage,0,353,2.565929793668147
main/E_lab/code_leaning_hard/D_code/tau0.1/ones/incl/k0/rG256/ctl-usage,256,usage,0,354,2.4027436366914117
main/E_lab/code_leaning_hard/D_code/tau0.1/ones/incl/k0/rG256/ctl-usage,256,usage,0,355,2.5910088275941234
main/E_lab/code_leaning_hard/D_code/tau0.1/ones/incl/k0/rG256/ctl-usage,256,usage,0,356,1.9563603309725295
main/E_lab/code_leaning_hard/D_code/tau0.1/ones/incl/k0/rG256/ctl-usage,256,usage,0,357,1.7423857121139008
main/E_lab/code_leaning_hard/D_code/tau0.1/ones/incl/k0/rG256/ctl-usage,256,usage,0,358,2.155528189697179
main/E_lab/code_leaning_hard/D_code/tau0.1/ones/incl/k0/rG256/ctl-usage,256,usage,0,359,2.154376213440628
main/E_lab/code_leaning_hard/D_code/tau0.1/ones/incl/k0/rG256/ctl-usage,256,usage,0,360,2.2067117278111255
main/E_lab/code_leaning_hard/D_code/tau0.1/ones/incl/k0/rG256/ctl-usage,256,usage,0,361,2.311455531051479
main/E_lab/code_leaning_hard/D_code/tau0.1/ones/incl/k0/rG256/ctl-usage,256,usage,0,362,2.463083652094838
main/E_lab/code_leaning_hard/D_code/tau0.1/ones/incl/k0/rG256/ctl-usage,256,usage,0,363,1.8038877226736076
main/E_lab/code_leaning_hard/D_code/tau0.1/ones/incl/k0/rG256/ctl-usage,256,usage,0,364,2.644426051174378
main/E_lab/code_leaning_hard/D_code/tau0.1/ones/incl/k0/rG256/ctl-usage,256,usage,0,365,3.3044408088871933
main/E_lab/code_leaning_hard/D_code/tau0.1/ones/incl/k0/rG256/ctl-usage,256,usage,0,366,3.572275923253301
main/E_lab/code_leaning_hard/D_code/tau0.1/ones/incl/k0/rG256/ctl-usage,256,usage,0,367,1.946781490795729
main/E_lab/code_leaning_hard/D_code/tau0.1/ones/incl/k0/rG256/ctl-usage,256,usage,0,368,1.9508242298043115
main/E_lab/code_leaning_hard/D_code/tau0.1/ones/incl/k0/rG256/ctl-usage,256,usage,0,369,1.5979234092583283
main/E_lab/code_leaning_hard/D_code/tau0.1/ones/incl/k0/rG256/ctl-usage,256,usage,0,370,1.8480921978156175
main/E_lab/code_leaning_hard/D_code/tau0.1/ones/incl/k0/rG256/ctl-usage,256,usage,0,371,2.0563385771974936
main/E_lab/code_leaning_hard/D_code/tau0.1/ones/incl/k0/rG256/ctl-usage,256,usage,0,372,2.136171752217706
main/E_lab/code_leaning_hard/D_code/tau0.1/ones/incl/k0/rG256/ctl-usage,256,usage,0,373,2.027025096811485
main/E_lab/code_leaning_hard/D_code/tau0.1/ones/incl/k0/rG256/ctl-usage,256,usage,0,374,1.7000158455723522
main/E_lab/code_leaning_hard/D_code/tau0.1/ones/incl/k0/rG256/ctl-usage,256,usage,0,375,1.954022092443438
main/E_lab/code_leaning_hard/D_code/tau0.1/ones/incl/k0/rG256/ctl-usage,256,usage,0,376,2.5007243942270634
main/E_lab/code_leaning_hard/D_code/tau0.1/ones/incl/k0/rG256/ctl-usage,256,usage,0,377,1.7406498244354225
main/E_lab/code_leaning_hard/D_code/tau0.1/ones/incl/k0/rG256/ctl-usage,256,usage,0,378,1.9660110804788928
main/E_lab/code_leaning_hard/D_code/tau0.1/ones/incl/k0/rG256/ctl-usage,256,usage,0,379,2.124256826763485
main/E_lab/code_leaning_hard/D_code/tau0.1/ones/incl/k0/rG256/ctl-usage,256,usage,0,380,1.876969734334125
main/E_lab/code_leaning_hard/D_code/tau0.1/ones/incl/k0/rG256/ctl-usage,256,usage,0,381,2.07898444467628
main/E_lab/code_leaning_hard/D_code/tau0.1/ones/incl/k0/rG256/ctl-usage,256,usage,0,382,2.1811661994775022
main/E_lab/code_leaning_hard/D_code/tau0.1/ones/incl/k0/rG256/ctl-usage,256,usage,0,383,2.0632468222493117
main/E_lab/code_leaning_hard/D_code/tau0.1/ones/incl/k0/rG256/ctl-usage,256,usage,0,384,2.0284260475400515
main/E_lab/code_leaning_hard/D_code/tau0.1/ones/incl/k0/rG256/ctl-usage,256,usage,0,385,1.1162697054605815
main/E_lab/code_leaning_hard/D_code/tau0.1/ones/incl/k0/rG256/ctl-usage,256,usage,0,386,1.1262792043617083
main/E_lab/code_leaning_hard/D_code/tau0.1/ones/incl/k0/rG256/ctl-usage,256,usage,0,387,1.2626601640185982
main/E_lab/code_leaning_hard/D_code/tau0.1/ones/incl/k0/rG256/ctl-usage,256,usage,0,388,0.637445233037397
main/E_lab/code_leaning_hard/D_code/tau0.1/ones/incl/k0/rG256/ctl-usage,256,usage,0,389,0.8924259636496572
main/E_lab/code_leaning_hard/D_code/tau0.1/ones/incl/k0/rG256/ctl-usage,256,usage,0,390,0.6512042497415678
main/E_lab/code_leaning_hard/D_code/tau0.1/ones/incl/k0/rG256/ctl-usage,256,usage,0,391,0.5091682093516283
main/E_lab/code_leaning_hard/D_code/tau0.1/ones/incl/k0/rG256/ctl-usage,256,usage,0,392,1.1920783393525198
main/E_lab/code_leaning_hard/D_code/tau0.1/ones/incl/k0/rG256/ctl-usage,256,usage,0,393,0.8891017961977923
main/E_lab/code_leaning_hard/D_code/tau0.1/ones/incl/k0/rG256/ctl-usage,256,usage,0,394,1.314586086280542
main/E_lab/code_leaning_hard/D_code/tau0.1/ones/incl/k0/rG256/ctl-usage,256,usage,0,395,1.2219836493823095
main/E_lab/code_leaning_hard/D_code/tau0.1/ones/incl/k0/rG256/ctl-usage,256,usage,0,396,1.1626933111429025
main/E_lab/code_leaning_hard/D_code/tau0.1/ones/incl/k0/rG256/ctl-usage,256,usage,0,397,1.0395690639334134
main/E_lab/code_leaning_hard/D_code/tau0.1/ones/incl/k0/rG256/ctl-usage,256,usage,0,398,1.3709409615578352
main/E_lab/code_leaning_hard/D_code/tau0.1/ones/incl/k0/rG256/ctl-usage,256,usage,0,399,1.0648296003687392
main/E_lab/code_leaning_hard/D_code/tau0.1/ones/incl/k0/rG256/ctl-usage,256,usage,0,400,0.49668577037027717
main/E_lab/code_leaning_hard/D_code/tau0.1/ones/incl/k0/rG256/ctl-usage,256,usage,0,401,0.56568251891008
main/E_lab/code_leaning_hard/D_code/tau0.1/ones/incl/k0/rG256/ctl-usage,256,usage,0,402,1.1224359995758277
main/E_lab/code_leaning_hard/D_code/tau0.1/ones/incl/k0/rG256/ctl-usage,256,usage,0,403,1.3017217989963683
main/E_lab/code_leaning_hard/D_code/tau0.1/ones/incl/k0/rG256/ctl-usage,256,usage,0,404,1.0131950141585548
main/E_lab/code_leaning_hard/D_code/tau0.1/ones/incl/k0/rG256/ctl-usage,256,usage,0,405,1.5547947288973774
main/E_lab/code_leaning_hard/D_code/tau0.1/ones/incl/k0/rG256/ctl-usage,256,usage,0,406,1.0150381160237885
main/E_lab/code_leaning_hard/D_code/tau0.1/ones/incl/k0/rG256/ctl-usage,256,usage,0,407,0.9462747626112105
main/E_lab/code_leaning_hard/D_code/tau0.1/ones/incl/k0/rG256/ctl-usage,256,usage,0,408,0.6397403688015402
main/E_lab/code_leaning_hard/D_code/tau0.1/ones/incl/k0/rG256/ctl-usage,256,usage,0,409,1.4766030574173783
main/E_lab/code_leaning_hard/D_code/tau0.1/ones/incl/k0/rG256/ctl-usage,256,usage,0,410,1.2546909308748582
main/E_lab/code_leaning_hard/D_code/tau0.1/ones/incl/k0/rG256/ctl-usage,256,usage,0,411,1.7863423227190651
main/E_lab/code_leaning_hard/D_code/tau0.1/ones/incl/k0/rG256/ctl-usage,256,usage,0,412,1.1359709537737217
main/E_lab/code_leaning_hard/D_code/tau0.1/ones/incl/k0/rG256/ctl-usage,256,usage,0,413,1.4362370324652147
main/E_lab/code_leaning_hard/D_code/tau0.1/ones/incl/k0/rG256/ctl-usage,256,usage,0,414,1.5146321909523977
main/E_lab/code_leaning_hard/D_code/tau0.1/ones/incl/k0/rG256/ctl-usage,256,usage,0,415,0.9231731510844838
main/E_lab/code_leaning_hard/D_code/tau0.1/ones/incl/k0/rG256/ctl-usage,256,usage,0,416,1.034967078556292
main/E_lab/code_leaning_hard/D_code/tau0.1/ones/incl/k0/rG256/ctl-usage,256,usage,0,417,1.1998181238768666
main/E_lab/code_leaning_hard/D_code/tau0.1/ones/incl/k0/rG256/ctl-usage,256,usage,0,418,1.1649280103883939
main/E_lab/code_leaning_hard/D_code/tau0.1/ones/incl/k0/rG256/ctl-usage,256,usage,0,419,1.061958382369994
main/E_lab/code_leaning_hard/D_code/tau0.1/ones/incl/k0/rG256/ctl-usage,256,usage,0,420,1.2561006113846815
main/E_lab/code_leaning_hard/D_code/tau0.1/ones/incl/k0/rG256/ctl-usage,256,usage,0,421,1.0615548034043059
main/E_lab/code_leaning_hard/D_code/tau0.1/ones/incl/k0/rG256/ctl-usage,256,usage,0,422,1.0131118073095422
main/E_lab/code_leaning_hard/D_code/tau0.1/ones/incl/k0/rG256/ctl-usage,256,usage,0,423,1.1900615577678764
main/E_lab/code_leaning_hard/D_code/tau0.1/ones/incl/k0/rG256/ctl-usage,256,usage,0,424,0.6358385964540503
main/E_lab/code_leaning_hard/D_code/tau0.1/ones/incl/k0/rG256/ctl-usage,256,usage,0,425,0.6314256132300216
main/E_lab/code_leaning_hard/D_code/tau0.1/ones/incl/k0/rG256/ctl-usage,256,usage,0,426,1.0864053521718233
main/E_lab/code_leaning_hard/D_code/tau0.1/ones/incl/k0/rG256/ctl-usage,256,usage,0,427,2.7572737554646665
main/E_lab/code_leaning_hard/D_code/tau0.1/ones/incl/k0/rG256/ctl-usage,256,usage,0,428,1.166881279737936
main/E_lab/code_leaning_hard/D_code/tau0.1/ones/incl/k0/rG256/ctl-usage,256,usage,0,429,1.2494752874099504
main/E_lab/code_leaning_hard/D_code/tau0.1/ones/incl/k0/rG256/ctl-usage,256,usage,0,430,0.9020706061151031
main/E_lab/code_leaning_hard/D_code/tau0.1/ones/incl/k0/rG256/ctl-usage,256,usage,0,431,0.8801591664177977
main/E_lab/code_leaning_hard/D_code/tau0.1/ones/incl/k0/rG256/ctl-usage,256,usage,0,432,1.0286569881336618
main/E_lab/code_leaning_hard/D_code/tau0.1/ones/incl/k0/rG256/ctl-usage,256,usage,0,433,0.7225358599516767
main/E_lab/code_leaning_hard/D_code/tau0.1/ones/incl/k0/rG256/ctl-usage,256,usage,0,434,0.6245139902912342
main/E_lab/code_leaning_hard/D_code/tau0.1/ones/incl/k0/rG256/ctl-usage,256,usage,0,435,1.2465375086230779
main/E_lab/code_leaning_hard/D_code/tau0.1/ones/incl/k0/rG256/ctl-usage,256,usage,0,436,1.341661877475417
main/E_lab/code_leaning_hard/D_code/tau0.1/ones/incl/k0/rG256/ctl-usage,256,usage,0,437,0.5241765166892947
main/E_lab/code_leaning_hard/D_code/tau0.1/ones/incl/k0/rG256/ctl-usage,256,usage,0,438,0.5384189617780066
main/E_lab/code_leaning_hard/D_code/tau0.1/ones/incl/k0/rG256/ctl-usage,256,usage,0,439,0.9157953742310383
main/E_lab/code_leaning_hard/D_code/tau0.1/ones/incl/k0/rG256/ctl-usage,256,usage,0,440,1.2588857161699707
main/E_lab/code_leaning_hard/D_code/tau0.1/ones/incl/k0/rG256/ctl-usage,256,usage,0,441,1.1983510137433768
main/E_lab/code_leaning_hard/D_code/tau0.1/ones/incl/k0/rG256/ctl-usage,256,usage,0,442,1.1839353713530727
main/E_lab/code_leaning_hard/D_code/tau0.1/ones/incl/k0/rG256/ctl-usage,256,usage,0,443,2.1532187674863508
main/E_lab/code_leaning_hard/D_code/tau0.1/ones/incl/k0/rG256/ctl-usage,256,usage,0,444,2.064338213864403
main/E_lab/code_leaning_hard/D_code/tau0.1/ones/incl/k0/rG256/ctl-usage,256,usage,0,445,1.9058620877449357
main/E_lab/code_leaning_hard/D_code/tau0.1/ones/incl/k0/rG256/ctl-usage,256,usage,0,446,1.6816542986489367
main/E_lab/code_leaning_hard/D_code/tau0.1/ones/incl/k0/rG256/ctl-usage,256,usage,0,447,1.7686595240274983
main/E_lab/code_leaning_hard/D_code/tau0.1/ones/incl/k0/rG256/ctl-usage,256,usage,0,448,1.8108160738374863
main/E_lab/code_leaning_hard/D_code/tau0.1/ones/incl/k0/rG256/ctl-usage,256,usage,0,449,2.2045316579731207
main/E_lab/code_leaning_hard/D_code/tau0.1/ones/incl/k0/rG256/ctl-usage,256,usage,0,450,2.0814759650102133
main/E_lab/code_leaning_hard/D_code/tau0.1/ones/incl/k0/rG256/ctl-usage,256,usage,0,451,2.1290156903578463
main/E_lab/code_leaning_hard/D_code/tau0.1/ones/incl/k0/rG256/ctl-usage,256,usage,0,452,1.8671486164384987
main/E_lab/code_leaning_hard/D_code/tau0.1/ones/incl/k0/rG256/ctl-usage,256,usage,0,453,2.021251828057757
main/E_lab/code_leaning_hard/D_code/tau0.1/ones/incl/k0/rG256/ctl-usage,256,usage,0,454,2.0080754248392623
main/E_lab/code_leaning_hard/D_code/tau0.1/ones/incl/k0/rG256/ctl-usage,256,usage,0,455,1.6677301236313724
main/E_lab/code_leaning_hard/D_code/tau0.1/ones/incl/k0/rG256/ctl-usage,256,usage,0,456,1.939413744257763
main/E_lab/code_leaning_hard/D_code/tau0.1/ones/incl/k0/rG256/ctl-usage,256,usage,0,457,1.9983254803337331
main/E_lab/code_leaning_hard/D_code/tau0.1/ones/incl/k0/rG256/ctl-usage,256,usage,0,458,1.919015385471539
main/E_lab/code_leaning_hard/D_code/tau0.1/ones/incl/k0/rG256/ctl-usage,256,usage,0,459,1.7466370797028503
main/E_lab/code_leaning_hard/D_code/tau0.1/ones/incl/k0/rG256/ctl-usage,256,usage,0,460,2.7088241040810317
main/E_lab/code_leaning_hard/D_code/tau0.1/ones/incl/k0/rG256/ctl-usage,256,usage,0,461,2.993885970210613
main/E_lab/code_leaning_hard/D_code/tau0.1/ones/incl/k0/rG256/ctl-usage,256,usage,0,462,2.5043975519374726
main/E_lab/code_leaning_hard/D_code/tau0.1/ones/incl/k0/rG256/ctl-usage,256,usage,0,463,2.6117100777610176
main/E_lab/code_leaning_hard/D_code/tau0.1/ones/incl/k0/rG256/ctl-usage,256,usage,0,464,2.255624915223052
main/E_lab/code_leaning_hard/D_code/tau0.1/ones/incl/k0/rG256/ctl-usage,256,usage,0,465,2.327816980613534
main/E_lab/code_leaning_hard/D_code/tau0.1/ones/incl/k0/rG256/ctl-usage,256,usage,0,466,2.665690223559068
main/E_lab/code_leaning_hard/D_code/tau0.1/ones/incl/k0/rG256/ctl-usage,256,usage,0,467,2.417928594266641
main/E_lab/code_leaning_hard/D_code/tau0.1/ones/incl/k0/rG256/ctl-usage,256,usage,0,468,2.5545435064905178
main/E_lab/code_leaning_hard/D_code/tau0.1/ones/incl/k0/rG256/ctl-usage,256,usage,0,469,2.696405564744964
main/E_lab/code_leaning_hard/D_code/tau0.1/ones/incl/k0/rG256/ctl-usage,256,usage,0,470,2.1625563861430237
main/E_lab/code_leaning_hard/D_code/tau0.1/ones/incl/k0/rG256/ctl-usage,256,usage,0,471,2.233510323089831
main/E_lab/code_leaning_hard/D_code/tau0.1/ones/incl/k0/rG256/ctl-usage,256,usage,0,472,1.6786632929597545
main/E_lab/code_leaning_hard/D_code/tau0.1/ones/incl/k0/rG256/ctl-usage,256,usage,0,473,1.689655898606361
main/E_lab/code_leaning_hard/D_code/tau0.1/ones/incl/k0/rG256/ctl-usage,256,usage,0,474,2.192455859355505
main/E_lab/code_leaning_hard/D_code/tau0.1/ones/incl/k0/rG256/ctl-usage,256,usage,0,475,2.1924866099134306
main/E_lab/code_leaning_hard/D_code/tau0.1/ones/incl/k0/rG256/ctl-usage,256,usage,0,476,2.001163491884654
main/E_lab/code_leaning_hard/D_code/tau0.1/ones/incl/k0/rG256/ctl-usage,256,usage,0,477,2.6450792488712978
main/E_lab/code_leaning_hard/D_code/tau0.1/ones/incl/k0/rG256/ctl-usage,256,usage,0,478,2.8376644132085858
main/E_lab/code_leaning_hard/D_code/tau0.1/ones/incl/k0/rG256/ctl-usage,256,usage,0,479,2.0664564546104884
main/E_lab/code_leaning_hard/D_code/tau0.1/ones/incl/k0/rG256/ctl-usage,256,usage,0,480,2.2446425042826377
main/E_lab/code_leaning_hard/D_code/tau0.1/ones/incl/k0/rG256/ctl-usage,256,usage,0,481,2.012681674594205
main/E_lab/code_leaning_hard/D_code/tau0.1/ones/incl/k0/rG256/ctl-usage,256,usage,0,482,2.415252402043734
main/E_lab/code_leaning_hard/D_code/tau0.1/ones/incl/k0/rG256/ctl-usage,256,usage,0,483,2.4678174637256234
main/E_lab/code_leaning_hard/D_code/tau0.1/ones/incl/k0/rG256/ctl-usage,256,usage,0,484,2.082462052410847
main/E_lab/code_leaning_hard/D_code/tau0.1/ones/incl/k0/rG256/ctl-usage,256,usage,0,485,2.144742370334825
main/E_lab/code_leaning_hard/D_code/tau0.1/ones/incl/k0/rG256/ctl-usage,256,usage,0,486,2.2588945464767676
main/E_lab/code_leaning_hard/D_code/tau0.1/ones/incl/k0/rG256/ctl-usage,256,usage,0,487,2.2001605625209777
main/E_lab/code_leaning_hard/D_code/tau0.1/ones/incl/k0/rG256/ctl-usage,256,usage,0,488,1.9850675698844498
main/E_lab/code_leaning_hard/D_code/tau0.1/ones/incl/k0/rG256/ctl-usage,256,usage,0,489,1.930647555478572
main/E_lab/code_leaning_hard/D_code/tau0.1/ones/incl/k0/rG256/ctl-usage,256,usage,0,490,2.3040767866368697
main/E_lab/code_leaning_hard/D_code/tau0.1/ones/incl/k0/rG256/ctl-usage,256,usage,0,491,2.2006100174930907
main/E_lab/code_leaning_hard/D_code/tau0.1/ones/incl/k0/rG256/ctl-usage,256,usage,0,492,2.079971666921665
main/E_lab/code_leaning_hard/D_code/tau0.1/ones/incl/k0/rG256/ctl-usage,256,usage,0,493,2.1276359481707914
main/E_lab/code_leaning_hard/D_code/tau0.1/ones/incl/k0/rG256/ctl-usage,256,usage,0,494,1.9029183446618845
main/E_lab/code_leaning_hard/D_code/tau0.1/ones/incl/k0/rG256/ctl-usage,256,usage,0,495,1.459404164752641
main/E_lab/code_leaning_hard/D_code/tau0.1/ones/incl/k0/rG256/ctl-usage,256,usage,0,496,1.967531545958991
main/E_lab/code_leaning_hard/D_code/tau0.1/ones/incl/k0/rG256/ctl-usage,256,usage,0,497,1.818614899339309
main/E_lab/code_leaning_hard/D_code/tau0.1/ones/incl/k0/rG256/ctl-usage,256,usage,0,498,1.8931426412818837
main/E_lab/code_leaning_hard/D_code/tau0.1/ones/incl/k0/rG256/ctl-usage,256,usage,0,499,1.9871776272129864
main/E_lab/code_leaning_hard/D_code/tau0.1/ones/incl/k0/rG256/ctl-usage,256,usage,0,500,1.8061910384985822
main/E_lab/code_leaning_hard/D_code/tau0.1/ones/incl/k0/rG256/ctl-usage,256,usage,0,501,1.566269778952119
main/E_lab/code_leaning_hard/D_code/tau0.1/ones/incl/k0/rG256/ctl-usage,256,usage,0,502,2.0311268959767403
main/E_lab/code_leaning_hard/D_code/tau0.1/ones/incl/k0/rG256/ctl-usage,256,usage,0,503,2.1720374892420296
main/E_lab/code_leaning_hard/D_code/tau0.1/ones/incl/k0/rG256/ctl-usage,256,usage,0,504,2.298206969480816
main/E_lab/code_leaning_hard/D_code/tau0.1/ones/incl/k0/rG256/ctl-usage,256,usage,0,505,2.1824299509016782
main/E_lab/code_leaning_hard/D_code/tau0.1/ones/incl/k0/rG256/ctl-usage,256,usage,0,506,2.116412151435725
main/E_lab/code_leaning_hard/D_code/tau0.1/ones/incl/k0/rG256/ctl-usage,256,usage,0,507,2.1000243061425863
main/E_lab/code_leaning_hard/D_code/tau0.1/ones/incl/k0/rG256/ctl-usage,256,usage,0,508,2.096443049352274
main/E_lab/code_leaning_hard/D_code/tau0.1/ones/incl/k0/rG256/ctl-usage,256,usage,0,509,2.126851330747286
main/E_lab/code_leaning_hard/D_code/tau0.1/ones/incl/k0/rG256/ctl-usage,256,usage,0,510,1.9926585388147942
main/E_lab/code_leaning_hard/D_code/tau0.1/ones/incl/k0/rG256/ctl-usage,256,usage,0,511,1.95030039411904
main/E_lab/code_leaning_hard/D_code/tau0.1/ones/incl/k1/rG256/ctl-usage,256,usage,1,0,0.6561911270464407
main/E_lab/code_leaning_hard/D_code/tau0.1/ones/incl/k1/rG256/ctl-usage,256,usage,1,1,0.5846484468638664
main/E_lab/code_leaning_hard/D_code/tau0.1/ones/incl/k1/rG256/ctl-usage,256,usage,1,2,0.6626153935139882
main/E_lab/code_leaning_hard/D_code/tau0.1/ones/incl/k1/rG256/ctl-usage,256,usage,1,3,0.579336323688949
main/E_lab/code_leaning_hard/D_code/tau0.1/ones/incl/k1/rG256/ctl-usage,256,usage,1,4,0.42204353315719345
main/E_lab/code_leaning_hard/D_code/tau0.1/ones/incl/k1/rG256/ctl-usage,256,usage,1,5,0.8751937630449902
main/E_lab/code_leaning_hard/D_code/tau0.1/ones/incl/k1/rG256/ctl-usage,256,usage,1,6,0.9519165689180227
main/E_lab/code_leaning_hard/D_code/tau0.1/ones/incl/k1/rG256/ctl-usage,256,usage,1,7,0.8859816909971414
main/E_lab/code_leaning_hard/D_code/tau0.1/ones/incl/k1/rG256/ctl-usage,256,usage,1,8,1.0620841044665212
main/E_lab/code_leaning_hard/D_code/tau0.1/ones/incl/k1/rG256/ctl-usage,256,usage,1,9,0.9135963314165565
main/E_lab/code_leaning_hard/D_code/tau0.1/ones/incl/k1/rG256/ctl-usage,256,usage,1,10,0.5391551358989091
main/E_lab/code_leaning_hard/D_code/tau0.1/ones/incl/k1/rG256/ctl-usage,256,usage,1,11,0.34614845834880725
main/E_lab/code_leaning_hard/D_code/tau0.1/ones/incl/k1/rG256/ctl-usage,256,usage,1,12,0.3816888565343106
main/E_lab/code_leaning_hard/D_code/tau0.1/ones/incl/k1/rG256/ctl-usage,256,usage,1,13,0.4992862172339301
main/E_lab/code_leaning_hard/D_code/tau0.1/ones/incl/k1/rG256/ctl-usage,256,usage,1,14,0.6262548825825434
main/E_lab/code_leaning_hard/D_code/tau0.1/ones/incl/k1/rG256/ctl-usage,256,usage,1,15,0.5936264227107131
main/E_lab/code_leaning_hard/D_code/tau0.1/ones/incl/k1/rG256/ctl-usage,256,usage,1,16,0.5241011715429522
main/E_lab/code_leaning_hard/D_code/tau0.1/ones/incl/k1/rG256/ctl-usage,256,usage,1,17,0.6434381268322795
main/E_lab/code_leaning_hard/D_code/tau0.1/ones/incl/k1/rG256/ctl-usage,256,usage,1,18,0.5186015292383672
main/E_lab/code_leaning_hard/D_code/tau0.1/ones/incl/k1/rG256/ctl-usage,256,usage,1,19,0.3900622906003264
main/E_lab/code_leaning_hard/D_code/tau0.1/ones/incl/k1/rG256/ctl-usage,256,usage,1,20,0.5360800679748081
main/E_lab/code_leaning_hard/D_code/tau0.1/ones/incl/k1/rG256/ctl-usage,256,usage,1,21,0.48333367791201454
main/E_lab/code_leaning_hard/D_code/tau0.1/ones/incl/k1/rG256/ctl-usage,256,usage,1,22,0.5679345215580724
main/E_lab/code_leaning_hard/D_code/tau0.1/ones/incl/k1/rG256/ctl-usage,256,usage,1,23,0.7100783004721052
main/E_lab/code_leaning_hard/D_code/tau0.1/ones/incl/k1/rG256/ctl-usage,256,usage,1,24,0.5759423132094525
main/E_lab/code_leaning_hard/D_code/tau0.1/ones/incl/k1/rG256/ctl-usage,256,usage,1,25,0.5349056890293014
main/E_lab/code_leaning_hard/D_code/tau0.1/ones/incl/k1/rG256/ctl-usage,256,usage,1,26,1.1776058413583996
main/E_lab/code_leaning_hard/D_code/tau0.1/ones/incl/k1/rG256/ctl-usage,256,usage,1,27,1.2498401610619112
main/E_lab/code_leaning_hard/D_code/tau0.1/ones/incl/k1/rG256/ctl-usage,256,usage,1,28,0.8256441169473874
main/E_lab/code_leaning_hard/D_code/tau0.1/ones/incl/k1/rG256/ctl-usage,256,usage,1,29,0.6269584453157222
main/E_lab/code_leaning_hard/D_code/tau0.1/ones/incl/k1/rG256/ctl-usage,256,usage,1,30,0.45340480039703834
main/E_lab/code_leaning_hard/D_code/tau0.1/ones/incl/k1/rG256/ctl-usage,256,usage,1,31,0.6472351598276873
main/E_lab/code_leaning_hard/D_code/tau0.1/ones/incl/k1/rG256/ctl-usage,256,usage,1,32,0.4867093575102217
main/E_lab/code_leaning_hard/D_code/tau0.1/ones/incl/k1/rG256/ctl-usage,256,usage,1,33,0.9317259025137901
main/E_lab/code_leaning_hard/D_code/tau0.1/ones/incl/k1/rG256/ctl-usage,256,usage,1,34,0.9440165645273737
main/E_lab/code_leaning_hard/D_code/tau0.1/ones/incl/k1/rG256/ctl-usage,256,usage,1,35,0.6044456631352659
main/E_lab/code_leaning_hard/D_code/tau0.1/ones/incl/k1/rG256/ctl-usage,256,usage,1,36,0.8949417655039724
main/E_lab/code_leaning_hard/D_code/tau0.1/ones/incl/k1/rG256/ctl-usage,256,usage,1,37,0.5311007883101411
main/E_lab/code_leaning_hard/D_code/tau0.1/ones/incl/k1/rG256/ctl-usage,256,usage,1,38,0.7811926746348945
main/E_lab/code_leaning_hard/D_code/tau0.1/ones/incl/k1/rG256/ctl-usage,256,usage,1,39,1.3689489790785956
main/E_lab/code_leaning_hard/D_code/tau0.1/ones/incl/k1/rG256/ctl-usage,256,usage,1,40,1.4570866460535399
main/E_lab/code_leaning_hard/D_code/tau0.1/ones/incl/k1/rG256/ctl-usage,256,usage,1,41,2.054386374394994
main/E_lab/code_leaning_hard/D_code/tau0.1/ones/incl/k1/rG256/ctl-usage,256,usage,1,42,1.1560560213220015
main/E_lab/code_leaning_hard/D_code/tau0.1/ones/incl/k1/rG256/ctl-usage,256,usage,1,43,0.7862360430372064
main/E_lab/code_leaning_hard/D_code/tau0.1/ones/incl/k1/rG256/ctl-usage,256,usage,1,44,0.5238895702750597
main/E_lab/code_leaning_hard/D_code/tau0.1/ones/incl/k1/rG256/ctl-usage,256,usage,1,45,0.600180552673919
main/E_lab/code_leaning_hard/D_code/tau0.1/ones/incl/k1/rG256/ctl-usage,256,usage,1,46,0.7884546132527248
main/E_lab/code_leaning_hard/D_code/tau0.1/ones/incl/k1/rG256/ctl-usage,256,usage,1,47,0.7007699629757553
main/E_lab/code_leaning_hard/D_code/tau0.1/ones/incl/k1/rG256/ctl-usage,256,usage,1,48,0.7930235088542759
main/E_lab/code_leaning_hard/D_code/tau0.1/ones/incl/k1/rG256/ctl-usage,256,usage,1,49,0.7213540092843687
main/E_lab/code_leaning_hard/D_code/tau0.1/ones/incl/k1/rG256/ctl-usage,256,usage,1,50,0.856311515741254
main/E_lab/code_leaning_hard/D_code/tau0.1/ones/incl/k1/rG256/ctl-usage,256,usage,1,51,1.288138928501212
main/E_lab/code_leaning_hard/D_code/tau0.1/ones/incl/k1/rG256/ctl-usage,256,usage,1,52,0.7802637257836977
main/E_lab/code_leaning_hard/D_code/tau0.1/ones/incl/k1/rG256/ctl-usage,256,usage,1,53,0.7385127618163096
main/E_lab/code_leaning_hard/D_code/tau0.1/ones/incl/k1/rG256/ctl-usage,256,usage,1,54,0.43733554849814027
main/E_lab/code_leaning_hard/D_code/tau0.1/ones/incl/k1/rG256/ctl-usage,256,usage,1,55,0.6434876144435293
main/E_lab/code_leaning_hard/D_code/tau0.1/ones/incl/k1/rG256/ctl-usage,256,usage,1,56,0.4482859192421529
main/E_lab/code_leaning_hard/D_code/tau0.1/ones/incl/k1/rG256/ctl-usage,256,usage,1,57,0.5944705935262391
main/E_lab/code_leaning_hard/D_code/tau0.1/ones/incl/k1/rG256/ctl-usage,256,usage,1,58,0.37236080830189167
main/E_lab/code_leaning_hard/D_code/tau0.1/ones/incl/k1/rG256/ctl-usage,256,usage,1,59,0.3547928668667737
main/E_lab/code_leaning_hard/D_code/tau0.1/ones/incl/k1/rG256/ctl-usage,256,usage,1,60,0.7292478284534809
main/E_lab/code_leaning_hard/D_code/tau0.1/ones/incl/k1/rG256/ctl-usage,256,usage,1,61,0.5205599902283211
main/E_lab/code_leaning_hard/D_code/tau0.1/ones/incl/k1/rG256/ctl-usage,256,usage,1,62,0.5623846195071565
main/E_lab/code_leaning_hard/D_code/tau0.1/ones/incl/k1/rG256/ctl-usage,256,usage,1,63,0.4044748942797014
main/E_lab/code_leaning_hard/D_code/tau0.1/ones/incl/k1/rG256/ctl-usage,256,usage,1,64,0.7929978111978926
main/E_lab/code_leaning_hard/D_code/tau0.1/ones/incl/k1/rG256/ctl-usage,256,usage,1,65,1.0079769715912335
main/E_lab/code_leaning_hard/D_code/tau0.1/ones/incl/k1/rG256/ctl-usage,256,usage,1,66,1.7062758339434367
main/E_lab/code_leaning_hard/D_code/tau0.1/ones/incl/k1/rG256/ctl-usage,256,usage,1,67,2.761683902287132
main/E_lab/code_leaning_hard/D_code/tau0.1/ones/incl/k1/rG256/ctl-usage,256,usage,1,68,2.689339507702698
main/E_lab/code_leaning_hard/D_code/tau0.1/ones/incl/k1/rG256/ctl-usage,256,usage,1,69,1.404277810253916
main/E_lab/code_leaning_hard/D_code/tau0.1/ones/incl/k1/rG256/ctl-usage,256,usage,1,70,2.045317656561565
main/E_lab/code_leaning_hard/D_code/tau0.1/ones/incl/k1/rG256/ctl-usage,256,usage,1,71,2.097542108683001
main/E_lab/code_leaning_hard/D_code/tau0.1/ones/incl/k1/rG256/ctl-usage,256,usage,1,72,2.1195816242070578
main/E_lab/code_leaning_hard/D_code/tau0.1/ones/incl/k1/rG256/ctl-usage,256,usage,1,73,2.076152058873049
main/E_lab/code_leaning_hard/D_code/tau0.1/ones/incl/k1/rG256/ctl-usage,256,usage,1,74,1.476422455609736
main/E_lab/code_leaning_hard/D_code/tau0.1/ones/incl/k1/rG256/ctl-usage,256,usage,1,75,2.012364446720767
main/E_lab/code_leaning_hard/D_code/tau0.1/ones/incl/k1/rG256/ctl-usage,256,usage,1,76,1.9598037928963095
main/E_lab/code_leaning_hard/D_code/tau0.1/ones/incl/k1/rG256/ctl-usage,256,usage,1,77,1.9066583499525223
main/E_lab/code_leaning_hard/D_code/tau0.1/ones/incl/k1/rG256/ctl-usage,256,usage,1,78,1.9500776804097768
main/E_lab/code_leaning_hard/D_code/tau0.1/ones/incl/k1/rG256/ctl-usage,256,usage,1,79,1.5903051626524984
main/E_lab/code_leaning_hard/D_code/tau0.1/ones/incl/k1/rG256/ctl-usage,256,usage,1,80,2.0203669097218153
main/E_lab/code_leaning_hard/D_code/tau0.1/ones/incl/k1/rG256/ctl-usage,256,usage,1,81,1.890012344814295
main/E_lab/code_leaning_hard/D_code/tau0.1/ones/incl/k1/rG256/ctl-usage,256,usage,1,82,1.9972108330553056
main/E_lab/code_leaning_hard/D_code/tau0.1/ones/incl/k1/rG256/ctl-usage,256,usage,1,83,1.9642112927208473
main/E_lab/code_leaning_hard/D_code/tau0.1/ones/incl/k1/rG256/ctl-usage,256,usage,1,84,1.9504450827357687
main/E_lab/code_leaning_hard/D_code/tau0.1/ones/incl/k1/rG256/ctl-usage,256,usage,1,85,2.008848293016854
main/E_lab/code_leaning_hard/D_code/tau0.1/ones/incl/k1/rG256/ctl-usage,256,usage,1,86,2.080103229181077
main/E_lab/code_leaning_hard/D_code/tau0.1/ones/incl/k1/rG256/ctl-usage,256,usage,1,87,2.0828936235643596
main/E_lab/code_leaning_hard/D_code/tau0.1/ones/incl/k1/rG256/ctl-usage,256,usage,1,88,2.036643085812102
main/E_lab/code_leaning_hard/D_code/tau0.1/ones/incl/k1/rG256/ctl-usage,256,usage,1,89,1.1764294808963314
main/E_lab/code_leaning_hard/D_code/tau0.1/ones/incl/k1/rG256/ctl-usage,256,usage,1,90,0.8808959215216419
main/E_lab/code_leaning_hard/D_code/tau0.1/ones/incl/k1/rG256/ctl-usage,256,usage,1,91,0.6669325349339488
main/E_lab/code_leaning_hard/D_code/tau0.1/ones/incl/k1/rG256/ctl-usage,256,usage,1,92,1.0913233652554482
main/E_lab/code_leaning_hard/D_code/tau0.1/ones/incl/k1/rG256/ctl-usage,256,usage,1,93,1.0332928581119631
main/E_lab/code_leaning_hard/D_code/tau0.1/ones/incl/k1/rG256/ctl-usage,256,usage,1,94,0.6462579733220082
main/E_lab/code_leaning_hard/D_code/tau0.1/ones/incl/k1/rG256/ctl-usage,256,usage,1,95,0.6515735765678983
main/E_lab/code_leaning_hard/D_code/tau0.1/ones/incl/k1/rG256/ctl-usage,256,usage,1,96,0.7706070366875792
main/E_lab/code_leaning_hard/D_code/tau0.1/ones/incl/k1/rG256/ctl-usage,256,usage,1,97,0.7215404762755497
main/E_lab/code_leaning_hard/D_code/tau0.1/ones/incl/k1/rG256/ctl-usage,256,usage,1,98,0.8201314278012433
main/E_lab/code_leaning_hard/D_code/tau0.1/ones/incl/k1/rG256/ctl-usage,256,usage,1,99,0.7518833865942725
main/E_lab/code_leaning_hard/D_code/tau0.1/ones/incl/k1/rG256/ctl-usage,256,usage,1,100,0.8961192435690464
main/E_lab/code_leaning_hard/D_code/tau0.1/ones/incl/k1/rG256/ctl-usage,256,usage,1,101,0.624485794456632
main/E_lab/code_leaning_hard/D_code/tau0.1/ones/incl/k1/rG256/ctl-usage,256,usage,1,102,0.8229045847037924
main/E_lab/code_leaning_hard/D_code/tau0.1/ones/incl/k1/rG256/ctl-usage,256,usage,1,103,1.0193374467526155
main/E_lab/code_leaning_hard/D_code/tau0.1/ones/incl/k1/rG256/ctl-usage,256,usage,1,104,0.7046517386570486
main/E_lab/code_leaning_hard/D_code/tau0.1/ones/incl/k1/rG256/ctl-usage,256,usage,1,105,1.1244346763437534
main/E_lab/code_leaning_hard/D_code/tau0.1/ones/incl/k1/rG256/ctl-usage,256,usage,1,106,0.9518624788520356
main/E_lab/code_leaning_hard/D_code/tau0.1/ones/incl/k1/rG256/ctl-usage,256,usage,1,107,1.0125716794323125
main/E_lab/code_leaning_hard/D_code/tau0.1/ones/incl/k1/rG256/ctl-usage,256,usage,1,108,0.8045598096623507
main/E_lab/code_leaning_hard/D_code/tau0.1/ones/incl/k1/rG256/ctl-usage,256,usage,1,109,0.9164764366864802
main/E_lab/code_leaning_hard/D_code/tau0.1/ones/incl/k1/rG256/ctl-usage,256,usage,1,110,1.0466572593695673
main/E_lab/code_leaning_hard/D_code/tau0.1/ones/incl/k1/rG256/ctl-usage,256,usage,1,111,0.9179243823682555
main/E_lab/code_leaning_hard/D_code/tau0.1/ones/incl/k1/rG256/ctl-usage,256,usage,1,112,0.865945997329618
main/E_lab/code_leaning_hard/D_code/tau0.1/ones/incl/k1/rG256/ctl-usage,256,usage,1,113,1.0535337699793672
main/E_lab/code_leaning_hard/D_code/tau0.1/ones/incl/k1/rG256/ctl-usage,256,usage,1,114,1.0082401164818293
main/E_lab/code_leaning_hard/D_code/tau0.1/ones/incl/k1/rG256/ctl-usage,256,usage,1,115,0.9113377312946795
main/E_lab/code_leaning_hard/D_code/tau0.1/ones/incl/k1/rG256/ctl-usage,256,usage,1,116,0.5761249372835664
main/E_lab/code_leaning_hard/D_code/tau0.1/ones/incl/k1/rG256/ctl-usage,256,usage,1,117,0.5955366253256216
main/E_lab/code_leaning_hard/D_code/tau0.1/ones/incl/k1/rG256/ctl-usage,256,usage,1,118,0.6285342472210687
main/E_lab/code_leaning_hard/D_code/tau0.1/ones/incl/k1/rG256/ctl-usage,256,usage,1,119,0.7718389140868567
main/E_lab/code_leaning_hard/D_code/tau0.1/ones/incl/k1/rG256/ctl-usage,256,usage,1,120,0.5410753094320171
main/E_lab/code_leaning_hard/D_code/tau0.1/ones/incl/k1/rG256/ctl-usage,256,usage,1,121,0.9839313585125637
main/E_lab/code_leaning_hard/D_code/tau0.1/ones/incl/k1/rG256/ctl-usage,256,usage,1,122,1.127398245826953
main/E_lab/code_leaning_hard/D_code/tau0.1/ones/incl/k1/rG256/ctl-usage,256,usage,1,123,1.4190635471800306
main/E_lab/code_leaning_hard/D_code/tau0.1/ones/incl/k1/rG256/ctl-usage,256,usage,1,124,1.1929263322072075
main/E_lab/code_leaning_hard/D_code/tau0.1/ones/incl/k1/rG256/ctl-usage,256,usage,1,125,0.4336985128811648
main/E_lab/code_leaning_hard/D_code/tau0.1/ones/incl/k1/rG256/ctl-usage,256,usage,1,126,0.8803023672116979
main/E_lab/code_leaning_hard/D_code/tau0.1/ones/incl/k1/rG256/ctl-usage,256,usage,1,127,0.7663373479604161
main/E_lab/code_leaning_hard/D_code/tau0.1/ones/incl/k1/rG256/ctl-usage,256,usage,1,128,0.6507895840668425
main/E_lab/code_leaning_hard/D_code/tau0.1/ones/incl/k1/rG256/ctl-usage,256,usage,1,129,0.8040886104008678
main/E_lab/code_leaning_hard/D_code/tau0.1/ones/incl/k1/rG256/ctl-usage,256,usage,1,130,0.7877505697101697
main/E_lab/code_leaning_hard/D_code/tau0.1/ones/incl/k1/rG256/ctl-usage,256,usage,1,131,0.7936609689718352
main/E_lab/code_leaning_hard/D_code/tau0.1/ones/incl/k1/rG256/ctl-usage,256,usage,1,132,0.769459883768377
main/E_lab/code_leaning_hard/D_code/tau0.1/ones/incl/k1/rG256/ctl-usage,256,usage,1,133,0.9946589931284961
main/E_lab/code_leaning_hard/D_code/tau0.1/ones/incl/k1/rG256/ctl-usage,256,usage,1,134,0.8061522714860985
main/E_lab/code_leaning_hard/D_code/tau0.1/ones/incl/k1/rG256/ctl-usage,256,usage,1,135,0.7096380973302985
main/E_lab/code_leaning_hard/D_code/tau0.1/ones/incl/k1/rG256/ctl-usage,256,usage,1,136,1.0684056546006104
main/E_lab/code_leaning_hard/D_code/tau0.1/ones/incl/k1/rG256/ctl-usage,256,usage,1,137,0.9290212061250713
main/E_lab/code_leaning_hard/D_code/tau0.1/ones/incl/k1/rG256/ctl-usage,256,usage,1,138,0.9609008848756275
main/E_lab/code_leaning_hard/D_code/tau0.1/ones/incl/k1/rG256/ctl-usage,256,usage,1,139,0.8945379456454248
main/E_lab/code_leaning_hard/D_code/tau0.1/ones/incl/k1/rG256/ctl-usage,256,usage,1,140,0.9651190882293577
main/E_lab/code_leaning_hard/D_code/tau0.1/ones/incl/k1/rG256/ctl-usage,256,usage,1,141,1.0674451752329333
main/E_lab/code_leaning_hard/D_code/tau0.1/ones/incl/k1/rG256/ctl-usage,256,usage,1,142,1.2090385477881682
main/E_lab/code_leaning_hard/D_code/tau0.1/ones/incl/k1/rG256/ctl-usage,256,usage,1,143,1.1684858329904273
main/E_lab/code_leaning_hard/D_code/tau0.1/ones/incl/k1/rG256/ctl-usage,256,usage,1,144,1.2253992562846179
main/E_lab/code_leaning_hard/D_code/tau0.1/ones/incl/k1/rG256/ctl-usage,256,usage,1,145,1.2033969417016124
main/E_lab/code_leaning_hard/D_code/tau0.1/ones/incl/k1/rG256/ctl-usage,256,usage,1,146,1.4413775239313509
main/E_lab/code_leaning_hard/D_code/tau0.1/ones/incl/k1/rG256/ctl-usage,256,usage,1,147,0.7938827100647359
main/E_lab/code_leaning_hard/D_code/tau0.1/ones/incl/k1/rG256/ctl-usage,256,usage,1,148,1.7226636767977652
main/E_lab/code_leaning_hard/D_code/tau0.1/ones/incl/k1/rG256/ctl-usage,256,usage,1,149,1.7546023830345803
main/E_lab/code_leaning_hard/D_code/tau0.1/ones/incl/k1/rG256/ctl-usage,256,usage,1,150,1.831509647078292
main/E_lab/code_leaning_hard/D_code/tau0.1/ones/incl/k1/rG256/ctl-usage,256,usage,1,151,1.8154962813200655
main/E_lab/code_leaning_hard/D_code/tau0.1/ones/incl/k1/rG256/ctl-usage,256,usage,1,152,1.907178569359985
main/E_lab/code_leaning_hard/D_code/tau0.1/ones/incl/k1/rG256/ctl-usage,256,usage,1,153,1.421487436096868
main/E_lab/code_leaning_hard/D_code/tau0.1/ones/incl/k1/rG256/ctl-usage,256,usage,1,154,1.9525024919921634
main/E_lab/code_leaning_hard/D_code/tau0.1/ones/incl/k1/rG256/ctl-usage,256,usage,1,155,2.144205017045806
main/E_lab/code_leaning_hard/D_code/tau0.1/ones/incl/k1/rG256/ctl-usage,256,usage,1,156,1.8404078370626848
main/E_lab/code_leaning_hard/D_code/tau0.1/ones/incl/k1/rG256/ctl-usage,256,usage,1,157,1.9854849229041065
main/E_lab/code_leaning_hard/D_code/tau0.1/ones/incl/k1/rG256/ctl-usage,256,usage,1,158,1.1589102727848513
main/E_lab/code_leaning_hard/D_code/tau0.1/ones/incl/k1/rG256/ctl-usage,256,usage,1,159,0.9129074361480889
main/E_lab/code_leaning_hard/D_code/tau0.1/ones/incl/k1/rG256/ctl-usage,256,usage,1,160,1.2617716491390638
main/E_lab/code_leaning_hard/D_code/tau0.1/ones/incl/k1/rG256/ctl-usage,256,usage,1,161,1.332574534082596
main/E_lab/code_leaning_hard/D_code/tau0.1/ones/incl/k1/rG256/ctl-usage,256,usage,1,162,0.8349216040151077
main/E_lab/code_leaning_hard/D_code/tau0.1/ones/incl/k1/rG256/ctl-usage,256,usage,1,163,0.6286309663173597
main/E_lab/code_leaning_hard/D_code/tau0.1/ones/incl/k1/rG256/ctl-usage,256,usage,1,164,0.5830232288280968
main/E_lab/code_leaning_hard/D_code/tau0.1/ones/incl/k1/rG256/ctl-usage,256,usage,1,165,0.5103537363011128
main/E_lab/code_leaning_hard/D_code/tau0.1/ones/incl/k1/rG256/ctl-usage,256,usage,1,166,0.5515526462513662
main/E_lab/code_leaning_hard/D_code/tau0.1/ones/incl/k1/rG256/ctl-usage,256,usage,1,167,0.5590147621660435
main/E_lab/code_leaning_hard/D_code/tau0.1/ones/incl/k1/rG256/ctl-usage,256,usage,1,168,0.6147338784303429
main/E_lab/code_leaning_hard/D_code/tau0.1/ones/incl/k1/rG256/ctl-usage,256,usage,1,169,0.7614127353508593
main/E_lab/code_leaning_hard/D_code/tau0.1/ones/incl/k1/rG256/ctl-usage,256,usage,1,170,0.846280763500431
main/E_lab/code_leaning_hard/D_code/tau0.1/ones/incl/k1/rG256/ctl-usage,256,usage,1,171,0.4667383259848066
main/E_lab/code_leaning_hard/D_code/tau0.1/ones/incl/k1/rG256/ctl-usage,256,usage,1,172,0.755362670721297
main/E_lab/code_leaning_hard/D_code/tau0.1/ones/incl/k1/rG256/ctl-usage,256,usage,1,173,0.919870610225189
main/E_lab/code_leaning_hard/D_code/tau0.1/ones/incl/k1/rG256/ctl-usage,256,usage,1,174,1.4380233448555373
main/E_lab/code_leaning_hard/D_code/tau0.1/ones/incl/k1/rG256/ctl-usage,256,usage,1,175,1.052485894687834
main/E_lab/code_leaning_hard/D_code/tau0.1/ones/incl/k1/rG256/ctl-usage,256,usage,1,176,1.1283236507115362
main/E_lab/code_leaning_hard/D_code/tau0.1/ones/incl/k1/rG256/ctl-usage,256,usage,1,177,1.1179153535067599
main/E_lab/code_leaning_hard/D_code/tau0.1/ones/incl/k1/rG256/ctl-usage,256,usage,1,178,1.0884976090128475
main/E_lab/code_leaning_hard/D_code/tau0.1/ones/incl/k1/rG256/ctl-usage,256,usage,1,179,0.911623991889428
main/E_lab/code_leaning_hard/D_code/tau0.1/ones/incl/k1/rG256/ctl-usage,256,usage,1,180,0.7550039650932376
main/E_lab/code_leaning_hard/D_code/tau0.1/ones/incl/k1/rG256/ctl-usage,256,usage,1,181,0.5612009254246004
main/E_lab/code_leaning_hard/D_code/tau0.1/ones/incl/k1/rG256/ctl-usage,256,usage,1,182,0.7499454874869116
main/E_lab/code_leaning_hard/D_code/tau0.1/ones/incl/k1/rG256/ctl-usage,256,usage,1,183,0.7161972624244299
main/E_lab/code_leaning_hard/D_code/tau0.1/ones/incl/k1/rG256/ctl-usage,256,usage,1,184,0.7027125991817229
main/E_lab/code_leaning_hard/D_code/tau0.1/ones/incl/k1/rG256/ctl-usage,256,usage,1,185,0.9906110304928006
main/E_lab/code_leaning_hard/D_code/tau0.1/ones/incl/k1/rG256/ctl-usage,256,usage,1,186,0.5107259439168956
main/E_lab/code_leaning_hard/D_code/tau0.1/ones/incl/k1/rG256/ctl-usage,256,usage,1,187,0.8010833489561264
main/E_lab/code_leaning_hard/D_code/tau0.1/ones/incl/k1/rG256/ctl-usage,256,usage,1,188,0.7100017448155995
main/E_lab/code_leaning_hard/D_code/tau0.1/ones/incl/k1/rG256/ctl-usage,256,usage,1,189,0.9312899624358124
main/E_lab/code_leaning_hard/D_code/tau0.1/ones/incl/k1/rG256/ctl-usage,256,usage,1,190,1.0560083376039984
main/E_lab/code_leaning_hard/D_code/tau0.1/ones/incl/k1/rG256/ctl-usage,256,usage,1,191,0.6465999187676061
main/E_lab/code_leaning_hard/D_code/tau0.1/ones/incl/k1/rG256/ctl-usage,256,usage,1,192,0.5108492993767868
main/E_lab/code_leaning_hard/D_code/tau0.1/ones/incl/k1/rG256/ctl-usage,256,usage,1,193,1.0485417687996232
main/E_lab/code_leaning_hard/D_code/tau0.1/ones/incl/k1/rG256/ctl-usage,256,usage,1,194,0.9959545300916943
main/E_lab/code_leaning_hard/D_code/tau0.1/ones/incl/k1/rG256/ctl-usage,256,usage,1,195,0.9762177371585494
main/E_lab/code_leaning_hard/D_code/tau0.1/ones/incl/k1/rG256/ctl-usage,256,usage,1,196,0.605057794120512
main/E_lab/code_leaning_hard/D_code/tau0.1/ones/incl/k1/rG256/ctl-usage,256,usage,1,197,0.5999747718301478
main/E_lab/code_leaning_hard/D_code/tau0.1/ones/incl/k1/rG256/ctl-usage,256,usage,1,198,0.5126336060607173
main/E_lab/code_leaning_hard/D_code/tau0.1/ones/incl/k1/rG256/ctl-usage,256,usage,1,199,0.9688489358813968
main/E_lab/code_leaning_hard/D_code/tau0.1/ones/incl/k1/rG256/ctl-usage,256,usage,1,200,0.8816491627349023
main/E_lab/code_leaning_hard/D_code/tau0.1/ones/incl/k1/rG256/ctl-usage,256,usage,1,201,0.6670197249986813
main/E_lab/code_leaning_hard/D_code/tau0.1/ones/incl/k1/rG256/ctl-usage,256,usage,1,202,0.8654842687856217
main/E_lab/code_leaning_hard/D_code/tau0.1/ones/incl/k1/rG256/ctl-usage,256,usage,1,203,0.46479898772577144
main/E_lab/code_leaning_hard/D_code/tau0.1/ones/incl/k1/rG256/ctl-usage,256,usage,1,204,0.392536449981435
main/E_lab/code_leaning_hard/D_code/tau0.1/ones/incl/k1/rG256/ctl-usage,256,usage,1,205,0.6772300913198706
main/E_lab/code_leaning_hard/D_code/tau0.1/ones/incl/k1/rG256/ctl-usage,256,usage,1,206,0.47161017757207446
main/E_lab/code_leaning_hard/D_code/tau0.1/ones/incl/k1/rG256/ctl-usage,256,usage,1,207,0.3890590079968206
main/E_lab/code_leaning_hard/D_code/tau0.1/ones/incl/k1/rG256/ctl-usage,256,usage,1,208,0.38622778035096417
main/E_lab/code_leaning_hard/D_code/tau0.1/ones/incl/k1/rG256/ctl-usage,256,usage,1,209,0.663662739956635
main/E_lab/code_leaning_hard/D_code/tau0.1/ones/incl/k1/rG256/ctl-usage,256,usage,1,210,2.0901500157578994
main/E_lab/code_leaning_hard/D_code/tau0.1/ones/incl/k1/rG256/ctl-usage,256,usage,1,211,2.4765317039923502
main/E_lab/code_leaning_hard/D_code/tau0.1/ones/incl/k1/rG256/ctl-usage,256,usage,1,212,2.116006580062731
main/E_lab/code_leaning_hard/D_code/tau0.1/ones/incl/k1/rG256/ctl-usage,256,usage,1,213,0.7061619187475117
main/E_lab/code_leaning_hard/D_code/tau0.1/ones/incl/k1/rG256/ctl-usage,256,usage,1,214,0.7917019006454211
main/E_lab/code_leaning_hard/D_code/tau0.1/ones/incl/k1/rG256/ctl-usage,256,usage,1,215,1.0574379868467076
main/E_lab/code_leaning_hard/D_code/tau0.1/ones/incl/k1/rG256/ctl-usage,256,usage,1,216,1.682124142696921
main/E_lab/code_leaning_hard/D_code/tau0.1/ones/incl/k1/rG256/ctl-usage,256,usage,1,217,1.1342768056638306
main/E_lab/code_leaning_hard/D_code/tau0.1/ones/incl/k1/rG256/ctl-usage,256,usage,1,218,1.0426947278165244
main/E_lab/code_leaning_hard/D_code/tau0.1/ones/incl/k1/rG256/ctl-usage,256,usage,1,219,1.331175917614928
main/E_lab/code_leaning_hard/D_code/tau0.1/ones/incl/k1/rG256/ctl-usage,256,usage,1,220,1.2497699765308425
main/E_lab/code_leaning_hard/D_code/tau0.1/ones/incl/k1/rG256/ctl-usage,256,usage,1,221,1.278027701553583
main/E_lab/code_leaning_hard/D_code/tau0.1/ones/incl/k1/rG256/ctl-usage,256,usage,1,222,1.1648278038178432
main/E_lab/code_leaning_hard/D_code/tau0.1/ones/incl/k1/rG256/ctl-usage,256,usage,1,223,1.0375719947223843
main/E_lab/code_leaning_hard/D_code/tau0.1/ones/incl/k1/rG256/ctl-usage,256,usage,1,224,0.8030973336335592
main/E_lab/code_leaning_hard/D_code/tau0.1/ones/incl/k1/rG256/ctl-usage,256,usage,1,225,2.091559637922387
main/E_lab/code_leaning_hard/D_code/tau0.1/ones/incl/k1/rG256/ctl-usage,256,usage,1,226,1.719441847361395
main/E_lab/code_leaning_hard/D_code/tau0.1/ones/incl/k1/rG256/ctl-usage,256,usage,1,227,0.9871461223392544
main/E_lab/code_leaning_hard/D_code/tau0.1/ones/incl/k1/rG256/ctl-usage,256,usage,1,228,0.8871048265846184
main/E_lab/code_leaning_hard/D_code/tau0.1/ones/incl/k1/rG256/ctl-usage,256,usage,1,229,0.5632241842977237
main/E_lab/code_leaning_hard/D_code/tau0.1/ones/incl/k1/rG256/ctl-usage,256,usage,1,230,0.7361687871079994
main/E_lab/code_leaning_hard/D_code/tau0.1/ones/incl/k1/rG256/ctl-usage,256,usage,1,231,0.6343309087133093
main/E_lab/code_leaning_hard/D_code/tau0.1/ones/incl/k1/rG256/ctl-usage,256,usage,1,232,0.644402074755817
main/E_lab/code_leaning_hard/D_code/tau0.1/ones/incl/k1/rG256/ctl-usage,256,usage,1,233,1.214579617351319
main/E_lab/code_leaning_hard/D_code/tau0.1/ones/incl/k1/rG256/ctl-usage,256,usage,1,234,1.1561633185083338
main/E_lab/code_leaning_hard/D_code/tau0.1/ones/incl/k1/rG256/ctl-usage,256,usage,1,235,0.41526425564370584
main/E_lab/code_leaning_hard/D_code/tau0.1/ones/incl/k1/rG256/ctl-usage,256,usage,1,236,1.4843126772011601
main/E_lab/code_leaning_hard/D_code/tau0.1/ones/incl/k1/rG256/ctl-usage,256,usage,1,237,1.0817443967343934
main/E_lab/code_leaning_hard/D_code/tau0.1/ones/incl/k1/rG256/ctl-usage,256,usage,1,238,0.5815446006249658
main/E_lab/code_leaning_hard/D_code/tau0.1/ones/incl/k1/rG256/ctl-usage,256,usage,1,239,0.5272317434876186
main/E_lab/code_leaning_hard/D_code/tau0.1/ones/incl/k1/rG256/ctl-usage,256,usage,1,240,0.5533586808903692
main/E_lab/code_leaning_hard/D_code/tau0.1/ones/incl/k1/rG256/ctl-usage,256,usage,1,241,0.5718629796949699
main/E_lab/code_leaning_hard/D_code/tau0.1/ones/incl/k1/rG256/ctl-usage,256,usage,1,242,0.5133809105068394
main/E_lab/code_leaning_hard/D_code/tau0.1/ones/incl/k1/rG256/ctl-usage,256,usage,1,243,0.5330956803263689
main/E_lab/code_leaning_hard/D_code/tau0.1/ones/incl/k1/rG256/ctl-usage,256,usage,1,244,0.492421163949075
main/E_lab/code_leaning_hard/D_code/tau0.1/ones/incl/k1/rG256/ctl-usage,256,usage,1,245,0.5570873687952371
main/E_lab/code_leaning_hard/D_code/tau0.1/ones/incl/k1/rG256/ctl-usage,256,usage,1,246,0.536527070144075
main/E_lab/code_leaning_hard/D_code/tau0.1/ones/incl/k1/rG256/ctl-usage,256,usage,1,247,0.5627813005457938
main/E_lab/code_leaning_hard/D_code/tau0.1/ones/incl/k1/rG256/ctl-usage,256,usage,1,248,0.48761655794896797
main/E_lab/code_leaning_hard/D_code/tau0.1/ones/incl/k1/rG256/ctl-usage,256,usage,1,249,0.5111316343691215
main/E_lab/code_leaning_hard/D_code/tau0.1/ones/incl/k1/rG256/ctl-usage,256,usage,1,250,0.4900938504615624
main/E_lab/code_leaning_hard/D_code/tau0.1/ones/incl/k1/rG256/ctl-usage,256,usage,1,251,0.6265928522134345
main/E_lab/code_leaning_hard/D_code/tau0.1/ones/incl/k1/rG256/ctl-usage,256,usage,1,252,0.5993117838106627
main/E_lab/code_leaning_hard/D_code/tau0.1/ones/incl/k1/rG256/ctl-usage,256,usage,1,253,0.6129295939426811
main/E_lab/code_leaning_hard/D_code/tau0.1/ones/incl/k1/rG256/ctl-usage,256,usage,1,254,0.49173184130268055
main/E_lab/code_leaning_hard/D_code/tau0.1/ones/incl/k1/rG256/ctl-usage,256,usage,1,255,0.5705888007664726
main/E_lab/code_leaning_hard/D_code/tau0.1/ones/incl/k1/rG256/ctl-usage,256,usage,1,256,1.8979912453469296
main/E_lab/code_leaning_hard/D_code/tau0.1/ones/incl/k1/rG256/ctl-usage,256,usage,1,257,2.1340421580762268
main/E_lab/code_leaning_hard/D_code/tau0.1/ones/incl/k1/rG256/ctl-usage,256,usage,1,258,2.0704210240201064
main/E_lab/code_leaning_hard/D_code/tau0.1/ones/incl/k1/rG256/ctl-usage,256,usage,1,259,2.144530090404146
main/E_lab/code_leaning_hard/D_code/tau0.1/ones/incl/k1/rG256/ctl-usage,256,usage,1,260,2.406575931021507
main/E_lab/code_leaning_hard/D_code/tau0.1/ones/incl/k1/rG256/ctl-usage,256,usage,1,261,2.2708221926492342
main/E_lab/code_leaning_hard/D_code/tau0.1/ones/incl/k1/rG256/ctl-usage,256,usage,1,262,2.0998598804339963
main/E_lab/code_leaning_hard/D_code/tau0.1/ones/incl/k1/rG256/ctl-usage,256,usage,1,263,2.921342418375957
main/E_lab/code_leaning_hard/D_code/tau0.1/ones/incl/k1/rG256/ctl-usage,256,usage,1,264,2.770620644907467
main/E_lab/code_leaning_hard/D_code/tau0.1/ones/incl/k1/rG256/ctl-usage,256,usage,1,265,2.802324148405205
main/E_lab/code_leaning_hard/D_code/tau0.1/ones/incl/k1/rG256/ctl-usage,256,usage,1,266,2.2459103736159705
main/E_lab/code_leaning_hard/D_code/tau0.1/ones/incl/k1/rG256/ctl-usage,256,usage,1,267,2.201270337728147
main/E_lab/code_leaning_hard/D_code/tau0.1/ones/incl/k1/rG256/ctl-usage,256,usage,1,268,2.1315070955752162
main/E_lab/code_leaning_hard/D_code/tau0.1/ones/incl/k1/rG256/ctl-usage,256,usage,1,269,2.03000139748292
main/E_lab/code_leaning_hard/D_code/tau0.1/ones/incl/k1/rG256/ctl-usage,256,usage,1,270,1.97795497268271
main/E_lab/code_leaning_hard/D_code/tau0.1/ones/incl/k1/rG256/ctl-usage,256,usage,1,271,1.9169203614555954
main/E_lab/code_leaning_hard/D_code/tau0.1/ones/incl/k1/rG256/ctl-usage,256,usage,1,272,1.9062987844818053
main/E_lab/code_leaning_hard/D_code/tau0.1/ones/incl/k1/rG256/ctl-usage,256,usage,1,273,2.0366098828840222
main/E_lab/code_leaning_hard/D_code/tau0.1/ones/incl/k1/rG256/ctl-usage,256,usage,1,274,2.0788215268239583
main/E_lab/code_leaning_hard/D_code/tau0.1/ones/incl/k1/rG256/ctl-usage,256,usage,1,275,1.7277069671999925
main/E_lab/code_leaning_hard/D_code/tau0.1/ones/incl/k1/rG256/ctl-usage,256,usage,1,276,2.1473941323351937
main/E_lab/code_leaning_hard/D_code/tau0.1/ones/incl/k1/rG256/ctl-usage,256,usage,1,277,2.3373448883351102
main/E_lab/code_leaning_hard/D_code/tau0.1/ones/incl/k1/rG256/ctl-usage,256,usage,1,278,1.8569320351807619
main/E_lab/code_leaning_hard/D_code/tau0.1/ones/incl/k1/rG256/ctl-usage,256,usage,1,279,2.0115292426698943
main/E_lab/code_leaning_hard/D_code/tau0.1/ones/incl/k1/rG256/ctl-usage,256,usage,1,280,1.6936106362672945
main/E_lab/code_leaning_hard/D_code/tau0.1/ones/incl/k1/rG256/ctl-usage,256,usage,1,281,2.459623828725853
main/E_lab/code_leaning_hard/D_code/tau0.1/ones/incl/k1/rG256/ctl-usage,256,usage,1,282,2.2639544136854965
main/E_lab/code_leaning_hard/D_code/tau0.1/ones/incl/k1/rG256/ctl-usage,256,usage,1,283,2.1725365440424866
main/E_lab/code_leaning_hard/D_code/tau0.1/ones/incl/k1/rG256/ctl-usage,256,usage,1,284,2.209532537440282
main/E_lab/code_leaning_hard/D_code/tau0.1/ones/incl/k1/rG256/ctl-usage,256,usage,1,285,1.7969687981553761
main/E_lab/code_leaning_hard/D_code/tau0.1/ones/incl/k1/rG256/ctl-usage,256,usage,1,286,2.0708578116846184
main/E_lab/code_leaning_hard/D_code/tau0.1/ones/incl/k1/rG256/ctl-usage,256,usage,1,287,2.1113992032042006
main/E_lab/code_leaning_hard/D_code/tau0.1/ones/incl/k1/rG256/ctl-usage,256,usage,1,288,1.8226086431895965
main/E_lab/code_leaning_hard/D_code/tau0.1/ones/incl/k1/rG256/ctl-usage,256,usage,1,289,1.7318370238259604
main/E_lab/code_leaning_hard/D_code/tau0.1/ones/incl/k1/rG256/ctl-usage,256,usage,1,290,2.057336410127391
main/E_lab/code_leaning_hard/D_code/tau0.1/ones/incl/k1/rG256/ctl-usage,256,usage,1,291,2.0582919514358764
main/E_lab/code_leaning_hard/D_code/tau0.1/ones/incl/k1/rG256/ctl-usage,256,usage,1,292,1.8688045764201888
main/E_lab/code_leaning_hard/D_code/tau0.1/ones/incl/k1/rG256/ctl-usage,256,usage,1,293,2.021371458004978
main/E_lab/code_leaning_hard/D_code/tau0.1/ones/incl/k1/rG256/ctl-usage,256,usage,1,294,2.056389036581095
main/E_lab/code_leaning_hard/D_code/tau0.1/ones/incl/k1/rG256/ctl-usage,256,usage,1,295,1.9263345605727409
main/E_lab/code_leaning_hard/D_code/tau0.1/ones/incl/k1/rG256/ctl-usage,256,usage,1,296,2.1662771711853566
main/E_lab/code_leaning_hard/D_code/tau0.1/ones/incl/k1/rG256/ctl-usage,256,usage,1,297,1.8481104210891317
main/E_lab/code_leaning_hard/D_code/tau0.1/ones/incl/k1/rG256/ctl-usage,256,usage,1,298,2.364319983594214
main/E_lab/code_leaning_hard/D_code/tau0.1/ones/incl/k1/rG256/ctl-usage,256,usage,1,299,2.132587139856696
main/E_lab/code_leaning_hard/D_code/tau0.1/ones/incl/k1/rG256/ctl-usage,256,usage,1,300,2.379458235674065
main/E_lab/code_leaning_hard/D_code/tau0.1/ones/incl/k1/rG256/ctl-usage,256,usage,1,301,2.2525626791370996
main/E_lab/code_leaning_hard/D_code/tau0.1/ones/incl/k1/rG256/ctl-usage,256,usage,1,302,1.8687477177454639
main/E_lab/code_leaning_hard/D_code/tau0.1/ones/incl/k1/rG256/ctl-usage,256,usage,1,303,2.5778065601425624
main/E_lab/code_leaning_hard/D_code/tau0.1/ones/incl/k1/rG256/ctl-usage,256,usage,1,304,2.7063578266297554
main/E_lab/code_leaning_hard/D_code/tau0.1/ones/incl/k1/rG256/ctl-usage,256,usage,1,305,2.747176131932065
main/E_lab/code_leaning_hard/D_code/tau0.1/ones/incl/k1/rG256/ctl-usage,256,usage,1,306,2.402378842112057
main/E_lab/code_leaning_hard/D_code/tau0.1/ones/incl/k1/rG256/ctl-usage,256,usage,1,307,2.3320782915398013
main/E_lab/code_leaning_hard/D_code/tau0.1/ones/incl/k1/rG256/ctl-usage,256,usage,1,308,2.373893150410595
main/E_lab/code_leaning_hard/D_code/tau0.1/ones/incl/k1/rG256/ctl-usage,256,usage,1,309,2.2536005439733344
main/E_lab/code_leaning_hard/D_code/tau0.1/ones/incl/k1/rG256/ctl-usage,256,usage,1,310,2.2693710161516947
main/E_lab/code_leaning_hard/D_code/tau0.1/ones/incl/k1/rG256/ctl-usage,256,usage,1,311,1.8588241343059053
main/E_lab/code_leaning_hard/D_code/tau0.1/ones/incl/k1/rG256/ctl-usage,256,usage,1,312,2.2031740084039484
main/E_lab/code_leaning_hard/D_code/tau0.1/ones/incl/k1/rG256/ctl-usage,256,usage,1,313,2.0192665726308405
main/E_lab/code_leaning_hard/D_code/tau0.1/ones/incl/k1/rG256/ctl-usage,256,usage,1,314,2.1579544861415343
main/E_lab/code_leaning_hard/D_code/tau0.1/ones/incl/k1/rG256/ctl-usage,256,usage,1,315,2.262210877922371
main/E_lab/code_leaning_hard/D_code/tau0.1/ones/incl/k1/rG256/ctl-usage,256,usage,1,316,2.134226817636545
main/E_lab/code_leaning_hard/D_code/tau0.1/ones/incl/k1/rG256/ctl-usage,256,usage,1,317,2.132678307756578
main/E_lab/code_leaning_hard/D_code/tau0.1/ones/incl/k1/rG256/ctl-usage,256,usage,1,318,2.1893893973292506
main/E_lab/code_leaning_hard/D_code/tau0.1/ones/incl/k1/rG256/ctl-usage,256,usage,1,319,1.9925114976708755
main/E_lab/code_leaning_hard/D_code/tau0.1/ones/incl/k1/rG256/ctl-usage,256,usage,1,320,1.875656355078263
main/E_lab/code_leaning_hard/D_code/tau0.1/ones/incl/k1/rG256/ctl-usage,256,usage,1,321,1.8558767518170498
main/E_lab/code_leaning_hard/D_code/tau0.1/ones/incl/k1/rG256/ctl-usage,256,usage,1,322,2.383517711308741
main/E_lab/code_leaning_hard/D_code/tau0.1/ones/incl/k1/rG256/ctl-usage,256,usage,1,323,2.4608977104403493
main/E_lab/code_leaning_hard/D_code/tau0.1/ones/incl/k1/rG256/ctl-usage,256,usage,1,324,1.8936754891219607
main/E_lab/code_leaning_hard/D_code/tau0.1/ones/incl/k1/rG256/ctl-usage,256,usage,1,325,2.1362822699557
main/E_lab/code_leaning_hard/D_code/tau0.1/ones/incl/k1/rG256/ctl-usage,256,usage,1,326,2.1729589505275726
main/E_lab/code_leaning_hard/D_code/tau0.1/ones/incl/k1/rG256/ctl-usage,256,usage,1,327,2.1276297829754185
main/E_lab/code_leaning_hard/D_code/tau0.1/ones/incl/k1/rG256/ctl-usage,256,usage,1,328,2.158078642818964
main/E_lab/code_leaning_hard/D_code/tau0.1/ones/incl/k1/rG256/ctl-usage,256,usage,1,329,2.286572847676325
main/E_lab/code_leaning_hard/D_code/tau0.1/ones/incl/k1/rG256/ctl-usage,256,usage,1,330,2.1990864101703664
main/E_lab/code_leaning_hard/D_code/tau0.1/ones/incl/k1/rG256/ctl-usage,256,usage,1,331,2.0270789119886103
main/E_lab/code_leaning_hard/D_code/tau0.1/ones/incl/k1/rG256/ctl-usage,256,usage,1,332,2.0486172692444597
main/E_lab/code_leaning_hard/D_code/tau0.1/ones/incl/k1/rG256/ctl-usage,256,usage,1,333,1.920584749612317
main/E_lab/code_leaning_hard/D_code/tau0.1/ones/incl/k1/rG256/ctl-usage,256,usage,1,334,2.1831098351576657
main/E_lab/code_leaning_hard/D_code/tau0.1/ones/incl/k1/rG256/ctl-usage,256,usage,1,335,2.2150865327676
main/E_lab/code_leaning_hard/D_code/tau0.1/ones/incl/k1/rG256/ctl-usage,256,usage,1,336,1.8202017123003316
main/E_lab/code_leaning_hard/D_code/tau0.1/ones/incl/k1/rG256/ctl-usage,256,usage,1,337,1.8673546521258686
main/E_lab/code_leaning_hard/D_code/tau0.1/ones/incl/k1/rG256/ctl-usage,256,usage,1,338,1.915187684086959
main/E_lab/code_leaning_hard/D_code/tau0.1/ones/incl/k1/rG256/ctl-usage,256,usage,1,339,1.6649038263967668
main/E_lab/code_leaning_hard/D_code/tau0.1/ones/incl/k1/rG256/ctl-usage,256,usage,1,340,2.0521653217201674
main/E_lab/code_leaning_hard/D_code/tau0.1/ones/incl/k1/rG256/ctl-usage,256,usage,1,341,2.0099237754748174
main/E_lab/code_leaning_hard/D_code/tau0.1/ones/incl/k1/rG256/ctl-usage,256,usage,1,342,2.0470193702221877
main/E_lab/code_leaning_hard/D_code/tau0.1/ones/incl/k1/rG256/ctl-usage,256,usage,1,343,1.891806262645332
main/E_lab/code_leaning_hard/D_code/tau0.1/ones/incl/k1/rG256/ctl-usage,256,usage,1,344,1.734036207826648
main/E_lab/code_leaning_hard/D_code/tau0.1/ones/incl/k1/rG256/ctl-usage,256,usage,1,345,1.8437736731511905
main/E_lab/code_leaning_hard/D_code/tau0.1/ones/incl/k1/rG256/ctl-usage,256,usage,1,346,1.8381301191475359
main/E_lab/code_leaning_hard/D_code/tau0.1/ones/incl/k1/rG256/ctl-usage,256,usage,1,347,2.028496662911948
main/E_lab/code_leaning_hard/D_code/tau0.1/ones/incl/k1/rG256/ctl-usage,256,usage,1,348,2.0135256677317557
main/E_lab/code_leaning_hard/D_code/tau0.1/ones/incl/k1/rG256/ctl-usage,256,usage,1,349,1.9951710538462066
main/E_lab/code_leaning_hard/D_code/tau0.1/ones/incl/k1/rG256/ctl-usage,256,usage,1,350,1.9679689131726263
main/E_lab/code_leaning_hard/D_code/tau0.1/ones/incl/k1/rG256/ctl-usage,256,usage,1,351,2.0799130923446683
main/E_lab/code_leaning_hard/D_code/tau0.1/ones/incl/k1/rG256/ctl-usage,256,usage,1,352,1.3863096903887708
main/E_lab/code_leaning_hard/D_code/tau0.1/ones/incl/k1/rG256/ctl-usage,256,usage,1,353,2.255391155709731
main/E_lab/code_leaning_hard/D_code/tau0.1/ones/incl/k1/rG256/ctl-usage,256,usage,1,354,1.7978139911392645
main/E_lab/code_leaning_hard/D_code/tau0.1/ones/incl/k1/rG256/ctl-usage,256,usage,1,355,2.5388792393760014
main/E_lab/code_leaning_hard/D_code/tau0.1/ones/incl/k1/rG256/ctl-usage,256,usage,1,356,2.0177573623532226
main/E_lab/code_leaning_hard/D_code/tau0.1/ones/incl/k1/rG256/ctl-usage,256,usage,1,357,1.4889496667137792
main/E_lab/code_leaning_hard/D_code/tau0.1/ones/incl/k1/rG256/ctl-usage,256,usage,1,358,1.7372145744006957
main/E_lab/code_leaning_hard/D_code/tau0.1/ones/incl/k1/rG256/ctl-usage,256,usage,1,359,1.883929637215715
main/E_lab/code_leaning_hard/D_code/tau0.1/ones/incl/k1/rG256/ctl-usage,256,usage,1,360,1.8401673011030653
main/E_lab/code_leaning_hard/D_code/tau0.1/ones/incl/k1/rG256/ctl-usage,256,usage,1,361,2.030816669320302
main/E_lab/code_leaning_hard/D_code/tau0.1/ones/incl/k1/rG256/ctl-usage,256,usage,1,362,2.299694158022703
main/E_lab/code_leaning_hard/D_code/tau0.1/ones/incl/k1/rG256/ctl-usage,256,usage,1,363,1.985434411531969
main/E_lab/code_leaning_hard/D_code/tau0.1/ones/incl/k1/rG256/ctl-usage,256,usage,1,364,2.640519585552738
main/E_lab/code_leaning_hard/D_code/tau0.1/ones/incl/k1/rG256/ctl-usage,256,usage,1,365,3.021558110546266
main/E_lab/code_leaning_hard/D_code/tau0.1/ones/incl/k1/rG256/ctl-usage,256,usage,1,366,3.0827002425749015
main/E_lab/code_leaning_hard/D_code/tau0.1/ones/incl/k1/rG256/ctl-usage,256,usage,1,367,1.8555651193937592
main/E_lab/code_leaning_hard/D_code/tau0.1/ones/incl/k1/rG256/ctl-usage,256,usage,1,368,1.8205649279909721
main/E_lab/code_leaning_hard/D_code/tau0.1/ones/incl/k1/rG256/ctl-usage,256,usage,1,369,1.58969824626638
main/E_lab/code_leaning_hard/D_code/tau0.1/ones/incl/k1/rG256/ctl-usage,256,usage,1,370,1.7169201091854802
main/E_lab/code_leaning_hard/D_code/tau0.1/ones/incl/k1/rG256/ctl-usage,256,usage,1,371,1.9200148757281568
main/E_lab/code_leaning_hard/D_code/tau0.1/ones/incl/k1/rG256/ctl-usage,256,usage,1,372,2.053664537925215
main/E_lab/code_leaning_hard/D_code/tau0.1/ones/incl/k1/rG256/ctl-usage,256,usage,1,373,2.291606579141444
main/E_lab/code_leaning_hard/D_code/tau0.1/ones/incl/k1/rG256/ctl-usage,256,usage,1,374,2.1223167916655257
main/E_lab/code_leaning_hard/D_code/tau0.1/ones/incl/k1/rG256/ctl-usage,256,usage,1,375,2.228652205767048
main/E_lab/code_leaning_hard/D_code/tau0.1/ones/incl/k1/rG256/ctl-usage,256,usage,1,376,2.318233661834711
main/E_lab/code_leaning_hard/D_code/tau0.1/ones/incl/k1/rG256/ctl-usage,256,usage,1,377,2.0377915123649473
main/E_lab/code_leaning_hard/D_code/tau0.1/ones/incl/k1/rG256/ctl-usage,256,usage,1,378,2.1026324676176955
main/E_lab/code_leaning_hard/D_code/tau0.1/ones/incl/k1/rG256/ctl-usage,256,usage,1,379,2.277141314341634
main/E_lab/code_leaning_hard/D_code/tau0.1/ones/incl/k1/rG256/ctl-usage,256,usage,1,380,2.249847657389182
main/E_lab/code_leaning_hard/D_code/tau0.1/ones/incl/k1/rG256/ctl-usage,256,usage,1,381,2.1846302388366894
main/E_lab/code_leaning_hard/D_code/tau0.1/ones/incl/k1/rG256/ctl-usage,256,usage,1,382,2.2461386532665983
main/E_lab/code_leaning_hard/D_code/tau0.1/ones/incl/k1/rG256/ctl-usage,256,usage,1,383,2.1403926888651768
main/E_lab/code_leaning_hard/D_code/tau0.1/ones/incl/k1/rG256/ctl-usage,256,usage,1,384,2.1195029476398304
main/E_lab/code_leaning_hard/D_code/tau0.1/ones/incl/k1/rG256/ctl-usage,256,usage,1,385,1.2599948077645422
main/E_lab/code_leaning_hard/D_code/tau0.1/ones/incl/k1/rG256/ctl-usage,256,usage,1,386,1.4409060837788275
main/E_lab/code_leaning_hard/D_code/tau0.1/ones/incl/k1/rG256/ctl-usage,256,usage,1,387,1.4633188427792447
main/E_lab/code_leaning_hard/D_code/tau0.1/ones/incl/k1/rG256/ctl-usage,256,usage,1,388,0.9644373503865609
main/E_lab/code_leaning_hard/D_code/tau0.1/ones/incl/k1/rG256/ctl-usage,256,usage,1,389,1.13378939121867
main/E_lab/code_leaning_hard/D_code/tau0.1/ones/incl/k1/rG256/ctl-usage,256,usage,1,390,0.7229537824650833
main/E_lab/code_leaning_hard/D_code/tau0.1/ones/incl/k1/rG256/ctl-usage,256,usage,1,391,0.707160497386667
main/E_lab/code_leaning_hard/D_code/tau0.1/ones/incl/k1/rG256/ctl-usage,256,usage,1,392,1.2123292705805397
main/E_lab/code_leaning_hard/D_code/tau0.1/ones/incl/k1/rG256/ctl-usage,256,usage,1,393,1.1248473697487498
main/E_lab/code_leaning_hard/D_code/tau0.1/ones/incl/k1/rG256/ctl-usage,256,usage,1,394,1.5475826350884745
main/E_lab/code_leaning_hard/D_code/tau0.1/ones/incl/k1/rG256/ctl-usage,256,usage,1,395,1.345450007052932
main/E_lab/code_leaning_hard/D_code/tau0.1/ones/incl/k1/rG256/ctl-usage,256,usage,1,396,1.3678614907767042
main/E_lab/code_leaning_hard/D_code/tau0.1/ones/incl/k1/rG256/ctl-usage,256,usage,1,397,1.2146394641204097
main/E_lab/code_leaning_hard/D_code/tau0.1/ones/incl/k1/rG256/ctl-usage,256,usage,1,398,1.7448044118393682
main/E_lab/code_leaning_hard/D_code/tau0.1/ones/incl/k1/rG256/ctl-usage,256,usage,1,399,1.3475162085369448
main/E_lab/code_leaning_hard/D_code/tau0.1/ones/incl/k1/rG256/ctl-usage,256,usage,1,400,0.589311596688276
main/E_lab/code_leaning_hard/D_code/tau0.1/ones/incl/k1/rG256/ctl-usage,256,usage,1,401,0.6372243493988208
main/E_lab/code_leaning_hard/D_code/tau0.1/ones/incl/k1/rG256/ctl-usage,256,usage,1,402,1.434122447783011
main/E_lab/code_leaning_hard/D_code/tau0.1/ones/incl/k1/rG256/ctl-usage,256,usage,1,403,1.625750610547584
main/E_lab/code_leaning_hard/D_code/tau0.1/ones/incl/k1/rG256/ctl-usage,256,usage,1,404,1.1846189770781166
main/E_lab/code_leaning_hard/D_code/tau0.1/ones/incl/k1/rG256/ctl-usage,256,usage,1,405,1.3743567669685035
main/E_lab/code_leaning_hard/D_code/tau0.1/ones/incl/k1/rG256/ctl-usage,256,usage,1,406,1.24379145468356
main/E_lab/code_leaning_hard/D_code/tau0.1/ones/incl/k1/rG256/ctl-usage,256,usage,1,407,1.087292227607577
main/E_lab/code_leaning_hard/D_code/tau0.1/ones/incl/k1/rG256/ctl-usage,256,usage,1,408,0.8145580273749147
main/E_lab/code_leaning_hard/D_code/tau0.1/ones/incl/k1/rG256/ctl-usage,256,usage,1,409,1.661958406150461
main/E_lab/code_leaning_hard/D_code/tau0.1/ones/incl/k1/rG256/ctl-usage,256,usage,1,410,1.4451435704531832
main/E_lab/code_leaning_hard/D_code/tau0.1/ones/incl/k1/rG256/ctl-usage,256,usage,1,411,1.7936737056006677
main/E_lab/code_leaning_hard/D_code/tau0.1/ones/incl/k1/rG256/ctl-usage,256,usage,1,412,1.3631225017416
main/E_lab/code_leaning_hard/D_code/tau0.1/ones/incl/k1/rG256/ctl-usage,256,usage,1,413,1.5956577651249972
main/E_lab/code_leaning_hard/D_code/tau0.1/ones/incl/k1/rG256/ctl-usage,256,usage,1,414,1.7480743651012745
main/E_lab/code_leaning_hard/D_code/tau0.1/ones/incl/k1/rG256/ctl-usage,256,usage,1,415,1.1861565138569858
main/E_lab/code_leaning_hard/D_code/tau0.1/ones/incl/k1/rG256/ctl-usage,256,usage,1,416,1.2854472088220064
main/E_lab/code_leaning_hard/D_code/tau0.1/ones/incl/k1/rG256/ctl-usage,256,usage,1,417,1.455367455851956
main/E_lab/code_leaning_hard/D_code/tau0.1/ones/incl/k1/rG256/ctl-usage,256,usage,1,418,1.304329320859324
main/E_lab/code_leaning_hard/D_code/tau0.1/ones/incl/k1/rG256/ctl-usage,256,usage,1,419,1.0316031729698807
main/E_lab/code_leaning_hard/D_code/tau0.1/ones/incl/k1/rG256/ctl-usage,256,usage,1,420,1.4935597507319471
main/E_lab/code_leaning_hard/D_code/tau0.1/ones/incl/k1/rG256/ctl-usage,256,usage,1,421,1.2288977501648333
main/E_lab/code_leaning_hard/D_code/tau0.1/ones/incl/k1/rG256/ctl-usage,256,usage,1,422,0.9630067541947938
main/E_lab/code_leaning_hard/D_code/tau0.1/ones/incl/k1/rG256/ctl-usage,256,usage,1,423,1.3339834118078215
main/E_lab/code_leaning_hard/D_code/tau0.1/ones/incl/k1/rG256/ctl-usage,256,usage,1,424,0.7648878550426161
main/E_lab/code_leaning_hard/D_code/tau0.1/ones/incl/k1/rG256/ctl-usage,256,usage,1,425,0.7823688784847036
main/E_lab/code_leaning_hard/D_code/tau0.1/ones/incl/k1/rG256/ctl-usage,256,usage,1,426,1.1267831672430475
main/E_lab/code_leaning_hard/D_code/tau0.1/ones/incl/k1/rG256/ctl-usage,256,usage,1,427,2.035334434982815
main/E_lab/code_leaning_hard/D_code/tau0.1/ones/incl/k1/rG256/ctl-usage,256,usage,1,428,1.438628580295699
main/E_lab/code_leaning_hard/D_code/tau0.1/ones/incl/k1/rG256/ctl-usage,256,usage,1,429,1.477834372995403
main/E_lab/code_leaning_hard/D_code/tau0.1/ones/incl/k1/rG256/ctl-usage,256,usage,1,430,1.0472688262962038
main/E_lab/code_leaning_hard/D_code/tau0.1/ones/incl/k1/rG256/ctl-usage,256,usage,1,431,1.1609916162888112
main/E_lab/code_leaning_hard/D_code/tau0.1/ones/incl/k1/rG256/ctl-usage,256,usage,1,432,1.2138794467537082
main/E_lab/code_leaning_hard/D_code/tau0.1/ones/incl/k1/rG256/ctl-usage,256,usage,1,433,0.884846093629676
main/E_lab/code_leaning_hard/D_code/tau0.1/ones/incl/k1/rG256/ctl-usage,256,usage,1,434,0.8297471010055233
main/E_lab/code_leaning_hard/D_code/tau0.1/ones/incl/k1/rG256/ctl-usage,256,usage,1,435,1.5379483298038394
main/E_lab/code_leaning_hard/D_code/tau0.1/ones/incl/k1/rG256/ctl-usage,256,usage,1,436,1.6284845402324208
main/E_lab/code_leaning_hard/D_code/tau0.1/ones/incl/k1/rG256/ctl-usage,256,usage,1,437,0.567778325143081
main/E_lab/code_leaning_hard/D_code/tau0.1/ones/incl/k1/rG256/ctl-usage,256,usage,1,438,0.5853360308201445
main/E_lab/code_leaning_hard/D_code/tau0.1/ones/incl/k1/rG256/ctl-usage,256,usage,1,439,1.0217293778578096
main/E_lab/code_leaning_hard/D_code/tau0.1/ones/incl/k1/rG256/ctl-usage,256,usage,1,440,1.5562574320829299
main/E_lab/code_leaning_hard/D_code/tau0.1/ones/incl/k1/rG256/ctl-usage,256,usage,1,441,1.259030094611262
main/E_lab/code_leaning_hard/D_code/tau0.1/ones/incl/k1/rG256/ctl-usage,256,usage,1,442,1.3069400138219862
main/E_lab/code_leaning_hard/D_code/tau0.1/ones/incl/k1/rG256/ctl-usage,256,usage,1,443,2.5545108580781744
main/E_lab/code_leaning_hard/D_code/tau0.1/ones/incl/k1/rG256/ctl-usage,256,usage,1,444,3.217326830815182
main/E_lab/code_leaning_hard/D_code/tau0.1/ones/incl/k1/rG256/ctl-usage,256,usage,1,445,2.839145711920537
main/E_lab/code_leaning_hard/D_code/tau0.1/ones/incl/k1/rG256/ctl-usage,256,usage,1,446,1.4488070591905853
main/E_lab/code_leaning_hard/D_code/tau0.1/ones/incl/k1/rG256/ctl-usage,256,usage,1,447,1.5547184047154587
main/E_lab/code_leaning_hard/D_code/tau0.1/ones/incl/k1/rG256/ctl-usage,256,usage,1,448,1.7395105481837163
main/E_lab/code_leaning_hard/D_code/tau0.1/ones/incl/k1/rG256/ctl-usage,256,usage,1,449,1.8609497669640405
main/E_lab/code_leaning_hard/D_code/tau0.1/ones/incl/k1/rG256/ctl-usage,256,usage,1,450,1.885795835571571
main/E_lab/code_leaning_hard/D_code/tau0.1/ones/incl/k1/rG256/ctl-usage,256,usage,1,451,1.8518665645688088
main/E_lab/code_leaning_hard/D_code/tau0.1/ones/incl/k1/rG256/ctl-usage,256,usage,1,452,1.2660091123889288
main/E_lab/code_leaning_hard/D_code/tau0.1/ones/incl/k1/rG256/ctl-usage,256,usage,1,453,1.2572861117814682
main/E_lab/code_leaning_hard/D_code/tau0.1/ones/incl/k1/rG256/ctl-usage,256,usage,1,454,1.658304432231489
main/E_lab/code_leaning_hard/D_code/tau0.1/ones/incl/k1/rG256/ctl-usage,256,usage,1,455,1.616792693737807
main/E_lab/code_leaning_hard/D_code/tau0.1/ones/incl/k1/rG256/ctl-usage,256,usage,1,456,1.6699172993194225
main/E_lab/code_leaning_hard/D_code/tau0.1/ones/incl/k1/rG256/ctl-usage,256,usage,1,457,1.7887400157569573
main/E_lab/code_leaning_hard/D_code/tau0.1/ones/incl/k1/rG256/ctl-usage,256,usage,1,458,0.8348339367348672
main/E_lab/code_leaning_hard/D_code/tau0.1/ones/incl/k1/rG256/ctl-usage,256,usage,1,459,0.903984803665935
main/E_lab/code_leaning_hard/D_code/tau0.1/ones/incl/k1/rG256/ctl-usage,256,usage,1,460,1.8108718485927966
main/E_lab/code_leaning_hard/D_code/tau0.1/ones/incl/k1/rG256/ctl-usage,256,usage,1,461,1.950080623507347
main/E_lab/code_leaning_hard/D_code/tau0.1/ones/incl/k1/rG256/ctl-usage,256,usage,1,462,1.3939526294016105
main/E_lab/code_leaning_hard/D_code/tau0.1/ones/incl/k1/rG256/ctl-usage,256,usage,1,463,1.3796434315104307
main/E_lab/code_leaning_hard/D_code/tau0.1/ones/incl/k1/rG256/ctl-usage,256,usage,1,464,1.1818297096160677
main/E_lab/code_leaning_hard/D_code/tau0.1/ones/incl/k1/rG256/ctl-usage,256,usage,1,465,1.3518528293479903
main/E_lab/code_leaning_hard/D_code/tau0.1/ones/incl/k1/rG256/ctl-usage,256,usage,1,466,1.5630803964677398
main/E_lab/code_leaning_hard/D_code/tau0.1/ones/incl/k1/rG256/ctl-usage,256,usage,1,467,1.257838553761303
main/E_lab/code_leaning_hard/D_code/tau0.1/ones/incl/k1/rG256/ctl-usage,256,usage,1,468,1.5148980954895706
main/E_lab/code_leaning_hard/D_code/tau0.1/ones/incl/k1/rG256/ctl-usage,256,usage,1,469,1.621073850220455
main/E_lab/code_leaning_hard/D_code/tau0.1/ones/incl/k1/rG256/ctl-usage,256,usage,1,470,1.1568873910237016
main/E_lab/code_leaning_hard/D_code/tau0.1/ones/incl/k1/rG256/ctl-usage,256,usage,1,471,1.2827270752300137
main/E_lab/code_leaning_hard/D_code/tau0.1/ones/incl/k1/rG256/ctl-usage,256,usage,1,472,0.9465850563865388
main/E_lab/code_leaning_hard/D_code/tau0.1/ones/incl/k1/rG256/ctl-usage,256,usage,1,473,0.8758733865170143
main/E_lab/code_leaning_hard/D_code/tau0.1/ones/incl/k1/rG256/ctl-usage,256,usage,1,474,1.2074327193645331
main/E_lab/code_leaning_hard/D_code/tau0.1/ones/incl/k1/rG256/ctl-usage,256,usage,1,475,1.2524817162684485
main/E_lab/code_leaning_hard/D_code/tau0.1/ones/incl/k1/rG256/ctl-usage,256,usage,1,476,1.0168894371163333
main/E_lab/code_leaning_hard/D_code/tau0.1/ones/incl/k1/rG256/ctl-usage,256,usage,1,477,1.5259094629300307
main/E_lab/code_leaning_hard/D_code/tau0.1/ones/incl/k1/rG256/ctl-usage,256,usage,1,478,2.1207289285648585
main/E_lab/code_leaning_hard/D_code/tau0.1/ones/incl/k1/rG256/ctl-usage,256,usage,1,479,1.7140530765445874
main/E_lab/code_leaning_hard/D_code/tau0.1/ones/incl/k1/rG256/ctl-usage,256,usage,1,480,1.883328402193456
main/E_lab/code_leaning_hard/D_code/tau0.1/ones/incl/k1/rG256/ctl-usage,256,usage,1,481,1.6364390485623517
main/E_lab/code_leaning_hard/D_code/tau0.1/ones/incl/k1/rG256/ctl-usage,256,usage,1,482,1.889405217408921
main/E_lab/code_leaning_hard/D_code/tau0.1/ones/incl/k1/rG256/ctl-usage,256,usage,1,483,2.0796766302082688
main/E_lab/code_leaning_hard/D_code/tau0.1/ones/incl/k1/rG256/ctl-usage,256,usage,1,484,1.7872342247683264
main/E_lab/code_leaning_hard/D_code/tau0.1/ones/incl/k1/rG256/ctl-usage,256,usage,1,485,1.841363100053968
main/E_lab/code_leaning_hard/D_code/tau0.1/ones/incl/k1/rG256/ctl-usage,256,usage,1,486,1.8310692286231642
main/E_lab/code_leaning_hard/D_code/tau0.1/ones/incl/k1/rG256/ctl-usage,256,usage,1,487,1.7979372858740135
main/E_lab/code_leaning_hard/D_code/tau0.1/ones/incl/k1/rG256/ctl-usage,256,usage,1,488,1.4576263562148597
main/E_lab/code_leaning_hard/D_code/tau0.1/ones/incl/k1/rG256/ctl-usage,256,usage,1,489,1.538985378839243
main/E_lab/code_leaning_hard/D_code/tau0.1/ones/incl/k1/rG256/ctl-usage,256,usage,1,490,1.8905315622641865
main/E_lab/code_leaning_hard/D_code/tau0.1/ones/incl/k1/rG256/ctl-usage,256,usage,1,491,1.7465679438064399
main/E_lab/code_leaning_hard/D_code/tau0.1/ones/incl/k1/rG256/ctl-usage,256,usage,1,492,1.7904202221698142
main/E_lab/code_leaning_hard/D_code/tau0.1/ones/incl/k1/rG256/ctl-usage,256,usage,1,493,1.6459410263137215
main/E_lab/code_leaning_hard/D_code/tau0.1/ones/incl/k1/rG256/ctl-usage,256,usage,1,494,1.6059976673859637
main/E_lab/code_leaning_hard/D_code/tau0.1/ones/incl/k1/rG256/ctl-usage,256,usage,1,495,0.9684734093016232
main/E_lab/code_leaning_hard/D_code/tau0.1/ones/incl/k1/rG256/ctl-usage,256,usage,1,496,1.552461281574324
main/E_lab/code_leaning_hard/D_code/tau0.1/ones/incl/k1/rG256/ctl-usage,256,usage,1,497,1.508507249163813
main/E_lab/code_leaning_hard/D_code/tau0.1/ones/incl/k1/rG256/ctl-usage,256,usage,1,498,1.2619139165208253
main/E_lab/code_leaning_hard/D_code/tau0.1/ones/incl/k1/rG256/ctl-usage,256,usage,1,499,1.3841885733900199
main/E_lab/code_leaning_hard/D_code/tau0.1/ones/incl/k1/rG256/ctl-usage,256,usage,1,500,1.2106442809563305
main/E_lab/code_leaning_hard/D_code/tau0.1/ones/incl/k1/rG256/ctl-usage,256,usage,1,501,0.9964703285531868
main/E_lab/code_leaning_hard/D_code/tau0.1/ones/incl/k1/rG256/ctl-usage,256,usage,1,502,1.2759709300989925
main/E_lab/code_leaning_hard/D_code/tau0.1/ones/incl/k1/rG256/ctl-usage,256,usage,1,503,1.1360955910736266
main/E_lab/code_leaning_hard/D_code/tau0.1/ones/incl/k1/rG256/ctl-usage,256,usage,1,504,1.5883096928837404
main/E_lab/code_leaning_hard/D_code/tau0.1/ones/incl/k1/rG256/ctl-usage,256,usage,1,505,1.4501241041798494
main/E_lab/code_leaning_hard/D_code/tau0.1/ones/incl/k1/rG256/ctl-usage,256,usage,1,506,1.3779771993858958
main/E_lab/code_leaning_hard/D_code/tau0.1/ones/incl/k1/rG256/ctl-usage,256,usage,1,507,1.6603325476839927
main/E_lab/code_leaning_hard/D_code/tau0.1/ones/incl/k1/rG256/ctl-usage,256,usage,1,508,1.3414962821716472
main/E_lab/code_leaning_hard/D_code/tau0.1/ones/incl/k1/rG256/ctl-usage,256,usage,1,509,1.3845061452047958
main/E_lab/code_leaning_hard/D_code/tau0.1/ones/incl/k1/rG256/ctl-usage,256,usage,1,510,1.31826538502537
main/E_lab/code_leaning_hard/D_code/tau0.1/ones/incl/k1/rG256/ctl-usage,256,usage,1,511,1.0930382119440765
main/E_lab/code_leaning_hard/D_code/tau0.1/ones/incl/k2/rG256/ctl-usage,256,usage,2,0,0.6798732860916061
main/E_lab/code_leaning_hard/D_code/tau0.1/ones/incl/k2/rG256/ctl-usage,256,usage,2,1,0.7832346357827191
main/E_lab/code_leaning_hard/D_code/tau0.1/ones/incl/k2/rG256/ctl-usage,256,usage,2,2,0.7304606319848972
main/E_lab/code_leaning_hard/D_code/tau0.1/ones/incl/k2/rG256/ctl-usage,256,usage,2,3,0.6759631538470785
main/E_lab/code_leaning_hard/D_code/tau0.1/ones/incl/k2/rG256/ctl-usage,256,usage,2,4,0.41209138383783284
main/E_lab/code_leaning_hard/D_code/tau0.1/ones/incl/k2/rG256/ctl-usage,256,usage,2,5,0.7851947729704989
main/E_lab/code_leaning_hard/D_code/tau0.1/ones/incl/k2/rG256/ctl-usage,256,usage,2,6,0.9725806491187541
main/E_lab/code_leaning_hard/D_code/tau0.1/ones/incl/k2/rG256/ctl-usage,256,usage,2,7,0.904305632077012
main/E_lab/code_leaning_hard/D_code/tau0.1/ones/incl/k2/rG256/ctl-usage,256,usage,2,8,0.8791353194110343
main/E_lab/code_leaning_hard/D_code/tau0.1/ones/incl/k2/rG256/ctl-usage,256,usage,2,9,0.9381489496963695
main/E_lab/code_leaning_hard/D_code/tau0.1/ones/incl/k2/rG256/ctl-usage,256,usage,2,10,0.9053638313280317
main/E_lab/code_leaning_hard/D_code/tau0.1/ones/incl/k2/rG256/ctl-usage,256,usage,2,11,0.5582484652059065
main/E_lab/code_leaning_hard/D_code/tau0.1/ones/incl/k2/rG256/ctl-usage,256,usage,2,12,0.5601045946282284
main/E_lab/code_leaning_hard/D_code/tau0.1/ones/incl/k2/rG256/ctl-usage,256,usage,2,13,0.6923567936200925
main/E_lab/code_leaning_hard/D_code/tau0.1/ones/incl/k2/rG256/ctl-usage,256,usage,2,14,0.8053992058157746
main/E_lab/code_leaning_hard/D_code/tau0.1/ones/incl/k2/rG256/ctl-usage,256,usage,2,15,0.7962384272600502
main/E_lab/code_leaning_hard/D_code/tau0.1/ones/incl/k2/rG256/ctl-usage,256,usage,2,16,0.7250880931928805
main/E_lab/code_leaning_hard/D_code/tau0.1/ones/incl/k2/rG256/ctl-usage,256,usage,2,17,0.9204006677982761
main/E_lab/code_leaning_hard/D_code/tau0.1/ones/incl/k2/rG256/ctl-usage,256,usage,2,18,0.8246014185087915
main/E_lab/code_leaning_hard/D_code/tau0.1/ones/incl/k2/rG256/ctl-usage,256,usage,2,19,0.75188105973848
main/E_lab/code_leaning_hard/D_code/tau0.1/ones/incl/k2/rG256/ctl-usage,256,usage,2,20,0.8301118967638104
main/E_lab/code_leaning_hard/D_code/tau0.1/ones/incl/k2/rG256/ctl-usage,256,usage,2,21,0.6963772729422999
main/E_lab/code_leaning_hard/D_code/tau0.1/ones/incl/k2/rG256/ctl-usage,256,usage,2,22,0.8857249947363925
main/E_lab/code_leaning_hard/D_code/tau0.1/ones/incl/k2/rG256/ctl-usage,256,usage,2,23,0.899235970843165
main/E_lab/code_leaning_hard/D_code/tau0.1/ones/incl/k2/rG256/ctl-usage,256,usage,2,24,0.784165306502473
main/E_lab/code_leaning_hard/D_code/tau0.1/ones/incl/k2/rG256/ctl-usage,256,usage,2,25,0.7825852814330574
main/E_lab/code_leaning_hard/D_code/tau0.1/ones/incl/k2/rG256/ctl-usage,256,usage,2,26,1.215443970791057
main/E_lab/code_leaning_hard/D_code/tau0.1/ones/incl/k2/rG256/ctl-usage,256,usage,2,27,1.4462590823800383
main/E_lab/code_leaning_hard/D_code/tau0.1/ones/incl/k2/rG256/ctl-usage,256,usage,2,28,1.023980320902865
main/E_lab/code_leaning_hard/D_code/tau0.1/ones/incl/k2/rG256/ctl-usage,256,usage,2,29,0.9439673745257551
main/E_lab/code_leaning_hard/D_code/tau0.1/ones/incl/k2/rG256/ctl-usage,256,usage,2,30,0.921531360064364
main/E_lab/code_leaning_hard/D_code/tau0.1/ones/incl/k2/rG256/ctl-usage,256,usage,2,31,0.9778159337092802
main/E_lab/code_leaning_hard/D_code/tau0.1/ones/incl/k2/rG256/ctl-usage,256,usage,2,32,0.9765604225111701
main/E_lab/code_leaning_hard/D_code/tau0.1/ones/incl/k2/rG256/ctl-usage,256,usage,2,33,0.975454564102165
main/E_lab/code_leaning_hard/D_code/tau0.1/ones/incl/k2/rG256/ctl-usage,256,usage,2,34,1.0936144122679252
main/E_lab/code_leaning_hard/D_code/tau0.1/ones/incl/k2/rG256/ctl-usage,256,usage,2,35,0.7182922329884605
main/E_lab/code_leaning_hard/D_code/tau0.1/ones/incl/k2/rG256/ctl-usage,256,usage,2,36,0.9289519331632619
main/E_lab/code_leaning_hard/D_code/tau0.1/ones/incl/k2/rG256/ctl-usage,256,usage,2,37,0.6765637415292076
main/E_lab/code_leaning_hard/D_code/tau0.1/ones/incl/k2/rG256/ctl-usage,256,usage,2,38,0.9075048472709568
main/E_lab/code_leaning_hard/D_code/tau0.1/ones/incl/k2/rG256/ctl-usage,256,usage,2,39,1.237476313458501
main/E_lab/code_leaning_hard/D_code/tau0.1/ones/incl/k2/rG256/ctl-usage,256,usage,2,40,1.2406235861283221
main/E_lab/code_leaning_hard/D_code/tau0.1/ones/incl/k2/rG256/ctl-usage,256,usage,2,41,1.9801170749833545
main/E_lab/code_leaning_hard/D_code/tau0.1/ones/incl/k2/rG256/ctl-usage,256,usage,2,42,1.0622570515031384
main/E_lab/code_leaning_hard/D_code/tau0.1/ones/incl/k2/rG256/ctl-usage,256,usage,2,43,0.7643883031560108
main/E_lab/code_leaning_hard/D_code/tau0.1/ones/incl/k2/rG256/ctl-usage,256,usage,2,44,0.5802933247941837
main/E_lab/code_leaning_hard/D_code/tau0.1/ones/incl/k2/rG256/ctl-usage,256,usage,2,45,0.7355588445607282
main/E_lab/code_leaning_hard/D_code/tau0.1/ones/incl/k2/rG256/ctl-usage,256,usage,2,46,0.9155470413870717
main/E_lab/code_leaning_hard/D_code/tau0.1/ones/incl/k2/rG256/ctl-usage,256,usage,2,47,0.8433643956323067
main/E_lab/code_leaning_hard/D_code/tau0.1/ones/incl/k2/rG256/ctl-usage,256,usage,2,48,0.7291554378543879
main/E_lab/code_leaning_hard/D_code/tau0.1/ones/incl/k2/rG256/ctl-usage,256,usage,2,49,0.6880299707336235
main/E_lab/code_leaning_hard/D_code/tau0.1/ones/incl/k2/rG256/ctl-usage,256,usage,2,50,0.9127082487702864
main/E_lab/code_leaning_hard/D_code/tau0.1/ones/incl/k2/rG256/ctl-usage,256,usage,2,51,0.9105724452274444
main/E_lab/code_leaning_hard/D_code/tau0.1/ones/incl/k2/rG256/ctl-usage,256,usage,2,52,0.6864439813052741
main/E_lab/code_leaning_hard/D_code/tau0.1/ones/incl/k2/rG256/ctl-usage,256,usage,2,53,0.7443649929082312
main/E_lab/code_leaning_hard/D_code/tau0.1/ones/incl/k2/rG256/ctl-usage,256,usage,2,54,0.6963485069013586
main/E_lab/code_leaning_hard/D_code/tau0.1/ones/incl/k2/rG256/ctl-usage,256,usage,2,55,0.7623170974547975
main/E_lab/code_leaning_hard/D_code/tau0.1/ones/incl/k2/rG256/ctl-usage,256,usage,2,56,0.6345627465416328
main/E_lab/code_leaning_hard/D_code/tau0.1/ones/incl/k2/rG256/ctl-usage,256,usage,2,57,0.6802676357256132
main/E_lab/code_leaning_hard/D_code/tau0.1/ones/incl/k2/rG256/ctl-usage,256,usage,2,58,0.6464700605520193
main/E_lab/code_leaning_hard/D_code/tau0.1/ones/incl/k2/rG256/ctl-usage,256,usage,2,59,0.6501472493027904
main/E_lab/code_leaning_hard/D_code/tau0.1/ones/incl/k2/rG256/ctl-usage,256,usage,2,60,0.7825288624208042
main/E_lab/code_leaning_hard/D_code/tau0.1/ones/incl/k2/rG256/ctl-usage,256,usage,2,61,0.6672124634033025
main/E_lab/code_leaning_hard/D_code/tau0.1/ones/incl/k2/rG256/ctl-usage,256,usage,2,62,0.7059219525604021
main/E_lab/code_leaning_hard/D_code/tau0.1/ones/incl/k2/rG256/ctl-usage,256,usage,2,63,0.6018250448805702
main/E_lab/code_leaning_hard/D_code/tau0.1/ones/incl/k2/rG256/ctl-usage,256,usage,2,64,0.7646055084278487
main/E_lab/code_leaning_hard/D_code/tau0.1/ones/incl/k2/rG256/ctl-usage,256,usage,2,65,0.8782723837148296
main/E_lab/code_leaning_hard/D_code/tau0.1/ones/incl/k2/rG256/ctl-usage,256,usage,2,66,1.5282878006760257
main/E_lab/code_leaning_hard/D_code/tau0.1/ones/incl/k2/rG256/ctl-usage,256,usage,2,67,2.1037664715540814
main/E_lab/code_leaning_hard/D_code/tau0.1/ones/incl/k2/rG256/ctl-usage,256,usage,2,68,2.0572397831406306
main/E_lab/code_leaning_hard/D_code/tau0.1/ones/incl/k2/rG256/ctl-usage,256,usage,2,69,1.2010862738154628
main/E_lab/code_leaning_hard/D_code/tau0.1/ones/incl/k2/rG256/ctl-usage,256,usage,2,70,1.918538162855839
main/E_lab/code_leaning_hard/D_code/tau0.1/ones/incl/k2/rG256/ctl-usage,256,usage,2,71,2.0579671635823615
main/E_lab/code_leaning_hard/D_code/tau0.1/ones/incl/k2/rG256/ctl-usage,256,usage,2,72,1.9466071999559063
main/E_lab/code_leaning_hard/D_code/tau0.1/ones/incl/k2/rG256/ctl-usage,256,usage,2,73,1.9234496230756122
main/E_lab/code_leaning_hard/D_code/tau0.1/ones/incl/k2/rG256/ctl-usage,256,usage,2,74,1.5324594547128072
main/E_lab/code_leaning_hard/D_code/tau0.1/ones/incl/k2/rG256/ctl-usage,256,usage,2,75,1.8208623747304955
main/E_lab/code_leaning_hard/D_code/tau0.1/ones/incl/k2/rG256/ctl-usage,256,usage,2,76,1.8071855226980915
main/E_lab/code_leaning_hard/D_code/tau0.1/ones/incl/k2/rG256/ctl-usage,256,usage,2,77,1.7699224275907
main/E_lab/code_leaning_hard/D_code/tau0.1/ones/incl/k2/rG256/ctl-usage,256,usage,2,78,1.9977571436838844
main/E_lab/code_leaning_hard/D_code/tau0.1/ones/incl/k2/rG256/ctl-usage,256,usage,2,79,1.6314528078537478
main/E_lab/code_leaning_hard/D_code/tau0.1/ones/incl/k2/rG256/ctl-usage,256,usage,2,80,1.9650436924739552
main/E_lab/code_leaning_hard/D_code/tau0.1/ones/incl/k2/rG256/ctl-usage,256,usage,2,81,1.9688780226138078
main/E_lab/code_leaning_hard/D_code/tau0.1/ones/incl/k2/rG256/ctl-usage,256,usage,2,82,1.885993835440786
main/E_lab/code_leaning_hard/D_code/tau0.1/ones/incl/k2/rG256/ctl-usage,256,usage,2,83,1.8922436833986467
main/E_lab/code_leaning_hard/D_code/tau0.1/ones/incl/k2/rG256/ctl-usage,256,usage,2,84,1.864266956204574
main/E_lab/code_leaning_hard/D_code/tau0.1/ones/incl/k2/rG256/ctl-usage,256,usage,2,85,1.9333351829027379
main/E_lab/code_leaning_hard/D_code/tau0.1/ones/incl/k2/rG256/ctl-usage,256,usage,2,86,2.048375208921243
main/E_lab/code_leaning_hard/D_code/tau0.1/ones/incl/k2/rG256/ctl-usage,256,usage,2,87,1.8235053300750224
main/E_lab/code_leaning_hard/D_code/tau0.1/ones/incl/k2/rG256/ctl-usage,256,usage,2,88,1.8630105945103423
main/E_lab/code_leaning_hard/D_code/tau0.1/ones/incl/k2/rG256/ctl-usage,256,usage,2,89,1.1548352364143284
main/E_lab/code_leaning_hard/D_code/tau0.1/ones/incl/k2/rG256/ctl-usage,256,usage,2,90,0.808795553555683
main/E_lab/code_leaning_hard/D_code/tau0.1/ones/incl/k2/rG256/ctl-usage,256,usage,2,91,0.7324528219219246
main/E_lab/code_leaning_hard/D_code/tau0.1/ones/incl/k2/rG256/ctl-usage,256,usage,2,92,1.0134936289450707
main/E_lab/code_leaning_hard/D_code/tau0.1/ones/incl/k2/rG256/ctl-usage,256,usage,2,93,0.9489216405036132
main/E_lab/code_leaning_hard/D_code/tau0.1/ones/incl/k2/rG256/ctl-usage,256,usage,2,94,0.7034760805927363
main/E_lab/code_leaning_hard/D_code/tau0.1/ones/incl/k2/rG256/ctl-usage,256,usage,2,95,0.6733678688451619
main/E_lab/code_leaning_hard/D_code/tau0.1/ones/incl/k2/rG256/ctl-usage,256,usage,2,96,0.624400908438929
main/E_lab/code_leaning_hard/D_code/tau0.1/ones/incl/k2/rG256/ctl-usage,256,usage,2,97,0.6141536651912247
main/E_lab/code_leaning_hard/D_code/tau0.1/ones/incl/k2/rG256/ctl-usage,256,usage,2,98,0.6988688753945098
main/E_lab/code_leaning_hard/D_code/tau0.1/ones/incl/k2/rG256/ctl-usage,256,usage,2,99,0.6810376500766324
main/E_lab/code_leaning_hard/D_code/tau0.1/ones/incl/k2/rG256/ctl-usage,256,usage,2,100,0.8028778269490431
main/E_lab/code_leaning_hard/D_code/tau0.1/ones/incl/k2/rG256/ctl-usage,256,usage,2,101,0.6876730509184199
main/E_lab/code_leaning_hard/D_code/tau0.1/ones/incl/k2/rG256/ctl-usage,256,usage,2,102,0.7628394366020075
main/E_lab/code_leaning_hard/D_code/tau0.1/ones/incl/k2/rG256/ctl-usage,256,usage,2,103,0.8523465134794606
main/E_lab/code_leaning_hard/D_code/tau0.1/ones/incl/k2/rG256/ctl-usage,256,usage,2,104,0.6800426929121386
main/E_lab/code_leaning_hard/D_code/tau0.1/ones/incl/k2/rG256/ctl-usage,256,usage,2,105,1.1769243962448854
main/E_lab/code_leaning_hard/D_code/tau0.1/ones/incl/k2/rG256/ctl-usage,256,usage,2,106,0.9913811914307189
main/E_lab/code_leaning_hard/D_code/tau0.1/ones/incl/k2/rG256/ctl-usage,256,usage,2,107,1.082472464044713
main/E_lab/code_leaning_hard/D_code/tau0.1/ones/incl/k2/rG256/ctl-usage,256,usage,2,108,0.9314597938378029
main/E_lab/code_leaning_hard/D_code/tau0.1/ones/incl/k2/rG256/ctl-usage,256,usage,2,109,1.0148760871652485
main/E_lab/code_leaning_hard/D_code/tau0.1/ones/incl/k2/rG256/ctl-usage,256,usage,2,110,1.088098743952287
main/E_lab/code_leaning_hard/D_code/tau0.1/ones/incl/k2/rG256/ctl-usage,256,usage,2,111,1.0601776974790482
main/E_lab/code_leaning_hard/D_code/tau0.1/ones/incl/k2/rG256/ctl-usage,256,usage,2,112,0.9689045544118926
main/E_lab/code_leaning_hard/D_code/tau0.1/ones/incl/k2/rG256/ctl-usage,256,usage,2,113,1.0815493611353304
main/E_lab/code_leaning_hard/D_code/tau0.1/ones/incl/k2/rG256/ctl-usage,256,usage,2,114,1.2250091700100256
main/E_lab/code_leaning_hard/D_code/tau0.1/ones/incl/k2/rG256/ctl-usage,256,usage,2,115,0.9062770711866506
main/E_lab/code_leaning_hard/D_code/tau0.1/ones/incl/k2/rG256/ctl-usage,256,usage,2,116,0.5575632106938428
main/E_lab/code_leaning_hard/D_code/tau0.1/ones/incl/k2/rG256/ctl-usage,256,usage,2,117,0.61183731136407
main/E_lab/code_leaning_hard/D_code/tau0.1/ones/incl/k2/rG256/ctl-usage,256,usage,2,118,0.6649743330845013
main/E_lab/code_leaning_hard/D_code/tau0.1/ones/incl/k2/rG256/ctl-usage,256,usage,2,119,0.6905953460918681
main/E_lab/code_leaning_hard/D_code/tau0.1/ones/incl/k2/rG256/ctl-usage,256,usage,2,120,0.6477219290309222
main/E_lab/code_leaning_hard/D_code/tau0.1/ones/incl/k2/rG256/ctl-usage,256,usage,2,121,0.8049778888362198
main/E_lab/code_leaning_hard/D_code/tau0.1/ones/incl/k2/rG256/ctl-usage,256,usage,2,122,1.1684714951425121
main/E_lab/code_leaning_hard/D_code/tau0.1/ones/incl/k2/rG256/ctl-usage,256,usage,2,123,1.55516592473532
main/E_lab/code_leaning_hard/D_code/tau0.1/ones/incl/k2/rG256/ctl-usage,256,usage,2,124,1.2621692376596911
main/E_lab/code_leaning_hard/D_code/tau0.1/ones/incl/k2/rG256/ctl-usage,256,usage,2,125,0.6711975386169797
main/E_lab/code_leaning_hard/D_code/tau0.1/ones/incl/k2/rG256/ctl-usage,256,usage,2,126,0.703769951905997
main/E_lab/code_leaning_hard/D_code/tau0.1/ones/incl/k2/rG256/ctl-usage,256,usage,2,127,0.8273687010751019
main/E_lab/code_leaning_hard/D_code/tau0.1/ones/incl/k2/rG256/ctl-usage,256,usage,2,128,0.6355577576159703
main/E_lab/code_leaning_hard/D_code/tau0.1/ones/incl/k2/rG256/ctl-usage,256,usage,2,129,0.805706200615532
main/E_lab/code_leaning_hard/D_code/tau0.1/ones/incl/k2/rG256/ctl-usage,256,usage,2,130,0.8786707898807435
main/E_lab/code_leaning_hard/D_code/tau0.1/ones/incl/k2/rG256/ctl-usage,256,usage,2,131,1.0554047100463322
main/E_lab/code_leaning_hard/D_code/tau0.1/ones/incl/k2/rG256/ctl-usage,256,usage,2,132,1.1731092228828857
main/E_lab/code_leaning_hard/D_code/tau0.1/ones/incl/k2/rG256/ctl-usage,256,usage,2,133,1.1986770000557954
main/E_lab/code_leaning_hard/D_code/tau0.1/ones/incl/k2/rG256/ctl-usage,256,usage,2,134,0.779625825337007
main/E_lab/code_leaning_hard/D_code/tau0.1/ones/incl/k2/rG256/ctl-usage,256,usage,2,135,0.6763626327756356
main/E_lab/code_leaning_hard/D_code/tau0.1/ones/incl/k2/rG256/ctl-usage,256,usage,2,136,1.0007238120074362
main/E_lab/code_leaning_hard/D_code/tau0.1/ones/incl/k2/rG256/ctl-usage,256,usage,2,137,0.9014561149197107
main/E_lab/code_leaning_hard/D_code/tau0.1/ones/incl/k2/rG256/ctl-usage,256,usage,2,138,0.5018528306636654
main/E_lab/code_leaning_hard/D_code/tau0.1/ones/incl/k2/rG256/ctl-usage,256,usage,2,139,0.5613438915661391
main/E_lab/code_leaning_hard/D_code/tau0.1/ones/incl/k2/rG256/ctl-usage,256,usage,2,140,0.9276171904189141
main/E_lab/code_leaning_hard/D_code/tau0.1/ones/incl/k2/rG256/ctl-usage,256,usage,2,141,0.9184083955960887
main/E_lab/code_leaning_hard/D_code/tau0.1/ones/incl/k2/rG256/ctl-usage,256,usage,2,142,0.6686609768044036
main/E_lab/code_leaning_hard/D_code/tau0.1/ones/incl/k2/rG256/ctl-usage,256,usage,2,143,0.657026029881763
main/E_lab/code_leaning_hard/D_code/tau0.1/ones/incl/k2/rG256/ctl-usage,256,usage,2,144,0.6934673850391846
main/E_lab/code_leaning_hard/D_code/tau0.1/ones/incl/k2/rG256/ctl-usage,256,usage,2,145,0.6880896804168515
main/E_lab/code_leaning_hard/D_code/tau0.1/ones/incl/k2/rG256/ctl-usage,256,usage,2,146,1.1565516965597453
main/E_lab/code_leaning_hard/D_code/tau0.1/ones/incl/k2/rG256/ctl-usage,256,usage,2,147,0.7074759820097825
main/E_lab/code_leaning_hard/D_code/tau0.1/ones/incl/k2/rG256/ctl-usage,256,usage,2,148,1.382299712781787
main/E_lab/code_leaning_hard/D_code/tau0.1/ones/incl/k2/rG256/ctl-usage,256,usage,2,149,1.6018252679964462
main/E_lab/code_leaning_hard/D_code/tau0.1/ones/incl/k2/rG256/ctl-usage,256,usage,2,150,1.5088023848397825
main/E_lab/code_leaning_hard/D_code/tau0.1/ones/incl/k2/rG256/ctl-usage,256,usage,2,151,1.4430573510189788
main/E_lab/code_leaning_hard/D_code/tau0.1/ones/incl/k2/rG256/ctl-usage,256,usage,2,152,1.5878032643604456
main/E_lab/code_leaning_hard/D_code/tau0.1/ones/incl/k2/rG256/ctl-usage,256,usage,2,153,1.202239321955858
main/E_lab/code_leaning_hard/D_code/tau0.1/ones/incl/k2/rG256/ctl-usage,256,usage,2,154,1.570641109285134
main/E_lab/code_leaning_hard/D_code/tau0.1/ones/incl/k2/rG256/ctl-usage,256,usage,2,155,1.7449577355146175
main/E_lab/code_leaning_hard/D_code/tau0.1/ones/incl/k2/rG256/ctl-usage,256,usage,2,156,1.735348112642896
main/E_lab/code_leaning_hard/D_code/tau0.1/ones/incl/k2/rG256/ctl-usage,256,usage,2,157,1.8188368999922204
main/E_lab/code_leaning_hard/D_code/tau0.1/ones/incl/k2/rG256/ctl-usage,256,usage,2,158,1.046332253030414
main/E_lab/code_leaning_hard/D_code/tau0.1/ones/incl/k2/rG256/ctl-usage,256,usage,2,159,0.8216243516255872
main/E_lab/code_leaning_hard/D_code/tau0.1/ones/incl/k2/rG256/ctl-usage,256,usage,2,160,1.136106591889984
main/E_lab/code_leaning_hard/D_code/tau0.1/ones/incl/k2/rG256/ctl-usage,256,usage,2,161,1.219286658256351
main/E_lab/code_leaning_hard/D_code/tau0.1/ones/incl/k2/rG256/ctl-usage,256,usage,2,162,0.8611938304775322
main/E_lab/code_leaning_hard/D_code/tau0.1/ones/incl/k2/rG256/ctl-usage,256,usage,2,163,0.6931541472654317
main/E_lab/code_leaning_hard/D_code/tau0.1/ones/incl/k2/rG256/ctl-usage,256,usage,2,164,0.5128391737907805
main/E_lab/code_leaning_hard/D_code/tau0.1/ones/incl/k2/rG256/ctl-usage,256,usage,2,165,0.3651550789054454
main/E_lab/code_leaning_hard/D_code/tau0.1/ones/incl/k2/rG256/ctl-usage,256,usage,2,166,0.4662556756702543
main/E_lab/code_leaning_hard/D_code/tau0.1/ones/incl/k2/rG256/ctl-usage,256,usage,2,167,0.563091639405684
main/E_lab/code_leaning_hard/D_code/tau0.1/ones/incl/k2/rG256/ctl-usage,256,usage,2,168,0.7172284331663832
main/E_lab/code_leaning_hard/D_code/tau0.1/ones/incl/k2/rG256/ctl-usage,256,usage,2,169,0.8602542631197139
main/E_lab/code_leaning_hard/D_code/tau0.1/ones/incl/k2/rG256/ctl-usage,256,usage,2,170,0.755652613642269
main/E_lab/code_leaning_hard/D_code/tau0.1/ones/incl/k2/rG256/ctl-usage,256,usage,2,171,0.5143227637636301
main/E_lab/code_leaning_hard/D_code/tau0.1/ones/incl/k2/rG256/ctl-usage,256,usage,2,172,0.9309763512260361
main/E_lab/code_leaning_hard/D_code/tau0.1/ones/incl/k2/rG256/ctl-usage,256,usage,2,173,0.7961874491684284
main/E_lab/code_leaning_hard/D_code/tau0.1/ones/incl/k2/rG256/ctl-usage,256,usage,2,174,1.3092153818820407
main/E_lab/code_leaning_hard/D_code/tau0.1/ones/incl/k2/rG256/ctl-usage,256,usage,2,175,1.0106030372730856
main/E_lab/code_leaning_hard/D_code/tau0.1/ones/incl/k2/rG256/ctl-usage,256,usage,2,176,1.1476986172642683
main/E_lab/code_leaning_hard/D_code/tau0.1/ones/incl/k2/rG256/ctl-usage,256,usage,2,177,1.0063460393594141
main/E_lab/code_leaning_hard/D_code/tau0.1/ones/incl/k2/rG256/ctl-usage,256,usage,2,178,0.8349696366722128
main/E_lab/code_leaning_hard/D_code/tau0.1/ones/incl/k2/rG256/ctl-usage,256,usage,2,179,0.8211450872877322
main/E_lab/code_leaning_hard/D_code/tau0.1/ones/incl/k2/rG256/ctl-usage,256,usage,2,180,0.9630898078694372
main/E_lab/code_leaning_hard/D_code/tau0.1/ones/incl/k2/rG256/ctl-usage,256,usage,2,181,0.7806624094755534
main/E_lab/code_leaning_hard/D_code/tau0.1/ones/incl/k2/rG256/ctl-usage,256,usage,2,182,0.8136403633948248
main/E_lab/code_leaning_hard/D_code/tau0.1/ones/incl/k2/rG256/ctl-usage,256,usage,2,183,0.8786889077155138
main/E_lab/code_leaning_hard/D_code/tau0.1/ones/incl/k2/rG256/ctl-usage,256,usage,2,184,0.7718123209215264
main/E_lab/code_leaning_hard/D_code/tau0.1/ones/incl/k2/rG256/ctl-usage,256,usage,2,185,0.8492634426711447
main/E_lab/code_leaning_hard/D_code/tau0.1/ones/incl/k2/rG256/ctl-usage,256,usage,2,186,0.5768307374910364
main/E_lab/code_leaning_hard/D_code/tau0.1/ones/incl/k2/rG256/ctl-usage,256,usage,2,187,0.6972646377644196
main/E_lab/code_leaning_hard/D_code/tau0.1/ones/incl/k2/rG256/ctl-usage,256,usage,2,188,0.6397213397849555
main/E_lab/code_leaning_hard/D_code/tau0.1/ones/incl/k2/rG256/ctl-usage,256,usage,2,189,0.7067704013800267
main/E_lab/code_leaning_hard/D_code/tau0.1/ones/incl/k2/rG256/ctl-usage,256,usage,2,190,0.8074702763028654
main/E_lab/code_leaning_hard/D_code/tau0.1/ones/incl/k2/rG256/ctl-usage,256,usage,2,191,0.462054126493058
main/E_lab/code_leaning_hard/D_code/tau0.1/ones/incl/k2/rG256/ctl-usage,256,usage,2,192,0.6221809516882786
main/E_lab/code_leaning_hard/D_code/tau0.1/ones/incl/k2/rG256/ctl-usage,256,usage,2,193,1.1613834883282834
main/E_lab/code_leaning_hard/D_code/tau0.1/ones/incl/k2/rG256/ctl-usage,256,usage,2,194,1.1427089469839302
main/E_lab/code_leaning_hard/D_code/tau0.1/ones/incl/k2/rG256/ctl-usage,256,usage,2,195,1.013183400246362
main/E_lab/code_leaning_hard/D_code/tau0.1/ones/incl/k2/rG256/ctl-usage,256,usage,2,196,0.7446951630136027
main/E_lab/code_leaning_hard/D_code/tau0.1/ones/incl/k2/rG256/ctl-usage,256,usage,2,197,0.6555888645998493
main/E_lab/code_leaning_hard/D_code/tau0.1/ones/incl/k2/rG256/ctl-usage,256,usage,2,198,0.6871126618289054
main/E_lab/code_leaning_hard/D_code/tau0.1/ones/incl/k2/rG256/ctl-usage,256,usage,2,199,1.0713359050205327
main/E_lab/code_leaning_hard/D_code/tau0.1/ones/incl/k2/rG256/ctl-usage,256,usage,2,200,0.8442912816981334
main/E_lab/code_leaning_hard/D_code/tau0.1/ones/incl/k2/rG256/ctl-usage,256,usage,2,201,0.6448136766275638
main/E_lab/code_leaning_hard/D_code/tau0.1/ones/incl/k2/rG256/ctl-usage,256,usage,2,202,0.849402785732309
main/E_lab/code_leaning_hard/D_code/tau0.1/ones/incl/k2/rG256/ctl-usage,256,usage,2,203,0.41437845826112607
main/E_lab/code_leaning_hard/D_code/tau0.1/ones/incl/k2/rG256/ctl-usage,256,usage,2,204,0.45938319311926534
main/E_lab/code_leaning_hard/D_code/tau0.1/ones/incl/k2/rG256/ctl-usage,256,usage,2,205,0.6085547458751535
main/E_lab/code_leaning_hard/D_code/tau0.1/ones/incl/k2/rG256/ctl-usage,256,usage,2,206,0.5667629734334696
main/E_lab/code_leaning_hard/D_code/tau0.1/ones/incl/k2/rG256/ctl-usage,256,usage,2,207,0.553659169167986
main/E_lab/code_leaning_hard/D_code/tau0.1/ones/incl/k2/rG256/ctl-usage,256,usage,2,208,0.5550751695891449
main/E_lab/code_leaning_hard/D_code/tau0.1/ones/incl/k2/rG256/ctl-usage,256,usage,2,209,0.6610093249237252
main/E_lab/code_leaning_hard/D_code/tau0.1/ones/incl/k2/rG256/ctl-usage,256,usage,2,210,1.7206953640015854
main/E_lab/code_leaning_hard/D_code/tau0.1/ones/incl/k2/rG256/ctl-usage,256,usage,2,211,2.0414160260716017
main/E_lab/code_leaning_hard/D_code/tau0.1/ones/incl/k2/rG256/ctl-usage,256,usage,2,212,1.6431236099215312
main/E_lab/code_leaning_hard/D_code/tau0.1/ones/incl/k2/rG256/ctl-usage,256,usage,2,213,0.7129844864402912
main/E_lab/code_leaning_hard/D_code/tau0.1/ones/incl/k2/rG256/ctl-usage,256,usage,2,214,0.7641086164549051
main/E_lab/code_leaning_hard/D_code/tau0.1/ones/incl/k2/rG256/ctl-usage,256,usage,2,215,1.1168004960545659
main/E_lab/code_leaning_hard/D_code/tau0.1/ones/incl/k2/rG256/ctl-usage,256,usage,2,216,1.4867308598113596
main/E_lab/code_leaning_hard/D_code/tau0.1/ones/incl/k2/rG256/ctl-usage,256,usage,2,217,1.031970370574527
main/E_lab/code_leaning_hard/D_code/tau0.1/ones/incl/k2/rG256/ctl-usage,256,usage,2,218,0.9575241000256938
main/E_lab/code_leaning_hard/D_code/tau0.1/ones/incl/k2/rG256/ctl-usage,256,usage,2,219,1.1935759252178286
main/E_lab/code_leaning_hard/D_code/tau0.1/ones/incl/k2/rG256/ctl-usage,256,usage,2,220,1.176585949559012
main/E_lab/code_leaning_hard/D_code/tau0.1/ones/incl/k2/rG256/ctl-usage,256,usage,2,221,1.2935901983792064
main/E_lab/code_leaning_hard/D_code/tau0.1/ones/incl/k2/rG256/ctl-usage,256,usage,2,222,0.9810665806485304
main/E_lab/code_leaning_hard/D_code/tau0.1/ones/incl/k2/rG256/ctl-usage,256,usage,2,223,1.0253703838961883
main/E_lab/code_leaning_hard/D_code/tau0.1/ones/incl/k2/rG256/ctl-usage,256,usage,2,224,0.7154482236110198
main/E_lab/code_leaning_hard/D_code/tau0.1/ones/incl/k2/rG256/ctl-usage,256,usage,2,225,1.924515003101078
main/E_lab/code_leaning_hard/D_code/tau0.1/ones/incl/k2/rG256/ctl-usage,256,usage,2,226,1.5321628773435805
main/E_lab/code_leaning_hard/D_code/tau0.1/ones/incl/k2/rG256/ctl-usage,256,usage,2,227,0.7547976186715459
main/E_lab/code_leaning_hard/D_code/tau0.1/ones/incl/k2/rG256/ctl-usage,256,usage,2,228,0.6805637673378442
main/E_lab/code_leaning_hard/D_code/tau0.1/ones/incl/k2/rG256/ctl-usage,256,usage,2,229,0.7011345542887284
main/E_lab/code_leaning_hard/D_code/tau0.1/ones/incl/k2/rG256/ctl-usage,256,usage,2,230,0.679576947573878
main/E_lab/code_leaning_hard/D_code/tau0.1/ones/incl/k2/rG256/ctl-usage,256,usage,2,231,0.797138621447175
main/E_lab/code_leaning_hard/D_code/tau0.1/ones/incl/k2/rG256/ctl-usage,256,usage,2,232,0.7761677106827847
main/E_lab/code_leaning_hard/D_code/tau0.1/ones/incl/k2/rG256/ctl-usage,256,usage,2,233,1.114926671122248
main/E_lab/code_leaning_hard/D_code/tau0.1/ones/incl/k2/rG256/ctl-usage,256,usage,2,234,1.1715103706555965
main/E_lab/code_leaning_hard/D_code/tau0.1/ones/incl/k2/rG256/ctl-usage,256,usage,2,235,1.0942199308938143
main/E_lab/code_leaning_hard/D_code/tau0.1/ones/incl/k2/rG256/ctl-usage,256,usage,2,236,1.535717193137316
main/E_lab/code_leaning_hard/D_code/tau0.1/ones/incl/k2/rG256/ctl-usage,256,usage,2,237,1.1810254649249146
main/E_lab/code_leaning_hard/D_code/tau0.1/ones/incl/k2/rG256/ctl-usage,256,usage,2,238,0.5275648799415649
main/E_lab/code_leaning_hard/D_code/tau0.1/ones/incl/k2/rG256/ctl-usage,256,usage,2,239,0.5687540578664994
main/E_lab/code_leaning_hard/D_code/tau0.1/ones/incl/k2/rG256/ctl-usage,256,usage,2,240,0.4954507803543038
main/E_lab/code_leaning_hard/D_code/tau0.1/ones/incl/k2/rG256/ctl-usage,256,usage,2,241,0.5406153880276179
main/E_lab/code_leaning_hard/D_code/tau0.1/ones/incl/k2/rG256/ctl-usage,256,usage,2,242,0.6383014315388209
main/E_lab/code_leaning_hard/D_code/tau0.1/ones/incl/k2/rG256/ctl-usage,256,usage,2,243,0.4631380698074281
main/E_lab/code_leaning_hard/D_code/tau0.1/ones/incl/k2/rG256/ctl-usage,256,usage,2,244,0.4401600707119542
main/E_lab/code_leaning_hard/D_code/tau0.1/ones/incl/k2/rG256/ctl-usage,256,usage,2,245,0.6232173750790935
main/E_lab/code_leaning_hard/D_code/tau0.1/ones/incl/k2/rG256/ctl-usage,256,usage,2,246,0.5429403928612828
main/E_lab/code_leaning_hard/D_code/tau0.1/ones/incl/k2/rG256/ctl-usage,256,usage,2,247,0.5812982684601593
main/E_lab/code_leaning_hard/D_code/tau0.1/ones/incl/k2/rG256/ctl-usage,256,usage,2,248,0.5425735256912958
main/E_lab/code_leaning_hard/D_code/tau0.1/ones/incl/k2/rG256/ctl-usage,256,usage,2,249,0.41080437539403647
main/E_lab/code_leaning_hard/D_code/tau0.1/ones/incl/k2/rG256/ctl-usage,256,usage,2,250,0.4864562290113099
main/E_lab/code_leaning_hard/D_code/tau0.1/ones/incl/k2/rG256/ctl-usage,256,usage,2,251,0.6364001379342881
main/E_lab/code_leaning_hard/D_code/tau0.1/ones/incl/k2/rG256/ctl-usage,256,usage,2,252,0.4964479214095263
main/E_lab/code_leaning_hard/D_code/tau0.1/ones/incl/k2/rG256/ctl-usage,256,usage,2,253,0.6180819337882895
main/E_lab/code_leaning_hard/D_code/tau0.1/ones/incl/k2/rG256/ctl-usage,256,usage,2,254,0.45939300606733013
main/E_lab/code_leaning_hard/D_code/tau0.1/ones/incl/k2/rG256/ctl-usage,256,usage,2,255,0.6091388520599139
main/E_lab/code_leaning_hard/D_code/tau0.1/ones/incl/k2/rG256/ctl-usage,256,usage,2,256,2.3185966951004957
main/E_lab/code_leaning_hard/D_code/tau0.1/ones/incl/k2/rG256/ctl-usage,256,usage,2,257,2.5167182658706224
main/E_lab/code_leaning_hard/D_code/tau0.1/ones/incl/k2/rG256/ctl-usage,256,usage,2,258,2.521105439882831
main/E_lab/code_leaning_hard/D_code/tau0.1/ones/incl/k2/rG256/ctl-usage,256,usage,2,259,2.413642717575385
main/E_lab/code_leaning_hard/D_code/tau0.1/ones/incl/k2/rG256/ctl-usage,256,usage,2,260,2.250928335102799
main/E_lab/code_leaning_hard/D_code/tau0.1/ones/incl/k2/rG256/ctl-usage,256,usage,2,261,2.317414052175991
main/E_lab/code_leaning_hard/D_code/tau0.1/ones/incl/k2/rG256/ctl-usage,256,usage,2,262,2.1195261665507132
main/E_lab/code_leaning_hard/D_code/tau0.1/ones/incl/k2/rG256/ctl-usage,256,usage,2,263,2.666425678430869
main/E_lab/code_leaning_hard/D_code/tau0.1/ones/incl/k2/rG256/ctl-usage,256,usage,2,264,2.4271978689403113
main/E_lab/code_leaning_hard/D_code/tau0.1/ones/incl/k2/rG256/ctl-usage,256,usage,2,265,2.448477587774505
main/E_lab/code_leaning_hard/D_code/tau0.1/ones/incl/k2/rG256/ctl-usage,256,usage,2,266,2.5261807777446847
main/E_lab/code_leaning_hard/D_code/tau0.1/ones/incl/k2/rG256/ctl-usage,256,usage,2,267,2.050095580601919
main/E_lab/code_leaning_hard/D_code/tau0.1/ones/incl/k2/rG256/ctl-usage,256,usage,2,268,1.995307928928014
main/E_lab/code_leaning_hard/D_code/tau0.1/ones/incl/k2/rG256/ctl-usage,256,usage,2,269,1.7713155576016106
main/E_lab/code_leaning_hard/D_code/tau0.1/ones/incl/k2/rG256/ctl-usage,256,usage,2,270,1.8054062956425696
main/E_lab/code_leaning_hard/D_code/tau0.1/ones/incl/k2/rG256/ctl-usage,256,usage,2,271,1.7462983807581622
main/E_lab/code_leaning_hard/D_code/tau0.1/ones/incl/k2/rG256/ctl-usage,256,usage,2,272,1.5592513081683137
main/E_lab/code_leaning_hard/D_code/tau0.1/ones/incl/k2/rG256/ctl-usage,256,usage,2,273,2.0458541666675956
main/E_lab/code_leaning_hard/D_code/tau0.1/ones/incl/k2/rG256/ctl-usage,256,usage,2,274,2.037545008557572
main/E_lab/code_leaning_hard/D_code/tau0.1/ones/incl/k2/rG256/ctl-usage,256,usage,2,275,2.0980103894498825
main/E_lab/code_leaning_hard/D_code/tau0.1/ones/incl/k2/rG256/ctl-usage,256,usage,2,276,2.314938214780341
main/E_lab/code_leaning_hard/D_code/tau0.1/ones/incl/k2/rG256/ctl-usage,256,usage,2,277,2.2434826693715877
main/E_lab/code_leaning_hard/D_code/tau0.1/ones/incl/k2/rG256/ctl-usage,256,usage,2,278,2.3223260482145633
main/E_lab/code_leaning_hard/D_code/tau0.1/ones/incl/k2/rG256/ctl-usage,256,usage,2,279,2.125928344001295
main/E_lab/code_leaning_hard/D_code/tau0.1/ones/incl/k2/rG256/ctl-usage,256,usage,2,280,1.4432138137026413
main/E_lab/code_leaning_hard/D_code/tau0.1/ones/incl/k2/rG256/ctl-usage,256,usage,2,281,2.308253292786503
main/E_lab/code_leaning_hard/D_code/tau0.1/ones/incl/k2/rG256/ctl-usage,256,usage,2,282,2.2443256333899626
main/E_lab/code_leaning_hard/D_code/tau0.1/ones/incl/k2/rG256/ctl-usage,256,usage,2,283,2.38194673444832
main/E_lab/code_leaning_hard/D_code/tau0.1/ones/incl/k2/rG256/ctl-usage,256,usage,2,284,2.224692425737885
main/E_lab/code_leaning_hard/D_code/tau0.1/ones/incl/k2/rG256/ctl-usage,256,usage,2,285,2.0969831773109036
main/E_lab/code_leaning_hard/D_code/tau0.1/ones/incl/k2/rG256/ctl-usage,256,usage,2,286,2.3085599788755644
main/E_lab/code_leaning_hard/D_code/tau0.1/ones/incl/k2/rG256/ctl-usage,256,usage,2,287,2.108432777262351
main/E_lab/code_leaning_hard/D_code/tau0.1/ones/incl/k2/rG256/ctl-usage,256,usage,2,288,2.0214905023167375
main/E_lab/code_leaning_hard/D_code/tau0.1/ones/incl/k2/rG256/ctl-usage,256,usage,2,289,1.9213319625126815
main/E_lab/code_leaning_hard/D_code/tau0.1/ones/incl/k2/rG256/ctl-usage,256,usage,2,290,2.12310396234534
main/E_lab/code_leaning_hard/D_code/tau0.1/ones/incl/k2/rG256/ctl-usage,256,usage,2,291,2.259984737431296
main/E_lab/code_leaning_hard/D_code/tau0.1/ones/incl/k2/rG256/ctl-usage,256,usage,2,292,2.0730029924802693
main/E_lab/code_leaning_hard/D_code/tau0.1/ones/incl/k2/rG256/ctl-usage,256,usage,2,293,1.990735461065924
main/E_lab/code_leaning_hard/D_code/tau0.1/ones/incl/k2/rG256/ctl-usage,256,usage,2,294,2.1830030437331516
main/E_lab/code_leaning_hard/D_code/tau0.1/ones/incl/k2/rG256/ctl-usage,256,usage,2,295,2.0199447234995205
main/E_lab/code_leaning_hard/D_code/tau0.1/ones/incl/k2/rG256/ctl-usage,256,usage,2,296,1.88386533233097
main/E_lab/code_leaning_hard/D_code/tau0.1/ones/incl/k2/rG256/ctl-usage,256,usage,2,297,1.7496248895463395
main/E_lab/code_leaning_hard/D_code/tau0.1/ones/incl/k2/rG256/ctl-usage,256,usage,2,298,1.9246552416871054
main/E_lab/code_leaning_hard/D_code/tau0.1/ones/incl/k2/rG256/ctl-usage,256,usage,2,299,1.7510081487007483
main/E_lab/code_leaning_hard/D_code/tau0.1/ones/incl/k2/rG256/ctl-usage,256,usage,2,300,1.8156338383259936
main/E_lab/code_leaning_hard/D_code/tau0.1/ones/incl/k2/rG256/ctl-usage,256,usage,2,301,1.6267154235883936
main/E_lab/code_leaning_hard/D_code/tau0.1/ones/incl/k2/rG256/ctl-usage,256,usage,2,302,1.599411241897542
main/E_lab/code_leaning_hard/D_code/tau0.1/ones/incl/k2/rG256/ctl-usage,256,usage,2,303,1.9239618564970442
main/E_lab/code_leaning_hard/D_code/tau0.1/ones/incl/k2/rG256/ctl-usage,256,usage,2,304,2.288319331232742
main/E_lab/code_leaning_hard/D_code/tau0.1/ones/incl/k2/rG256/ctl-usage,256,usage,2,305,2.4010557217034147
main/E_lab/code_leaning_hard/D_code/tau0.1/ones/incl/k2/rG256/ctl-usage,256,usage,2,306,2.4810591183450015
main/E_lab/code_leaning_hard/D_code/tau0.1/ones/incl/k2/rG256/ctl-usage,256,usage,2,307,1.8466502721757934
main/E_lab/code_leaning_hard/D_code/tau0.1/ones/incl/k2/rG256/ctl-usage,256,usage,2,308,2.1397244730005696
main/E_lab/code_leaning_hard/D_code/tau0.1/ones/incl/k2/rG256/ctl-usage,256,usage,2,309,2.068403737837798
main/E_lab/code_leaning_hard/D_code/tau0.1/ones/incl/k2/rG256/ctl-usage,256,usage,2,310,2.227011249541647
main/E_lab/code_leaning_hard/D_code/tau0.1/ones/incl/k2/rG256/ctl-usage,256,usage,2,311,2.2868096473948754
main/E_lab/code_leaning_hard/D_code/tau0.1/ones/incl/k2/rG256/ctl-usage,256,usage,2,312,2.567697495713219
main/E_lab/code_leaning_hard/D_code/tau0.1/ones/incl/k2/rG256/ctl-usage,256,usage,2,313,2.390358709344582
main/E_lab/code_leaning_hard/D_code/tau0.1/ones/incl/k2/rG256/ctl-usage,256,usage,2,314,2.133891702591427
main/E_lab/code_leaning_hard/D_code/tau0.1/ones/incl/k2/rG256/ctl-usage,256,usage,2,315,1.999252361309118
main/E_lab/code_leaning_hard/D_code/tau0.1/ones/incl/k2/rG256/ctl-usage,256,usage,2,316,1.914512544588888
main/E_lab/code_leaning_hard/D_code/tau0.1/ones/incl/k2/rG256/ctl-usage,256,usage,2,317,2.0778066818347725
main/E_lab/code_leaning_hard/D_code/tau0.1/ones/incl/k2/rG256/ctl-usage,256,usage,2,318,1.9626782893437849
main/E_lab/code_leaning_hard/D_code/tau0.1/ones/incl/k2/rG256/ctl-usage,256,usage,2,319,1.8154103951765137
main/E_lab/code_leaning_hard/D_code/tau0.1/ones/incl/k2/rG256/ctl-usage,256,usage,2,320,2.930432372919313
main/E_lab/code_leaning_hard/D_code/tau0.1/ones/incl/k2/rG256/ctl-usage,256,usage,2,321,2.6628533972434525
main/E_lab/code_leaning_hard/D_code/tau0.1/ones/incl/k2/rG256/ctl-usage,256,usage,2,322,3.0689406932342536
main/E_lab/code_leaning_hard/D_code/tau0.1/ones/incl/k2/rG256/ctl-usage,256,usage,2,323,2.6527284681842502
main/E_lab/code_leaning_hard/D_code/tau0.1/ones/incl/k2/rG256/ctl-usage,256,usage,2,324,2.1698840269273205
main/E_lab/code_leaning_hard/D_code/tau0.1/ones/incl/k2/rG256/ctl-usage,256,usage,2,325,2.611739506084632
main/E_lab/code_leaning_hard/D_code/tau0.1/ones/incl/k2/rG256/ctl-usage,256,usage,2,326,3.241877016909257
main/E_lab/code_leaning_hard/D_code/tau0.1/ones/incl/k2/rG256/ctl-usage,256,usage,2,327,2.753728089698143
main/E_lab/code_leaning_hard/D_code/tau0.1/ones/incl/k2/rG256/ctl-usage,256,usage,2,328,2.998151104313365
main/E_lab/code_leaning_hard/D_code/tau0.1/ones/incl/k2/rG256/ctl-usage,256,usage,2,329,2.7549940769040404
main/E_lab/code_leaning_hard/D_code/tau0.1/ones/incl/k2/rG256/ctl-usage,256,usage,2,330,2.7618975674872672
main/E_lab/code_leaning_hard/D_code/tau0.1/ones/incl/k2/rG256/ctl-usage,256,usage,2,331,2.2845033268667976
main/E_lab/code_leaning_hard/D_code/tau0.1/ones/incl/k2/rG256/ctl-usage,256,usage,2,332,3.1512987829510166
main/E_lab/code_leaning_hard/D_code/tau0.1/ones/incl/k2/rG256/ctl-usage,256,usage,2,333,2.5104787290074455
main/E_lab/code_leaning_hard/D_code/tau0.1/ones/incl/k2/rG256/ctl-usage,256,usage,2,334,2.4296793793273537
main/E_lab/code_leaning_hard/D_code/tau0.1/ones/incl/k2/rG256/ctl-usage,256,usage,2,335,2.8593447743796787
main/E_lab/code_leaning_hard/D_code/tau0.1/ones/incl/k2/rG256/ctl-usage,256,usage,2,336,2.8366600011904666
main/E_lab/code_leaning_hard/D_code/tau0.1/ones/incl/k2/rG256/ctl-usage,256,usage,2,337,1.9589442211113237
main/E_lab/code_leaning_hard/D_code/tau0.1/ones/incl/k2/rG256/ctl-usage,256,usage,2,338,2.4222145176831873
main/E_lab/code_leaning_hard/D_code/tau0.1/ones/incl/k2/rG256/ctl-usage,256,usage,2,339,2.1303303661634345
main/E_lab/code_leaning_hard/D_code/tau0.1/ones/incl/k2/rG256/ctl-usage,256,usage,2,340,2.674659205002172
main/E_lab/code_leaning_hard/D_code/tau0.1/ones/incl/k2/rG256/ctl-usage,256,usage,2,341,2.7668367379137635
main/E_lab/code_leaning_hard/D_code/tau0.1/ones/incl/k2/rG256/ctl-usage,256,usage,2,342,2.278211106240633
main/E_lab/code_leaning_hard/D_code/tau0.1/ones/incl/k2/rG256/ctl-usage,256,usage,2,343,3.0986060279874437
main/E_lab/code_leaning_hard/D_code/tau0.1/ones/incl/k2/rG256/ctl-usage,256,usage,2,344,2.6853694677279236
main/E_lab/code_leaning_hard/D_code/tau0.1/ones/incl/k2/rG256/ctl-usage,256,usage,2,345,3.20466064640641
main/E_lab/code_leaning_hard/D_code/tau0.1/ones/incl/k2/rG256/ctl-usage,256,usage,2,346,3.0637116145562686
main/E_lab/code_leaning_hard/D_code/tau0.1/ones/incl/k2/rG256/ctl-usage,256,usage,2,347,2.7253245784982028
main/E_lab/code_leaning_hard/D_code/tau0.1/ones/incl/k2/rG256/ctl-usage,256,usage,2,348,2.3631493515486
main/E_lab/code_leaning_hard/D_code/tau0.1/ones/incl/k2/rG256/ctl-usage,256,usage,2,349,2.722478050065547
main/E_lab/code_leaning_hard/D_code/tau0.1/ones/incl/k2/rG256/ctl-usage,256,usage,2,350,3.08169535397883
main/E_lab/code_leaning_hard/D_code/tau0.1/ones/incl/k2/rG256/ctl-usage,256,usage,2,351,3.2747830820990202
main/E_lab/code_leaning_hard/D_code/tau0.1/ones/incl/k2/rG256/ctl-usage,256,usage,2,352,2.1449791187296796
main/E_lab/code_leaning_hard/D_code/tau0.1/ones/incl/k2/rG256/ctl-usage,256,usage,2,353,3.2005171077817067
main/E_lab/code_leaning_hard/D_code/tau0.1/ones/incl/k2/rG256/ctl-usage,256,usage,2,354,2.4470166204123416
main/E_lab/code_leaning_hard/D_code/tau0.1/ones/incl/k2/rG256/ctl-usage,256,usage,2,355,3.2855934662511572
main/E_lab/code_leaning_hard/D_code/tau0.1/ones/incl/k2/rG256/ctl-usage,256,usage,2,356,2.236552449534429
main/E_lab/code_leaning_hard/D_code/tau0.1/ones/incl/k2/rG256/ctl-usage,256,usage,2,357,1.8226335795970954
main/E_lab/code_leaning_hard/D_code/tau0.1/ones/incl/k2/rG256/ctl-usage,256,usage,2,358,2.423824679529389
main/E_lab/code_leaning_hard/D_code/tau0.1/ones/incl/k2/rG256/ctl-usage,256,usage,2,359,2.2483504805800294
main/E_lab/code_leaning_hard/D_code/tau0.1/ones/incl/k2/rG256/ctl-usage,256,usage,2,360,2.3051805586346745
main/E_lab/code_leaning_hard/D_code/tau0.1/ones/incl/k2/rG256/ctl-usage,256,usage,2,361,2.9403593174449725
main/E_lab/code_leaning_hard/D_code/tau0.1/ones/incl/k2/rG256/ctl-usage,256,usage,2,362,3.346864826535466
main/E_lab/code_leaning_hard/D_code/tau0.1/ones/incl/k2/rG256/ctl-usage,256,usage,2,363,1.7928272752451448
main/E_lab/code_leaning_hard/D_code/tau0.1/ones/incl/k2/rG256/ctl-usage,256,usage,2,364,2.8748640252688347
main/E_lab/code_leaning_hard/D_code/tau0.1/ones/incl/k2/rG256/ctl-usage,256,usage,2,365,3.3704425610385442
main/E_lab/code_leaning_hard/D_code/tau0.1/ones/incl/k2/rG256/ctl-usage,256,usage,2,366,3.1767909475777287
main/E_lab/code_leaning_hard/D_code/tau0.1/ones/incl/k2/rG256/ctl-usage,256,usage,2,367,2.66370400618689
main/E_lab/code_leaning_hard/D_code/tau0.1/ones/incl/k2/rG256/ctl-usage,256,usage,2,368,2.3790843407832654
main/E_lab/code_leaning_hard/D_code/tau0.1/ones/incl/k2/rG256/ctl-usage,256,usage,2,369,2.312244552348602
main/E_lab/code_leaning_hard/D_code/tau0.1/ones/incl/k2/rG256/ctl-usage,256,usage,2,370,2.5202855470693066
main/E_lab/code_leaning_hard/D_code/tau0.1/ones/incl/k2/rG256/ctl-usage,256,usage,2,371,2.543461718506478
main/E_lab/code_leaning_hard/D_code/tau0.1/ones/incl/k2/rG256/ctl-usage,256,usage,2,372,2.6677235143424696
main/E_lab/code_leaning_hard/D_code/tau0.1/ones/incl/k2/rG256/ctl-usage,256,usage,2,373,2.345414375101427
main/E_lab/code_leaning_hard/D_code/tau0.1/ones/incl/k2/rG256/ctl-usage,256,usage,2,374,1.8869694307186364
main/E_lab/code_leaning_hard/D_code/tau0.1/ones/incl/k2/rG256/ctl-usage,256,usage,2,375,2.2852846327114094
main/E_lab/code_leaning_hard/D_code/tau0.1/ones/incl/k2/rG256/ctl-usage,256,usage,2,376,3.0495040106900433
main/E_lab/code_leaning_hard/D_code/tau0.1/ones/incl/k2/rG256/ctl-usage,256,usage,2,377,2.3821449519773523
main/E_lab/code_leaning_hard/D_code/tau0.1/ones/incl/k2/rG256/ctl-usage,256,usage,2,378,2.4696909077010787
main/E_lab/code_leaning_hard/D_code/tau0.1/ones/incl/k2/rG256/ctl-usage,256,usage,2,379,2.45979031243769
main/E_lab/code_leaning_hard/D_code/tau0.1/ones/incl/k2/rG256/ctl-usage,256,usage,2,380,1.8699316260672276
main/E_lab/code_leaning_hard/D_code/tau0.1/ones/incl/k2/rG256/ctl-usage,256,usage,2,381,2.401993856331501
main/E_lab/code_leaning_hard/D_code/tau0.1/ones/incl/k2/rG256/ctl-usage,256,usage,2,382,2.2765102810781173
main/E_lab/code_leaning_hard/D_code/tau0.1/ones/incl/k2/rG256/ctl-usage,256,usage,2,383,2.0981352690869244
main/E_lab/code_leaning_hard/D_code/tau0.1/ones/incl/k2/rG256/ctl-usage,256,usage,2,384,1.9357232365382515
main/E_lab/code_leaning_hard/D_code/tau0.1/ones/incl/k2/rG256/ctl-usage,256,usage,2,385,1.091772179430336
main/E_lab/code_leaning_hard/D_code/tau0.1/ones/incl/k2/rG256/ctl-usage,256,usage,2,386,1.1929838859946358
main/E_lab/code_leaning_hard/D_code/tau0.1/ones/incl/k2/rG256/ctl-usage,256,usage,2,387,1.189150399341088
main/E_lab/code_leaning_hard/D_code/tau0.1/ones/incl/k2/rG256/ctl-usage,256,usage,2,388,0.7451504681484948
main/E_lab/code_leaning_hard/D_code/tau0.1/ones/incl/k2/rG256/ctl-usage,256,usage,2,389,1.0286781540999073
main/E_lab/code_leaning_hard/D_code/tau0.1/ones/incl/k2/rG256/ctl-usage,256,usage,2,390,0.902120352106067
main/E_lab/code_leaning_hard/D_code/tau0.1/ones/incl/k2/rG256/ctl-usage,256,usage,2,391,0.8044582742343209
main/E_lab/code_leaning_hard/D_code/tau0.1/ones/incl/k2/rG256/ctl-usage,256,usage,2,392,1.322087073671355
main/E_lab/code_leaning_hard/D_code/tau0.1/ones/incl/k2/rG256/ctl-usage,256,usage,2,393,0.9495595484804653
main/E_lab/code_leaning_hard/D_code/tau0.1/ones/incl/k2/rG256/ctl-usage,256,usage,2,394,1.4581242292865682
main/E_lab/code_leaning_hard/D_code/tau0.1/ones/incl/k2/rG256/ctl-usage,256,usage,2,395,1.1967639234553644
main/E_lab/code_leaning_hard/D_code/tau0.1/ones/incl/k2/rG256/ctl-usage,256,usage,2,396,1.2930292580294918
main/E_lab/code_leaning_hard/D_code/tau0.1/ones/incl/k2/rG256/ctl-usage,256,usage,2,397,0.9286058536645214
main/E_lab/code_leaning_hard/D_code/tau0.1/ones/incl/k2/rG256/ctl-usage,256,usage,2,398,1.3612433336675167
main/E_lab/code_leaning_hard/D_code/tau0.1/ones/incl/k2/rG256/ctl-usage,256,usage,2,399,0.9609611038727053
main/E_lab/code_leaning_hard/D_code/tau0.1/ones/incl/k2/rG256/ctl-usage,256,usage,2,400,0.6008440275491012
main/E_lab/code_leaning_hard/D_code/tau0.1/ones/incl/k2/rG256/ctl-usage,256,usage,2,401,0.6351247257543946
main/E_lab/code_leaning_hard/D_code/tau0.1/ones/incl/k2/rG256/ctl-usage,256,usage,2,402,1.1336990326981322
main/E_lab/code_leaning_hard/D_code/tau0.1/ones/incl/k2/rG256/ctl-usage,256,usage,2,403,1.4154111437097185
main/E_lab/code_leaning_hard/D_code/tau0.1/ones/incl/k2/rG256/ctl-usage,256,usage,2,404,1.0543918436692366
main/E_lab/code_leaning_hard/D_code/tau0.1/ones/incl/k2/rG256/ctl-usage,256,usage,2,405,1.6046388194477004
main/E_lab/code_leaning_hard/D_code/tau0.1/ones/incl/k2/rG256/ctl-usage,256,usage,2,406,0.9515171881703282
main/E_lab/code_leaning_hard/D_code/tau0.1/ones/incl/k2/rG256/ctl-usage,256,usage,2,407,0.6639581720919523
main/E_lab/code_leaning_hard/D_code/tau0.1/ones/incl/k2/rG256/ctl-usage,256,usage,2,408,0.7217444010384497
main/E_lab/code_leaning_hard/D_code/tau0.1/ones/incl/k2/rG256/ctl-usage,256,usage,2,409,1.198843167517225
main/E_lab/code_leaning_hard/D_code/tau0.1/ones/incl/k2/rG256/ctl-usage,256,usage,2,410,1.0705887386420727
main/E_lab/code_leaning_hard/D_code/tau0.1/ones/incl/k2/rG256/ctl-usage,256,usage,2,411,1.9042689581638115
main/E_lab/code_leaning_hard/D_code/tau0.1/ones/incl/k2/rG256/ctl-usage,256,usage,2,412,1.0183960782233044
main/E_lab/code_leaning_hard/D_code/tau0.1/ones/incl/k2/rG256/ctl-usage,256,usage,2,413,1.289745690660311
main/E_lab/code_leaning_hard/D_code/tau0.1/ones/incl/k2/rG256/ctl-usage,256,usage,2,414,1.3671581332373535
main/E_lab/code_leaning_hard/D_code/tau0.1/ones/incl/k2/rG256/ctl-usage,256,usage,2,415,0.8901277499790012
main/E_lab/code_leaning_hard/D_code/tau0.1/ones/incl/k2/rG256/ctl-usage,256,usage,2,416,1.105187201962508
main/E_lab/code_leaning_hard/D_code/tau0.1/ones/incl/k2/rG256/ctl-usage,256,usage,2,417,1.188554599699728
main/E_lab/code_leaning_hard/D_code/tau0.1/ones/incl/k2/rG256/ctl-usage,256,usage,2,418,1.1262539843301056
main/E_lab/code_leaning_hard/D_code/tau0.1/ones/incl/k2/rG256/ctl-usage,256,usage,2,419,1.090567885656128
main/E_lab/code_leaning_hard/D_code/tau0.1/ones/incl/k2/rG256/ctl-usage,256,usage,2,420,1.1098522110141857
main/E_lab/code_leaning_hard/D_code/tau0.1/ones/incl/k2/rG256/ctl-usage,256,usage,2,421,0.9771066701623567
main/E_lab/code_leaning_hard/D_code/tau0.1/ones/incl/k2/rG256/ctl-usage,256,usage,2,422,1.0118977195334082
main/E_lab/code_leaning_hard/D_code/tau0.1/ones/incl/k2/rG256/ctl-usage,256,usage,2,423,0.9587148915352373
main/E_lab/code_leaning_hard/D_code/tau0.1/ones/incl/k2/rG256/ctl-usage,256,usage,2,424,0.7039344393188003
main/E_lab/code_leaning_hard/D_code/tau0.1/ones/incl/k2/rG256/ctl-usage,256,usage,2,425,0.6878126203691863
main/E_lab/code_leaning_hard/D_code/tau0.1/ones/incl/k2/rG256/ctl-usage,256,usage,2,426,1.233927363746261
main/E_lab/code_leaning_hard/D_code/tau0.1/ones/incl/k2/rG256/ctl-usage,256,usage,2,427,2.9177494965551887
main/E_lab/code_leaning_hard/D_code/tau0.1/ones/incl/k2/rG256/ctl-usage,256,usage,2,428,1.3873253325637052
main/E_lab/code_leaning_hard/D_code/tau0.1/ones/incl/k2/rG256/ctl-usage,256,usage,2,429,1.0140810325974599
main/E_lab/code_leaning_hard/D_code/tau0.1/ones/incl/k2/rG256/ctl-usage,256,usage,2,430,0.9594277962587512
main/E_lab/code_leaning_hard/D_code/tau0.1/ones/incl/k2/rG256/ctl-usage,256,usage,2,431,0.9398689706567893
main/E_lab/code_leaning_hard/D_code/tau0.1/ones/incl/k2/rG256/ctl-usage,256,usage,2,432,1.108610130899251
main/E_lab/code_leaning_hard/D_code/tau0.1/ones/incl/k2/rG256/ctl-usage,256,usage,2,433,0.742572072485018
main/E_lab/code_leaning_hard/D_code/tau0.1/ones/incl/k2/rG256/ctl-usage,256,usage,2,434,0.7606132082573822
main/E_lab/code_leaning_hard/D_code/tau0.1/ones/incl/k2/rG256/ctl-usage,256,usage,2,435,1.1104988686056458
main/E_lab/code_leaning_hard/D_code/tau0.1/ones/incl/k2/rG256/ctl-usage,256,usage,2,436,1.2850462757769492
main/E_lab/code_leaning_hard/D_code/tau0.1/ones/incl/k2/rG256/ctl-usage,256,usage,2,437,0.7510747217074822
main/E_lab/code_leaning_hard/D_code/tau0.1/ones/incl/k2/rG256/ctl-usage,256,usage,2,438,0.72328892760288
main/E_lab/code_leaning_hard/D_code/tau0.1/ones/incl/k2/rG256/ctl-usage,256,usage,2,439,0.8049524060743352
main/E_lab/code_leaning_hard/D_code/tau0.1/ones/incl/k2/rG256/ctl-usage,256,usage,2,440,1.2486440436837256
main/E_lab/code_leaning_hard/D_code/tau0.1/ones/incl/k2/rG256/ctl-usage,256,usage,2,441,1.2091641402712412
main/E_lab/code_leaning_hard/D_code/tau0.1/ones/incl/k2/rG256/ctl-usage,256,usage,2,442,1.1982107724843445
main/E_lab/code_leaning_hard/D_code/tau0.1/ones/incl/k2/rG256/ctl-usage,256,usage,2,443,2.325287209236194
main/E_lab/code_leaning_hard/D_code/tau0.1/ones/incl/k2/rG256/ctl-usage,256,usage,2,444,2.575363314933611
main/E_lab/code_leaning_hard/D_code/tau0.1/ones/incl/k2/rG256/ctl-usage,256,usage,2,445,2.393424992043947
main/E_lab/code_leaning_hard/D_code/tau0.1/ones/incl/k2/rG256/ctl-usage,256,usage,2,446,1.776741698502974
main/E_lab/code_leaning_hard/D_code/tau0.1/ones/incl/k2/rG256/ctl-usage,256,usage,2,447,1.8226856028886687
main/E_lab/code_leaning_hard/D_code/tau0.1/ones/incl/k2/rG256/ctl-usage,256,usage,2,448,1.8002753096589004
main/E_lab/code_leaning_hard/D_code/tau0.1/ones/incl/k2/rG256/ctl-usage,256,usage,2,449,1.8305086713744458
main/E_lab/code_leaning_hard/D_code/tau0.1/ones/incl/k2/rG256/ctl-usage,256,usage,2,450,1.7880175287828024
main/E_lab/code_leaning_hard/D_code/tau0.1/ones/incl/k2/rG256/ctl-usage,256,usage,2,451,1.8625491467375923
main/E_lab/code_leaning_hard/D_code/tau0.1/ones/incl/k2/rG256/ctl-usage,256,usage,2,452,1.4903825554156356
main/E_lab/code_leaning_hard/D_code/tau0.1/ones/incl/k2/rG256/ctl-usage,256,usage,2,453,1.552166124833093
main/E_lab/code_leaning_hard/D_code/tau0.1/ones/incl/k2/rG256/ctl-usage,256,usage,2,454,1.641942017538895
main/E_lab/code_leaning_hard/D_code/tau0.1/ones/incl/k2/rG256/ctl-usage,256,usage,2,455,1.4751204503272675
main/E_lab/code_leaning_hard/D_code/tau0.1/ones/incl/k2/rG256/ctl-usage,256,usage,2,456,1.4663809709672933
main/E_lab/code_leaning_hard/D_code/tau0.1/ones/incl/k2/rG256/ctl-usage,256,usage,2,457,1.8231249915133958
main/E_lab/code_leaning_hard/D_code/tau0.1/ones/incl/k2/rG256/ctl-usage,256,usage,2,458,1.8094478878879272
main/E_lab/code_leaning_hard/D_code/tau0.1/ones/incl/k2/rG256/ctl-usage,256,usage,2,459,1.6431285597218448
main/E_lab/code_leaning_hard/D_code/tau0.1/ones/incl/k2/rG256/ctl-usage,256,usage,2,460,2.3929640963706333
main/E_lab/code_leaning_hard/D_code/tau0.1/ones/incl/k2/rG256/ctl-usage,256,usage,2,461,2.493473152538172
main/E_lab/code_leaning_hard/D_code/tau0.1/ones/incl/k2/rG256/ctl-usage,256,usage,2,462,2.0827755679933944
main/E_lab/code_leaning_hard/D_code/tau0.1/ones/incl/k2/rG256/ctl-usage,256,usage,2,463,2.2582317844080535
main/E_lab/code_leaning_hard/D_code/tau0.1/ones/incl/k2/rG256/ctl-usage,256,usage,2,464,2.052305056507066
main/E_lab/code_leaning_hard/D_code/tau0.1/ones/incl/k2/rG256/ctl-usage,256,usage,2,465,2.2010050682783913
main/E_lab/code_leaning_hard/D_code/tau0.1/ones/incl/k2/rG256/ctl-usage,256,usage,2,466,2.3867981749376668
main/E_lab/code_leaning_hard/D_code/tau0.1/ones/incl/k2/rG256/ctl-usage,256,usage,2,467,2.046106584279414
main/E_lab/code_leaning_hard/D_code/tau0.1/ones/incl/k2/rG256/ctl-usage,256,usage,2,468,2.229799108512907
main/E_lab/code_leaning_hard/D_code/tau0.1/ones/incl/k2/rG256/ctl-usage,256,usage,2,469,2.3484790870697907
main/E_lab/code_leaning_hard/D_code/tau0.1/ones/incl/k2/rG256/ctl-usage,256,usage,2,470,1.823472431677601
main/E_lab/code_leaning_hard/D_code/tau0.1/ones/incl/k2/rG256/ctl-usage,256,usage,2,471,1.9594339260456763
main/E_lab/code_leaning_hard/D_code/tau0.1/ones/incl/k2/rG256/ctl-usage,256,usage,2,472,1.696467789070084
main/E_lab/code_leaning_hard/D_code/tau0.1/ones/incl/k2/rG256/ctl-usage,256,usage,2,473,1.348288083308944
main/E_lab/code_leaning_hard/D_code/tau0.1/ones/incl/k2/rG256/ctl-usage,256,usage,2,474,2.1145969068047634
main/E_lab/code_leaning_hard/D_code/tau0.1/ones/incl/k2/rG256/ctl-usage,256,usage,2,475,2.1607839694452196
main/E_lab/code_leaning_hard/D_code/tau0.1/ones/incl/k2/rG256/ctl-usage,256,usage,2,476,1.7765764449286507
main/E_lab/code_leaning_hard/D_code/tau0.1/ones/incl/k2/rG256/ctl-usage,256,usage,2,477,2.324671891258731
main/E_lab/code_leaning_hard/D_code/tau0.1/ones/incl/k2/rG256/ctl-usage,256,usage,2,478,2.721443821313642
main/E_lab/code_leaning_hard/D_code/tau0.1/ones/incl/k2/rG256/ctl-usage,256,usage,2,479,2.0621931034811496
main/E_lab/code_leaning_hard/D_code/tau0.1/ones/incl/k2/rG256/ctl-usage,256,usage,2,480,2.286118186312251
main/E_lab/code_leaning_hard/D_code/tau0.1/ones/incl/k2/rG256/ctl-usage,256,usage,2,481,2.00085422297434
main/E_lab/code_leaning_hard/D_code/tau0.1/ones/incl/k2/rG256/ctl-usage,256,usage,2,482,2.3359715479136867
main/E_lab/code_leaning_hard/D_code/tau0.1/ones/incl/k2/rG256/ctl-usage,256,usage,2,483,2.4053903434669337
main/E_lab/code_leaning_hard/D_code/tau0.1/ones/incl/k2/rG256/ctl-usage,256,usage,2,484,1.5599449176006601
main/E_lab/code_leaning_hard/D_code/tau0.1/ones/incl/k2/rG256/ctl-usage,256,usage,2,485,1.5827052741897205
main/E_lab/code_leaning_hard/D_code/tau0.1/ones/incl/k2/rG256/ctl-usage,256,usage,2,486,1.619601769705696
main/E_lab/code_leaning_hard/D_code/tau0.1/ones/incl/k2/rG256/ctl-usage,256,usage,2,487,1.6254445783797564
main/E_lab/code_leaning_hard/D_code/tau0.1/ones/incl/k2/rG256/ctl-usage,256,usage,2,488,1.8180863701400085
main/E_lab/code_leaning_hard/D_code/tau0.1/ones/incl/k2/rG256/ctl-usage,256,usage,2,489,1.6654321400492336
main/E_lab/code_leaning_hard/D_code/tau0.1/ones/incl/k2/rG256/ctl-usage,256,usage,2,490,1.7335545923733662
main/E_lab/code_leaning_hard/D_code/tau0.1/ones/incl/k2/rG256/ctl-usage,256,usage,2,491,1.6923327304507438
main/E_lab/code_leaning_hard/D_code/tau0.1/ones/incl/k2/rG256/ctl-usage,256,usage,2,492,1.4542862049584073
main/E_lab/code_leaning_hard/D_code/tau0.1/ones/incl/k2/rG256/ctl-usage,256,usage,2,493,1.3550587662994076
main/E_lab/code_leaning_hard/D_code/tau0.1/ones/incl/k2/rG256/ctl-usage,256,usage,2,494,1.548430547782118
main/E_lab/code_leaning_hard/D_code/tau0.1/ones/incl/k2/rG256/ctl-usage,256,usage,2,495,1.5381255917275212
main/E_lab/code_leaning_hard/D_code/tau0.1/ones/incl/k2/rG256/ctl-usage,256,usage,2,496,1.5628165203759181
main/E_lab/code_leaning_hard/D_code/tau0.1/ones/incl/k2/rG256/ctl-usage,256,usage,2,497,1.4529600708640373
main/E_lab/code_leaning_hard/D_code/tau0.1/ones/incl/k2/rG256/ctl-usage,256,usage,2,498,1.5856084969937
main/E_lab/code_leaning_hard/D_code/tau0.1/ones/incl/k2/rG256/ctl-usage,256,usage,2,499,1.5987255873733375
main/E_lab/code_leaning_hard/D_code/tau0.1/ones/incl/k2/rG256/ctl-usage,256,usage,2,500,1.6630650554398017
main/E_lab/code_leaning_hard/D_code/tau0.1/ones/incl/k2/rG256/ctl-usage,256,usage,2,501,1.5325150979570026
main/E_lab/code_leaning_hard/D_code/tau0.1/ones/incl/k2/rG256/ctl-usage,256,usage,2,502,1.8110544473938717
main/E_lab/code_leaning_hard/D_code/tau0.1/ones/incl/k2/rG256/ctl-usage,256,usage,2,503,1.9714995467775225
main/E_lab/code_leaning_hard/D_code/tau0.1/ones/incl/k2/rG256/ctl-usage,256,usage,2,504,1.982307991252128
main/E_lab/code_leaning_hard/D_code/tau0.1/ones/incl/k2/rG256/ctl-usage,256,usage,2,505,1.7758619741789516
main/E_lab/code_leaning_hard/D_code/tau0.1/ones/incl/k2/rG256/ctl-usage,256,usage,2,506,1.6730152356285544
main/E_lab/code_leaning_hard/D_code/tau0.1/ones/incl/k2/rG256/ctl-usage,256,usage,2,507,1.425603355981366
main/E_lab/code_leaning_hard/D_code/tau0.1/ones/incl/k2/rG256/ctl-usage,256,usage,2,508,1.6839853705023415
main/E_lab/code_leaning_hard/D_code/tau0.1/ones/incl/k2/rG256/ctl-usage,256,usage,2,509,1.787450282230111
main/E_lab/code_leaning_hard/D_code/tau0.1/ones/incl/k2/rG256/ctl-usage,256,usage,2,510,1.5786666842577688
main/E_lab/code_leaning_hard/D_code/tau0.1/ones/incl/k2/rG256/ctl-usage,256,usage,2,511,1.7635082805927595
main/E_lab/code_leaning_hard/D_code/tau0.1/ones/incl/k3/rG256/ctl-usage,256,usage,3,0,0.7278564876996825
main/E_lab/code_leaning_hard/D_code/tau0.1/ones/incl/k3/rG256/ctl-usage,256,usage,3,1,0.6856128766994516
main/E_lab/code_leaning_hard/D_code/tau0.1/ones/incl/k3/rG256/ctl-usage,256,usage,3,2,0.8085954023463273
main/E_lab/code_leaning_hard/D_code/tau0.1/ones/incl/k3/rG256/ctl-usage,256,usage,3,3,0.6664804964548239
main/E_lab/code_leaning_hard/D_code/tau0.1/ones/incl/k3/rG256/ctl-usage,256,usage,3,4,0.45961743431143987
main/E_lab/code_leaning_hard/D_code/tau0.1/ones/incl/k3/rG256/ctl-usage,256,usage,3,5,0.839173117728933
main/E_lab/code_leaning_hard/D_code/tau0.1/ones/incl/k3/rG256/ctl-usage,256,usage,3,6,1.0850356119362914
main/E_lab/code_leaning_hard/D_code/tau0.1/ones/incl/k3/rG256/ctl-usage,256,usage,3,7,0.7057408525270148
main/E_lab/code_leaning_hard/D_code/tau0.1/ones/incl/k3/rG256/ctl-usage,256,usage,3,8,1.0054757163070462
main/E_lab/code_leaning_hard/D_code/tau0.1/ones/incl/k3/rG256/ctl-usage,256,usage,3,9,0.91176815873132
main/E_lab/code_leaning_hard/D_code/tau0.1/ones/incl/k3/rG256/ctl-usage,256,usage,3,10,0.7048115595653144
main/E_lab/code_leaning_hard/D_code/tau0.1/ones/incl/k3/rG256/ctl-usage,256,usage,3,11,0.5090312583818104
main/E_lab/code_leaning_hard/D_code/tau0.1/ones/incl/k3/rG256/ctl-usage,256,usage,3,12,0.48703358459260926
main/E_lab/code_leaning_hard/D_code/tau0.1/ones/incl/k3/rG256/ctl-usage,256,usage,3,13,0.6663514983738423
main/E_lab/code_leaning_hard/D_code/tau0.1/ones/incl/k3/rG256/ctl-usage,256,usage,3,14,0.7594195395367933
main/E_lab/code_leaning_hard/D_code/tau0.1/ones/incl/k3/rG256/ctl-usage,256,usage,3,15,0.7407748874802564
main/E_lab/code_leaning_hard/D_code/tau0.1/ones/incl/k3/rG256/ctl-usage,256,usage,3,16,0.6138781272038614
main/E_lab/code_leaning_hard/D_code/tau0.1/ones/incl/k3/rG256/ctl-usage,256,usage,3,17,0.8253601411179261
main/E_lab/code_leaning_hard/D_code/tau0.1/ones/incl/k3/rG256/ctl-usage,256,usage,3,18,0.5967111833570016
main/E_lab/code_leaning_hard/D_code/tau0.1/ones/incl/k3/rG256/ctl-usage,256,usage,3,19,0.5509658741884778
main/E_lab/code_leaning_hard/D_code/tau0.1/ones/incl/k3/rG256/ctl-usage,256,usage,3,20,0.7525621707802657
main/E_lab/code_leaning_hard/D_code/tau0.1/ones/incl/k3/rG256/ctl-usage,256,usage,3,21,0.6538865189286298
main/E_lab/code_leaning_hard/D_code/tau0.1/ones/incl/k3/rG256/ctl-usage,256,usage,3,22,0.6764276456251537
main/E_lab/code_leaning_hard/D_code/tau0.1/ones/incl/k3/rG256/ctl-usage,256,usage,3,23,0.7694127741488046
main/E_lab/code_leaning_hard/D_code/tau0.1/ones/incl/k3/rG256/ctl-usage,256,usage,3,24,0.6792142075682932
main/E_lab/code_leaning_hard/D_code/tau0.1/ones/incl/k3/rG256/ctl-usage,256,usage,3,25,0.6555776276557026
main/E_lab/code_leaning_hard/D_code/tau0.1/ones/incl/k3/rG256/ctl-usage,256,usage,3,26,0.9675592090898135
main/E_lab/code_leaning_hard/D_code/tau0.1/ones/incl/k3/rG256/ctl-usage,256,usage,3,27,1.018812172827893
main/E_lab/code_leaning_hard/D_code/tau0.1/ones/incl/k3/rG256/ctl-usage,256,usage,3,28,0.7951710270008334
main/E_lab/code_leaning_hard/D_code/tau0.1/ones/incl/k3/rG256/ctl-usage,256,usage,3,29,0.7281323515417171
main/E_lab/code_leaning_hard/D_code/tau0.1/ones/incl/k3/rG256/ctl-usage,256,usage,3,30,0.5533116295300715
main/E_lab/code_leaning_hard/D_code/tau0.1/ones/incl/k3/rG256/ctl-usage,256,usage,3,31,0.757249902593685
main/E_lab/code_leaning_hard/D_code/tau0.1/ones/incl/k3/rG256/ctl-usage,256,usage,3,32,0.5859729202029484
main/E_lab/code_leaning_hard/D_code/tau0.1/ones/incl/k3/rG256/ctl-usage,256,usage,3,33,0.8982464196312776
main/E_lab/code_leaning_hard/D_code/tau0.1/ones/incl/k3/rG256/ctl-usage,256,usage,3,34,1.0784853186951295
main/E_lab/code_leaning_hard/D_code/tau0.1/ones/incl/k3/rG256/ctl-usage,256,usage,3,35,0.7186220188759762
main/E_lab/code_leaning_hard/D_code/tau0.1/ones/incl/k3/rG256/ctl-usage,256,usage,3,36,0.8427137178296107
main/E_lab/code_leaning_hard/D_code/tau0.1/ones/incl/k3/rG256/ctl-usage,256,usage,3,37,0.6047387382977831
main/E_lab/code_leaning_hard/D_code/tau0.1/ones/incl/k3/rG256/ctl-usage,256,usage,3,38,0.9134000257608932
main/E_lab/code_leaning_hard/D_code/tau0.1/ones/incl/k3/rG256/ctl-usage,256,usage,3,39,1.4192673438092243
main/E_lab/code_leaning_hard/D_code/tau0.1/ones/incl/k3/rG256/ctl-usage,256,usage,3,40,1.325322768906517
main/E_lab/code_leaning_hard/D_code/tau0.1/ones/incl/k3/rG256/ctl-usage,256,usage,3,41,1.917190189270741
main/E_lab/code_leaning_hard/D_code/tau0.1/ones/incl/k3/rG256/ctl-usage,256,usage,3,42,1.088160624176453
main/E_lab/code_leaning_hard/D_code/tau0.1/ones/incl/k3/rG256/ctl-usage,256,usage,3,43,0.6099714030842733
main/E_lab/code_leaning_hard/D_code/tau0.1/ones/incl/k3/rG256/ctl-usage,256,usage,3,44,0.4706109451581142
main/E_lab/code_leaning_hard/D_code/tau0.1/ones/incl/k3/rG256/ctl-usage,256,usage,3,45,0.6067454657750204
main/E_lab/code_leaning_hard/D_code/tau0.1/ones/incl/k3/rG256/ctl-usage,256,usage,3,46,1.0001299744112657
main/E_lab/code_leaning_hard/D_code/tau0.1/ones/incl/k3/rG256/ctl-usage,256,usage,3,47,0.9354034987545674
main/E_lab/code_leaning_hard/D_code/tau0.1/ones/incl/k3/rG256/ctl-usage,256,usage,3,48,0.6999504099449041
main/E_lab/code_leaning_hard/D_code/tau0.1/ones/incl/k3/rG256/ctl-usage,256,usage,3,49,0.7272879542915689
main/E_lab/code_leaning_hard/D_code/tau0.1/ones/incl/k3/rG256/ctl-usage,256,usage,3,50,0.8989722482690468
main/E_lab/code_leaning_hard/D_code/tau0.1/ones/incl/k3/rG256/ctl-usage,256,usage,3,51,1.1664033795314026
main/E_lab/code_leaning_hard/D_code/tau0.1/ones/incl/k3/rG256/ctl-usage,256,usage,3,52,0.8120887071847847
main/E_lab/code_leaning_hard/D_code/tau0.1/ones/incl/k3/rG256/ctl-usage,256,usage,3,53,0.8547044219567397
main/E_lab/code_leaning_hard/D_code/tau0.1/ones/incl/k3/rG256/ctl-usage,256,usage,3,54,0.6379373307299829
main/E_lab/code_leaning_hard/D_code/tau0.1/ones/incl/k3/rG256/ctl-usage,256,usage,3,55,0.8581766496381533
main/E_lab/code_leaning_hard/D_code/tau0.1/ones/incl/k3/rG256/ctl-usage,256,usage,3,56,0.6811167318060143
main/E_lab/code_leaning_hard/D_code/tau0.1/ones/incl/k3/rG256/ctl-usage,256,usage,3,57,0.6379716800856841
main/E_lab/code_leaning_hard/D_code/tau0.1/ones/incl/k3/rG256/ctl-usage,256,usage,3,58,0.6511676990039632
main/E_lab/code_leaning_hard/D_code/tau0.1/ones/incl/k3/rG256/ctl-usage,256,usage,3,59,0.6673211597371846
main/E_lab/code_leaning_hard/D_code/tau0.1/ones/incl/k3/rG256/ctl-usage,256,usage,3,60,0.756007433290506
main/E_lab/code_leaning_hard/D_code/tau0.1/ones/incl/k3/rG256/ctl-usage,256,usage,3,61,0.5980565859299531
main/E_lab/code_leaning_hard/D_code/tau0.1/ones/incl/k3/rG256/ctl-usage,256,usage,3,62,0.575995164302185
main/E_lab/code_leaning_hard/D_code/tau0.1/ones/incl/k3/rG256/ctl-usage,256,usage,3,63,0.5762157271728938
main/E_lab/code_leaning_hard/D_code/tau0.1/ones/incl/k3/rG256/ctl-usage,256,usage,3,64,0.8398133260989198
main/E_lab/code_leaning_hard/D_code/tau0.1/ones/incl/k3/rG256/ctl-usage,256,usage,3,65,1.0095690226551142
main/E_lab/code_leaning_hard/D_code/tau0.1/ones/incl/k3/rG256/ctl-usage,256,usage,3,66,1.912623367606102
main/E_lab/code_leaning_hard/D_code/tau0.1/ones/incl/k3/rG256/ctl-usage,256,usage,3,67,3.143914509689239
main/E_lab/code_leaning_hard/D_code/tau0.1/ones/incl/k3/rG256/ctl-usage,256,usage,3,68,3.1840247128739065
main/E_lab/code_leaning_hard/D_code/tau0.1/ones/incl/k3/rG256/ctl-usage,256,usage,3,69,1.450189714665612
main/E_lab/code_leaning_hard/D_code/tau0.1/ones/incl/k3/rG256/ctl-usage,256,usage,3,70,2.768833131651263
main/E_lab/code_leaning_hard/D_code/tau0.1/ones/incl/k3/rG256/ctl-usage,256,usage,3,71,2.7414288626760026
main/E_lab/code_leaning_hard/D_code/tau0.1/ones/incl/k3/rG256/ctl-usage,256,usage,3,72,2.731415859781464
main/E_lab/code_leaning_hard/D_code/tau0.1/ones/incl/k3/rG256/ctl-usage,256,usage,3,73,2.607279356196159
main/E_lab/code_leaning_hard/D_code/tau0.1/ones/incl/k3/rG256/ctl-usage,256,usage,3,74,1.6365794657986044
main/E_lab/code_leaning_hard/D_code/tau0.1/ones/incl/k3/rG256/ctl-usage,256,usage,3,75,2.40006640446245
main/E_lab/code_leaning_hard/D_code/tau0.1/ones/incl/k3/rG256/ctl-usage,256,usage,3,76,2.419948213283533
main/E_lab/code_leaning_hard/D_code/tau0.1/ones/incl/k3/rG256/ctl-usage,256,usage,3,77,2.4815745535015594
main/E_lab/code_leaning_hard/D_code/tau0.1/ones/incl/k3/rG256/ctl-usage,256,usage,3,78,2.5303082569571416
main/E_lab/code_leaning_hard/D_code/tau0.1/ones/incl/k3/rG256/ctl-usage,256,usage,3,79,1.8211035202994026
main/E_lab/code_leaning_hard/D_code/tau0.1/ones/incl/k3/rG256/ctl-usage,256,usage,3,80,2.667888550647149
main/E_lab/code_leaning_hard/D_code/tau0.1/ones/incl/k3/rG256/ctl-usage,256,usage,3,81,2.4965155230287337
main/E_lab/code_leaning_hard/D_code/tau0.1/ones/incl/k3/rG256/ctl-usage,256,usage,3,82,2.667254969041096
main/E_lab/code_leaning_hard/D_code/tau0.1/ones/incl/k3/rG256/ctl-usage,256,usage,3,83,2.6299865035000494
main/E_lab/code_leaning_hard/D_code/tau0.1/ones/incl/k3/rG256/ctl-usage,256,usage,3,84,2.650604491471313
main/E_lab/code_leaning_hard/D_code/tau0.1/ones/incl/k3/rG256/ctl-usage,256,usage,3,85,2.719351387786446
main/E_lab/code_leaning_hard/D_code/tau0.1/ones/incl/k3/rG256/ctl-usage,256,usage,3,86,2.934130290180292
main/E_lab/code_leaning_hard/D_code/tau0.1/ones/incl/k3/rG256/ctl-usage,256,usage,3,87,2.708529587483099
main/E_lab/code_leaning_hard/D_code/tau0.1/ones/incl/k3/rG256/ctl-usage,256,usage,3,88,2.656302970300203
main/E_lab/code_leaning_hard/D_code/tau0.1/ones/incl/k3/rG256/ctl-usage,256,usage,3,89,1.2351847247364276
main/E_lab/code_leaning_hard/D_code/tau0.1/ones/incl/k3/rG256/ctl-usage,256,usage,3,90,0.8630556126113333
main/E_lab/code_leaning_hard/D_code/tau0.1/ones/incl/k3/rG256/ctl-usage,256,usage,3,91,0.6476998405560153
main/E_lab/code_leaning_hard/D_code/tau0.1/ones/incl/k3/rG256/ctl-usage,256,usage,3,92,1.1955186825834971
main/E_lab/code_leaning_hard/D_code/tau0.1/ones/incl/k3/rG256/ctl-usage,256,usage,3,93,0.9246968246752658
main/E_lab/code_leaning_hard/D_code/tau0.1/ones/incl/k3/rG256/ctl-usage,256,usage,3,94,0.6297500280379609
main/E_lab/code_leaning_hard/D_code/tau0.1/ones/incl/k3/rG256/ctl-usage,256,usage,3,95,0.6765996468157027
main/E_lab/code_leaning_hard/D_code/tau0.1/ones/incl/k3/rG256/ctl-usage,256,usage,3,96,0.5644095870993624
main/E_lab/code_leaning_hard/D_code/tau0.1/ones/incl/k3/rG256/ctl-usage,256,usage,3,97,0.5852671642708174
main/E_lab/code_leaning_hard/D_code/tau0.1/ones/incl/k3/rG256/ctl-usage,256,usage,3,98,0.7182133816249916
main/E_lab/code_leaning_hard/D_code/tau0.1/ones/incl/k3/rG256/ctl-usage,256,usage,3,99,0.7873276192417507
main/E_lab/code_leaning_hard/D_code/tau0.1/ones/incl/k3/rG256/ctl-usage,256,usage,3,100,0.7950610218285874
main/E_lab/code_leaning_hard/D_code/tau0.1/ones/incl/k3/rG256/ctl-usage,256,usage,3,101,0.585145340463896
main/E_lab/code_leaning_hard/D_code/tau0.1/ones/incl/k3/rG256/ctl-usage,256,usage,3,102,0.6941295324031671
main/E_lab/code_leaning_hard/D_code/tau0.1/ones/incl/k3/rG256/ctl-usage,256,usage,3,103,0.9983101987941154
main/E_lab/code_leaning_hard/D_code/tau0.1/ones/incl/k3/rG256/ctl-usage,256,usage,3,104,0.6121774612420268
main/E_lab/code_leaning_hard/D_code/tau0.1/ones/incl/k3/rG256/ctl-usage,256,usage,3,105,0.9274112236682868
main/E_lab/code_leaning_hard/D_code/tau0.1/ones/incl/k3/rG256/ctl-usage,256,usage,3,106,0.728199225215576
main/E_lab/code_leaning_hard/D_code/tau0.1/ones/incl/k3/rG256/ctl-usage,256,usage,3,107,0.9007246709834362
main/E_lab/code_leaning_hard/D_code/tau0.1/ones/incl/k3/rG256/ctl-usage,256,usage,3,108,0.6532807800576848
main/E_lab/code_leaning_hard/D_code/tau0.1/ones/incl/k3/rG256/ctl-usage,256,usage,3,109,0.8780945548137424
main/E_lab/code_leaning_hard/D_code/tau0.1/ones/incl/k3/rG256/ctl-usage,256,usage,3,110,0.9670446621348674
main/E_lab/code_leaning_hard/D_code/tau0.1/ones/incl/k3/rG256/ctl-usage,256,usage,3,111,1.010979985270751
main/E_lab/code_leaning_hard/D_code/tau0.1/ones/incl/k3/rG256/ctl-usage,256,usage,3,112,0.7827505851901151
main/E_lab/code_leaning_hard/D_code/tau0.1/ones/incl/k3/rG256/ctl-usage,256,usage,3,113,1.0102303453898003
main/E_lab/code_leaning_hard/D_code/tau0.1/ones/incl/k3/rG256/ctl-usage,256,usage,3,114,1.0008245862929925
main/E_lab/code_leaning_hard/D_code/tau0.1/ones/incl/k3/rG256/ctl-usage,256,usage,3,115,0.9229632809610848
main/E_lab/code_leaning_hard/D_code/tau0.1/ones/incl/k3/rG256/ctl-usage,256,usage,3,116,0.6945827700815244
main/E_lab/code_leaning_hard/D_code/tau0.1/ones/incl/k3/rG256/ctl-usage,256,usage,3,117,0.8017209582367286
main/E_lab/code_leaning_hard/D_code/tau0.1/ones/incl/k3/rG256/ctl-usage,256,usage,3,118,0.7354189086563565
main/E_lab/code_leaning_hard/D_code/tau0.1/ones/incl/k3/rG256/ctl-usage,256,usage,3,119,0.7058398725439474
main/E_lab/code_leaning_hard/D_code/tau0.1/ones/incl/k3/rG256/ctl-usage,256,usage,3,120,0.685066240789638
main/E_lab/code_leaning_hard/D_code/tau0.1/ones/incl/k3/rG256/ctl-usage,256,usage,3,121,0.797772177043953
main/E_lab/code_leaning_hard/D_code/tau0.1/ones/incl/k3/rG256/ctl-usage,256,usage,3,122,1.2390120205661788
main/E_lab/code_leaning_hard/D_code/tau0.1/ones/incl/k3/rG256/ctl-usage,256,usage,3,123,1.7218289277170697
main/E_lab/code_leaning_hard/D_code/tau0.1/ones/incl/k3/rG256/ctl-usage,256,usage,3,124,1.2875399385457058
main/E_lab/code_leaning_hard/D_code/tau0.1/ones/incl/k3/rG256/ctl-usage,256,usage,3,125,0.6540176562402849
main/E_lab/code_leaning_hard/D_code/tau0.1/ones/incl/k3/rG256/ctl-usage,256,usage,3,126,0.7590325857127027
main/E_lab/code_leaning_hard/D_code/tau0.1/ones/incl/k3/rG256/ctl-usage,256,usage,3,127,0.6620466215458691
main/E_lab/code_leaning_hard/D_code/tau0.1/ones/incl/k3/rG256/ctl-usage,256,usage,3,128,0.6229502284350019
main/E_lab/code_leaning_hard/D_code/tau0.1/ones/incl/k3/rG256/ctl-usage,256,usage,3,129,0.8412507960883886
main/E_lab/code_leaning_hard/D_code/tau0.1/ones/incl/k3/rG256/ctl-usage,256,usage,3,130,0.8107294983078646
main/E_lab/code_leaning_hard/D_code/tau0.1/ones/incl/k3/rG256/ctl-usage,256,usage,3,131,0.8401922564062261
main/E_lab/code_leaning_hard/D_code/tau0.1/ones/incl/k3/rG256/ctl-usage,256,usage,3,132,0.7764939778835469
main/E_lab/code_leaning_hard/D_code/tau0.1/ones/incl/k3/rG256/ctl-usage,256,usage,3,133,0.8695963645473057
main/E_lab/code_leaning_hard/D_code/tau0.1/ones/incl/k3/rG256/ctl-usage,256,usage,3,134,0.528297773000304
main/E_lab/code_leaning_hard/D_code/tau0.1/ones/incl/k3/rG256/ctl-usage,256,usage,3,135,0.46714653980779985
main/E_lab/code_leaning_hard/D_code/tau0.1/ones/incl/k3/rG256/ctl-usage,256,usage,3,136,0.792422829885254
main/E_lab/code_leaning_hard/D_code/tau0.1/ones/incl/k3/rG256/ctl-usage,256,usage,3,137,0.9393354994444962
main/E_lab/code_leaning_hard/D_code/tau0.1/ones/incl/k3/rG256/ctl-usage,256,usage,3,138,0.8385945004947644
main/E_lab/code_leaning_hard/D_code/tau0.1/ones/incl/k3/rG256/ctl-usage,256,usage,3,139,0.8998337995135444
main/E_lab/code_leaning_hard/D_code/tau0.1/ones/incl/k3/rG256/ctl-usage,256,usage,3,140,0.932539974228348
main/E_lab/code_leaning_hard/D_code/tau0.1/ones/incl/k3/rG256/ctl-usage,256,usage,3,141,1.0851178186912875
main/E_lab/code_leaning_hard/D_code/tau0.1/ones/incl/k3/rG256/ctl-usage,256,usage,3,142,1.0259570865273417
main/E_lab/code_leaning_hard/D_code/tau0.1/ones/incl/k3/rG256/ctl-usage,256,usage,3,143,0.9957202650730324
main/E_lab/code_leaning_hard/D_code/tau0.1/ones/incl/k3/rG256/ctl-usage,256,usage,3,144,0.9847723747752752
main/E_lab/code_leaning_hard/D_code/tau0.1/ones/incl/k3/rG256/ctl-usage,256,usage,3,145,0.9699289545860665
main/E_lab/code_leaning_hard/D_code/tau0.1/ones/incl/k3/rG256/ctl-usage,256,usage,3,146,1.3708540292354883
main/E_lab/code_leaning_hard/D_code/tau0.1/ones/incl/k3/rG256/ctl-usage,256,usage,3,147,0.7681841531884857
main/E_lab/code_leaning_hard/D_code/tau0.1/ones/incl/k3/rG256/ctl-usage,256,usage,3,148,1.4872668933630848
main/E_lab/code_leaning_hard/D_code/tau0.1/ones/incl/k3/rG256/ctl-usage,256,usage,3,149,1.8449885017239467
main/E_lab/code_leaning_hard/D_code/tau0.1/ones/incl/k3/rG256/ctl-usage,256,usage,3,150,1.5246350746938333
main/E_lab/code_leaning_hard/D_code/tau0.1/ones/incl/k3/rG256/ctl-usage,256,usage,3,151,1.4444825559887704
main/E_lab/code_leaning_hard/D_code/tau0.1/ones/incl/k3/rG256/ctl-usage,256,usage,3,152,1.5993673578564085
main/E_lab/code_leaning_hard/D_code/tau0.1/ones/incl/k3/rG256/ctl-usage,256,usage,3,153,1.1434340364230593
main/E_lab/code_leaning_hard/D_code/tau0.1/ones/incl/k3/rG256/ctl-usage,256,usage,3,154,1.7916537221544786
main/E_lab/code_leaning_hard/D_code/tau0.1/ones/incl/k3/rG256/ctl-usage,256,usage,3,155,2.3736595166947154
main/E_lab/code_leaning_hard/D_code/tau0.1/ones/incl/k3/rG256/ctl-usage,256,usage,3,156,2.100480827570209
main/E_lab/code_leaning_hard/D_code/tau0.1/ones/incl/k3/rG256/ctl-usage,256,usage,3,157,2.1822016268224615
main/E_lab/code_leaning_hard/D_code/tau0.1/ones/incl/k3/rG256/ctl-usage,256,usage,3,158,1.3155562374313376
main/E_lab/code_leaning_hard/D_code/tau0.1/ones/incl/k3/rG256/ctl-usage,256,usage,3,159,0.9270254531168121
main/E_lab/code_leaning_hard/D_code/tau0.1/ones/incl/k3/rG256/ctl-usage,256,usage,3,160,1.0628713527389664
main/E_lab/code_leaning_hard/D_code/tau0.1/ones/incl/k3/rG256/ctl-usage,256,usage,3,161,1.2451632338816125
main/E_lab/code_leaning_hard/D_code/tau0.1/ones/incl/k3/rG256/ctl-usage,256,usage,3,162,0.9041260286858233
main/E_lab/code_leaning_hard/D_code/tau0.1/ones/incl/k3/rG256/ctl-usage,256,usage,3,163,0.7552174034360633
main/E_lab/code_leaning_hard/D_code/tau0.1/ones/incl/k3/rG256/ctl-usage,256,usage,3,164,0.5429553241951908
main/E_lab/code_leaning_hard/D_code/tau0.1/ones/incl/k3/rG256/ctl-usage,256,usage,3,165,0.4380784925670014
main/E_lab/code_leaning_hard/D_code/tau0.1/ones/incl/k3/rG256/ctl-usage,256,usage,3,166,0.589624439851832
main/E_lab/code_leaning_hard/D_code/tau0.1/ones/incl/k3/rG256/ctl-usage,256,usage,3,167,0.616611946014018
main/E_lab/code_leaning_hard/D_code/tau0.1/ones/incl/k3/rG256/ctl-usage,256,usage,3,168,0.6655548403687135
main/E_lab/code_leaning_hard/D_code/tau0.1/ones/incl/k3/rG256/ctl-usage,256,usage,3,169,0.7527935179259657
main/E_lab/code_leaning_hard/D_code/tau0.1/ones/incl/k3/rG256/ctl-usage,256,usage,3,170,0.7047588977056876
main/E_lab/code_leaning_hard/D_code/tau0.1/ones/incl/k3/rG256/ctl-usage,256,usage,3,171,0.5636319795630698
main/E_lab/code_leaning_hard/D_code/tau0.1/ones/incl/k3/rG256/ctl-usage,256,usage,3,172,0.7675252233002539
main/E_lab/code_leaning_hard/D_code/tau0.1/ones/incl/k3/rG256/ctl-usage,256,usage,3,173,0.8683878992142127
main/E_lab/code_leaning_hard/D_code/tau0.1/ones/incl/k3/rG256/ctl-usage,256,usage,3,174,1.1702889806056191
main/E_lab/code_leaning_hard/D_code/tau0.1/ones/incl/k3/rG256/ctl-usage,256,usage,3,175,1.0448826782121614
main/E_lab/code_leaning_hard/D_code/tau0.1/ones/incl/k3/rG256/ctl-usage,256,usage,3,176,1.0570630402598908
main/E_lab/code_leaning_hard/D_code/tau0.1/ones/incl/k3/rG256/ctl-usage,256,usage,3,177,0.9889455272586929
main/E_lab/code_leaning_hard/D_code/tau0.1/ones/incl/k3/rG256/ctl-usage,256,usage,3,178,0.8067649684262506
main/E_lab/code_leaning_hard/D_code/tau0.1/ones/incl/k3/rG256/ctl-usage,256,usage,3,179,0.7691524296478747
main/E_lab/code_leaning_hard/D_code/tau0.1/ones/incl/k3/rG256/ctl-usage,256,usage,3,180,0.7071145893232824
main/E_lab/code_leaning_hard/D_code/tau0.1/ones/incl/k3/rG256/ctl-usage,256,usage,3,181,0.5803964384904248
main/E_lab/code_leaning_hard/D_code/tau0.1/ones/incl/k3/rG256/ctl-usage,256,usage,3,182,0.7978359993071535
main/E_lab/code_leaning_hard/D_code/tau0.1/ones/incl/k3/rG256/ctl-usage,256,usage,3,183,0.6024068050146525
main/E_lab/code_leaning_hard/D_code/tau0.1/ones/incl/k3/rG256/ctl-usage,256,usage,3,184,0.5589818895855387
main/E_lab/code_leaning_hard/D_code/tau0.1/ones/incl/k3/rG256/ctl-usage,256,usage,3,185,0.9000044717413402
main/E_lab/code_leaning_hard/D_code/tau0.1/ones/incl/k3/rG256/ctl-usage,256,usage,3,186,0.41204399184834983
main/E_lab/code_leaning_hard/D_code/tau0.1/ones/incl/k3/rG256/ctl-usage,256,usage,3,187,0.6469704339806412
main/E_lab/code_leaning_hard/D_code/tau0.1/ones/incl/k3/rG256/ctl-usage,256,usage,3,188,0.5584255259127531
main/E_lab/code_leaning_hard/D_code/tau0.1/ones/incl/k3/rG256/ctl-usage,256,usage,3,189,0.7908722548290825
main/E_lab/code_leaning_hard/D_code/tau0.1/ones/incl/k3/rG256/ctl-usage,256,usage,3,190,1.0449818385877734
main/E_lab/code_leaning_hard/D_code/tau0.1/ones/incl/k3/rG256/ctl-usage,256,usage,3,191,0.683537333449749
main/E_lab/code_leaning_hard/D_code/tau0.1/ones/incl/k3/rG256/ctl-usage,256,usage,3,192,0.6304885251420274
main/E_lab/code_leaning_hard/D_code/tau0.1/ones/incl/k3/rG256/ctl-usage,256,usage,3,193,1.1059530420843657
main/E_lab/code_leaning_hard/D_code/tau0.1/ones/incl/k3/rG256/ctl-usage,256,usage,3,194,1.0233481201012182
main/E_lab/code_leaning_hard/D_code/tau0.1/ones/incl/k3/rG256/ctl-usage,256,usage,3,195,0.886468773363049
main/E_lab/code_leaning_hard/D_code/tau0.1/ones/incl/k3/rG256/ctl-usage,256,usage,3,196,0.6853279151541756
main/E_lab/code_leaning_hard/D_code/tau0.1/ones/incl/k3/rG256/ctl-usage,256,usage,3,197,0.7276104306288289
main/E_lab/code_leaning_hard/D_code/tau0.1/ones/incl/k3/rG256/ctl-usage,256,usage,3,198,0.614736838690078
main/E_lab/code_leaning_hard/D_code/tau0.1/ones/incl/k3/rG256/ctl-usage,256,usage,3,199,0.9880316760309142
main/E_lab/code_leaning_hard/D_code/tau0.1/ones/incl/k3/rG256/ctl-usage,256,usage,3,200,0.7318361088637175
main/E_lab/code_leaning_hard/D_code/tau0.1/ones/incl/k3/rG256/ctl-usage,256,usage,3,201,0.7095029125503061
main/E_lab/code_leaning_hard/D_code/tau0.1/ones/incl/k3/rG256/ctl-usage,256,usage,3,202,0.9286556216184181
main/E_lab/code_leaning_hard/D_code/tau0.1/ones/incl/k3/rG256/ctl-usage,256,usage,3,203,0.7556830998464648
main/E_lab/code_leaning_hard/D_code/tau0.1/ones/incl/k3/rG256/ctl-usage,256,usage,3,204,0.6090757046122235
main/E_lab/code_leaning_hard/D_code/tau0.1/ones/incl/k3/rG256/ctl-usage,256,usage,3,205,0.8039859815535237
main/E_lab/code_leaning_hard/D_code/tau0.1/ones/incl/k3/rG256/ctl-usage,256,usage,3,206,0.7175887356825115
main/E_lab/code_leaning_hard/D_code/tau0.1/ones/incl/k3/rG256/ctl-usage,256,usage,3,207,0.6723166395177032
main/E_lab/code_leaning_hard/D_code/tau0.1/ones/incl/k3/rG256/ctl-usage,256,usage,3,208,0.6578584794542621
main/E_lab/code_leaning_hard/D_code/tau0.1/ones/incl/k3/rG256/ctl-usage,256,usage,3,209,0.8050288782906136
main/E_lab/code_leaning_hard/D_code/tau0.1/ones/incl/k3/rG256/ctl-usage,256,usage,3,210,2.5785795908859654
main/E_lab/code_leaning_hard/D_code/tau0.1/ones/incl/k3/rG256/ctl-usage,256,usage,3,211,3.0240014141236315
main/E_lab/code_leaning_hard/D_code/tau0.1/ones/incl/k3/rG256/ctl-usage,256,usage,3,212,2.180198843934704
main/E_lab/code_leaning_hard/D_code/tau0.1/ones/incl/k3/rG256/ctl-usage,256,usage,3,213,0.8484343195068504
main/E_lab/code_leaning_hard/D_code/tau0.1/ones/incl/k3/rG256/ctl-usage,256,usage,3,214,0.91888495900821
main/E_lab/code_leaning_hard/D_code/tau0.1/ones/incl/k3/rG256/ctl-usage,256,usage,3,215,1.1708308236757148
main/E_lab/code_leaning_hard/D_code/tau0.1/ones/incl/k3/rG256/ctl-usage,256,usage,3,216,1.5797592889821317
main/E_lab/code_leaning_hard/D_code/tau0.1/ones/incl/k3/rG256/ctl-usage,256,usage,3,217,1.0904971475010825
main/E_lab/code_leaning_hard/D_code/tau0.1/ones/incl/k3/rG256/ctl-usage,256,usage,3,218,1.0505500744793608
main/E_lab/code_leaning_hard/D_code/tau0.1/ones/incl/k3/rG256/ctl-usage,256,usage,3,219,1.0766540593494938
main/E_lab/code_leaning_hard/D_code/tau0.1/ones/incl/k3/rG256/ctl-usage,256,usage,3,220,1.1223029215352653
main/E_lab/code_leaning_hard/D_code/tau0.1/ones/incl/k3/rG256/ctl-usage,256,usage,3,221,1.2853462821140056
main/E_lab/code_leaning_hard/D_code/tau0.1/ones/incl/k3/rG256/ctl-usage,256,usage,3,222,0.9313519757315589
main/E_lab/code_leaning_hard/D_code/tau0.1/ones/incl/k3/rG256/ctl-usage,256,usage,3,223,1.0879567008432787
main/E_lab/code_leaning_hard/D_code/tau0.1/ones/incl/k3/rG256/ctl-usage,256,usage,3,224,0.8797719823469379
main/E_lab/code_leaning_hard/D_code/tau0.1/ones/incl/k3/rG256/ctl-usage,256,usage,3,225,2.3001378180942993
main/E_lab/code_leaning_hard/D_code/tau0.1/ones/incl/k3/rG256/ctl-usage,256,usage,3,226,1.443950570324887
main/E_lab/code_leaning_hard/D_code/tau0.1/ones/incl/k3/rG256/ctl-usage,256,usage,3,227,0.8454403070754779
main/E_lab/code_leaning_hard/D_code/tau0.1/ones/incl/k3/rG256/ctl-usage,256,usage,3,228,0.8372782234191618
main/E_lab/code_leaning_hard/D_code/tau0.1/ones/incl/k3/rG256/ctl-usage,256,usage,3,229,0.8884819556933508
main/E_lab/code_leaning_hard/D_code/tau0.1/ones/incl/k3/rG256/ctl-usage,256,usage,3,230,0.7771149769905605
main/E_lab/code_leaning_hard/D_code/tau0.1/ones/incl/k3/rG256/ctl-usage,256,usage,3,231,0.9596921009069774
main/E_lab/code_leaning_hard/D_code/tau0.1/ones/incl/k3/rG256/ctl-usage,256,usage,3,232,0.9531275870212994
main/E_lab/code_leaning_hard/D_code/tau0.1/ones/incl/k3/rG256/ctl-usage,256,usage,3,233,1.1190430789424681
main/E_lab/code_leaning_hard/D_code/tau0.1/ones/incl/k3/rG256/ctl-usage,256,usage,3,234,1.1401342889466832
main/E_lab/code_leaning_hard/D_code/tau0.1/ones/incl/k3/rG256/ctl-usage,256,usage,3,235,0.8262084277866961
main/E_lab/code_leaning_hard/D_code/tau0.1/ones/incl/k3/rG256/ctl-usage,256,usage,3,236,1.3426012800791796
main/E_lab/code_leaning_hard/D_code/tau0.1/ones/incl/k3/rG256/ctl-usage,256,usage,3,237,0.8622475624979415
main/E_lab/code_leaning_hard/D_code/tau0.1/ones/incl/k3/rG256/ctl-usage,256,usage,3,238,0.4596866039773886
main/E_lab/code_leaning_hard/D_code/tau0.1/ones/incl/k3/rG256/ctl-usage,256,usage,3,239,0.5497982143260742
main/E_lab/code_leaning_hard/D_code/tau0.1/ones/incl/k3/rG256/ctl-usage,256,usage,3,240,0.5684016129373504
main/E_lab/code_leaning_hard/D_code/tau0.1/ones/incl/k3/rG256/ctl-usage,256,usage,3,241,0.5973851889759771
main/E_lab/code_leaning_hard/D_code/tau0.1/ones/incl/k3/rG256/ctl-usage,256,usage,3,242,0.6917324540604568
main/E_lab/code_leaning_hard/D_code/tau0.1/ones/incl/k3/rG256/ctl-usage,256,usage,3,243,0.37417437861222425
main/E_lab/code_leaning_hard/D_code/tau0.1/ones/incl/k3/rG256/ctl-usage,256,usage,3,244,0.3651509111714404
main/E_lab/code_leaning_hard/D_code/tau0.1/ones/incl/k3/rG256/ctl-usage,256,usage,3,245,0.5559866910502933
main/E_lab/code_leaning_hard/D_code/tau0.1/ones/incl/k3/rG256/ctl-usage,256,usage,3,246,0.5423698682034228
main/E_lab/code_leaning_hard/D_code/tau0.1/ones/incl/k3/rG256/ctl-usage,256,usage,3,247,0.6643829411077604
main/E_lab/code_leaning_hard/D_code/tau0.1/ones/incl/k3/rG256/ctl-usage,256,usage,3,248,0.5427436129639318
main/E_lab/code_leaning_hard/D_code/tau0.1/ones/incl/k3/rG256/ctl-usage,256,usage,3,249,0.29999629336543876
main/E_lab/code_leaning_hard/D_code/tau0.1/ones/incl/k3/rG256/ctl-usage,256,usage,3,250,0.45556568629945104
main/E_lab/code_leaning_hard/D_code/tau0.1/ones/incl/k3/rG256/ctl-usage,256,usage,3,251,0.5198516566269973
main/E_lab/code_leaning_hard/D_code/tau0.1/ones/incl/k3/rG256/ctl-usage,256,usage,3,252,0.5366582642418507
main/E_lab/code_leaning_hard/D_code/tau0.1/ones/incl/k3/rG256/ctl-usage,256,usage,3,253,0.7071499036555906
main/E_lab/code_leaning_hard/D_code/tau0.1/ones/incl/k3/rG256/ctl-usage,256,usage,3,254,0.4383012826056074
main/E_lab/code_leaning_hard/D_code/tau0.1/ones/incl/k3/rG256/ctl-usage,256,usage,3,255,0.3887432858691682
main/E_lab/code_leaning_hard/D_code/tau0.1/ones/incl/k3/rG256/ctl-usage,256,usage,3,256,2.1409630144680705
main/E_lab/code_leaning_hard/D_code/tau0.1/ones/incl/k3/rG256/ctl-usage,256,usage,3,257,2.610843570059842
main/E_lab/code_leaning_hard/D_code/tau0.1/ones/incl/k3/rG256/ctl-usage,256,usage,3,258,2.5781075029299245
main/E_lab/code_leaning_hard/D_code/tau0.1/ones/incl/k3/rG256/ctl-usage,256,usage,3,259,2.478840761185893
main/E_lab/code_leaning_hard/D_code/tau0.1/ones/incl/k3/rG256/ctl-usage,256,usage,3,260,1.9205283833862268
main/E_lab/code_leaning_hard/D_code/tau0.1/ones/incl/k3/rG256/ctl-usage,256,usage,3,261,2.312942298532107
main/E_lab/code_leaning_hard/D_code/tau0.1/ones/incl/k3/rG256/ctl-usage,256,usage,3,262,2.1824794623157686
main/E_lab/code_leaning_hard/D_code/tau0.1/ones/incl/k3/rG256/ctl-usage,256,usage,3,263,2.877520477915823
main/E_lab/code_leaning_hard/D_code/tau0.1/ones/incl/k3/rG256/ctl-usage,256,usage,3,264,2.9461524516318605
main/E_lab/code_leaning_hard/D_code/tau0.1/ones/incl/k3/rG256/ctl-usage,256,usage,3,265,2.3885679348168196
main/E_lab/code_leaning_hard/D_code/tau0.1/ones/incl/k3/rG256/ctl-usage,256,usage,3,266,2.30559293251099
main/E_lab/code_leaning_hard/D_code/tau0.1/ones/incl/k3/rG256/ctl-usage,256,usage,3,267,2.1674501892534863
main/E_lab/code_leaning_hard/D_code/tau0.1/ones/incl/k3/rG256/ctl-usage,256,usage,3,268,2.0226684223762277
main/E_lab/code_leaning_hard/D_code/tau0.1/ones/incl/k3/rG256/ctl-usage,256,usage,3,269,1.9143926285237285
main/E_lab/code_leaning_hard/D_code/tau0.1/ones/incl/k3/rG256/ctl-usage,256,usage,3,270,2.0323270379121823
main/E_lab/code_leaning_hard/D_code/tau0.1/ones/incl/k3/rG256/ctl-usage,256,usage,3,271,1.9274921899404944
main/E_lab/code_leaning_hard/D_code/tau0.1/ones/incl/k3/rG256/ctl-usage,256,usage,3,272,1.701359298308489
main/E_lab/code_leaning_hard/D_code/tau0.1/ones/incl/k3/rG256/ctl-usage,256,usage,3,273,2.0937173619640816
main/E_lab/code_leaning_hard/D_code/tau0.1/ones/incl/k3/rG256/ctl-usage,256,usage,3,274,2.2573966042264146
main/E_lab/code_leaning_hard/D_code/tau0.1/ones/incl/k3/rG256/ctl-usage,256,usage,3,275,1.8973619311946095
main/E_lab/code_leaning_hard/D_code/tau0.1/ones/incl/k3/rG256/ctl-usage,256,usage,3,276,2.12302094252027
main/E_lab/code_leaning_hard/D_code/tau0.1/ones/incl/k3/rG256/ctl-usage,256,usage,3,277,1.9756603877976886
main/E_lab/code_leaning_hard/D_code/tau0.1/ones/incl/k3/rG256/ctl-usage,256,usage,3,278,2.060022297268006
main/E_lab/code_leaning_hard/D_code/tau0.1/ones/incl/k3/rG256/ctl-usage,256,usage,3,279,2.052093412319209
main/E_lab/code_leaning_hard/D_code/tau0.1/ones/incl/k3/rG256/ctl-usage,256,usage,3,280,1.5033352392438246
main/E_lab/code_leaning_hard/D_code/tau0.1/ones/incl/k3/rG256/ctl-usage,256,usage,3,281,2.236898934180772
main/E_lab/code_leaning_hard/D_code/tau0.1/ones/incl/k3/rG256/ctl-usage,256,usage,3,282,2.0244717970981583
main/E_lab/code_leaning_hard/D_code/tau0.1/ones/incl/k3/rG256/ctl-usage,256,usage,3,283,2.584260652068224
main/E_lab/code_leaning_hard/D_code/tau0.1/ones/incl/k3/rG256/ctl-usage,256,usage,3,284,2.3684216707033556
main/E_lab/code_leaning_hard/D_code/tau0.1/ones/incl/k3/rG256/ctl-usage,256,usage,3,285,1.9664138584730608
main/E_lab/code_leaning_hard/D_code/tau0.1/ones/incl/k3/rG256/ctl-usage,256,usage,3,286,2.2239301767694997
main/E_lab/code_leaning_hard/D_code/tau0.1/ones/incl/k3/rG256/ctl-usage,256,usage,3,287,2.1026483661898965
main/E_lab/code_leaning_hard/D_code/tau0.1/ones/incl/k3/rG256/ctl-usage,256,usage,3,288,1.999341780830946
main/E_lab/code_leaning_hard/D_code/tau0.1/ones/incl/k3/rG256/ctl-usage,256,usage,3,289,1.926378402962655
main/E_lab/code_leaning_hard/D_code/tau0.1/ones/incl/k3/rG256/ctl-usage,256,usage,3,290,2.023591741227392
main/E_lab/code_leaning_hard/D_code/tau0.1/ones/incl/k3/rG256/ctl-usage,256,usage,3,291,2.1215490899735414
main/E_lab/code_leaning_hard/D_code/tau0.1/ones/incl/k3/rG256/ctl-usage,256,usage,3,292,2.0760914554293777
main/E_lab/code_leaning_hard/D_code/tau0.1/ones/incl/k3/rG256/ctl-usage,256,usage,3,293,2.237048497824617
main/E_lab/code_leaning_hard/D_code/tau0.1/ones/incl/k3/rG256/ctl-usage,256,usage,3,294,2.0834180334641133
main/E_lab/code_leaning_hard/D_code/tau0.1/ones/incl/k3/rG256/ctl-usage,256,usage,3,295,2.229630717831242
main/E_lab/code_leaning_hard/D_code/tau0.1/ones/incl/k3/rG256/ctl-usage,256,usage,3,296,2.0838884872500785
main/E_lab/code_leaning_hard/D_code/tau0.1/ones/incl/k3/rG256/ctl-usage,256,usage,3,297,1.7420659149997846
main/E_lab/code_leaning_hard/D_code/tau0.1/ones/incl/k3/rG256/ctl-usage,256,usage,3,298,2.084015259741136
main/E_lab/code_leaning_hard/D_code/tau0.1/ones/incl/k3/rG256/ctl-usage,256,usage,3,299,1.5952003201546177
main/E_lab/code_leaning_hard/D_code/tau0.1/ones/incl/k3/rG256/ctl-usage,256,usage,3,300,1.7957376920903698
main/E_lab/code_leaning_hard/D_code/tau0.1/ones/incl/k3/rG256/ctl-usage,256,usage,3,301,1.7890951896335991
main/E_lab/code_leaning_hard/D_code/tau0.1/ones/incl/k3/rG256/ctl-usage,256,usage,3,302,1.643608592245073
main/E_lab/code_leaning_hard/D_code/tau0.1/ones/incl/k3/rG256/ctl-usage,256,usage,3,303,2.2376827042271543
main/E_lab/code_leaning_hard/D_code/tau0.1/ones/incl/k3/rG256/ctl-usage,256,usage,3,304,2.4589387064424955
main/E_lab/code_leaning_hard/D_code/tau0.1/ones/incl/k3/rG256/ctl-usage,256,usage,3,305,2.436392717135277
main/E_lab/code_leaning_hard/D_code/tau0.1/ones/incl/k3/rG256/ctl-usage,256,usage,3,306,2.493933980647853
main/E_lab/code_leaning_hard/D_code/tau0.1/ones/incl/k3/rG256/ctl-usage,256,usage,3,307,1.9599923923917686
main/E_lab/code_leaning_hard/D_code/tau0.1/ones/incl/k3/rG256/ctl-usage,256,usage,3,308,2.070920314697105
main/E_lab/code_leaning_hard/D_code/tau0.1/ones/incl/k3/rG256/ctl-usage,256,usage,3,309,2.194201376397359
main/E_lab/code_leaning_hard/D_code/tau0.1/ones/incl/k3/rG256/ctl-usage,256,usage,3,310,2.253517379854202
main/E_lab/code_leaning_hard/D_code/tau0.1/ones/incl/k3/rG256/ctl-usage,256,usage,3,311,1.8915681548014618
main/E_lab/code_leaning_hard/D_code/tau0.1/ones/incl/k3/rG256/ctl-usage,256,usage,3,312,2.0373129651175077
main/E_lab/code_leaning_hard/D_code/tau0.1/ones/incl/k3/rG256/ctl-usage,256,usage,3,313,1.825892329627095
main/E_lab/code_leaning_hard/D_code/tau0.1/ones/incl/k3/rG256/ctl-usage,256,usage,3,314,1.9102405628618726
main/E_lab/code_leaning_hard/D_code/tau0.1/ones/incl/k3/rG256/ctl-usage,256,usage,3,315,2.1326800736405858
main/E_lab/code_leaning_hard/D_code/tau0.1/ones/incl/k3/rG256/ctl-usage,256,usage,3,316,2.5299925096448987
main/E_lab/code_leaning_hard/D_code/tau0.1/ones/incl/k3/rG256/ctl-usage,256,usage,3,317,2.2332768850492357
main/E_lab/code_leaning_hard/D_code/tau0.1/ones/incl/k3/rG256/ctl-usage,256,usage,3,318,2.084561634286729
main/E_lab/code_leaning_hard/D_code/tau0.1/ones/incl/k3/rG256/ctl-usage,256,usage,3,319,1.7168645702199683
main/E_lab/code_leaning_hard/D_code/tau0.1/ones/incl/k3/rG256/ctl-usage,256,usage,3,320,2.596997898839618
main/E_lab/code_leaning_hard/D_code/tau0.1/ones/incl/k3/rG256/ctl-usage,256,usage,3,321,2.514513908029585
main/E_lab/code_leaning_hard/D_code/tau0.1/ones/incl/k3/rG256/ctl-usage,256,usage,3,322,2.6970649374352433
main/E_lab/code_leaning_hard/D_code/tau0.1/ones/incl/k3/rG256/ctl-usage,256,usage,3,323,2.400513755308566
main/E_lab/code_leaning_hard/D_code/tau0.1/ones/incl/k3/rG256/ctl-usage,256,usage,3,324,1.7249151837950194
main/E_lab/code_leaning_hard/D_code/tau0.1/ones/incl/k3/rG256/ctl-usage,256,usage,3,325,2.279733093424511
main/E_lab/code_leaning_hard/D_code/tau0.1/ones/incl/k3/rG256/ctl-usage,256,usage,3,326,3.0641461985410388
main/E_lab/code_leaning_hard/D_code/tau0.1/ones/incl/k3/rG256/ctl-usage,256,usage,3,327,2.851933738239495
main/E_lab/code_leaning_hard/D_code/tau0.1/ones/incl/k3/rG256/ctl-usage,256,usage,3,328,2.775141379431261
main/E_lab/code_leaning_hard/D_code/tau0.1/ones/incl/k3/rG256/ctl-usage,256,usage,3,329,2.703252692688693
main/E_lab/code_leaning_hard/D_code/tau0.1/ones/incl/k3/rG256/ctl-usage,256,usage,3,330,2.7175756093674863
main/E_lab/code_leaning_hard/D_code/tau0.1/ones/incl/k3/rG256/ctl-usage,256,usage,3,331,2.5288399479895816
main/E_lab/code_leaning_hard/D_code/tau0.1/ones/incl/k3/rG256/ctl-usage,256,usage,3,332,3.1266351905051124
main/E_lab/code_leaning_hard/D_code/tau0.1/ones/incl/k3/rG256/ctl-usage,256,usage,3,333,2.422490412161096
main/E_lab/code_leaning_hard/D_code/tau0.1/ones/incl/k3/rG256/ctl-usage,256,usage,3,334,2.406677165599831
main/E_lab/code_leaning_hard/D_code/tau0.1/ones/incl/k3/rG256/ctl-usage,256,usage,3,335,2.7286652774473623
main/E_lab/code_leaning_hard/D_code/tau0.1/ones/incl/k3/rG256/ctl-usage,256,usage,3,336,2.685618864873277
main/E_lab/code_leaning_hard/D_code/tau0.1/ones/incl/k3/rG256/ctl-usage,256,usage,3,337,1.852139813764552
main/E_lab/code_leaning_hard/D_code/tau0.1/ones/incl/k3/rG256/ctl-usage,256,usage,3,338,2.310144094421048
main/E_lab/code_leaning_hard/D_code/tau0.1/ones/incl/k3/rG256/ctl-usage,256,usage,3,339,2.321744311706425
main/E_lab/code_leaning_hard/D_code/tau0.1/ones/incl/k3/rG256/ctl-usage,256,usage,3,340,2.542546149315058
main/E_lab/code_leaning_hard/D_code/tau0.1/ones/incl/k3/rG256/ctl-usage,256,usage,3,341,2.608456478703374
main/E_lab/code_leaning_hard/D_code/tau0.1/ones/incl/k3/rG256/ctl-usage,256,usage,3,342,2.6650618347512136
main/E_lab/code_leaning_hard/D_code/tau0.1/ones/incl/k3/rG256/ctl-usage,256,usage,3,343,3.0241320801487745
main/E_lab/code_leaning_hard/D_code/tau0.1/ones/incl/k3/rG256/ctl-usage,256,usage,3,344,3.1180212184735865
main/E_lab/code_leaning_hard/D_code/tau0.1/ones/incl/k3/rG256/ctl-usage,256,usage,3,345,3.397488858147881
main/E_lab/code_leaning_hard/D_code/tau0.1/ones/incl/k3/rG256/ctl-usage,256,usage,3,346,3.1445513151145406
main/E_lab/code_leaning_hard/D_code/tau0.1/ones/incl/k3/rG256/ctl-usage,256,usage,3,347,2.5167553139544907
main/E_lab/code_leaning_hard/D_code/tau0.1/ones/incl/k3/rG256/ctl-usage,256,usage,3,348,2.40781155498496
main/E_lab/code_leaning_hard/D_code/tau0.1/ones/incl/k3/rG256/ctl-usage,256,usage,3,349,2.7067499250715628
main/E_lab/code_leaning_hard/D_code/tau0.1/ones/incl/k3/rG256/ctl-usage,256,usage,3,350,2.4293221812520187
main/E_lab/code_leaning_hard/D_code/tau0.1/ones/incl/k3/rG256/ctl-usage,256,usage,3,351,2.3874469275747288
main/E_lab/code_leaning_hard/D_code/tau0.1/ones/incl/k3/rG256/ctl-usage,256,usage,3,352,1.7067236142465845
main/E_lab/code_leaning_hard/D_code/tau0.1/ones/incl/k3/rG256/ctl-usage,256,usage,3,353,2.667207618210341
main/E_lab/code_leaning_hard/D_code/tau0.1/ones/incl/k3/rG256/ctl-usage,256,usage,3,354,2.2768734408646196
main/E_lab/code_leaning_hard/D_code/tau0.1/ones/incl/k3/rG256/ctl-usage,256,usage,3,355,2.9808149075051915
main/E_lab/code_leaning_hard/D_code/tau0.1/ones/incl/k3/rG256/ctl-usage,256,usage,3,356,1.9338411931521478
main/E_lab/code_leaning_hard/D_code/tau0.1/ones/incl/k3/rG256/ctl-usage,256,usage,3,357,1.4652872174547156
main/E_lab/code_leaning_hard/D_code/tau0.1/ones/incl/k3/rG256/ctl-usage,256,usage,3,358,2.2385912334334535
main/E_lab/code_leaning_hard/D_code/tau0.1/ones/incl/k3/rG256/ctl-usage,256,usage,3,359,2.23251857021296
main/E_lab/code_leaning_hard/D_code/tau0.1/ones/incl/k3/rG256/ctl-usage,256,usage,3,360,2.049544132850315
main/E_lab/code_leaning_hard/D_code/tau0.1/ones/incl/k3/rG256/ctl-usage,256,usage,3,361,2.88581863586478
main/E_lab/code_leaning_hard/D_code/tau0.1/ones/incl/k3/rG256/ctl-usage,256,usage,3,362,3.135685711440601
main/E_lab/code_leaning_hard/D_code/tau0.1/ones/incl/k3/rG256/ctl-usage,256,usage,3,363,2.1588181669121695
main/E_lab/code_leaning_hard/D_code/tau0.1/ones/incl/k3/rG256/ctl-usage,256,usage,3,364,3.1170264221864272
main/E_lab/code_leaning_hard/D_code/tau0.1/ones/incl/k3/rG256/ctl-usage,256,usage,3,365,3.6055132998208137
main/E_lab/code_leaning_hard/D_code/tau0.1/ones/incl/k3/rG256/ctl-usage,256,usage,3,366,3.5811516249104898
main/E_lab/code_leaning_hard/D_code/tau0.1/ones/incl/k3/rG256/ctl-usage,256,usage,3,367,2.2399803153230096
main/E_lab/code_leaning_hard/D_code/tau0.1/ones/incl/k3/rG256/ctl-usage,256,usage,3,368,2.187752327266253
main/E_lab/code_leaning_hard/D_code/tau0.1/ones/incl/k3/rG256/ctl-usage,256,usage,3,369,2.4616520966710596
main/E_lab/code_leaning_hard/D_code/tau0.1/ones/incl/k3/rG256/ctl-usage,256,usage,3,370,2.409101997352991
main/E_lab/code_leaning_hard/D_code/tau0.1/ones/incl/k3/rG256/ctl-usage,256,usage,3,371,2.3726276509032687
main/E_lab/code_leaning_hard/D_code/tau0.1/ones/incl/k3/rG256/ctl-usage,256,usage,3,372,2.481508596401909
main/E_lab/code_leaning_hard/D_code/tau0.1/ones/incl/k3/rG256/ctl-usage,256,usage,3,373,2.5764389445575944
main/E_lab/code_leaning_hard/D_code/tau0.1/ones/incl/k3/rG256/ctl-usage,256,usage,3,374,2.5323281542596305
main/E_lab/code_leaning_hard/D_code/tau0.1/ones/incl/k3/rG256/ctl-usage,256,usage,3,375,2.555432046663327
main/E_lab/code_leaning_hard/D_code/tau0.1/ones/incl/k3/rG256/ctl-usage,256,usage,3,376,3.2605436326557538
main/E_lab/code_leaning_hard/D_code/tau0.1/ones/incl/k3/rG256/ctl-usage,256,usage,3,377,2.2420902012031547
main/E_lab/code_leaning_hard/D_code/tau0.1/ones/incl/k3/rG256/ctl-usage,256,usage,3,378,2.4144069457142905
main/E_lab/code_leaning_hard/D_code/tau0.1/ones/incl/k3/rG256/ctl-usage,256,usage,3,379,2.398346345024038
main/E_lab/code_leaning_hard/D_code/tau0.1/ones/incl/k3/rG256/ctl-usage,256,usage,3,380,2.3318632713453553
main/E_lab/code_leaning_hard/D_code/tau0.1/ones/incl/k3/rG256/ctl-usage,256,usage,3,381,2.556694195861837
main/E_lab/code_leaning_hard/D_code/tau0.1/ones/incl/k3/rG256/ctl-usage,256,usage,3,382,2.3613700715045525
main/E_lab/code_leaning_hard/D_code/tau0.1/ones/incl/k3/rG256/ctl-usage,256,usage,3,383,2.2344030912918242
main/E_lab/code_leaning_hard/D_code/tau0.1/ones/incl/k3/rG256/ctl-usage,256,usage,3,384,1.8385757575774733
main/E_lab/code_leaning_hard/D_code/tau0.1/ones/incl/k3/rG256/ctl-usage,256,usage,3,385,1.0288778235033078
main/E_lab/code_leaning_hard/D_code/tau0.1/ones/incl/k3/rG256/ctl-usage,256,usage,3,386,1.3992298361099529
main/E_lab/code_leaning_hard/D_code/tau0.1/ones/incl/k3/rG256/ctl-usage,256,usage,3,387,1.669952595835639
main/E_lab/code_leaning_hard/D_code/tau0.1/ones/incl/k3/rG256/ctl-usage,256,usage,3,388,0.7434594348510473
main/E_lab/code_leaning_hard/D_code/tau0.1/ones/incl/k3/rG256/ctl-usage,256,usage,3,389,1.030675034116939
main/E_lab/code_leaning_hard/D_code/tau0.1/ones/incl/k3/rG256/ctl-usage,256,usage,3,390,0.7858570371508904
main/E_lab/code_leaning_hard/D_code/tau0.1/ones/incl/k3/rG256/ctl-usage,256,usage,3,391,0.6714999757014084
main/E_lab/code_leaning_hard/D_code/tau0.1/ones/incl/k3/rG256/ctl-usage,256,usage,3,392,1.0862808093711465
main/E_lab/code_leaning_hard/D_code/tau0.1/ones/incl/k3/rG256/ctl-usage,256,usage,3,393,0.957507319006254
main/E_lab/code_leaning_hard/D_code/tau0.1/ones/incl/k3/rG256/ctl-usage,256,usage,3,394,1.4489930006711802
main/E_lab/code_leaning_hard/D_code/tau0.1/ones/incl/k3/rG256/ctl-usage,256,usage,3,395,1.2780194055631
main/E_lab/code_leaning_hard/D_code/tau0.1/ones/incl/k3/rG256/ctl-usage,256,usage,3,396,1.3252729431660555
main/E_lab/code_leaning_hard/D_code/tau0.1/ones/incl/k3/rG256/ctl-usage,256,usage,3,397,0.9707927330227903
main/E_lab/code_leaning_hard/D_code/tau0.1/ones/incl/k3/rG256/ctl-usage,256,usage,3,398,1.9346955807834547
main/E_lab/code_leaning_hard/D_code/tau0.1/ones/incl/k3/rG256/ctl-usage,256,usage,3,399,1.250328781297867
main/E_lab/code_leaning_hard/D_code/tau0.1/ones/incl/k3/rG256/ctl-usage,256,usage,3,400,0.596135285127275
main/E_lab/code_leaning_hard/D_code/tau0.1/ones/incl/k3/rG256/ctl-usage,256,usage,3,401,0.6465197035279289
main/E_lab/code_leaning_hard/D_code/tau0.1/ones/incl/k3/rG256/ctl-usage,256,usage,3,402,1.3223950004548897
main/E_lab/code_leaning_hard/D_code/tau0.1/ones/incl/k3/rG256/ctl-usage,256,usage,3,403,1.4628160908796417
main/E_lab/code_leaning_hard/D_code/tau0.1/ones/incl/k3/rG256/ctl-usage,256,usage,3,404,0.8788988604610495
main/E_lab/code_leaning_hard/D_code/tau0.1/ones/incl/k3/rG256/ctl-usage,256,usage,3,405,1.1686687717906352
main/E_lab/code_leaning_hard/D_code/tau0.1/ones/incl/k3/rG256/ctl-usage,256,usage,3,406,1.1054187285935768
main/E_lab/code_leaning_hard/D_code/tau0.1/ones/incl/k3/rG256/ctl-usage,256,usage,3,407,0.9228986752950732
main/E_lab/code_leaning_hard/D_code/tau0.1/ones/incl/k3/rG256/ctl-usage,256,usage,3,408,0.6364765410871769
main/E_lab/code_leaning_hard/D_code/tau0.1/ones/incl/k3/rG256/ctl-usage,256,usage,3,409,1.404947022721899
main/E_lab/code_leaning_hard/D_code/tau0.1/ones/incl/k3/rG256/ctl-usage,256,usage,3,410,1.2341631608223906
main/E_lab/code_leaning_hard/D_code/tau0.1/ones/incl/k3/rG256/ctl-usage,256,usage,3,411,1.3087003602777258
main/E_lab/code_leaning_hard/D_code/tau0.1/ones/incl/k3/rG256/ctl-usage,256,usage,3,412,1.0389485914647594
main/E_lab/code_leaning_hard/D_code/tau0.1/ones/incl/k3/rG256/ctl-usage,256,usage,3,413,1.341662065372475
main/E_lab/code_leaning_hard/D_code/tau0.1/ones/incl/k3/rG256/ctl-usage,256,usage,3,414,1.4186826378099795
main/E_lab/code_leaning_hard/D_code/tau0.1/ones/incl/k3/rG256/ctl-usage,256,usage,3,415,1.0585373801241076
main/E_lab/code_leaning_hard/D_code/tau0.1/ones/incl/k3/rG256/ctl-usage,256,usage,3,416,1.2041234331627493
main/E_lab/code_leaning_hard/D_code/tau0.1/ones/incl/k3/rG256/ctl-usage,256,usage,3,417,1.23455878597224
main/E_lab/code_leaning_hard/D_code/tau0.1/ones/incl/k3/rG256/ctl-usage,256,usage,3,418,1.3908344354931614
main/E_lab/code_leaning_hard/D_code/tau0.1/ones/incl/k3/rG256/ctl-usage,256,usage,3,419,1.603835636959957
main/E_lab/code_leaning_hard/D_code/tau0.1/ones/incl/k3/rG256/ctl-usage,256,usage,3,420,1.350949344716355
main/E_lab/code_leaning_hard/D_code/tau0.1/ones/incl/k3/rG256/ctl-usage,256,usage,3,421,1.2437094654078464
main/E_lab/code_leaning_hard/D_code/tau0.1/ones/incl/k3/rG256/ctl-usage,256,usage,3,422,0.9251772904663085
main/E_lab/code_leaning_hard/D_code/tau0.1/ones/incl/k3/rG256/ctl-usage,256,usage,3,423,1.2388652069339514
main/E_lab/code_leaning_hard/D_code/tau0.1/ones/incl/k3/rG256/ctl-usage,256,usage,3,424,0.8125208303790714
main/E_lab/code_leaning_hard/D_code/tau0.1/ones/incl/k3/rG256/ctl-usage,256,usage,3,425,0.7410364799243325
main/E_lab/code_leaning_hard/D_code/tau0.1/ones/incl/k3/rG256/ctl-usage,256,usage,3,426,1.1982162315898677
main/E_lab/code_leaning_hard/D_code/tau0.1/ones/incl/k3/rG256/ctl-usage,256,usage,3,427,2.422759964009856
main/E_lab/code_leaning_hard/D_code/tau0.1/ones/incl/k3/rG256/ctl-usage,256,usage,3,428,1.377908065021984
main/E_lab/code_leaning_hard/D_code/tau0.1/ones/incl/k3/rG256/ctl-usage,256,usage,3,429,1.2439165972814408
main/E_lab/code_leaning_hard/D_code/tau0.1/ones/incl/k3/rG256/ctl-usage,256,usage,3,430,0.9461329520647723
main/E_lab/code_leaning_hard/D_code/tau0.1/ones/incl/k3/rG256/ctl-usage,256,usage,3,431,0.869288878559928
main/E_lab/code_leaning_hard/D_code/tau0.1/ones/incl/k3/rG256/ctl-usage,256,usage,3,432,1.165979468227306
main/E_lab/code_leaning_hard/D_code/tau0.1/ones/incl/k3/rG256/ctl-usage,256,usage,3,433,0.7650558508885297
main/E_lab/code_leaning_hard/D_code/tau0.1/ones/incl/k3/rG256/ctl-usage,256,usage,3,434,0.6690428729007181
main/E_lab/code_leaning_hard/D_code/tau0.1/ones/incl/k3/rG256/ctl-usage,256,usage,3,435,1.253085048403591
main/E_lab/code_leaning_hard/D_code/tau0.1/ones/incl/k3/rG256/ctl-usage,256,usage,3,436,1.388779893030005
main/E_lab/code_leaning_hard/D_code/tau0.1/ones/incl/k3/rG256/ctl-usage,256,usage,3,437,0.6263385043184826
main/E_lab/code_leaning_hard/D_code/tau0.1/ones/incl/k3/rG256/ctl-usage,256,usage,3,438,0.8642998998284384
main/E_lab/code_leaning_hard/D_code/tau0.1/ones/incl/k3/rG256/ctl-usage,256,usage,3,439,1.0493910351233353
main/E_lab/code_leaning_hard/D_code/tau0.1/ones/incl/k3/rG256/ctl-usage,256,usage,3,440,1.3488650615463484
main/E_lab/code_leaning_hard/D_code/tau0.1/ones/incl/k3/rG256/ctl-usage,256,usage,3,441,1.268416903677462
main/E_lab/code_leaning_hard/D_code/tau0.1/ones/incl/k3/rG256/ctl-usage,256,usage,3,442,1.1238621970460372
main/E_lab/code_leaning_hard/D_code/tau0.1/ones/incl/k3/rG256/ctl-usage,256,usage,3,443,2.643141223327916
main/E_lab/code_leaning_hard/D_code/tau0.1/ones/incl/k3/rG256/ctl-usage,256,usage,3,444,4.142797914739731
main/E_lab/code_leaning_hard/D_code/tau0.1/ones/incl/k3/rG256/ctl-usage,256,usage,3,445,3.563100667000981
main/E_lab/code_leaning_hard/D_code/tau0.1/ones/incl/k3/rG256/ctl-usage,256,usage,3,446,1.2963360287340038
main/E_lab/code_leaning_hard/D_code/tau0.1/ones/incl/k3/rG256/ctl-usage,256,usage,3,447,1.1641803418788186
main/E_lab/code_leaning_hard/D_code/tau0.1/ones/incl/k3/rG256/ctl-usage,256,usage,3,448,1.254197532463877
main/E_lab/code_leaning_hard/D_code/tau0.1/ones/incl/k3/rG256/ctl-usage,256,usage,3,449,1.4941490269573023
main/E_lab/code_leaning_hard/D_code/tau0.1/ones/incl/k3/rG256/ctl-usage,256,usage,3,450,1.374562103449989
main/E_lab/code_leaning_hard/D_code/tau0.1/ones/incl/k3/rG256/ctl-usage,256,usage,3,451,1.375807511009043
main/E_lab/code_leaning_hard/D_code/tau0.1/ones/incl/k3/rG256/ctl-usage,256,usage,3,452,0.9449293869301982
main/E_lab/code_leaning_hard/D_code/tau0.1/ones/incl/k3/rG256/ctl-usage,256,usage,3,453,1.01791568448607
main/E_lab/code_leaning_hard/D_code/tau0.1/ones/incl/k3/rG256/ctl-usage,256,usage,3,454,1.3133299663859361
main/E_lab/code_leaning_hard/D_code/tau0.1/ones/incl/k3/rG256/ctl-usage,256,usage,3,455,1.2177812072804954
main/E_lab/code_leaning_hard/D_code/tau0.1/ones/incl/k3/rG256/ctl-usage,256,usage,3,456,1.3956186428304136
main/E_lab/code_leaning_hard/D_code/tau0.1/ones/incl/k3/rG256/ctl-usage,256,usage,3,457,1.4806654713656826
main/E_lab/code_leaning_hard/D_code/tau0.1/ones/incl/k3/rG256/ctl-usage,256,usage,3,458,0.815142178899805
main/E_lab/code_leaning_hard/D_code/tau0.1/ones/incl/k3/rG256/ctl-usage,256,usage,3,459,0.8277320002862325
main/E_lab/code_leaning_hard/D_code/tau0.1/ones/incl/k3/rG256/ctl-usage,256,usage,3,460,1.4415773530963634
main/E_lab/code_leaning_hard/D_code/tau0.1/ones/incl/k3/rG256/ctl-usage,256,usage,3,461,1.5052844584415652
main/E_lab/code_leaning_hard/D_code/tau0.1/ones/incl/k3/rG256/ctl-usage,256,usage,3,462,0.9268951308949909
main/E_lab/code_leaning_hard/D_code/tau0.1/ones/incl/k3/rG256/ctl-usage,256,usage,3,463,1.2051202717052547
main/E_lab/code_leaning_hard/D_code/tau0.1/ones/incl/k3/rG256/ctl-usage,256,usage,3,464,1.1311293853550524
main/E_lab/code_leaning_hard/D_code/tau0.1/ones/incl/k3/rG256/ctl-usage,256,usage,3,465,1.2079879102766427
main/E_lab/code_leaning_hard/D_code/tau0.1/ones/incl/k3/rG256/ctl-usage,256,usage,3,466,1.4643947782042233
main/E_lab/code_leaning_hard/D_code/tau0.1/ones/incl/k3/rG256/ctl-usage,256,usage,3,467,1.3120840469034647
main/E_lab/code_leaning_hard/D_code/tau0.1/ones/incl/k3/rG256/ctl-usage,256,usage,3,468,1.3774544693769712
main/E_lab/code_leaning_hard/D_code/tau0.1/ones/incl/k3/rG256/ctl-usage,256,usage,3,469,1.3534445486602635
main/E_lab/code_leaning_hard/D_code/tau0.1/ones/incl/k3/rG256/ctl-usage,256,usage,3,470,1.0816292657036684
main/E_lab/code_leaning_hard/D_code/tau0.1/ones/incl/k3/rG256/ctl-usage,256,usage,3,471,1.2074289178858635
main/E_lab/code_leaning_hard/D_code/tau0.1/ones/incl/k3/rG256/ctl-usage,256,usage,3,472,1.001495093102676
main/E_lab/code_leaning_hard/D_code/tau0.1/ones/incl/k3/rG256/ctl-usage,256,usage,3,473,0.9747492090441483
main/E_lab/code_leaning_hard/D_code/tau0.1/ones/incl/k3/rG256/ctl-usage,256,usage,3,474,1.2743408617307068
main/E_lab/code_leaning_hard/D_code/tau0.1/ones/incl/k3/rG256/ctl-usage,256,usage,3,475,1.2742716343409484
main/E_lab/code_leaning_hard/D_code/tau0.1/ones/incl/k3/rG256/ctl-usage,256,usage,3,476,1.1268363049512118
main/E_lab/code_leaning_hard/D_code/tau0.1/ones/incl/k3/rG256/ctl-usage,256,usage,3,477,1.384106704243095
main/E_lab/code_leaning_hard/D_code/tau0.1/ones/incl/k3/rG256/ctl-usage,256,usage,3,478,2.1633034070655413
main/E_lab/code_leaning_hard/D_code/tau0.1/ones/incl/k3/rG256/ctl-usage,256,usage,3,479,1.981320712010529
main/E_lab/code_leaning_hard/D_code/tau0.1/ones/incl/k3/rG256/ctl-usage,256,usage,3,480,2.1341522010243352
main/E_lab/code_leaning_hard/D_code/tau0.1/ones/incl/k3/rG256/ctl-usage,256,usage,3,481,1.782898291928177
main/E_lab/code_leaning_hard/D_code/tau0.1/ones/incl/k3/rG256/ctl-usage,256,usage,3,482,1.6901272339246134
main/E_lab/code_leaning_hard/D_code/tau0.1/ones/incl/k3/rG256/ctl-usage,256,usage,3,483,1.6014937669542633
main/E_lab/code_leaning_hard/D_code/tau0.1/ones/incl/k3/rG256/ctl-usage,256,usage,3,484,1.1362906744425345
main/E_lab/code_leaning_hard/D_code/tau0.1/ones/incl/k3/rG256/ctl-usage,256,usage,3,485,1.353161065675522
main/E_lab/code_leaning_hard/D_code/tau0.1/ones/incl/k3/rG256/ctl-usage,256,usage,3,486,1.2887078599633242
main/E_lab/code_leaning_hard/D_code/tau0.1/ones/incl/k3/rG256/ctl-usage,256,usage,3,487,1.1471684416787866
main/E_lab/code_leaning_hard/D_code/tau0.1/ones/incl/k3/rG256/ctl-usage,256,usage,3,488,1.0897786090690715
main/E_lab/code_leaning_hard/D_code/tau0.1/ones/incl/k3/rG256/ctl-usage,256,usage,3,489,1.0303857142189372
main/E_lab/code_leaning_hard/D_code/tau0.1/ones/incl/k3/rG256/ctl-usage,256,usage,3,490,1.3846721298241391
main/E_lab/code_leaning_hard/D_code/tau0.1/ones/incl/k3/rG256/ctl-usage,256,usage,3,491,1.2430535778185003
main/E_lab/code_leaning_hard/D_code/tau0.1/ones/incl/k3/rG256/ctl-usage,256,usage,3,492,1.1353318247429343
main/E_lab/code_leaning_hard/D_code/tau0.1/ones/incl/k3/rG256/ctl-usage,256,usage,3,493,1.0080332007501056
main/E_lab/code_leaning_hard/D_code/tau0.1/ones/incl/k3/rG256/ctl-usage,256,usage,3,494,1.0687377526701312
main/E_lab/code_leaning_hard/D_code/tau0.1/ones/incl/k3/rG256/ctl-usage,256,usage,3,495,0.7791960401812048
main/E_lab/code_leaning_hard/D_code/tau0.1/ones/incl/k3/rG256/ctl-usage,256,usage,3,496,1.157494341317033
main/E_lab/code_leaning_hard/D_code/tau0.1/ones/incl/k3/rG256/ctl-usage,256,usage,3,497,1.0079272041286913
main/E_lab/code_leaning_hard/D_code/tau0.1/ones/incl/k3/rG256/ctl-usage,256,usage,3,498,1.0740007261483697
main/E_lab/code_leaning_hard/D_code/tau0.1/ones/incl/k3/rG256/ctl-usage,256,usage,3,499,1.2210103029965467
main/E_lab/code_leaning_hard/D_code/tau0.1/ones/incl/k3/rG256/ctl-usage,256,usage,3,500,1.0479515358765639
main/E_lab/code_leaning_hard/D_code/tau0.1/ones/incl/k3/rG256/ctl-usage,256,usage,3,501,0.8697061057391693
main/E_lab/code_leaning_hard/D_code/tau0.1/ones/incl/k3/rG256/ctl-usage,256,usage,3,502,1.1464105871164065
main/E_lab/code_leaning_hard/D_code/tau0.1/ones/incl/k3/rG256/ctl-usage,256,usage,3,503,1.1745739716516255
main/E_lab/code_leaning_hard/D_code/tau0.1/ones/incl/k3/rG256/ctl-usage,256,usage,3,504,1.1954385869621547
main/E_lab/code_leaning_hard/D_code/tau0.1/ones/incl/k3/rG256/ctl-usage,256,usage,3,505,1.2085505929026112
main/E_lab/code_leaning_hard/D_code/tau0.1/ones/incl/k3/rG256/ctl-usage,256,usage,3,506,1.0892552364002768
main/E_lab/code_leaning_hard/D_code/tau0.1/ones/incl/k3/rG256/ctl-usage,256,usage,3,507,1.1867787954688538
main/E_lab/code_leaning_hard/D_code/tau0.1/ones/incl/k3/rG256/ctl-usage,256,usage,3,508,1.1437689376416529
main/E_lab/code_leaning_hard/D_code/tau0.1/ones/incl/k3/rG256/ctl-usage,256,usage,3,509,1.2760235015084618
main/E_lab/code_leaning_hard/D_code/tau0.1/ones/incl/k3/rG256/ctl-usage,256,usage,3,510,1.432064709439146
main/E_lab/code_leaning_hard/D_code/tau0.1/ones/incl/k3/rG256/ctl-usage,256,usage,3,511,1.1811557528817502
main/E_lab/code_leaning_hard/D_code/tau0.1/ones/incl/k4/rG256/ctl-usage,256,usage,4,0,0.5352423621643538
main/E_lab/code_leaning_hard/D_code/tau0.1/ones/incl/k4/rG256/ctl-usage,256,usage,4,1,0.49460038924644323
main/E_lab/code_leaning_hard/D_code/tau0.1/ones/incl/k4/rG256/ctl-usage,256,usage,4,2,0.6086835534424608
main/E_lab/code_leaning_hard/D_code/tau0.1/ones/incl/k4/rG256/ctl-usage,256,usage,4,3,0.48076485575984407
main/E_lab/code_leaning_hard/D_code/tau0.1/ones/incl/k4/rG256/ctl-usage,256,usage,4,4,0.23458319068231503
main/E_lab/code_leaning_hard/D_code/tau0.1/ones/incl/k4/rG256/ctl-usage,256,usage,4,5,0.790786804356685
main/E_lab/code_leaning_hard/D_code/tau0.1/ones/incl/k4/rG256/ctl-usage,256,usage,4,6,0.8766318447251251
main/E_lab/code_leaning_hard/D_code/tau0.1/ones/incl/k4/rG256/ctl-usage,256,usage,4,7,0.7359150290831167
main/E_lab/code_leaning_hard/D_code/tau0.1/ones/incl/k4/rG256/ctl-usage,256,usage,4,8,1.2243719133157356
main/E_lab/code_leaning_hard/D_code/tau0.1/ones/incl/k4/rG256/ctl-usage,256,usage,4,9,0.7782217958297224
main/E_lab/code_leaning_hard/D_code/tau0.1/ones/incl/k4/rG256/ctl-usage,256,usage,4,10,0.6239546491851797
main/E_lab/code_leaning_hard/D_code/tau0.1/ones/incl/k4/rG256/ctl-usage,256,usage,4,11,0.29235783884837474
main/E_lab/code_leaning_hard/D_code/tau0.1/ones/incl/k4/rG256/ctl-usage,256,usage,4,12,0.34563049022017367
main/E_lab/code_leaning_hard/D_code/tau0.1/ones/incl/k4/rG256/ctl-usage,256,usage,4,13,0.4693049800207518
main/E_lab/code_leaning_hard/D_code/tau0.1/ones/incl/k4/rG256/ctl-usage,256,usage,4,14,0.5361412588517851
main/E_lab/code_leaning_hard/D_code/tau0.1/ones/incl/k4/rG256/ctl-usage,256,usage,4,15,0.4798162077222514
main/E_lab/code_leaning_hard/D_code/tau0.1/ones/incl/k4/rG256/ctl-usage,256,usage,4,16,0.5397033972603822
main/E_lab/code_leaning_hard/D_code/tau0.1/ones/incl/k4/rG256/ctl-usage,256,usage,4,17,0.5936753282094287
main/E_lab/code_leaning_hard/D_code/tau0.1/ones/incl/k4/rG256/ctl-usage,256,usage,4,18,0.49524946765177447
main/E_lab/code_leaning_hard/D_code/tau0.1/ones/incl/k4/rG256/ctl-usage,256,usage,4,19,0.4018293783228728
main/E_lab/code_leaning_hard/D_code/tau0.1/ones/incl/k4/rG256/ctl-usage,256,usage,4,20,0.5903815409922117
main/E_lab/code_leaning_hard/D_code/tau0.1/ones/incl/k4/rG256/ctl-usage,256,usage,4,21,0.4596677073441242
main/E_lab/code_leaning_hard/D_code/tau0.1/ones/incl/k4/rG256/ctl-usage,256,usage,4,22,0.5797447379072764
main/E_lab/code_leaning_hard/D_code/tau0.1/ones/incl/k4/rG256/ctl-usage,256,usage,4,23,0.5870202084815901
main/E_lab/code_leaning_hard/D_code/tau0.1/ones/incl/k4/rG256/ctl-usage,256,usage,4,24,0.5355286392696144
main/E_lab/code_leaning_hard/D_code/tau0.1/ones/incl/k4/rG256/ctl-usage,256,usage,4,25,0.5195536393032398
main/E_lab/code_leaning_hard/D_code/tau0.1/ones/incl/k4/rG256/ctl-usage,256,usage,4,26,0.8981247128776886
main/E_lab/code_leaning_hard/D_code/tau0.1/ones/incl/k4/rG256/ctl-usage,256,usage,4,27,0.9685347131903654
main/E_lab/code_leaning_hard/D_code/tau0.1/ones/incl/k4/rG256/ctl-usage,256,usage,4,28,0.7095967045070211
main/E_lab/code_leaning_hard/D_code/tau0.1/ones/incl/k4/rG256/ctl-usage,256,usage,4,29,0.5794353207522818
main/E_lab/code_leaning_hard/D_code/tau0.1/ones/incl/k4/rG256/ctl-usage,256,usage,4,30,0.467040626297603
main/E_lab/code_leaning_hard/D_code/tau0.1/ones/incl/k4/rG256/ctl-usage,256,usage,4,31,0.6000274103616903
main/E_lab/code_leaning_hard/D_code/tau0.1/ones/incl/k4/rG256/ctl-usage,256,usage,4,32,0.5071660000121483
main/E_lab/code_leaning_hard/D_code/tau0.1/ones/incl/k4/rG256/ctl-usage,256,usage,4,33,0.8114263374029633
main/E_lab/code_leaning_hard/D_code/tau0.1/ones/incl/k4/rG256/ctl-usage,256,usage,4,34,0.951505383760832
main/E_lab/code_leaning_hard/D_code/tau0.1/ones/incl/k4/rG256/ctl-usage,256,usage,4,35,0.6535641034256514
main/E_lab/code_leaning_hard/D_code/tau0.1/ones/incl/k4/rG256/ctl-usage,256,usage,4,36,0.9020035180565174
main/E_lab/code_leaning_hard/D_code/tau0.1/ones/incl/k4/rG256/ctl-usage,256,usage,4,37,0.5034117436862289
main/E_lab/code_leaning_hard/D_code/tau0.1/ones/incl/k4/rG256/ctl-usage,256,usage,4,38,0.8493628045239348
main/E_lab/code_leaning_hard/D_code/tau0.1/ones/incl/k4/rG256/ctl-usage,256,usage,4,39,1.1245177503496961
main/E_lab/code_leaning_hard/D_code/tau0.1/ones/incl/k4/rG256/ctl-usage,256,usage,4,40,1.1055036436473529
main/E_lab/code_leaning_hard/D_code/tau0.1/ones/incl/k4/rG256/ctl-usage,256,usage,4,41,2.100026824695192
main/E_lab/code_leaning_hard/D_code/tau0.1/ones/incl/k4/rG256/ctl-usage,256,usage,4,42,0.9573479067212247
main/E_lab/code_leaning_hard/D_code/tau0.1/ones/incl/k4/rG256/ctl-usage,256,usage,4,43,0.4982153954770183
main/E_lab/code_leaning_hard/D_code/tau0.1/ones/incl/k4/rG256/ctl-usage,256,usage,4,44,0.4645119402248383
main/E_lab/code_leaning_hard/D_code/tau0.1/ones/incl/k4/rG256/ctl-usage,256,usage,4,45,0.5351622378038883
main/E_lab/code_leaning_hard/D_code/tau0.1/ones/incl/k4/rG256/ctl-usage,256,usage,4,46,0.576454543131149
main/E_lab/code_leaning_hard/D_code/tau0.1/ones/incl/k4/rG256/ctl-usage,256,usage,4,47,0.5645651424101743
main/E_lab/code_leaning_hard/D_code/tau0.1/ones/incl/k4/rG256/ctl-usage,256,usage,4,48,0.666259105764766
main/E_lab/code_leaning_hard/D_code/tau0.1/ones/incl/k4/rG256/ctl-usage,256,usage,4,49,0.5987728309091835
main/E_lab/code_leaning_hard/D_code/tau0.1/ones/incl/k4/rG256/ctl-usage,256,usage,4,50,0.8470360989210803
main/E_lab/code_leaning_hard/D_code/tau0.1/ones/incl/k4/rG256/ctl-usage,256,usage,4,51,0.9486854367532942
main/E_lab/code_leaning_hard/D_code/tau0.1/ones/incl/k4/rG256/ctl-usage,256,usage,4,52,0.6488295139206457
main/E_lab/code_leaning_hard/D_code/tau0.1/ones/incl/k4/rG256/ctl-usage,256,usage,4,53,0.7649567710714109
main/E_lab/code_leaning_hard/D_code/tau0.1/ones/incl/k4/rG256/ctl-usage,256,usage,4,54,0.8156941955621733
main/E_lab/code_leaning_hard/D_code/tau0.1/ones/incl/k4/rG256/ctl-usage,256,usage,4,55,0.9577488949971666
main/E_lab/code_leaning_hard/D_code/tau0.1/ones/incl/k4/rG256/ctl-usage,256,usage,4,56,0.6022826585367511
main/E_lab/code_leaning_hard/D_code/tau0.1/ones/incl/k4/rG256/ctl-usage,256,usage,4,57,0.6574151874101517
main/E_lab/code_leaning_hard/D_code/tau0.1/ones/incl/k4/rG256/ctl-usage,256,usage,4,58,0.8270999543556172
main/E_lab/code_leaning_hard/D_code/tau0.1/ones/incl/k4/rG256/ctl-usage,256,usage,4,59,0.8771723624686274
main/E_lab/code_leaning_hard/D_code/tau0.1/ones/incl/k4/rG256/ctl-usage,256,usage,4,60,0.8448952303524493
main/E_lab/code_leaning_hard/D_code/tau0.1/ones/incl/k4/rG256/ctl-usage,256,usage,4,61,0.6659221729023557
main/E_lab/code_leaning_hard/D_code/tau0.1/ones/incl/k4/rG256/ctl-usage,256,usage,4,62,0.6024548603736548
main/E_lab/code_leaning_hard/D_code/tau0.1/ones/incl/k4/rG256/ctl-usage,256,usage,4,63,0.603122860251915
main/E_lab/code_leaning_hard/D_code/tau0.1/ones/incl/k4/rG256/ctl-usage,256,usage,4,64,0.759783313380467
main/E_lab/code_leaning_hard/D_code/tau0.1/ones/incl/k4/rG256/ctl-usage,256,usage,4,65,0.7519369447416011
main/E_lab/code_leaning_hard/D_code/tau0.1/ones/incl/k4/rG256/ctl-usage,256,usage,4,66,1.2207512697495986
main/E_lab/code_leaning_hard/D_code/tau0.1/ones/incl/k4/rG256/ctl-usage,256,usage,4,67,1.8215938690964322
main/E_lab/code_leaning_hard/D_code/tau0.1/ones/incl/k4/rG256/ctl-usage,256,usage,4,68,1.8320002688815293
main/E_lab/code_leaning_hard/D_code/tau0.1/ones/incl/k4/rG256/ctl-usage,256,usage,4,69,1.150522352058033
main/E_lab/code_leaning_hard/D_code/tau0.1/ones/incl/k4/rG256/ctl-usage,256,usage,4,70,2.225883437252378
main/E_lab/code_leaning_hard/D_code/tau0.1/ones/incl/k4/rG256/ctl-usage,256,usage,4,71,2.317641654473846
main/E_lab/code_leaning_hard/D_code/tau0.1/ones/incl/k4/rG256/ctl-usage,256,usage,4,72,2.2454511044934407
main/E_lab/code_leaning_hard/D_code/tau0.1/ones/incl/k4/rG256/ctl-usage,256,usage,4,73,2.2151950373772706
main/E_lab/code_leaning_hard/D_code/tau0.1/ones/incl/k4/rG256/ctl-usage,256,usage,4,74,1.3863856747193495
main/E_lab/code_leaning_hard/D_code/tau0.1/ones/incl/k4/rG256/ctl-usage,256,usage,4,75,2.082651881707534
main/E_lab/code_leaning_hard/D_code/tau0.1/ones/incl/k4/rG256/ctl-usage,256,usage,4,76,2.1160489097837853
main/E_lab/code_leaning_hard/D_code/tau0.1/ones/incl/k4/rG256/ctl-usage,256,usage,4,77,2.0826861483219545
main/E_lab/code_leaning_hard/D_code/tau0.1/ones/incl/k4/rG256/ctl-usage,256,usage,4,78,2.095290654211567
main/E_lab/code_leaning_hard/D_code/tau0.1/ones/incl/k4/rG256/ctl-usage,256,usage,4,79,1.7124479704907571
main/E_lab/code_leaning_hard/D_code/tau0.1/ones/incl/k4/rG256/ctl-usage,256,usage,4,80,2.266235628510003
main/E_lab/code_leaning_hard/D_code/tau0.1/ones/incl/k4/rG256/ctl-usage,256,usage,4,81,2.159084925729985
main/E_lab/code_leaning_hard/D_code/tau0.1/ones/incl/k4/rG256/ctl-usage,256,usage,4,82,2.2180109550863563
main/E_lab/code_leaning_hard/D_code/tau0.1/ones/incl/k4/rG256/ctl-usage,256,usage,4,83,2.150589044265871
main/E_lab/code_leaning_hard/D_code/tau0.1/ones/incl/k4/rG256/ctl-usage,256,usage,4,84,2.2401995091140634
main/E_lab/code_leaning_hard/D_code/tau0.1/ones/incl/k4/rG256/ctl-usage,256,usage,4,85,2.3118625047172827
main/E_lab/code_leaning_hard/D_code/tau0.1/ones/incl/k4/rG256/ctl-usage,256,usage,4,86,2.3318496550855343
main/E_lab/code_leaning_hard/D_code/tau0.1/ones/incl/k4/rG256/ctl-usage,256,usage,4,87,2.2430298449739894
main/E_lab/code_leaning_hard/D_code/tau0.1/ones/incl/k4/rG256/ctl-usage,256,usage,4,88,2.215040577731088
main/E_lab/code_leaning_hard/D_code/tau0.1/ones/incl/k4/rG256/ctl-usage,256,usage,4,89,1.1127868618123102
main/E_lab/code_leaning_hard/D_code/tau0.1/ones/incl/k4/rG256/ctl-usage,256,usage,4,90,0.901698695226969
main/E_lab/code_leaning_hard/D_code/tau0.1/ones/incl/k4/rG256/ctl-usage,256,usage,4,91,0.5866818797603628
main/E_lab/code_leaning_hard/D_code/tau0.1/ones/incl/k4/rG256/ctl-usage,256,usage,4,92,1.189478494494324
main/E_lab/code_leaning_hard/D_code/tau0.1/ones/incl/k4/rG256/ctl-usage,256,usage,4,93,0.8900589460572519
main/E_lab/code_leaning_hard/D_code/tau0.1/ones/incl/k4/rG256/ctl-usage,256,usage,4,94,0.5652628040497802
main/E_lab/code_leaning_hard/D_code/tau0.1/ones/incl/k4/rG256/ctl-usage,256,usage,4,95,0.5455233199472787
main/E_lab/code_leaning_hard/D_code/tau0.1/ones/incl/k4/rG256/ctl-usage,256,usage,4,96,0.5769398427964916
main/E_lab/code_leaning_hard/D_code/tau0.1/ones/incl/k4/rG256/ctl-usage,256,usage,4,97,0.5473033423877496
main/E_lab/code_leaning_hard/D_code/tau0.1/ones/incl/k4/rG256/ctl-usage,256,usage,4,98,0.6754170196109044
main/E_lab/code_leaning_hard/D_code/tau0.1/ones/incl/k4/rG256/ctl-usage,256,usage,4,99,0.6914430389770132
main/E_lab/code_leaning_hard/D_code/tau0.1/ones/incl/k4/rG256/ctl-usage,256,usage,4,100,0.5926413118104392
main/E_lab/code_leaning_hard/D_code/tau0.1/ones/incl/k4/rG256/ctl-usage,256,usage,4,101,0.3873293603601269
main/E_lab/code_leaning_hard/D_code/tau0.1/ones/incl/k4/rG256/ctl-usage,256,usage,4,102,0.6013274291253765
main/E_lab/code_leaning_hard/D_code/tau0.1/ones/incl/k4/rG256/ctl-usage,256,usage,4,103,0.8225106756008245
main/E_lab/code_leaning_hard/D_code/tau0.1/ones/incl/k4/rG256/ctl-usage,256,usage,4,104,0.5400108285575698
main/E_lab/code_leaning_hard/D_code/tau0.1/ones/incl/k4/rG256/ctl-usage,256,usage,4,105,0.8811060401725399
main/E_lab/code_leaning_hard/D_code/tau0.1/ones/incl/k4/rG256/ctl-usage,256,usage,4,106,0.7512267028241695
main/E_lab/code_leaning_hard/D_code/tau0.1/ones/incl/k4/rG256/ctl-usage,256,usage,4,107,0.8317201539521193
main/E_lab/code_leaning_hard/D_code/tau0.1/ones/incl/k4/rG256/ctl-usage,256,usage,4,108,0.7103991157418932
main/E_lab/code_leaning_hard/D_code/tau0.1/ones/incl/k4/rG256/ctl-usage,256,usage,4,109,0.7550599870100996
main/E_lab/code_leaning_hard/D_code/tau0.1/ones/incl/k4/rG256/ctl-usage,256,usage,4,110,0.9577905367768835
main/E_lab/code_leaning_hard/D_code/tau0.1/ones/incl/k4/rG256/ctl-usage,256,usage,4,111,1.0147549957873707
main/E_lab/code_leaning_hard/D_code/tau0.1/ones/incl/k4/rG256/ctl-usage,256,usage,4,112,0.7889907680464603
main/E_lab/code_leaning_hard/D_code/tau0.1/ones/incl/k4/rG256/ctl-usage,256,usage,4,113,0.8178454700018847
main/E_lab/code_leaning_hard/D_code/tau0.1/ones/incl/k4/rG256/ctl-usage,256,usage,4,114,0.8057544383009372
main/E_lab/code_leaning_hard/D_code/tau0.1/ones/incl/k4/rG256/ctl-usage,256,usage,4,115,0.7742660718140542
main/E_lab/code_leaning_hard/D_code/tau0.1/ones/incl/k4/rG256/ctl-usage,256,usage,4,116,0.4056391828012238
main/E_lab/code_leaning_hard/D_code/tau0.1/ones/incl/k4/rG256/ctl-usage,256,usage,4,117,0.4823239584129624
main/E_lab/code_leaning_hard/D_code/tau0.1/ones/incl/k4/rG256/ctl-usage,256,usage,4,118,0.4073186671057556
main/E_lab/code_leaning_hard/D_code/tau0.1/ones/incl/k4/rG256/ctl-usage,256,usage,4,119,0.7161439321835132
main/E_lab/code_leaning_hard/D_code/tau0.1/ones/incl/k4/rG256/ctl-usage,256,usage,4,120,0.37427254699287005
main/E_lab/code_leaning_hard/D_code/tau0.1/ones/incl/k4/rG256/ctl-usage,256,usage,4,121,0.5695495400814252
main/E_lab/code_leaning_hard/D_code/tau0.1/ones/incl/k4/rG256/ctl-usage,256,usage,4,122,0.9889137416337235
main/E_lab/code_leaning_hard/D_code/tau0.1/ones/incl/k4/rG256/ctl-usage,256,usage,4,123,1.4814875817655775
main/E_lab/code_leaning_hard/D_code/tau0.1/ones/incl/k4/rG256/ctl-usage,256,usage,4,124,1.2572493390725867
main/E_lab/code_leaning_hard/D_code/tau0.1/ones/incl/k4/rG256/ctl-usage,256,usage,4,125,0.71443096112489
main/E_lab/code_leaning_hard/D_code/tau0.1/ones/incl/k4/rG256/ctl-usage,256,usage,4,126,0.7268271892453413
main/E_lab/code_leaning_hard/D_code/tau0.1/ones/incl/k4/rG256/ctl-usage,256,usage,4,127,0.7684943093463517
main/E_lab/code_leaning_hard/D_code/tau0.1/ones/incl/k4/rG256/ctl-usage,256,usage,4,128,0.6190442950287434
main/E_lab/code_leaning_hard/D_code/tau0.1/ones/incl/k4/rG256/ctl-usage,256,usage,4,129,0.5983576057133178
main/E_lab/code_leaning_hard/D_code/tau0.1/ones/incl/k4/rG256/ctl-usage,256,usage,4,130,0.7396977685193633
main/E_lab/code_leaning_hard/D_code/tau0.1/ones/incl/k4/rG256/ctl-usage,256,usage,4,131,0.7406913865615934
main/E_lab/code_leaning_hard/D_code/tau0.1/ones/incl/k4/rG256/ctl-usage,256,usage,4,132,0.7923898874723818
main/E_lab/code_leaning_hard/D_code/tau0.1/ones/incl/k4/rG256/ctl-usage,256,usage,4,133,1.162922210843135
main/E_lab/code_leaning_hard/D_code/tau0.1/ones/incl/k4/rG256/ctl-usage,256,usage,4,134,0.9269324201668496
main/E_lab/code_leaning_hard/D_code/tau0.1/ones/incl/k4/rG256/ctl-usage,256,usage,4,135,0.9437558832391915
main/E_lab/code_leaning_hard/D_code/tau0.1/ones/incl/k4/rG256/ctl-usage,256,usage,4,136,1.1862007131821883
main/E_lab/code_leaning_hard/D_code/tau0.1/ones/incl/k4/rG256/ctl-usage,256,usage,4,137,0.7872776900749159
main/E_lab/code_leaning_hard/D_code/tau0.1/ones/incl/k4/rG256/ctl-usage,256,usage,4,138,0.5236731831328143
main/E_lab/code_leaning_hard/D_code/tau0.1/ones/incl/k4/rG256/ctl-usage,256,usage,4,139,0.5918694997790226
main/E_lab/code_leaning_hard/D_code/tau0.1/ones/incl/k4/rG256/ctl-usage,256,usage,4,140,0.8089643377970788
main/E_lab/code_leaning_hard/D_code/tau0.1/ones/incl/k4/rG256/ctl-usage,256,usage,4,141,0.8147525080712512
main/E_lab/code_leaning_hard/D_code/tau0.1/ones/incl/k4/rG256/ctl-usage,256,usage,4,142,0.5559174573863856
main/E_lab/code_leaning_hard/D_code/tau0.1/ones/incl/k4/rG256/ctl-usage,256,usage,4,143,0.5226538846563926
main/E_lab/code_leaning_hard/D_code/tau0.1/ones/incl/k4/rG256/ctl-usage,256,usage,4,144,0.5484294095476798
main/E_lab/code_leaning_hard/D_code/tau0.1/ones/incl/k4/rG256/ctl-usage,256,usage,4,145,0.5258218054859753
main/E_lab/code_leaning_hard/D_code/tau0.1/ones/incl/k4/rG256/ctl-usage,256,usage,4,146,0.9948826001282214
main/E_lab/code_leaning_hard/D_code/tau0.1/ones/incl/k4/rG256/ctl-usage,256,usage,4,147,0.638518225052394
main/E_lab/code_leaning_hard/D_code/tau0.1/ones/incl/k4/rG256/ctl-usage,256,usage,4,148,1.5255745264757934
main/E_lab/code_leaning_hard/D_code/tau0.1/ones/incl/k4/rG256/ctl-usage,256,usage,4,149,1.7890985607746188
main/E_lab/code_leaning_hard/D_code/tau0.1/ones/incl/k4/rG256/ctl-usage,256,usage,4,150,1.5440047199745095
main/E_lab/code_leaning_hard/D_code/tau0.1/ones/incl/k4/rG256/ctl-usage,256,usage,4,151,1.7266881654402368
main/E_lab/code_leaning_hard/D_code/tau0.1/ones/incl/k4/rG256/ctl-usage,256,usage,4,152,1.725915437758431
main/E_lab/code_leaning_hard/D_code/tau0.1/ones/incl/k4/rG256/ctl-usage,256,usage,4,153,1.433892380134239
main/E_lab/code_leaning_hard/D_code/tau0.1/ones/incl/k4/rG256/ctl-usage,256,usage,4,154,1.8910920559123952
main/E_lab/code_leaning_hard/D_code/tau0.1/ones/incl/k4/rG256/ctl-usage,256,usage,4,155,2.1146109045951107
main/E_lab/code_leaning_hard/D_code/tau0.1/ones/incl/k4/rG256/ctl-usage,256,usage,4,156,1.8878070676219068
main/E_lab/code_leaning_hard/D_code/tau0.1/ones/incl/k4/rG256/ctl-usage,256,usage,4,157,2.033906653007307
main/E_lab/code_leaning_hard/D_code/tau0.1/ones/incl/k4/rG256/ctl-usage,256,usage,4,158,1.0589204972347943
main/E_lab/code_leaning_hard/D_code/tau0.1/ones/incl/k4/rG256/ctl-usage,256,usage,4,159,0.9281894430660032
main/E_lab/code_leaning_hard/D_code/tau0.1/ones/incl/k4/rG256/ctl-usage,256,usage,4,160,1.3398996066562177
main/E_lab/code_leaning_hard/D_code/tau0.1/ones/incl/k4/rG256/ctl-usage,256,usage,4,161,1.2817919967146736
main/E_lab/code_leaning_hard/D_code/tau0.1/ones/incl/k4/rG256/ctl-usage,256,usage,4,162,0.9600614995756587
main/E_lab/code_leaning_hard/D_code/tau0.1/ones/incl/k4/rG256/ctl-usage,256,usage,4,163,0.598530607747989
main/E_lab/code_leaning_hard/D_code/tau0.1/ones/incl/k4/rG256/ctl-usage,256,usage,4,164,0.46792339341664047
main/E_lab/code_leaning_hard/D_code/tau0.1/ones/incl/k4/rG256/ctl-usage,256,usage,4,165,0.39388751181877524
main/E_lab/code_leaning_hard/D_code/tau0.1/ones/incl/k4/rG256/ctl-usage,256,usage,4,166,0.6052708276120029
main/E_lab/code_leaning_hard/D_code/tau0.1/ones/incl/k4/rG256/ctl-usage,256,usage,4,167,0.5993296256710892
main/E_lab/code_leaning_hard/D_code/tau0.1/ones/incl/k4/rG256/ctl-usage,256,usage,4,168,0.6561721380530798
main/E_lab/code_leaning_hard/D_code/tau0.1/ones/incl/k4/rG256/ctl-usage,256,usage,4,169,0.7547657102797984
main/E_lab/code_leaning_hard/D_code/tau0.1/ones/incl/k4/rG256/ctl-usage,256,usage,4,170,0.7075333380925031
main/E_lab/code_leaning_hard/D_code/tau0.1/ones/incl/k4/rG256/ctl-usage,256,usage,4,171,0.460850703111646
main/E_lab/code_leaning_hard/D_code/tau0.1/ones/incl/k4/rG256/ctl-usage,256,usage,4,172,0.7394804293144261
main/E_lab/code_leaning_hard/D_code/tau0.1/ones/incl/k4/rG256/ctl-usage,256,usage,4,173,0.8262673490553425
main/E_lab/code_leaning_hard/D_code/tau0.1/ones/incl/k4/rG256/ctl-usage,256,usage,4,174,1.2467603655845778
main/E_lab/code_leaning_hard/D_code/tau0.1/ones/incl/k4/rG256/ctl-usage,256,usage,4,175,1.1189099916418854
main/E_lab/code_leaning_hard/D_code/tau0.1/ones/incl/k4/rG256/ctl-usage,256,usage,4,176,1.0197139799256547
main/E_lab/code_leaning_hard/D_code/tau0.1/ones/incl/k4/rG256/ctl-usage,256,usage,4,177,1.0213099366837923
main/E_lab/code_leaning_hard/D_code/tau0.1/ones/incl/k4/rG256/ctl-usage,256,usage,4,178,1.0739567897471716
main/E_lab/code_leaning_hard/D_code/tau0.1/ones/incl/k4/rG256/ctl-usage,256,usage,4,179,0.8866499236501113
main/E_lab/code_leaning_hard/D_code/tau0.1/ones/incl/k4/rG256/ctl-usage,256,usage,4,180,0.6473333969543091
main/E_lab/code_leaning_hard/D_code/tau0.1/ones/incl/k4/rG256/ctl-usage,256,usage,4,181,0.45436028758922475
main/E_lab/code_leaning_hard/D_code/tau0.1/ones/incl/k4/rG256/ctl-usage,256,usage,4,182,0.6853075348844868
main/E_lab/code_leaning_hard/D_code/tau0.1/ones/incl/k4/rG256/ctl-usage,256,usage,4,183,0.5425477358676289
main/E_lab/code_leaning_hard/D_code/tau0.1/ones/incl/k4/rG256/ctl-usage,256,usage,4,184,0.5321895313163623
main/E_lab/code_leaning_hard/D_code/tau0.1/ones/incl/k4/rG256/ctl-usage,256,usage,4,185,0.6149364616267121
main/E_lab/code_leaning_hard/D_code/tau0.1/ones/incl/k4/rG256/ctl-usage,256,usage,4,186,0.2200485599169042
main/E_lab/code_leaning_hard/D_code/tau0.1/ones/incl/k4/rG256/ctl-usage,256,usage,4,187,0.5902610865923634
main/E_lab/code_leaning_hard/D_code/tau0.1/ones/incl/k4/rG256/ctl-usage,256,usage,4,188,0.5034652326858122
main/E_lab/code_leaning_hard/D_code/tau0.1/ones/incl/k4/rG256/ctl-usage,256,usage,4,189,0.7233506028899228
main/E_lab/code_leaning_hard/D_code/tau0.1/ones/incl/k4/rG256/ctl-usage,256,usage,4,190,0.8232236273288436
main/E_lab/code_leaning_hard/D_code/tau0.1/ones/incl/k4/rG256/ctl-usage,256,usage,4,191,0.46572599774845
main/E_lab/code_leaning_hard/D_code/tau0.1/ones/incl/k4/rG256/ctl-usage,256,usage,4,192,0.5517405377722753
main/E_lab/code_leaning_hard/D_code/tau0.1/ones/incl/k4/rG256/ctl-usage,256,usage,4,193,1.0405985981451522
main/E_lab/code_leaning_hard/D_code/tau0.1/ones/incl/k4/rG256/ctl-usage,256,usage,4,194,1.0500910880728043
main/E_lab/code_leaning_hard/D_code/tau0.1/ones/incl/k4/rG256/ctl-usage,256,usage,4,195,0.8768366014783169
main/E_lab/code_leaning_hard/D_code/tau0.1/ones/incl/k4/rG256/ctl-usage,256,usage,4,196,0.6696402131419745
main/E_lab/code_leaning_hard/D_code/tau0.1/ones/incl/k4/rG256/ctl-usage,256,usage,4,197,0.4983103716531332
main/E_lab/code_leaning_hard/D_code/tau0.1/ones/incl/k4/rG256/ctl-usage,256,usage,4,198,0.5123792918420804
main/E_lab/code_leaning_hard/D_code/tau0.1/ones/incl/k4/rG256/ctl-usage,256,usage,4,199,1.019400443907216
main/E_lab/code_leaning_hard/D_code/tau0.1/ones/incl/k4/rG256/ctl-usage,256,usage,4,200,0.7771356028715672
main/E_lab/code_leaning_hard/D_code/tau0.1/ones/incl/k4/rG256/ctl-usage,256,usage,4,201,0.5850605037157948
main/E_lab/code_leaning_hard/D_code/tau0.1/ones/incl/k4/rG256/ctl-usage,256,usage,4,202,0.7644469197739454
main/E_lab/code_leaning_hard/D_code/tau0.1/ones/incl/k4/rG256/ctl-usage,256,usage,4,203,0.5616636721460964
main/E_lab/code_leaning_hard/D_code/tau0.1/ones/incl/k4/rG256/ctl-usage,256,usage,4,204,0.38308632478492655
main/E_lab/code_leaning_hard/D_code/tau0.1/ones/incl/k4/rG256/ctl-usage,256,usage,4,205,0.5619303159992342
main/E_lab/code_leaning_hard/D_code/tau0.1/ones/incl/k4/rG256/ctl-usage,256,usage,4,206,0.4742834783755825
main/E_lab/code_leaning_hard/D_code/tau0.1/ones/incl/k4/rG256/ctl-usage,256,usage,4,207,0.4850327235712939
main/E_lab/code_leaning_hard/D_code/tau0.1/ones/incl/k4/rG256/ctl-usage,256,usage,4,208,0.40284801859070285
main/E_lab/code_leaning_hard/D_code/tau0.1/ones/incl/k4/rG256/ctl-usage,256,usage,4,209,0.6107317306796176
main/E_lab/code_leaning_hard/D_code/tau0.1/ones/incl/k4/rG256/ctl-usage,256,usage,4,210,2.1191109329092797
main/E_lab/code_leaning_hard/D_code/tau0.1/ones/incl/k4/rG256/ctl-usage,256,usage,4,211,2.4630615109203973
main/E_lab/code_leaning_hard/D_code/tau0.1/ones/incl/k4/rG256/ctl-usage,256,usage,4,212,1.8612851802604382
main/E_lab/code_leaning_hard/D_code/tau0.1/ones/incl/k4/rG256/ctl-usage,256,usage,4,213,0.6279276862178449
main/E_lab/code_leaning_hard/D_code/tau0.1/ones/incl/k4/rG256/ctl-usage,256,usage,4,214,0.6135951970900351
main/E_lab/code_leaning_hard/D_code/tau0.1/ones/incl/k4/rG256/ctl-usage,256,usage,4,215,1.2602761618018121
main/E_lab/code_leaning_hard/D_code/tau0.1/ones/incl/k4/rG256/ctl-usage,256,usage,4,216,1.3494145129006938
main/E_lab/code_leaning_hard/D_code/tau0.1/ones/incl/k4/rG256/ctl-usage,256,usage,4,217,0.9259273344396206
main/E_lab/code_leaning_hard/D_code/tau0.1/ones/incl/k4/rG256/ctl-usage,256,usage,4,218,0.9322658283963392
main/E_lab/code_leaning_hard/D_code/tau0.1/ones/incl/k4/rG256/ctl-usage,256,usage,4,219,1.0798293929469764
main/E_lab/code_leaning_hard/D_code/tau0.1/ones/incl/k4/rG256/ctl-usage,256,usage,4,220,1.1774876533418137
main/E_lab/code_leaning_hard/D_code/tau0.1/ones/incl/k4/rG256/ctl-usage,256,usage,4,221,1.1367614449582106
main/E_lab/code_leaning_hard/D_code/tau0.1/ones/incl/k4/rG256/ctl-usage,256,usage,4,222,0.8474335128548773
main/E_lab/code_leaning_hard/D_code/tau0.1/ones/incl/k4/rG256/ctl-usage,256,usage,4,223,0.8750515774636369
main/E_lab/code_leaning_hard/D_code/tau0.1/ones/incl/k4/rG256/ctl-usage,256,usage,4,224,0.653637105895541
main/E_lab/code_leaning_hard/D_code/tau0.1/ones/incl/k4/rG256/ctl-usage,256,usage,4,225,2.2435145895187816
main/E_lab/code_leaning_hard/D_code/tau0.1/ones/incl/k4/rG256/ctl-usage,256,usage,4,226,1.518701909481024
main/E_lab/code_leaning_hard/D_code/tau0.1/ones/incl/k4/rG256/ctl-usage,256,usage,4,227,0.8601432087052672
main/E_lab/code_leaning_hard/D_code/tau0.1/ones/incl/k4/rG256/ctl-usage,256,usage,4,228,0.7210821754542849
main/E_lab/code_leaning_hard/D_code/tau0.1/ones/incl/k4/rG256/ctl-usage,256,usage,4,229,0.9457216082009836
main/E_lab/code_leaning_hard/D_code/tau0.1/ones/incl/k4/rG256/ctl-usage,256,usage,4,230,0.5348214638434001
main/E_lab/code_leaning_hard/D_code/tau0.1/ones/incl/k4/rG256/ctl-usage,256,usage,4,231,0.5310947820343301
main/E_lab/code_leaning_hard/D_code/tau0.1/ones/incl/k4/rG256/ctl-usage,256,usage,4,232,0.5305702542373183
main/E_lab/code_leaning_hard/D_code/tau0.1/ones/incl/k4/rG256/ctl-usage,256,usage,4,233,1.186658109061682
main/E_lab/code_leaning_hard/D_code/tau0.1/ones/incl/k4/rG256/ctl-usage,256,usage,4,234,1.1651098019874553
main/E_lab/code_leaning_hard/D_code/tau0.1/ones/incl/k4/rG256/ctl-usage,256,usage,4,235,0.9385697825982788
main/E_lab/code_leaning_hard/D_code/tau0.1/ones/incl/k4/rG256/ctl-usage,256,usage,4,236,1.439162378333549
main/E_lab/code_leaning_hard/D_code/tau0.1/ones/incl/k4/rG256/ctl-usage,256,usage,4,237,1.0375049602262152
main/E_lab/code_leaning_hard/D_code/tau0.1/ones/incl/k4/rG256/ctl-usage,256,usage,4,238,0.40127796562865115
main/E_lab/code_leaning_hard/D_code/tau0.1/ones/incl/k4/rG256/ctl-usage,256,usage,4,239,0.4964456777997839
main/E_lab/code_leaning_hard/D_code/tau0.1/ones/incl/k4/rG256/ctl-usage,256,usage,4,240,0.3974499323769578
main/E_lab/code_leaning_hard/D_code/tau0.1/ones/incl/k4/rG256/ctl-usage,256,usage,4,241,0.4062182059053612
main/E_lab/code_leaning_hard/D_code/tau0.1/ones/incl/k4/rG256/ctl-usage,256,usage,4,242,0.6517717328806611
main/E_lab/code_leaning_hard/D_code/tau0.1/ones/incl/k4/rG256/ctl-usage,256,usage,4,243,0.35415804291915265
main/E_lab/code_leaning_hard/D_code/tau0.1/ones/incl/k4/rG256/ctl-usage,256,usage,4,244,0.31697852851493735
main/E_lab/code_leaning_hard/D_code/tau0.1/ones/incl/k4/rG256/ctl-usage,256,usage,4,245,0.5143331215977014
main/E_lab/code_leaning_hard/D_code/tau0.1/ones/incl/k4/rG256/ctl-usage,256,usage,4,246,0.4214810542189298
main/E_lab/code_leaning_hard/D_code/tau0.1/ones/incl/k4/rG256/ctl-usage,256,usage,4,247,0.48420571323731565
main/E_lab/code_leaning_hard/D_code/tau0.1/ones/incl/k4/rG256/ctl-usage,256,usage,4,248,0.5051626658068926
main/E_lab/code_leaning_hard/D_code/tau0.1/ones/incl/k4/rG256/ctl-usage,256,usage,4,249,0.2616552019653682
main/E_lab/code_leaning_hard/D_code/tau0.1/ones/incl/k4/rG256/ctl-usage,256,usage,4,250,0.4141390656986914
main/E_lab/code_leaning_hard/D_code/tau0.1/ones/incl/k4/rG256/ctl-usage,256,usage,4,251,0.438716925054905
main/E_lab/code_leaning_hard/D_code/tau0.1/ones/incl/k4/rG256/ctl-usage,256,usage,4,252,0.36798734918284026
main/E_lab/code_leaning_hard/D_code/tau0.1/ones/incl/k4/rG256/ctl-usage,256,usage,4,253,0.5730328867957724
main/E_lab/code_leaning_hard/D_code/tau0.1/ones/incl/k4/rG256/ctl-usage,256,usage,4,254,0.37250954067167186
main/E_lab/code_leaning_hard/D_code/tau0.1/ones/incl/k4/rG256/ctl-usage,256,usage,4,255,0.36424016012369975
main/E_lab/code_leaning_hard/D_code/tau0.1/ones/incl/k4/rG256/ctl-usage,256,usage,4,256,2.065109900020616
main/E_lab/code_leaning_hard/D_code/tau0.1/ones/incl/k4/rG256/ctl-usage,256,usage,4,257,2.5398525298414825
main/E_lab/code_leaning_hard/D_code/tau0.1/ones/incl/k4/rG256/ctl-usage,256,usage,4,258,2.2126593493230757
main/E_lab/code_leaning_hard/D_code/tau0.1/ones/incl/k4/rG256/ctl-usage,256,usage,4,259,2.3377179177049356
main/E_lab/code_leaning_hard/D_code/tau0.1/ones/incl/k4/rG256/ctl-usage,256,usage,4,260,2.0997600518439867
main/E_lab/code_leaning_hard/D_code/tau0.1/ones/incl/k4/rG256/ctl-usage,256,usage,4,261,1.9999545256177953
main/E_lab/code_leaning_hard/D_code/tau0.1/ones/incl/k4/rG256/ctl-usage,256,usage,4,262,1.9522101748771092
main/E_lab/code_leaning_hard/D_code/tau0.1/ones/incl/k4/rG256/ctl-usage,256,usage,4,263,2.524311906912999
main/E_lab/code_leaning_hard/D_code/tau0.1/ones/incl/k4/rG256/ctl-usage,256,usage,4,264,2.363265659941135
main/E_lab/code_leaning_hard/D_code/tau0.1/ones/incl/k4/rG256/ctl-usage,256,usage,4,265,2.3615601436335965
main/E_lab/code_leaning_hard/D_code/tau0.1/ones/incl/k4/rG256/ctl-usage,256,usage,4,266,1.9956619617214528
main/E_lab/code_leaning_hard/D_code/tau0.1/ones/incl/k4/rG256/ctl-usage,256,usage,4,267,1.9153574761221535
main/E_lab/code_leaning_hard/D_code/tau0.1/ones/incl/k4/rG256/ctl-usage,256,usage,4,268,1.8592200614421017
main/E_lab/code_leaning_hard/D_code/tau0.1/ones/incl/k4/rG256/ctl-usage,256,usage,4,269,1.9456929907919402
main/E_lab/code_leaning_hard/D_code/tau0.1/ones/incl/k4/rG256/ctl-usage,256,usage,4,270,1.7950329790392061
main/E_lab/code_leaning_hard/D_code/tau0.1/ones/incl/k4/rG256/ctl-usage,256,usage,4,271,1.6753002901723448
main/E_lab/code_leaning_hard/D_code/tau0.1/ones/incl/k4/rG256/ctl-usage,256,usage,4,272,1.703221954790024
main/E_lab/code_leaning_hard/D_code/tau0.1/ones/incl/k4/rG256/ctl-usage,256,usage,4,273,1.7838113410125516
main/E_lab/code_leaning_hard/D_code/tau0.1/ones/incl/k4/rG256/ctl-usage,256,usage,4,274,1.8433881043865767
main/E_lab/code_leaning_hard/D_code/tau0.1/ones/incl/k4/rG256/ctl-usage,256,usage,4,275,2.1709727161123737
main/E_lab/code_leaning_hard/D_code/tau0.1/ones/incl/k4/rG256/ctl-usage,256,usage,4,276,2.2444521551969956
main/E_lab/code_leaning_hard/D_code/tau0.1/ones/incl/k4/rG256/ctl-usage,256,usage,4,277,2.0553277807111954
main/E_lab/code_leaning_hard/D_code/tau0.1/ones/incl/k4/rG256/ctl-usage,256,usage,4,278,2.197932971866976
main/E_lab/code_leaning_hard/D_code/tau0.1/ones/incl/k4/rG256/ctl-usage,256,usage,4,279,2.06920839965278
main/E_lab/code_leaning_hard/D_code/tau0.1/ones/incl/k4/rG256/ctl-usage,256,usage,4,280,1.4948340917180758
main/E_lab/code_leaning_hard/D_code/tau0.1/ones/incl/k4/rG256/ctl-usage,256,usage,4,281,2.442733395571395
main/E_lab/code_leaning_hard/D_code/tau0.1/ones/incl/k4/rG256/ctl-usage,256,usage,4,282,2.1006846717282315
main/E_lab/code_leaning_hard/D_code/tau0.1/ones/incl/k4/rG256/ctl-usage,256,usage,4,283,2.2458472880325644
main/E_lab/code_leaning_hard/D_code/tau0.1/ones/incl/k4/rG256/ctl-usage,256,usage,4,284,2.2878203267300705
main/E_lab/code_leaning_hard/D_code/tau0.1/ones/incl/k4/rG256/ctl-usage,256,usage,4,285,2.188471924069745
main/E_lab/code_leaning_hard/D_code/tau0.1/ones/incl/k4/rG256/ctl-usage,256,usage,4,286,2.6013812422888805
main/E_lab/code_leaning_hard/D_code/tau0.1/ones/incl/k4/rG256/ctl-usage,256,usage,4,287,2.203290329363881
main/E_lab/code_leaning_hard/D_code/tau0.1/ones/incl/k4/rG256/ctl-usage,256,usage,4,288,2.027310434008541
main/E_lab/code_leaning_hard/D_code/tau0.1/ones/incl/k4/rG256/ctl-usage,256,usage,4,289,1.9609319684786897
main/E_lab/code_leaning_hard/D_code/tau0.1/ones/incl/k4/rG256/ctl-usage,256,usage,4,290,2.3649826885184666
main/E_lab/code_leaning_hard/D_code/tau0.1/ones/incl/k4/rG256/ctl-usage,256,usage,4,291,2.2806592740998894
main/E_lab/code_leaning_hard/D_code/tau0.1/ones/incl/k4/rG256/ctl-usage,256,usage,4,292,2.291821526883723
main/E_lab/code_leaning_hard/D_code/tau0.1/ones/incl/k4/rG256/ctl-usage,256,usage,4,293,2.3423148470765227
main/E_lab/code_leaning_hard/D_code/tau0.1/ones/incl/k4/rG256/ctl-usage,256,usage,4,294,2.235945416762661
main/E_lab/code_leaning_hard/D_code/tau0.1/ones/incl/k4/rG256/ctl-usage,256,usage,4,295,2.454357293609064
main/E_lab/code_leaning_hard/D_code/tau0.1/ones/incl/k4/rG256/ctl-usage,256,usage,4,296,1.998095195122005
main/E_lab/code_leaning_hard/D_code/tau0.1/ones/incl/k4/rG256/ctl-usage,256,usage,4,297,1.880588062269453
main/E_lab/code_leaning_hard/D_code/tau0.1/ones/incl/k4/rG256/ctl-usage,256,usage,4,298,2.284184248262136
main/E_lab/code_leaning_hard/D_code/tau0.1/ones/incl/k4/rG256/ctl-usage,256,usage,4,299,2.127732617969741
main/E_lab/code_leaning_hard/D_code/tau0.1/ones/incl/k4/rG256/ctl-usage,256,usage,4,300,2.0244019067640693
main/E_lab/code_leaning_hard/D_code/tau0.1/ones/incl/k4/rG256/ctl-usage,256,usage,4,301,1.9002113324713719
main/E_lab/code_leaning_hard/D_code/tau0.1/ones/incl/k4/rG256/ctl-usage,256,usage,4,302,1.587474145942906
main/E_lab/code_leaning_hard/D_code/tau0.1/ones/incl/k4/rG256/ctl-usage,256,usage,4,303,2.0714549635722506
main/E_lab/code_leaning_hard/D_code/tau0.1/ones/incl/k4/rG256/ctl-usage,256,usage,4,304,2.197919199991702
main/E_lab/code_leaning_hard/D_code/tau0.1/ones/incl/k4/rG256/ctl-usage,256,usage,4,305,2.331187149295147
main/E_lab/code_leaning_hard/D_code/tau0.1/ones/incl/k4/rG256/ctl-usage,256,usage,4,306,2.1898880096296125
main/E_lab/code_leaning_hard/D_code/tau0.1/ones/incl/k4/rG256/ctl-usage,256,usage,4,307,1.9698411822100752
main/E_lab/code_leaning_hard/D_code/tau0.1/ones/incl/k4/rG256/ctl-usage,256,usage,4,308,2.4963021569701596
main/E_lab/code_leaning_hard/D_code/tau0.1/ones/incl/k4/rG256/ctl-usage,256,usage,4,309,2.4604448300642616
main/E_lab/code_leaning_hard/D_code/tau0.1/ones/incl/k4/rG256/ctl-usage,256,usage,4,310,2.300824795263452
main/E_lab/code_leaning_hard/D_code/tau0.1/ones/incl/k4/rG256/ctl-usage,256,usage,4,311,1.6181982341595358
main/E_lab/code_leaning_hard/D_code/tau0.1/ones/incl/k4/rG256/ctl-usage,256,usage,4,312,1.729138212365342
main/E_lab/code_leaning_hard/D_code/tau0.1/ones/incl/k4/rG256/ctl-usage,256,usage,4,313,1.74521528769219
main/E_lab/code_leaning_hard/D_code/tau0.1/ones/incl/k4/rG256/ctl-usage,256,usage,4,314,1.8640487156990275
main/E_lab/code_leaning_hard/D_code/tau0.1/ones/incl/k4/rG256/ctl-usage,256,usage,4,315,2.089190380767832
main/E_lab/code_leaning_hard/D_code/tau0.1/ones/incl/k4/rG256/ctl-usage,256,usage,4,316,2.687899210293608
main/E_lab/code_leaning_hard/D_code/tau0.1/ones/incl/k4/rG256/ctl-usage,256,usage,4,317,2.315951880441389
main/E_lab/code_leaning_hard/D_code/tau0.1/ones/incl/k4/rG256/ctl-usage,256,usage,4,318,2.201496791392856
main/E_lab/code_leaning_hard/D_code/tau0.1/ones/incl/k4/rG256/ctl-usage,256,usage,4,319,1.7551500684894563
main/E_lab/code_leaning_hard/D_code/tau0.1/ones/incl/k4/rG256/ctl-usage,256,usage,4,320,2.4461182087752604
main/E_lab/code_leaning_hard/D_code/tau0.1/ones/incl/k4/rG256/ctl-usage,256,usage,4,321,2.608750069843154
main/E_lab/code_leaning_hard/D_code/tau0.1/ones/incl/k4/rG256/ctl-usage,256,usage,4,322,2.2959050696808845
main/E_lab/code_leaning_hard/D_code/tau0.1/ones/incl/k4/rG256/ctl-usage,256,usage,4,323,2.4511016679607565
main/E_lab/code_leaning_hard/D_code/tau0.1/ones/incl/k4/rG256/ctl-usage,256,usage,4,324,2.4845409484300944
main/E_lab/code_leaning_hard/D_code/tau0.1/ones/incl/k4/rG256/ctl-usage,256,usage,4,325,2.2846432320493477
main/E_lab/code_leaning_hard/D_code/tau0.1/ones/incl/k4/rG256/ctl-usage,256,usage,4,326,2.4980569965300674
main/E_lab/code_leaning_hard/D_code/tau0.1/ones/incl/k4/rG256/ctl-usage,256,usage,4,327,2.5350712440076677
main/E_lab/code_leaning_hard/D_code/tau0.1/ones/incl/k4/rG256/ctl-usage,256,usage,4,328,2.4441711061504066
main/E_lab/code_leaning_hard/D_code/tau0.1/ones/incl/k4/rG256/ctl-usage,256,usage,4,329,2.5793860476896953
main/E_lab/code_leaning_hard/D_code/tau0.1/ones/incl/k4/rG256/ctl-usage,256,usage,4,330,2.35537478981405
main/E_lab/code_leaning_hard/D_code/tau0.1/ones/incl/k4/rG256/ctl-usage,256,usage,4,331,1.985616638130523
main/E_lab/code_leaning_hard/D_code/tau0.1/ones/incl/k4/rG256/ctl-usage,256,usage,4,332,2.3762339164995865
main/E_lab/code_leaning_hard/D_code/tau0.1/ones/incl/k4/rG256/ctl-usage,256,usage,4,333,2.3294542871935846
main/E_lab/code_leaning_hard/D_code/tau0.1/ones/incl/k4/rG256/ctl-usage,256,usage,4,334,2.3702101016760935
main/E_lab/code_leaning_hard/D_code/tau0.1/ones/incl/k4/rG256/ctl-usage,256,usage,4,335,2.378250589084928
main/E_lab/code_leaning_hard/D_code/tau0.1/ones/incl/k4/rG256/ctl-usage,256,usage,4,336,2.0629013104196474
main/E_lab/code_leaning_hard/D_code/tau0.1/ones/incl/k4/rG256/ctl-usage,256,usage,4,337,1.918821228940942
main/E_lab/code_leaning_hard/D_code/tau0.1/ones/incl/k4/rG256/ctl-usage,256,usage,4,338,1.9787760322706163
main/E_lab/code_leaning_hard/D_code/tau0.1/ones/incl/k4/rG256/ctl-usage,256,usage,4,339,2.0606274021893114
main/E_lab/code_leaning_hard/D_code/tau0.1/ones/incl/k4/rG256/ctl-usage,256,usage,4,340,2.04437406750003
main/E_lab/code_leaning_hard/D_code/tau0.1/ones/incl/k4/rG256/ctl-usage,256,usage,4,341,2.3407886003842577
main/E_lab/code_leaning_hard/D_code/tau0.1/ones/incl/k4/rG256/ctl-usage,256,usage,4,342,2.235018489520371
main/E_lab/code_leaning_hard/D_code/tau0.1/ones/incl/k4/rG256/ctl-usage,256,usage,4,343,2.7328649166038304
main/E_lab/code_leaning_hard/D_code/tau0.1/ones/incl/k4/rG256/ctl-usage,256,usage,4,344,3.0292987300745153
main/E_lab/code_leaning_hard/D_code/tau0.1/ones/incl/k4/rG256/ctl-usage,256,usage,4,345,2.942696826361498
main/E_lab/code_leaning_hard/D_code/tau0.1/ones/incl/k4/rG256/ctl-usage,256,usage,4,346,2.7380535902400425
main/E_lab/code_leaning_hard/D_code/tau0.1/ones/incl/k4/rG256/ctl-usage,256,usage,4,347,2.2984068579417
main/E_lab/code_leaning_hard/D_code/tau0.1/ones/incl/k4/rG256/ctl-usage,256,usage,4,348,2.0975931988086813
main/E_lab/code_leaning_hard/D_code/tau0.1/ones/incl/k4/rG256/ctl-usage,256,usage,4,349,2.282161532350983
main/E_lab/code_leaning_hard/D_code/tau0.1/ones/incl/k4/rG256/ctl-usage,256,usage,4,350,2.266190995621173
main/E_lab/code_leaning_hard/D_code/tau0.1/ones/incl/k4/rG256/ctl-usage,256,usage,4,351,2.4072670898585784
main/E_lab/code_leaning_hard/D_code/tau0.1/ones/incl/k4/rG256/ctl-usage,256,usage,4,352,1.5131998081214988
main/E_lab/code_leaning_hard/D_code/tau0.1/ones/incl/k4/rG256/ctl-usage,256,usage,4,353,2.2563619842949265
main/E_lab/code_leaning_hard/D_code/tau0.1/ones/incl/k4/rG256/ctl-usage,256,usage,4,354,2.0104957602543436
main/E_lab/code_leaning_hard/D_code/tau0.1/ones/incl/k4/rG256/ctl-usage,256,usage,4,355,2.3904493666850612
main/E_lab/code_leaning_hard/D_code/tau0.1/ones/incl/k4/rG256/ctl-usage,256,usage,4,356,2.0571356139498675
main/E_lab/code_leaning_hard/D_code/tau0.1/ones/incl/k4/rG256/ctl-usage,256,usage,4,357,1.732577529077389
main/E_lab/code_leaning_hard/D_code/tau0.1/ones/incl/k4/rG256/ctl-usage,256,usage,4,358,2.0227871317320023
main/E_lab/code_leaning_hard/D_code/tau0.1/ones/incl/k4/rG256/ctl-usage,256,usage,4,359,2.065042595330283
main/E_lab/code_leaning_hard/D_code/tau0.1/ones/incl/k4/rG256/ctl-usage,256,usage,4,360,2.2782104325069668
main/E_lab/code_leaning_hard/D_code/tau0.1/ones/incl/k4/rG256/ctl-usage,256,usage,4,361,2.344710168353231
main/E_lab/code_leaning_hard/D_code/tau0.1/ones/incl/k4/rG256/ctl-usage,256,usage,4,362,2.3613482654236577
main/E_lab/code_leaning_hard/D_code/tau0.1/ones/incl/k4/rG256/ctl-usage,256,usage,4,363,2.5408047643868485
main/E_lab/code_leaning_hard/D_code/tau0.1/ones/incl/k4/rG256/ctl-usage,256,usage,4,364,2.7958221884036902
main/E_lab/code_leaning_hard/D_code/tau0.1/ones/incl/k4/rG256/ctl-usage,256,usage,4,365,2.582944347091143
main/E_lab/code_leaning_hard/D_code/tau0.1/ones/incl/k4/rG256/ctl-usage,256,usage,4,366,2.394212739802242
main/E_lab/code_leaning_hard/D_code/tau0.1/ones/incl/k4/rG256/ctl-usage,256,usage,4,367,2.1309258896380925
main/E_lab/code_leaning_hard/D_code/tau0.1/ones/incl/k4/rG256/ctl-usage,256,usage,4,368,1.8476477908311608
main/E_lab/code_leaning_hard/D_code/tau0.1/ones/incl/k4/rG256/ctl-usage,256,usage,4,369,1.8303421098444232
main/E_lab/code_leaning_hard/D_code/tau0.1/ones/incl/k4/rG256/ctl-usage,256,usage,4,370,1.9427645506428917
main/E_lab/code_leaning_hard/D_code/tau0.1/ones/incl/k4/rG256/ctl-usage,256,usage,4,371,2.134036926416229
main/E_lab/code_leaning_hard/D_code/tau0.1/ones/incl/k4/rG256/ctl-usage,256,usage,4,372,1.9838026121838084
main/E_lab/code_leaning_hard/D_code/tau0.1/ones/incl/k4/rG256/ctl-usage,256,usage,4,373,2.4329654725606815
main/E_lab/code_leaning_hard/D_code/tau0.1/ones/incl/k4/rG256/ctl-usage,256,usage,4,374,2.380259227899842
main/E_lab/code_leaning_hard/D_code/tau0.1/ones/incl/k4/rG256/ctl-usage,256,usage,4,375,2.3729691111263946
main/E_lab/code_leaning_hard/D_code/tau0.1/ones/incl/k4/rG256/ctl-usage,256,usage,4,376,2.899283779781399
main/E_lab/code_leaning_hard/D_code/tau0.1/ones/incl/k4/rG256/ctl-usage,256,usage,4,377,1.831919913825459
main/E_lab/code_leaning_hard/D_code/tau0.1/ones/incl/k4/rG256/ctl-usage,256,usage,4,378,2.4375495977374158
main/E_lab/code_leaning_hard/D_code/tau0.1/ones/incl/k4/rG256/ctl-usage,256,usage,4,379,2.3502516550570363
main/E_lab/code_leaning_hard/D_code/tau0.1/ones/incl/k4/rG256/ctl-usage,256,usage,4,380,2.4124262258137605
main/E_lab/code_leaning_hard/D_code/tau0.1/ones/incl/k4/rG256/ctl-usage,256,usage,4,381,2.621762662378387
main/E_lab/code_leaning_hard/D_code/tau0.1/ones/incl/k4/rG256/ctl-usage,256,usage,4,382,2.506810301697442
main/E_lab/code_leaning_hard/D_code/tau0.1/ones/incl/k4/rG256/ctl-usage,256,usage,4,383,2.5063724299093337
main/E_lab/code_leaning_hard/D_code/tau0.1/ones/incl/k4/rG256/ctl-usage,256,usage,4,384,1.8802578331305995
main/E_lab/code_leaning_hard/D_code/tau0.1/ones/incl/k4/rG256/ctl-usage,256,usage,4,385,0.9524261885981105
main/E_lab/code_leaning_hard/D_code/tau0.1/ones/incl/k4/rG256/ctl-usage,256,usage,4,386,1.0268818173426553
main/E_lab/code_leaning_hard/D_code/tau0.1/ones/incl/k4/rG256/ctl-usage,256,usage,4,387,1.2368086254509763
main/E_lab/code_leaning_hard/D_code/tau0.1/ones/incl/k4/rG256/ctl-usage,256,usage,4,388,0.6915388345605606
main/E_lab/code_leaning_hard/D_code/tau0.1/ones/incl/k4/rG256/ctl-usage,256,usage,4,389,0.9323398805227043
main/E_lab/code_leaning_hard/D_code/tau0.1/ones/incl/k4/rG256/ctl-usage,256,usage,4,390,0.7303453613676538
main/E_lab/code_leaning_hard/D_code/tau0.1/ones/incl/k4/rG256/ctl-usage,256,usage,4,391,0.6720144860476012
main/E_lab/code_leaning_hard/D_code/tau0.1/ones/incl/k4/rG256/ctl-usage,256,usage,4,392,1.0567306730799828
main/E_lab/code_leaning_hard/D_code/tau0.1/ones/incl/k4/rG256/ctl-usage,256,usage,4,393,0.919689050388115
main/E_lab/code_leaning_hard/D_code/tau0.1/ones/incl/k4/rG256/ctl-usage,256,usage,4,394,1.588874926283097
main/E_lab/code_leaning_hard/D_code/tau0.1/ones/incl/k4/rG256/ctl-usage,256,usage,4,395,1.2068436363115325
main/E_lab/code_leaning_hard/D_code/tau0.1/ones/incl/k4/rG256/ctl-usage,256,usage,4,396,1.3031645622568249
main/E_lab/code_leaning_hard/D_code/tau0.1/ones/incl/k4/rG256/ctl-usage,256,usage,4,397,0.9140062305887113
main/E_lab/code_leaning_hard/D_code/tau0.1/ones/incl/k4/rG256/ctl-usage,256,usage,4,398,1.428942605173006
main/E_lab/code_leaning_hard/D_code/tau0.1/ones/incl/k4/rG256/ctl-usage,256,usage,4,399,0.9866275138033416
main/E_lab/code_leaning_hard/D_code/tau0.1/ones/incl/k4/rG256/ctl-usage,256,usage,4,400,0.5324235250545826
main/E_lab/code_leaning_hard/D_code/tau0.1/ones/incl/k4/rG256/ctl-usage,256,usage,4,401,0.507802124714317
main/E_lab/code_leaning_hard/D_code/tau0.1/ones/incl/k4/rG256/ctl-usage,256,usage,4,402,0.9689985245040589
main/E_lab/code_leaning_hard/D_code/tau0.1/ones/incl/k4/rG256/ctl-usage,256,usage,4,403,1.2963815373022953
main/E_lab/code_leaning_hard/D_code/tau0.1/ones/incl/k4/rG256/ctl-usage,256,usage,4,404,0.7611399499401159
main/E_lab/code_leaning_hard/D_code/tau0.1/ones/incl/k4/rG256/ctl-usage,256,usage,4,405,1.2928910053633444
main/E_lab/code_leaning_hard/D_code/tau0.1/ones/incl/k4/rG256/ctl-usage,256,usage,4,406,0.9999941802943795
main/E_lab/code_leaning_hard/D_code/tau0.1/ones/incl/k4/rG256/ctl-usage,256,usage,4,407,0.5286166709547615
main/E_lab/code_leaning_hard/D_code/tau0.1/ones/incl/k4/rG256/ctl-usage,256,usage,4,408,0.5372973162902781
main/E_lab/code_leaning_hard/D_code/tau0.1/ones/incl/k4/rG256/ctl-usage,256,usage,4,409,1.3173657169354556
main/E_lab/code_leaning_hard/D_code/tau0.1/ones/incl/k4/rG256/ctl-usage,256,usage,4,410,1.0881293910015302
main/E_lab/code_leaning_hard/D_code/tau0.1/ones/incl/k4/rG256/ctl-usage,256,usage,4,411,1.4541622550459579
main/E_lab/code_leaning_hard/D_code/tau0.1/ones/incl/k4/rG256/ctl-usage,256,usage,4,412,1.146477349298948
main/E_lab/code_leaning_hard/D_code/tau0.1/ones/incl/k4/rG256/ctl-usage,256,usage,4,413,1.167516855566646
main/E_lab/code_leaning_hard/D_code/tau0.1/ones/incl/k4/rG256/ctl-usage,256,usage,4,414,1.4098524521814397
main/E_lab/code_leaning_hard/D_code/tau0.1/ones/incl/k4/rG256/ctl-usage,256,usage,4,415,0.951102380935481
main/E_lab/code_leaning_hard/D_code/tau0.1/ones/incl/k4/rG256/ctl-usage,256,usage,4,416,1.040843292252248
main/E_lab/code_leaning_hard/D_code/tau0.1/ones/incl/k4/rG256/ctl-usage,256,usage,4,417,1.1758538953272364
main/E_lab/code_leaning_hard/D_code/tau0.1/ones/incl/k4/rG256/ctl-usage,256,usage,4,418,1.0020589284058588
main/E_lab/code_leaning_hard/D_code/tau0.1/ones/incl/k4/rG256/ctl-usage,256,usage,4,419,0.9836232116722385
main/E_lab/code_leaning_hard/D_code/tau0.1/ones/incl/k4/rG256/ctl-usage,256,usage,4,420,1.0777532554157006
main/E_lab/code_leaning_hard/D_code/tau0.1/ones/incl/k4/rG256/ctl-usage,256,usage,4,421,0.9175404706165864
main/E_lab/code_leaning_hard/D_code/tau0.1/ones/incl/k4/rG256/ctl-usage,256,usage,4,422,0.8016715224566724
main/E_lab/code_leaning_hard/D_code/tau0.1/ones/incl/k4/rG256/ctl-usage,256,usage,4,423,0.9909658039186979
main/E_lab/code_leaning_hard/D_code/tau0.1/ones/incl/k4/rG256/ctl-usage,256,usage,4,424,0.6518843222693249
main/E_lab/code_leaning_hard/D_code/tau0.1/ones/incl/k4/rG256/ctl-usage,256,usage,4,425,0.6469811634478901
main/E_lab/code_leaning_hard/D_code/tau0.1/ones/incl/k4/rG256/ctl-usage,256,usage,4,426,1.0119019894118537
main/E_lab/code_leaning_hard/D_code/tau0.1/ones/incl/k4/rG256/ctl-usage,256,usage,4,427,2.2211919949372714
main/E_lab/code_leaning_hard/D_code/tau0.1/ones/incl/k4/rG256/ctl-usage,256,usage,4,428,1.2163704720587702
main/E_lab/code_leaning_hard/D_code/tau0.1/ones/incl/k4/rG256/ctl-usage,256,usage,4,429,1.1398419033033633
main/E_lab/code_leaning_hard/D_code/tau0.1/ones/incl/k4/rG256/ctl-usage,256,usage,4,430,0.844130260646125
main/E_lab/code_leaning_hard/D_code/tau0.1/ones/incl/k4/rG256/ctl-usage,256,usage,4,431,0.9147435934046371
main/E_lab/code_leaning_hard/D_code/tau0.1/ones/incl/k4/rG256/ctl-usage,256,usage,4,432,1.0750314073357004
main/E_lab/code_leaning_hard/D_code/tau0.1/ones/incl/k4/rG256/ctl-usage,256,usage,4,433,0.6219194533005066
main/E_lab/code_leaning_hard/D_code/tau0.1/ones/incl/k4/rG256/ctl-usage,256,usage,4,434,0.5206838809399414
main/E_lab/code_leaning_hard/D_code/tau0.1/ones/incl/k4/rG256/ctl-usage,256,usage,4,435,1.339937736619504
main/E_lab/code_leaning_hard/D_code/tau0.1/ones/incl/k4/rG256/ctl-usage,256,usage,4,436,1.3564068850937474
main/E_lab/code_leaning_hard/D_code/tau0.1/ones/incl/k4/rG256/ctl-usage,256,usage,4,437,0.588788262781236
main/E_lab/code_leaning_hard/D_code/tau0.1/ones/incl/k4/rG256/ctl-usage,256,usage,4,438,0.6025406538246898
main/E_lab/code_leaning_hard/D_code/tau0.1/ones/incl/k4/rG256/ctl-usage,256,usage,4,439,0.8531019644760818
main/E_lab/code_leaning_hard/D_code/tau0.1/ones/incl/k4/rG256/ctl-usage,256,usage,4,440,1.202037805756845
main/E_lab/code_leaning_hard/D_code/tau0.1/ones/incl/k4/rG256/ctl-usage,256,usage,4,441,1.042806809112335
main/E_lab/code_leaning_hard/D_code/tau0.1/ones/incl/k4/rG256/ctl-usage,256,usage,4,442,1.1099070017817212
main/E_lab/code_leaning_hard/D_code/tau0.1/ones/incl/k4/rG256/ctl-usage,256,usage,4,443,1.7535065163808667
main/E_lab/code_leaning_hard/D_code/tau0.1/ones/incl/k4/rG256/ctl-usage,256,usage,4,444,2.2539663253878643
main/E_lab/code_leaning_hard/D_code/tau0.1/ones/incl/k4/rG256/ctl-usage,256,usage,4,445,2.0316118702558015
main/E_lab/code_leaning_hard/D_code/tau0.1/ones/incl/k4/rG256/ctl-usage,256,usage,4,446,1.3472423959419757
main/E_lab/code_leaning_hard/D_code/tau0.1/ones/incl/k4/rG256/ctl-usage,256,usage,4,447,1.464977116400405
main/E_lab/code_leaning_hard/D_code/tau0.1/ones/incl/k4/rG256/ctl-usage,256,usage,4,448,1.8223869673374793
main/E_lab/code_leaning_hard/D_code/tau0.1/ones/incl/k4/rG256/ctl-usage,256,usage,4,449,1.7996236885280723
main/E_lab/code_leaning_hard/D_code/tau0.1/ones/incl/k4/rG256/ctl-usage,256,usage,4,450,1.7516640236281091
main/E_lab/code_leaning_hard/D_code/tau0.1/ones/incl/k4/rG256/ctl-usage,256,usage,4,451,1.6944962419049716
main/E_lab/code_leaning_hard/D_code/tau0.1/ones/incl/k4/rG256/ctl-usage,256,usage,4,452,1.3979920554120326
main/E_lab/code_leaning_hard/D_code/tau0.1/ones/incl/k4/rG256/ctl-usage,256,usage,4,453,1.4024034905974077
main/E_lab/code_leaning_hard/D_code/tau0.1/ones/incl/k4/rG256/ctl-usage,256,usage,4,454,1.7527023401253246
main/E_lab/code_leaning_hard/D_code/tau0.1/ones/incl/k4/rG256/ctl-usage,256,usage,4,455,1.5942348131538893
main/E_lab/code_leaning_hard/D_code/tau0.1/ones/incl/k4/rG256/ctl-usage,256,usage,4,456,1.6955019660690596
main/E_lab/code_leaning_hard/D_code/tau0.1/ones/incl/k4/rG256/ctl-usage,256,usage,4,457,1.9207169308174343
main/E_lab/code_leaning_hard/D_code/tau0.1/ones/incl/k4/rG256/ctl-usage,256,usage,4,458,1.3402911562679947
main/E_lab/code_leaning_hard/D_code/tau0.1/ones/incl/k4/rG256/ctl-usage,256,usage,4,459,1.4335546647489537
main/E_lab/code_leaning_hard/D_code/tau0.1/ones/incl/k4/rG256/ctl-usage,256,usage,4,460,1.7290783912631014
main/E_lab/code_leaning_hard/D_code/tau0.1/ones/incl/k4/rG256/ctl-usage,256,usage,4,461,1.9338358484037599
main/E_lab/code_leaning_hard/D_code/tau0.1/ones/incl/k4/rG256/ctl-usage,256,usage,4,462,1.1696351082091496
main/E_lab/code_leaning_hard/D_code/tau0.1/ones/incl/k4/rG256/ctl-usage,256,usage,4,463,1.4193786313817327
main/E_lab/code_leaning_hard/D_code/tau0.1/ones/incl/k4/rG256/ctl-usage,256,usage,4,464,1.1765657095984352
main/E_lab/code_leaning_hard/D_code/tau0.1/ones/incl/k4/rG256/ctl-usage,256,usage,4,465,1.3144364811896594
main/E_lab/code_leaning_hard/D_code/tau0.1/ones/incl/k4/rG256/ctl-usage,256,usage,4,466,1.7448000967883672
main/E_lab/code_leaning_hard/D_code/tau0.1/ones/incl/k4/rG256/ctl-usage,256,usage,4,467,1.4099227074539158
main/E_lab/code_leaning_hard/D_code/tau0.1/ones/incl/k4/rG256/ctl-usage,256,usage,4,468,1.5420157160315284
main/E_lab/code_leaning_hard/D_code/tau0.1/ones/incl/k4/rG256/ctl-usage,256,usage,4,469,1.5463531273326225
main/E_lab/code_leaning_hard/D_code/tau0.1/ones/incl/k4/rG256/ctl-usage,256,usage,4,470,1.2481933805720473
main/E_lab/code_leaning_hard/D_code/tau0.1/ones/incl/k4/rG256/ctl-usage,256,usage,4,471,1.3671582334536652
main/E_lab/code_leaning_hard/D_code/tau0.1/ones/incl/k4/rG256/ctl-usage,256,usage,4,472,1.2146602547290968
main/E_lab/code_leaning_hard/D_code/tau0.1/ones/incl/k4/rG256/ctl-usage,256,usage,4,473,1.1205438031247468
main/E_lab/code_leaning_hard/D_code/tau0.1/ones/incl/k4/rG256/ctl-usage,256,usage,4,474,1.268144056388337
main/E_lab/code_leaning_hard/D_code/tau0.1/ones/incl/k4/rG256/ctl-usage,256,usage,4,475,1.280404251057007
main/E_lab/code_leaning_hard/D_code/tau0.1/ones/incl/k4/rG256/ctl-usage,256,usage,4,476,1.1842646721488563
main/E_lab/code_leaning_hard/D_code/tau0.1/ones/incl/k4/rG256/ctl-usage,256,usage,4,477,1.4673616429345202
main/E_lab/code_leaning_hard/D_code/tau0.1/ones/incl/k4/rG256/ctl-usage,256,usage,4,478,1.5668040953487434
main/E_lab/code_leaning_hard/D_code/tau0.1/ones/incl/k4/rG256/ctl-usage,256,usage,4,479,1.2347869891300434
main/E_lab/code_leaning_hard/D_code/tau0.1/ones/incl/k4/rG256/ctl-usage,256,usage,4,480,1.3238909001674983
main/E_lab/code_leaning_hard/D_code/tau0.1/ones/incl/k4/rG256/ctl-usage,256,usage,4,481,1.1240382349469655
main/E_lab/code_leaning_hard/D_code/tau0.1/ones/incl/k4/rG256/ctl-usage,256,usage,4,482,1.6352553424940197
main/E_lab/code_leaning_hard/D_code/tau0.1/ones/incl/k4/rG256/ctl-usage,256,usage,4,483,2.209813237393064
main/E_lab/code_leaning_hard/D_code/tau0.1/ones/incl/k4/rG256/ctl-usage,256,usage,4,484,1.51299380846649
main/E_lab/code_leaning_hard/D_code/tau0.1/ones/incl/k4/rG256/ctl-usage,256,usage,4,485,1.7168514630757272
main/E_lab/code_leaning_hard/D_code/tau0.1/ones/incl/k4/rG256/ctl-usage,256,usage,4,486,1.7700708966576713
main/E_lab/code_leaning_hard/D_code/tau0.1/ones/incl/k4/rG256/ctl-usage,256,usage,4,487,1.5490355359970636
main/E_lab/code_leaning_hard/D_code/tau0.1/ones/incl/k4/rG256/ctl-usage,256,usage,4,488,1.2641568192293562
main/E_lab/code_leaning_hard/D_code/tau0.1/ones/incl/k4/rG256/ctl-usage,256,usage,4,489,1.385396114719697
main/E_lab/code_leaning_hard/D_code/tau0.1/ones/incl/k4/rG256/ctl-usage,256,usage,4,490,1.7581461330801176
main/E_lab/code_leaning_hard/D_code/tau0.1/ones/incl/k4/rG256/ctl-usage,256,usage,4,491,1.5452062171889338
main/E_lab/code_leaning_hard/D_code/tau0.1/ones/incl/k4/rG256/ctl-usage,256,usage,4,492,1.5423473020364327
main/E_lab/code_leaning_hard/D_code/tau0.1/ones/incl/k4/rG256/ctl-usage,256,usage,4,493,1.4863515249326156
main/E_lab/code_leaning_hard/D_code/tau0.1/ones/incl/k4/rG256/ctl-usage,256,usage,4,494,1.3345847835571476
main/E_lab/code_leaning_hard/D_code/tau0.1/ones/incl/k4/rG256/ctl-usage,256,usage,4,495,1.2497486956908688
main/E_lab/code_leaning_hard/D_code/tau0.1/ones/incl/k4/rG256/ctl-usage,256,usage,4,496,1.4296393959314173
main/E_lab/code_leaning_hard/D_code/tau0.1/ones/incl/k4/rG256/ctl-usage,256,usage,4,497,1.3800366573950669
main/E_lab/code_leaning_hard/D_code/tau0.1/ones/incl/k4/rG256/ctl-usage,256,usage,4,498,1.4792621740380127
main/E_lab/code_leaning_hard/D_code/tau0.1/ones/incl/k4/rG256/ctl-usage,256,usage,4,499,1.6736241099915787
main/E_lab/code_leaning_hard/D_code/tau0.1/ones/incl/k4/rG256/ctl-usage,256,usage,4,500,1.2937363697255932
main/E_lab/code_leaning_hard/D_code/tau0.1/ones/incl/k4/rG256/ctl-usage,256,usage,4,501,1.1589039341415628
main/E_lab/code_leaning_hard/D_code/tau0.1/ones/incl/k4/rG256/ctl-usage,256,usage,4,502,1.4971265405838494
main/E_lab/code_leaning_hard/D_code/tau0.1/ones/incl/k4/rG256/ctl-usage,256,usage,4,503,1.4330480757489568
main/E_lab/code_leaning_hard/D_code/tau0.1/ones/incl/k4/rG256/ctl-usage,256,usage,4,504,1.4241627085166328
main/E_lab/code_leaning_hard/D_code/tau0.1/ones/incl/k4/rG256/ctl-usage,256,usage,4,505,1.3270401474583196
main/E_lab/code_leaning_hard/D_code/tau0.1/ones/incl/k4/rG256/ctl-usage,256,usage,4,506,1.3652403337691794
main/E_lab/code_leaning_hard/D_code/tau0.1/ones/incl/k4/rG256/ctl-usage,256,usage,4,507,1.5206400359438703
main/E_lab/code_leaning_hard/D_code/tau0.1/ones/incl/k4/rG256/ctl-usage,256,usage,4,508,1.6161462044983637
main/E_lab/code_leaning_hard/D_code/tau0.1/ones/incl/k4/rG256/ctl-usage,256,usage,4,509,1.501904130929688
main/E_lab/code_leaning_hard/D_code/tau0.1/ones/incl/k4/rG256/ctl-usage,256,usage,4,510,1.563137227212792
main/E_lab/code_leaning_hard/D_code/tau0.1/ones/incl/k4/rG256/ctl-usage,256,usage,4,511,1.4563161086825858
main/E_lab/code_leaning_hard/D_code/tau0.1/ones/incl/k5/rG256/ctl-usage,256,usage,5,0,0.5379135810799198
main/E_lab/code_leaning_hard/D_code/tau0.1/ones/incl/k5/rG256/ctl-usage,256,usage,5,1,0.49608918144076597
main/E_lab/code_leaning_hard/D_code/tau0.1/ones/incl/k5/rG256/ctl-usage,256,usage,5,2,0.4982484174397541
main/E_lab/code_leaning_hard/D_code/tau0.1/ones/incl/k5/rG256/ctl-usage,256,usage,5,3,0.49781602843540895
main/E_lab/code_leaning_hard/D_code/tau0.1/ones/incl/k5/rG256/ctl-usage,256,usage,5,4,0.34342199390084716
main/E_lab/code_leaning_hard/D_code/tau0.1/ones/incl/k5/rG256/ctl-usage,256,usage,5,5,0.7866158894630644
main/E_lab/code_leaning_hard/D_code/tau0.1/ones/incl/k5/rG256/ctl-usage,256,usage,5,6,0.9058892493849271
main/E_lab/code_leaning_hard/D_code/tau0.1/ones/incl/k5/rG256/ctl-usage,256,usage,5,7,0.7620780299312173
main/E_lab/code_leaning_hard/D_code/tau0.1/ones/incl/k5/rG256/ctl-usage,256,usage,5,8,0.9699196401124937
main/E_lab/code_leaning_hard/D_code/tau0.1/ones/incl/k5/rG256/ctl-usage,256,usage,5,9,0.9097630430924255
main/E_lab/code_leaning_hard/D_code/tau0.1/ones/incl/k5/rG256/ctl-usage,256,usage,5,10,0.564424359388795
main/E_lab/code_leaning_hard/D_code/tau0.1/ones/incl/k5/rG256/ctl-usage,256,usage,5,11,0.2899915313328165
main/E_lab/code_leaning_hard/D_code/tau0.1/ones/incl/k5/rG256/ctl-usage,256,usage,5,12,0.2831026089570514
main/E_lab/code_leaning_hard/D_code/tau0.1/ones/incl/k5/rG256/ctl-usage,256,usage,5,13,0.4577299678066993
main/E_lab/code_leaning_hard/D_code/tau0.1/ones/incl/k5/rG256/ctl-usage,256,usage,5,14,0.6186758413850839
main/E_lab/code_leaning_hard/D_code/tau0.1/ones/incl/k5/rG256/ctl-usage,256,usage,5,15,0.4645940080981745
main/E_lab/code_leaning_hard/D_code/tau0.1/ones/incl/k5/rG256/ctl-usage,256,usage,5,16,0.5037819557946932
main/E_lab/code_leaning_hard/D_code/tau0.1/ones/incl/k5/rG256/ctl-usage,256,usage,5,17,0.6244565647830314
main/E_lab/code_leaning_hard/D_code/tau0.1/ones/incl/k5/rG256/ctl-usage,256,usage,5,18,0.44993690515093476
main/E_lab/code_leaning_hard/D_code/tau0.1/ones/incl/k5/rG256/ctl-usage,256,usage,5,19,0.4164398681750754
main/E_lab/code_leaning_hard/D_code/tau0.1/ones/incl/k5/rG256/ctl-usage,256,usage,5,20,0.5443963585476013
main/E_lab/code_leaning_hard/D_code/tau0.1/ones/incl/k5/rG256/ctl-usage,256,usage,5,21,0.4604547466697113
main/E_lab/code_leaning_hard/D_code/tau0.1/ones/incl/k5/rG256/ctl-usage,256,usage,5,22,0.5641171367406059
main/E_lab/code_leaning_hard/D_code/tau0.1/ones/incl/k5/rG256/ctl-usage,256,usage,5,23,0.6574947002200133
main/E_lab/code_leaning_hard/D_code/tau0.1/ones/incl/k5/rG256/ctl-usage,256,usage,5,24,0.5141849146939421
main/E_lab/code_leaning_hard/D_code/tau0.1/ones/incl/k5/rG256/ctl-usage,256,usage,5,25,0.5657869606225177
main/E_lab/code_leaning_hard/D_code/tau0.1/ones/incl/k5/rG256/ctl-usage,256,usage,5,26,0.9668222821728705
main/E_lab/code_leaning_hard/D_code/tau0.1/ones/incl/k5/rG256/ctl-usage,256,usage,5,27,1.1446698161407767
main/E_lab/code_leaning_hard/D_code/tau0.1/ones/incl/k5/rG256/ctl-usage,256,usage,5,28,0.698893066623441
main/E_lab/code_leaning_hard/D_code/tau0.1/ones/incl/k5/rG256/ctl-usage,256,usage,5,29,0.6057922865625187
main/E_lab/code_leaning_hard/D_code/tau0.1/ones/incl/k5/rG256/ctl-usage,256,usage,5,30,0.4810281357022177
main/E_lab/code_leaning_hard/D_code/tau0.1/ones/incl/k5/rG256/ctl-usage,256,usage,5,31,0.6155618703487562
main/E_lab/code_leaning_hard/D_code/tau0.1/ones/incl/k5/rG256/ctl-usage,256,usage,5,32,0.5721630531161281
main/E_lab/code_leaning_hard/D_code/tau0.1/ones/incl/k5/rG256/ctl-usage,256,usage,5,33,0.7921804100287773
main/E_lab/code_leaning_hard/D_code/tau0.1/ones/incl/k5/rG256/ctl-usage,256,usage,5,34,0.9328864485596569
main/E_lab/code_leaning_hard/D_code/tau0.1/ones/incl/k5/rG256/ctl-usage,256,usage,5,35,0.5445997655006067
main/E_lab/code_leaning_hard/D_code/tau0.1/ones/incl/k5/rG256/ctl-usage,256,usage,5,36,0.7674022607152438
main/E_lab/code_leaning_hard/D_code/tau0.1/ones/incl/k5/rG256/ctl-usage,256,usage,5,37,0.4532210155421126
main/E_lab/code_leaning_hard/D_code/tau0.1/ones/incl/k5/rG256/ctl-usage,256,usage,5,38,0.720996224006285
main/E_lab/code_leaning_hard/D_code/tau0.1/ones/incl/k5/rG256/ctl-usage,256,usage,5,39,1.2086008095066063
main/E_lab/code_leaning_hard/D_code/tau0.1/ones/incl/k5/rG256/ctl-usage,256,usage,5,40,1.1181889170522936
main/E_lab/code_leaning_hard/D_code/tau0.1/ones/incl/k5/rG256/ctl-usage,256,usage,5,41,2.0682299645898183
main/E_lab/code_leaning_hard/D_code/tau0.1/ones/incl/k5/rG256/ctl-usage,256,usage,5,42,0.9377517599343719
main/E_lab/code_leaning_hard/D_code/tau0.1/ones/incl/k5/rG256/ctl-usage,256,usage,5,43,0.4653792320386856
main/E_lab/code_leaning_hard/D_code/tau0.1/ones/incl/k5/rG256/ctl-usage,256,usage,5,44,0.46007578532226034
main/E_lab/code_leaning_hard/D_code/tau0.1/ones/incl/k5/rG256/ctl-usage,256,usage,5,45,0.4723119752743514
main/E_lab/code_leaning_hard/D_code/tau0.1/ones/incl/k5/rG256/ctl-usage,256,usage,5,46,0.5403192040193971
main/E_lab/code_leaning_hard/D_code/tau0.1/ones/incl/k5/rG256/ctl-usage,256,usage,5,47,0.42942418663733406
main/E_lab/code_leaning_hard/D_code/tau0.1/ones/incl/k5/rG256/ctl-usage,256,usage,5,48,0.47629210362993035
main/E_lab/code_leaning_hard/D_code/tau0.1/ones/incl/k5/rG256/ctl-usage,256,usage,5,49,0.6672416715209692
main/E_lab/code_leaning_hard/D_code/tau0.1/ones/incl/k5/rG256/ctl-usage,256,usage,5,50,0.8072948287408508
main/E_lab/code_leaning_hard/D_code/tau0.1/ones/incl/k5/rG256/ctl-usage,256,usage,5,51,1.0483018306231315
main/E_lab/code_leaning_hard/D_code/tau0.1/ones/incl/k5/rG256/ctl-usage,256,usage,5,52,0.6712337334959102
main/E_lab/code_leaning_hard/D_code/tau0.1/ones/incl/k5/rG256/ctl-usage,256,usage,5,53,0.7579188333111233
main/E_lab/code_leaning_hard/D_code/tau0.1/ones/incl/k5/rG256/ctl-usage,256,usage,5,54,0.41252961007285194
main/E_lab/code_leaning_hard/D_code/tau0.1/ones/incl/k5/rG256/ctl-usage,256,usage,5,55,0.5200061326922878
main/E_lab/code_leaning_hard/D_code/tau0.1/ones/incl/k5/rG256/ctl-usage,256,usage,5,56,0.4234500721886434
main/E_lab/code_leaning_hard/D_code/tau0.1/ones/incl/k5/rG256/ctl-usage,256,usage,5,57,0.5081302942280672
main/E_lab/code_leaning_hard/D_code/tau0.1/ones/incl/k5/rG256/ctl-usage,256,usage,5,58,0.309267093129165
main/E_lab/code_leaning_hard/D_code/tau0.1/ones/incl/k5/rG256/ctl-usage,256,usage,5,59,0.35564200937824353
main/E_lab/code_leaning_hard/D_code/tau0.1/ones/incl/k5/rG256/ctl-usage,256,usage,5,60,0.5781401318172357
main/E_lab/code_leaning_hard/D_code/tau0.1/ones/incl/k5/rG256/ctl-usage,256,usage,5,61,0.37156051777492394
main/E_lab/code_leaning_hard/D_code/tau0.1/ones/incl/k5/rG256/ctl-usage,256,usage,5,62,0.40621941596600664
main/E_lab/code_leaning_hard/D_code/tau0.1/ones/incl/k5/rG256/ctl-usage,256,usage,5,63,0.34594282880243554
main/E_lab/code_leaning_hard/D_code/tau0.1/ones/incl/k5/rG256/ctl-usage,256,usage,5,64,0.5009967175537895
main/E_lab/code_leaning_hard/D_code/tau0.1/ones/incl/k5/rG256/ctl-usage,256,usage,5,65,0.7591314605942898
main/E_lab/code_leaning_hard/D_code/tau0.1/ones/incl/k5/rG256/ctl-usage,256,usage,5,66,1.3180033006865415
main/E_lab/code_leaning_hard/D_code/tau0.1/ones/incl/k5/rG256/ctl-usage,256,usage,5,67,2.197387479626741
main/E_lab/code_leaning_hard/D_code/tau0.1/ones/incl/k5/rG256/ctl-usage,256,usage,5,68,2.1833156497123127
main/E_lab/code_leaning_hard/D_code/tau0.1/ones/incl/k5/rG256/ctl-usage,256,usage,5,69,1.4954110775231584
main/E_lab/code_leaning_hard/D_code/tau0.1/ones/incl/k5/rG256/ctl-usage,256,usage,5,70,2.545351383828347
main/E_lab/code_leaning_hard/D_code/tau0.1/ones/incl/k5/rG256/ctl-usage,256,usage,5,71,2.4805581800719665
main/E_lab/code_leaning_hard/D_code/tau0.1/ones/incl/k5/rG256/ctl-usage,256,usage,5,72,2.5301305518823938
main/E_lab/code_leaning_hard/D_code/tau0.1/ones/incl/k5/rG256/ctl-usage,256,usage,5,73,2.4488505717799853
main/E_lab/code_leaning_hard/D_code/tau0.1/ones/incl/k5/rG256/ctl-usage,256,usage,5,74,1.831584255191956
main/E_lab/code_leaning_hard/D_code/tau0.1/ones/incl/k5/rG256/ctl-usage,256,usage,5,75,2.3259915044422996
main/E_lab/code_leaning_hard/D_code/tau0.1/ones/incl/k5/rG256/ctl-usage,256,usage,5,76,2.5287630196389728
main/E_lab/code_leaning_hard/D_code/tau0.1/ones/incl/k5/rG256/ctl-usage,256,usage,5,77,2.614025132457755
main/E_lab/code_leaning_hard/D_code/tau0.1/ones/incl/k5/rG256/ctl-usage,256,usage,5,78,2.4712345527859725
main/E_lab/code_leaning_hard/D_code/tau0.1/ones/incl/k5/rG256/ctl-usage,256,usage,5,79,2.0356045122007345
main/E_lab/code_leaning_hard/D_code/tau0.1/ones/incl/k5/rG256/ctl-usage,256,usage,5,80,2.470432646863628
main/E_lab/code_leaning_hard/D_code/tau0.1/ones/incl/k5/rG256/ctl-usage,256,usage,5,81,2.5323853683512425
main/E_lab/code_leaning_hard/D_code/tau0.1/ones/incl/k5/rG256/ctl-usage,256,usage,5,82,2.5657536222570343
main/E_lab/code_leaning_hard/D_code/tau0.1/ones/incl/k5/rG256/ctl-usage,256,usage,5,83,2.533324813250374
main/E_lab/code_leaning_hard/D_code/tau0.1/ones/incl/k5/rG256/ctl-usage,256,usage,5,84,2.5716540909688774
main/E_lab/code_leaning_hard/D_code/tau0.1/ones/incl/k5/rG256/ctl-usage,256,usage,5,85,2.4962931552436203
main/E_lab/code_leaning_hard/D_code/tau0.1/ones/incl/k5/rG256/ctl-usage,256,usage,5,86,2.410268330057079
main/E_lab/code_leaning_hard/D_code/tau0.1/ones/incl/k5/rG256/ctl-usage,256,usage,5,87,2.4931488257207093
main/E_lab/code_leaning_hard/D_code/tau0.1/ones/incl/k5/rG256/ctl-usage,256,usage,5,88,2.471120218073338
main/E_lab/code_leaning_hard/D_code/tau0.1/ones/incl/k5/rG256/ctl-usage,256,usage,5,89,1.2198033270942688
main/E_lab/code_leaning_hard/D_code/tau0.1/ones/incl/k5/rG256/ctl-usage,256,usage,5,90,0.6207329493095131
main/E_lab/code_leaning_hard/D_code/tau0.1/ones/incl/k5/rG256/ctl-usage,256,usage,5,91,0.594556731684861
main/E_lab/code_leaning_hard/D_code/tau0.1/ones/incl/k5/rG256/ctl-usage,256,usage,5,92,1.1908863884000311
main/E_lab/code_leaning_hard/D_code/tau0.1/ones/incl/k5/rG256/ctl-usage,256,usage,5,93,0.9377723798156694
main/E_lab/code_leaning_hard/D_code/tau0.1/ones/incl/k5/rG256/ctl-usage,256,usage,5,94,0.5088289603954763
main/E_lab/code_leaning_hard/D_code/tau0.1/ones/incl/k5/rG256/ctl-usage,256,usage,5,95,0.5559795212084282
main/E_lab/code_leaning_hard/D_code/tau0.1/ones/incl/k5/rG256/ctl-usage,256,usage,5,96,0.6533375101316778
main/E_lab/code_leaning_hard/D_code/tau0.1/ones/incl/k5/rG256/ctl-usage,256,usage,5,97,0.6044882890653298
main/E_lab/code_leaning_hard/D_code/tau0.1/ones/incl/k5/rG256/ctl-usage,256,usage,5,98,0.6784323874408074
main/E_lab/code_leaning_hard/D_code/tau0.1/ones/incl/k5/rG256/ctl-usage,256,usage,5,99,0.6207494496102299
main/E_lab/code_leaning_hard/D_code/tau0.1/ones/incl/k5/rG256/ctl-usage,256,usage,5,100,0.6830560353901092
main/E_lab/code_leaning_hard/D_code/tau0.1/ones/incl/k5/rG256/ctl-usage,256,usage,5,101,0.5162735589206022
main/E_lab/code_leaning_hard/D_code/tau0.1/ones/incl/k5/rG256/ctl-usage,256,usage,5,102,0.6198061657651124
main/E_lab/code_leaning_hard/D_code/tau0.1/ones/incl/k5/rG256/ctl-usage,256,usage,5,103,0.7531971945259102
main/E_lab/code_leaning_hard/D_code/tau0.1/ones/incl/k5/rG256/ctl-usage,256,usage,5,104,0.5325095936641446
main/E_lab/code_leaning_hard/D_code/tau0.1/ones/incl/k5/rG256/ctl-usage,256,usage,5,105,0.8534877963113559
main/E_lab/code_leaning_hard/D_code/tau0.1/ones/incl/k5/rG256/ctl-usage,256,usage,5,106,0.719456644341335
main/E_lab/code_leaning_hard/D_code/tau0.1/ones/incl/k5/rG256/ctl-usage,256,usage,5,107,1.0170013257429673
main/E_lab/code_leaning_hard/D_code/tau0.1/ones/incl/k5/rG256/ctl-usage,256,usage,5,108,0.7523817401147426
main/E_lab/code_leaning_hard/D_code/tau0.1/ones/incl/k5/rG256/ctl-usage,256,usage,5,109,0.8355275565086231
main/E_lab/code_leaning_hard/D_code/tau0.1/ones/incl/k5/rG256/ctl-usage,256,usage,5,110,0.9226233804665753
main/E_lab/code_leaning_hard/D_code/tau0.1/ones/incl/k5/rG256/ctl-usage,256,usage,5,111,0.9340589106668631
main/E_lab/code_leaning_hard/D_code/tau0.1/ones/incl/k5/rG256/ctl-usage,256,usage,5,112,0.8431370629432422
main/E_lab/code_leaning_hard/D_code/tau0.1/ones/incl/k5/rG256/ctl-usage,256,usage,5,113,1.032668263907226
main/E_lab/code_leaning_hard/D_code/tau0.1/ones/incl/k5/rG256/ctl-usage,256,usage,5,114,0.8583459555111403
main/E_lab/code_leaning_hard/D_code/tau0.1/ones/incl/k5/rG256/ctl-usage,256,usage,5,115,0.7927156839632516
main/E_lab/code_leaning_hard/D_code/tau0.1/ones/incl/k5/rG256/ctl-usage,256,usage,5,116,0.5100096923479214
main/E_lab/code_leaning_hard/D_code/tau0.1/ones/incl/k5/rG256/ctl-usage,256,usage,5,117,0.564618021275237
main/E_lab/code_leaning_hard/D_code/tau0.1/ones/incl/k5/rG256/ctl-usage,256,usage,5,118,0.43369345911196433
main/E_lab/code_leaning_hard/D_code/tau0.1/ones/incl/k5/rG256/ctl-usage,256,usage,5,119,0.47742306415239
main/E_lab/code_leaning_hard/D_code/tau0.1/ones/incl/k5/rG256/ctl-usage,256,usage,5,120,0.4190104306262583
main/E_lab/code_leaning_hard/D_code/tau0.1/ones/incl/k5/rG256/ctl-usage,256,usage,5,121,0.6994479271179443
main/E_lab/code_leaning_hard/D_code/tau0.1/ones/incl/k5/rG256/ctl-usage,256,usage,5,122,0.8034065186147927
main/E_lab/code_leaning_hard/D_code/tau0.1/ones/incl/k5/rG256/ctl-usage,256,usage,5,123,1.023883629062766
main/E_lab/code_leaning_hard/D_code/tau0.1/ones/incl/k5/rG256/ctl-usage,256,usage,5,124,1.0103560701436436
main/E_lab/code_leaning_hard/D_code/tau0.1/ones/incl/k5/rG256/ctl-usage,256,usage,5,125,0.29682144911566866
main/E_lab/code_leaning_hard/D_code/tau0.1/ones/incl/k5/rG256/ctl-usage,256,usage,5,126,0.7029267483694639
main/E_lab/code_leaning_hard/D_code/tau0.1/ones/incl/k5/rG256/ctl-usage,256,usage,5,127,0.5875458344348772
main/E_lab/code_leaning_hard/D_code/tau0.1/ones/incl/k5/rG256/ctl-usage,256,usage,5,128,0.6225493515948983
main/E_lab/code_leaning_hard/D_code/tau0.1/ones/incl/k5/rG256/ctl-usage,256,usage,5,129,0.7439238499919156
main/E_lab/code_leaning_hard/D_code/tau0.1/ones/incl/k5/rG256/ctl-usage,256,usage,5,130,0.5626501748342889
main/E_lab/code_leaning_hard/D_code/tau0.1/ones/incl/k5/rG256/ctl-usage,256,usage,5,131,0.5686257592660695
main/E_lab/code_leaning_hard/D_code/tau0.1/ones/incl/k5/rG256/ctl-usage,256,usage,5,132,0.6690313633039295
main/E_lab/code_leaning_hard/D_code/tau0.1/ones/incl/k5/rG256/ctl-usage,256,usage,5,133,0.9267662650213424
main/E_lab/code_leaning_hard/D_code/tau0.1/ones/incl/k5/rG256/ctl-usage,256,usage,5,134,0.5582007877837896
main/E_lab/code_leaning_hard/D_code/tau0.1/ones/incl/k5/rG256/ctl-usage,256,usage,5,135,0.48572529132252384
main/E_lab/code_leaning_hard/D_code/tau0.1/ones/incl/k5/rG256/ctl-usage,256,usage,5,136,0.987063961934382
main/E_lab/code_leaning_hard/D_code/tau0.1/ones/incl/k5/rG256/ctl-usage,256,usage,5,137,0.7677335242242407
main/E_lab/code_leaning_hard/D_code/tau0.1/ones/incl/k5/rG256/ctl-usage,256,usage,5,138,0.7059262224156555
main/E_lab/code_leaning_hard/D_code/tau0.1/ones/incl/k5/rG256/ctl-usage,256,usage,5,139,0.6985300852966247
main/E_lab/code_leaning_hard/D_code/tau0.1/ones/incl/k5/rG256/ctl-usage,256,usage,5,140,0.8844744147331767
main/E_lab/code_leaning_hard/D_code/tau0.1/ones/incl/k5/rG256/ctl-usage,256,usage,5,141,0.9535642801056383
main/E_lab/code_leaning_hard/D_code/tau0.1/ones/incl/k5/rG256/ctl-usage,256,usage,5,142,0.7208210189282909
main/E_lab/code_leaning_hard/D_code/tau0.1/ones/incl/k5/rG256/ctl-usage,256,usage,5,143,0.728235436566365
main/E_lab/code_leaning_hard/D_code/tau0.1/ones/incl/k5/rG256/ctl-usage,256,usage,5,144,0.7692646035925463
main/E_lab/code_leaning_hard/D_code/tau0.1/ones/incl/k5/rG256/ctl-usage,256,usage,5,145,0.7860057889683958
main/E_lab/code_leaning_hard/D_code/tau0.1/ones/incl/k5/rG256/ctl-usage,256,usage,5,146,1.087696228952609
main/E_lab/code_leaning_hard/D_code/tau0.1/ones/incl/k5/rG256/ctl-usage,256,usage,5,147,0.7852571757011901
main/E_lab/code_leaning_hard/D_code/tau0.1/ones/incl/k5/rG256/ctl-usage,256,usage,5,148,1.579991805660029
main/E_lab/code_leaning_hard/D_code/tau0.1/ones/incl/k5/rG256/ctl-usage,256,usage,5,149,1.7826087436178568
main/E_lab/code_leaning_hard/D_code/tau0.1/ones/incl/k5/rG256/ctl-usage,256,usage,5,150,1.54511941641249
main/E_lab/code_leaning_hard/D_code/tau0.1/ones/incl/k5/rG256/ctl-usage,256,usage,5,151,1.6249414097492263
main/E_lab/code_leaning_hard/D_code/tau0.1/ones/incl/k5/rG256/ctl-usage,256,usage,5,152,1.4422584854455636
main/E_lab/code_leaning_hard/D_code/tau0.1/ones/incl/k5/rG256/ctl-usage,256,usage,5,153,1.3073234308158135
main/E_lab/code_leaning_hard/D_code/tau0.1/ones/incl/k5/rG256/ctl-usage,256,usage,5,154,1.8191373749614286
main/E_lab/code_leaning_hard/D_code/tau0.1/ones/incl/k5/rG256/ctl-usage,256,usage,5,155,2.4192402585740638
main/E_lab/code_leaning_hard/D_code/tau0.1/ones/incl/k5/rG256/ctl-usage,256,usage,5,156,2.044489924194295
main/E_lab/code_leaning_hard/D_code/tau0.1/ones/incl/k5/rG256/ctl-usage,256,usage,5,157,2.2787114259531336
main/E_lab/code_leaning_hard/D_code/tau0.1/ones/incl/k5/rG256/ctl-usage,256,usage,5,158,0.9243345166560175
main/E_lab/code_leaning_hard/D_code/tau0.1/ones/incl/k5/rG256/ctl-usage,256,usage,5,159,0.98297461123002
main/E_lab/code_leaning_hard/D_code/tau0.1/ones/incl/k5/rG256/ctl-usage,256,usage,5,160,0.8573271868158372
main/E_lab/code_leaning_hard/D_code/tau0.1/ones/incl/k5/rG256/ctl-usage,256,usage,5,161,1.2321792288485085
main/E_lab/code_leaning_hard/D_code/tau0.1/ones/incl/k5/rG256/ctl-usage,256,usage,5,162,0.7788530464749783
main/E_lab/code_leaning_hard/D_code/tau0.1/ones/incl/k5/rG256/ctl-usage,256,usage,5,163,0.43943227418458264
main/E_lab/code_leaning_hard/D_code/tau0.1/ones/incl/k5/rG256/ctl-usage,256,usage,5,164,0.34083652912704565
main/E_lab/code_leaning_hard/D_code/tau0.1/ones/incl/k5/rG256/ctl-usage,256,usage,5,165,0.28095566605952627
main/E_lab/code_leaning_hard/D_code/tau0.1/ones/incl/k5/rG256/ctl-usage,256,usage,5,166,0.3636251479583734
main/E_lab/code_leaning_hard/D_code/tau0.1/ones/incl/k5/rG256/ctl-usage,256,usage,5,167,0.39181329761458983
main/E_lab/code_leaning_hard/D_code/tau0.1/ones/incl/k5/rG256/ctl-usage,256,usage,5,168,0.4198259308013803
main/E_lab/code_leaning_hard/D_code/tau0.1/ones/incl/k5/rG256/ctl-usage,256,usage,5,169,0.6466226422999171
main/E_lab/code_leaning_hard/D_code/tau0.1/ones/incl/k5/rG256/ctl-usage,256,usage,5,170,0.6274167761330318
main/E_lab/code_leaning_hard/D_code/tau0.1/ones/incl/k5/rG256/ctl-usage,256,usage,5,171,0.31322627734505204
main/E_lab/code_leaning_hard/D_code/tau0.1/ones/incl/k5/rG256/ctl-usage,256,usage,5,172,0.6272669656291328
main/E_lab/code_leaning_hard/D_code/tau0.1/ones/incl/k5/rG256/ctl-usage,256,usage,5,173,0.8615709349687677
main/E_lab/code_leaning_hard/D_code/tau0.1/ones/incl/k5/rG256/ctl-usage,256,usage,5,174,1.212074560074143
main/E_lab/code_leaning_hard/D_code/tau0.1/ones/incl/k5/rG256/ctl-usage,256,usage,5,175,0.8022388656236217
main/E_lab/code_leaning_hard/D_code/tau0.1/ones/incl/k5/rG256/ctl-usage,256,usage,5,176,0.8694389373995364
main/E_lab/code_leaning_hard/D_code/tau0.1/ones/incl/k5/rG256/ctl-usage,256,usage,5,177,0.8101668149247416
main/E_lab/code_leaning_hard/D_code/tau0.1/ones/incl/k5/rG256/ctl-usage,256,usage,5,178,0.797120959012318
main/E_lab/code_leaning_hard/D_code/tau0.1/ones/incl/k5/rG256/ctl-usage,256,usage,5,179,0.656198512746414
main/E_lab/code_leaning_hard/D_code/tau0.1/ones/incl/k5/rG256/ctl-usage,256,usage,5,180,0.7933607192799172
main/E_lab/code_leaning_hard/D_code/tau0.1/ones/incl/k5/rG256/ctl-usage,256,usage,5,181,0.6299723334032024
main/E_lab/code_leaning_hard/D_code/tau0.1/ones/incl/k5/rG256/ctl-usage,256,usage,5,182,0.7058269572521567
main/E_lab/code_leaning_hard/D_code/tau0.1/ones/incl/k5/rG256/ctl-usage,256,usage,5,183,0.7662183024003753
main/E_lab/code_leaning_hard/D_code/tau0.1/ones/incl/k5/rG256/ctl-usage,256,usage,5,184,0.6862981020735788
main/E_lab/code_leaning_hard/D_code/tau0.1/ones/incl/k5/rG256/ctl-usage,256,usage,5,185,0.6070256673647236
main/E_lab/code_leaning_hard/D_code/tau0.1/ones/incl/k5/rG256/ctl-usage,256,usage,5,186,0.2882414170285301
main/E_lab/code_leaning_hard/D_code/tau0.1/ones/incl/k5/rG256/ctl-usage,256,usage,5,187,0.5758109583875921
main/E_lab/code_leaning_hard/D_code/tau0.1/ones/incl/k5/rG256/ctl-usage,256,usage,5,188,0.4179601357864158
main/E_lab/code_leaning_hard/D_code/tau0.1/ones/incl/k5/rG256/ctl-usage,256,usage,5,189,0.7914624421875942
main/E_lab/code_leaning_hard/D_code/tau0.1/ones/incl/k5/rG256/ctl-usage,256,usage,5,190,0.9050543320463476
main/E_lab/code_leaning_hard/D_code/tau0.1/ones/incl/k5/rG256/ctl-usage,256,usage,5,191,0.538995875587716
main/E_lab/code_leaning_hard/D_code/tau0.1/ones/incl/k5/rG256/ctl-usage,256,usage,5,192,0.5221454353168156
main/E_lab/code_leaning_hard/D_code/tau0.1/ones/incl/k5/rG256/ctl-usage,256,usage,5,193,1.037572464780169
main/E_lab/code_leaning_hard/D_code/tau0.1/ones/incl/k5/rG256/ctl-usage,256,usage,5,194,1.0230261935294038
main/E_lab/code_leaning_hard/D_code/tau0.1/ones/incl/k5/rG256/ctl-usage,256,usage,5,195,0.8144508958448569
main/E_lab/code_leaning_hard/D_code/tau0.1/ones/incl/k5/rG256/ctl-usage,256,usage,5,196,0.513649375845489
main/E_lab/code_leaning_hard/D_code/tau0.1/ones/incl/k5/rG256/ctl-usage,256,usage,5,197,0.5068331969528117
main/E_lab/code_leaning_hard/D_code/tau0.1/ones/incl/k5/rG256/ctl-usage,256,usage,5,198,0.4805569368681972
main/E_lab/code_leaning_hard/D_code/tau0.1/ones/incl/k5/rG256/ctl-usage,256,usage,5,199,0.9810774199859225
main/E_lab/code_leaning_hard/D_code/tau0.1/ones/incl/k5/rG256/ctl-usage,256,usage,5,200,0.6424505278664583
main/E_lab/code_leaning_hard/D_code/tau0.1/ones/incl/k5/rG256/ctl-usage,256,usage,5,201,0.6150943989196094
main/E_lab/code_leaning_hard/D_code/tau0.1/ones/incl/k5/rG256/ctl-usage,256,usage,5,202,0.8043080373627163
main/E_lab/code_leaning_hard/D_code/tau0.1/ones/incl/k5/rG256/ctl-usage,256,usage,5,203,0.4375781632597864
main/E_lab/code_leaning_hard/D_code/tau0.1/ones/incl/k5/rG256/ctl-usage,256,usage,5,204,0.47448173150951334
main/E_lab/code_leaning_hard/D_code/tau0.1/ones/incl/k5/rG256/ctl-usage,256,usage,5,205,0.5864161209501617
main/E_lab/code_leaning_hard/D_code/tau0.1/ones/incl/k5/rG256/ctl-usage,256,usage,5,206,0.5003231540576962
main/E_lab/code_leaning_hard/D_code/tau0.1/ones/incl/k5/rG256/ctl-usage,256,usage,5,207,0.46778766432635166
main/E_lab/code_leaning_hard/D_code/tau0.1/ones/incl/k5/rG256/ctl-usage,256,usage,5,208,0.46162246644053084
main/E_lab/code_leaning_hard/D_code/tau0.1/ones/incl/k5/rG256/ctl-usage,256,usage,5,209,0.6067971257944009
main/E_lab/code_leaning_hard/D_code/tau0.1/ones/incl/k5/rG256/ctl-usage,256,usage,5,210,2.170466003477486
main/E_lab/code_leaning_hard/D_code/tau0.1/ones/incl/k5/rG256/ctl-usage,256,usage,5,211,2.346169277676381
main/E_lab/code_leaning_hard/D_code/tau0.1/ones/incl/k5/rG256/ctl-usage,256,usage,5,212,1.947255525210494
main/E_lab/code_leaning_hard/D_code/tau0.1/ones/incl/k5/rG256/ctl-usage,256,usage,5,213,0.5878320749379782
main/E_lab/code_leaning_hard/D_code/tau0.1/ones/incl/k5/rG256/ctl-usage,256,usage,5,214,0.6094701581005211
main/E_lab/code_leaning_hard/D_code/tau0.1/ones/incl/k5/rG256/ctl-usage,256,usage,5,215,1.2431150975780838
main/E_lab/code_leaning_hard/D_code/tau0.1/ones/incl/k5/rG256/ctl-usage,256,usage,5,216,1.3951008014173567
main/E_lab/code_leaning_hard/D_code/tau0.1/ones/incl/k5/rG256/ctl-usage,256,usage,5,217,0.9763823531675371
main/E_lab/code_leaning_hard/D_code/tau0.1/ones/incl/k5/rG256/ctl-usage,256,usage,5,218,0.986038046345584
main/E_lab/code_leaning_hard/D_code/tau0.1/ones/incl/k5/rG256/ctl-usage,256,usage,5,219,1.118907083403883
main/E_lab/code_leaning_hard/D_code/tau0.1/ones/incl/k5/rG256/ctl-usage,256,usage,5,220,1.0825451467844687
main/E_lab/code_leaning_hard/D_code/tau0.1/ones/incl/k5/rG256/ctl-usage,256,usage,5,221,1.1161661064161308
main/E_lab/code_leaning_hard/D_code/tau0.1/ones/incl/k5/rG256/ctl-usage,256,usage,5,222,0.7902706014484693
main/E_lab/code_leaning_hard/D_code/tau0.1/ones/incl/k5/rG256/ctl-usage,256,usage,5,223,0.9379681009013439
main/E_lab/code_leaning_hard/D_code/tau0.1/ones/incl/k5/rG256/ctl-usage,256,usage,5,224,0.7167621617318218
main/E_lab/code_leaning_hard/D_code/tau0.1/ones/incl/k5/rG256/ctl-usage,256,usage,5,225,2.58783621011753
main/E_lab/code_leaning_hard/D_code/tau0.1/ones/incl/k5/rG256/ctl-usage,256,usage,5,226,1.571140405550068
main/E_lab/code_leaning_hard/D_code/tau0.1/ones/incl/k5/rG256/ctl-usage,256,usage,5,227,0.8516516010522537
main/E_lab/code_leaning_hard/D_code/tau0.1/ones/incl/k5/rG256/ctl-usage,256,usage,5,228,0.7973465468166978
main/E_lab/code_leaning_hard/D_code/tau0.1/ones/incl/k5/rG256/ctl-usage,256,usage,5,229,0.7713213912684296
main/E_lab/code_leaning_hard/D_code/tau0.1/ones/incl/k5/rG256/ctl-usage,256,usage,5,230,0.767750443339537
main/E_lab/code_leaning_hard/D_code/tau0.1/ones/incl/k5/rG256/ctl-usage,256,usage,5,231,0.8786735014296028
main/E_lab/code_leaning_hard/D_code/tau0.1/ones/incl/k5/rG256/ctl-usage,256,usage,5,232,0.826533729537914
main/E_lab/code_leaning_hard/D_code/tau0.1/ones/incl/k5/rG256/ctl-usage,256,usage,5,233,1.2541075093649852
main/E_lab/code_leaning_hard/D_code/tau0.1/ones/incl/k5/rG256/ctl-usage,256,usage,5,234,0.9864036764956836
main/E_lab/code_leaning_hard/D_code/tau0.1/ones/incl/k5/rG256/ctl-usage,256,usage,5,235,0.26360506355740654
main/E_lab/code_leaning_hard/D_code/tau0.1/ones/incl/k5/rG256/ctl-usage,256,usage,5,236,1.361804887411381
main/E_lab/code_leaning_hard/D_code/tau0.1/ones/incl/k5/rG256/ctl-usage,256,usage,5,237,1.125346191429344
main/E_lab/code_leaning_hard/D_code/tau0.1/ones/incl/k5/rG256/ctl-usage,256,usage,5,238,0.46886515521418914
main/E_lab/code_leaning_hard/D_code/tau0.1/ones/incl/k5/rG256/ctl-usage,256,usage,5,239,0.42686136253723816
main/E_lab/code_leaning_hard/D_code/tau0.1/ones/incl/k5/rG256/ctl-usage,256,usage,5,240,0.4053552437210328
main/E_lab/code_leaning_hard/D_code/tau0.1/ones/incl/k5/rG256/ctl-usage,256,usage,5,241,0.3824571174927769
main/E_lab/code_leaning_hard/D_code/tau0.1/ones/incl/k5/rG256/ctl-usage,256,usage,5,242,0.4314941209513563
main/E_lab/code_leaning_hard/D_code/tau0.1/ones/incl/k5/rG256/ctl-usage,256,usage,5,243,0.37794774203939596
main/E_lab/code_leaning_hard/D_code/tau0.1/ones/incl/k5/rG256/ctl-usage,256,usage,5,244,0.34025982481080064
main/E_lab/code_leaning_hard/D_code/tau0.1/ones/incl/k5/rG256/ctl-usage,256,usage,5,245,0.41023611562195583
main/E_lab/code_leaning_hard/D_code/tau0.1/ones/incl/k5/rG256/ctl-usage,256,usage,5,246,0.3562564058031512
main/E_lab/code_leaning_hard/D_code/tau0.1/ones/incl/k5/rG256/ctl-usage,256,usage,5,247,0.45937562542394517
main/E_lab/code_leaning_hard/D_code/tau0.1/ones/incl/k5/rG256/ctl-usage,256,usage,5,248,0.34746606135331604
main/E_lab/code_leaning_hard/D_code/tau0.1/ones/incl/k5/rG256/ctl-usage,256,usage,5,249,0.38046480226785206
main/E_lab/code_leaning_hard/D_code/tau0.1/ones/incl/k5/rG256/ctl-usage,256,usage,5,250,0.36561064705347235
main/E_lab/code_leaning_hard/D_code/tau0.1/ones/incl/k5/rG256/ctl-usage,256,usage,5,251,0.40005179464424145
main/E_lab/code_leaning_hard/D_code/tau0.1/ones/incl/k5/rG256/ctl-usage,256,usage,5,252,0.4085461936338106
main/E_lab/code_leaning_hard/D_code/tau0.1/ones/incl/k5/rG256/ctl-usage,256,usage,5,253,0.4920316841726162
main/E_lab/code_leaning_hard/D_code/tau0.1/ones/incl/k5/rG256/ctl-usage,256,usage,5,254,0.3473837860610729
main/E_lab/code_leaning_hard/D_code/tau0.1/ones/incl/k5/rG256/ctl-usage,256,usage,5,255,0.4132191616608907
main/E_lab/code_leaning_hard/D_code/tau0.1/ones/incl/k5/rG256/ctl-usage,256,usage,5,256,2.3738883389614784
main/E_lab/code_leaning_hard/D_code/tau0.1/ones/incl/k5/rG256/ctl-usage,256,usage,5,257,2.8352708282236563
main/E_lab/code_leaning_hard/D_code/tau0.1/ones/incl/k5/rG256/ctl-usage,256,usage,5,258,2.7939268329596416
main/E_lab/code_leaning_hard/D_code/tau0.1/ones/incl/k5/rG256/ctl-usage,256,usage,5,259,2.1927729245517185
main/E_lab/code_leaning_hard/D_code/tau0.1/ones/incl/k5/rG256/ctl-usage,256,usage,5,260,1.8854964048427973
main/E_lab/code_leaning_hard/D_code/tau0.1/ones/incl/k5/rG256/ctl-usage,256,usage,5,261,2.3760819467233887
main/E_lab/code_leaning_hard/D_code/tau0.1/ones/incl/k5/rG256/ctl-usage,256,usage,5,262,2.1037527654225414
main/E_lab/code_leaning_hard/D_code/tau0.1/ones/incl/k5/rG256/ctl-usage,256,usage,5,263,2.6108605977426578
main/E_lab/code_leaning_hard/D_code/tau0.1/ones/incl/k5/rG256/ctl-usage,256,usage,5,264,2.5355521668079746
main/E_lab/code_leaning_hard/D_code/tau0.1/ones/incl/k5/rG256/ctl-usage,256,usage,5,265,2.1303171817235125
main/E_lab/code_leaning_hard/D_code/tau0.1/ones/incl/k5/rG256/ctl-usage,256,usage,5,266,1.8642691298500722
main/E_lab/code_leaning_hard/D_code/tau0.1/ones/incl/k5/rG256/ctl-usage,256,usage,5,267,2.3174341944268235
main/E_lab/code_leaning_hard/D_code/tau0.1/ones/incl/k5/rG256/ctl-usage,256,usage,5,268,2.287163356637393
main/E_lab/code_leaning_hard/D_code/tau0.1/ones/incl/k5/rG256/ctl-usage,256,usage,5,269,2.1685268999499385
main/E_lab/code_leaning_hard/D_code/tau0.1/ones/incl/k5/rG256/ctl-usage,256,usage,5,270,2.080527306229669
main/E_lab/code_leaning_hard/D_code/tau0.1/ones/incl/k5/rG256/ctl-usage,256,usage,5,271,2.0668176043009225
main/E_lab/code_leaning_hard/D_code/tau0.1/ones/incl/k5/rG256/ctl-usage,256,usage,5,272,1.9564585346224703
main/E_lab/code_leaning_hard/D_code/tau0.1/ones/incl/k5/rG256/ctl-usage,256,usage,5,273,1.857440852874788
main/E_lab/code_leaning_hard/D_code/tau0.1/ones/incl/k5/rG256/ctl-usage,256,usage,5,274,1.6269011813892575
main/E_lab/code_leaning_hard/D_code/tau0.1/ones/incl/k5/rG256/ctl-usage,256,usage,5,275,1.5774671205699633
main/E_lab/code_leaning_hard/D_code/tau0.1/ones/incl/k5/rG256/ctl-usage,256,usage,5,276,1.7930217916564288
main/E_lab/code_leaning_hard/D_code/tau0.1/ones/incl/k5/rG256/ctl-usage,256,usage,5,277,1.7017249760501727
main/E_lab/code_leaning_hard/D_code/tau0.1/ones/incl/k5/rG256/ctl-usage,256,usage,5,278,1.566802182362153
main/E_lab/code_leaning_hard/D_code/tau0.1/ones/incl/k5/rG256/ctl-usage,256,usage,5,279,1.6717213739971157
main/E_lab/code_leaning_hard/D_code/tau0.1/ones/incl/k5/rG256/ctl-usage,256,usage,5,280,1.8515571581410768
main/E_lab/code_leaning_hard/D_code/tau0.1/ones/incl/k5/rG256/ctl-usage,256,usage,5,281,2.313844213329503
main/E_lab/code_leaning_hard/D_code/tau0.1/ones/incl/k5/rG256/ctl-usage,256,usage,5,282,2.221752292779456
main/E_lab/code_leaning_hard/D_code/tau0.1/ones/incl/k5/rG256/ctl-usage,256,usage,5,283,2.0273273868469914
main/E_lab/code_leaning_hard/D_code/tau0.1/ones/incl/k5/rG256/ctl-usage,256,usage,5,284,2.1532388728210208
main/E_lab/code_leaning_hard/D_code/tau0.1/ones/incl/k5/rG256/ctl-usage,256,usage,5,285,1.9173969516596117
main/E_lab/code_leaning_hard/D_code/tau0.1/ones/incl/k5/rG256/ctl-usage,256,usage,5,286,2.0744973748187476
main/E_lab/code_leaning_hard/D_code/tau0.1/ones/incl/k5/rG256/ctl-usage,256,usage,5,287,2.163468355736768
main/E_lab/code_leaning_hard/D_code/tau0.1/ones/incl/k5/rG256/ctl-usage,256,usage,5,288,1.9485976457399374
main/E_lab/code_leaning_hard/D_code/tau0.1/ones/incl/k5/rG256/ctl-usage,256,usage,5,289,1.8031161727558356
main/E_lab/code_leaning_hard/D_code/tau0.1/ones/incl/k5/rG256/ctl-usage,256,usage,5,290,1.9142117453629908
main/E_lab/code_leaning_hard/D_code/tau0.1/ones/incl/k5/rG256/ctl-usage,256,usage,5,291,1.9010080738789839
main/E_lab/code_leaning_hard/D_code/tau0.1/ones/incl/k5/rG256/ctl-usage,256,usage,5,292,1.8038649518539387
main/E_lab/code_leaning_hard/D_code/tau0.1/ones/incl/k5/rG256/ctl-usage,256,usage,5,293,2.0282680365799024
main/E_lab/code_leaning_hard/D_code/tau0.1/ones/incl/k5/rG256/ctl-usage,256,usage,5,294,1.8915852343998267
main/E_lab/code_leaning_hard/D_code/tau0.1/ones/incl/k5/rG256/ctl-usage,256,usage,5,295,1.918686971790521
main/E_lab/code_leaning_hard/D_code/tau0.1/ones/incl/k5/rG256/ctl-usage,256,usage,5,296,1.9213654809545915
main/E_lab/code_leaning_hard/D_code/tau0.1/ones/incl/k5/rG256/ctl-usage,256,usage,5,297,2.3146943719139017
main/E_lab/code_leaning_hard/D_code/tau0.1/ones/incl/k5/rG256/ctl-usage,256,usage,5,298,2.396169363025365
main/E_lab/code_leaning_hard/D_code/tau0.1/ones/incl/k5/rG256/ctl-usage,256,usage,5,299,1.6429569432330027
main/E_lab/code_leaning_hard/D_code/tau0.1/ones/incl/k5/rG256/ctl-usage,256,usage,5,300,1.471618634832339
main/E_lab/code_leaning_hard/D_code/tau0.1/ones/incl/k5/rG256/ctl-usage,256,usage,5,301,1.7342563338140735
main/E_lab/code_leaning_hard/D_code/tau0.1/ones/incl/k5/rG256/ctl-usage,256,usage,5,302,1.3756859397644803
main/E_lab/code_leaning_hard/D_code/tau0.1/ones/incl/k5/rG256/ctl-usage,256,usage,5,303,1.92095735420844
main/E_lab/code_leaning_hard/D_code/tau0.1/ones/incl/k5/rG256/ctl-usage,256,usage,5,304,1.6964306543814018
main/E_lab/code_leaning_hard/D_code/tau0.1/ones/incl/k5/rG256/ctl-usage,256,usage,5,305,1.7764346316907904
main/E_lab/code_leaning_hard/D_code/tau0.1/ones/incl/k5/rG256/ctl-usage,256,usage,5,306,1.8608558350210842
main/E_lab/code_leaning_hard/D_code/tau0.1/ones/incl/k5/rG256/ctl-usage,256,usage,5,307,1.8698622433605578
main/E_lab/code_leaning_hard/D_code/tau0.1/ones/incl/k5/rG256/ctl-usage,256,usage,5,308,2.1418103746800625
main/E_lab/code_leaning_hard/D_code/tau0.1/ones/incl/k5/rG256/ctl-usage,256,usage,5,309,2.083587418874231
main/E_lab/code_leaning_hard/D_code/tau0.1/ones/incl/k5/rG256/ctl-usage,256,usage,5,310,2.048774221140775
main/E_lab/code_leaning_hard/D_code/tau0.1/ones/incl/k5/rG256/ctl-usage,256,usage,5,311,1.6678534122784185
main/E_lab/code_leaning_hard/D_code/tau0.1/ones/incl/k5/rG256/ctl-usage,256,usage,5,312,1.8382781706609421
main/E_lab/code_leaning_hard/D_code/tau0.1/ones/incl/k5/rG256/ctl-usage,256,usage,5,313,1.7364733940121369
main/E_lab/code_leaning_hard/D_code/tau0.1/ones/incl/k5/rG256/ctl-usage,256,usage,5,314,1.71800972132678
main/E_lab/code_leaning_hard/D_code/tau0.1/ones/incl/k5/rG256/ctl-usage,256,usage,5,315,1.689218430143228
main/E_lab/code_leaning_hard/D_code/tau0.1/ones/incl/k5/rG256/ctl-usage,256,usage,5,316,2.0660518466665962
main/E_lab/code_leaning_hard/D_code/tau0.1/ones/incl/k5/rG256/ctl-usage,256,usage,5,317,2.1889367166713782
main/E_lab/code_leaning_hard/D_code/tau0.1/ones/incl/k5/rG256/ctl-usage,256,usage,5,318,2.1980680063534237
main/E_lab/code_leaning_hard/D_code/tau0.1/ones/incl/k5/rG256/ctl-usage,256,usage,5,319,1.814235580364766
main/E_lab/code_leaning_hard/D_code/tau0.1/ones/incl/k5/rG256/ctl-usage,256,usage,5,320,2.5762941911962116
main/E_lab/code_leaning_hard/D_code/tau0.1/ones/incl/k5/rG256/ctl-usage,256,usage,5,321,2.89596376222471
main/E_lab/code_leaning_hard/D_code/tau0.1/ones/incl/k5/rG256/ctl-usage,256,usage,5,322,2.9860968279981535
main/E_lab/code_leaning_hard/D_code/tau0.1/ones/incl/k5/rG256/ctl-usage,256,usage,5,323,2.3459491733938194
main/E_lab/code_leaning_hard/D_code/tau0.1/ones/incl/k5/rG256/ctl-usage,256,usage,5,324,2.3385832962976565
main/E_lab/code_leaning_hard/D_code/tau0.1/ones/incl/k5/rG256/ctl-usage,256,usage,5,325,2.6997324813755768
main/E_lab/code_leaning_hard/D_code/tau0.1/ones/incl/k5/rG256/ctl-usage,256,usage,5,326,3.094595489146741
main/E_lab/code_leaning_hard/D_code/tau0.1/ones/incl/k5/rG256/ctl-usage,256,usage,5,327,2.6599571383649163
main/E_lab/code_leaning_hard/D_code/tau0.1/ones/incl/k5/rG256/ctl-usage,256,usage,5,328,3.1551690028136363
main/E_lab/code_leaning_hard/D_code/tau0.1/ones/incl/k5/rG256/ctl-usage,256,usage,5,329,2.9085076324618058
main/E_lab/code_leaning_hard/D_code/tau0.1/ones/incl/k5/rG256/ctl-usage,256,usage,5,330,2.6880343974607968
main/E_lab/code_leaning_hard/D_code/tau0.1/ones/incl/k5/rG256/ctl-usage,256,usage,5,331,2.5223687257430356
main/E_lab/code_leaning_hard/D_code/tau0.1/ones/incl/k5/rG256/ctl-usage,256,usage,5,332,3.112357705905197
main/E_lab/code_leaning_hard/D_code/tau0.1/ones/incl/k5/rG256/ctl-usage,256,usage,5,333,3.261161756855472
main/E_lab/code_leaning_hard/D_code/tau0.1/ones/incl/k5/rG256/ctl-usage,256,usage,5,334,2.802086884066739
main/E_lab/code_leaning_hard/D_code/tau0.1/ones/incl/k5/rG256/ctl-usage,256,usage,5,335,3.126647782818509
main/E_lab/code_leaning_hard/D_code/tau0.1/ones/incl/k5/rG256/ctl-usage,256,usage,5,336,2.851778452106373
main/E_lab/code_leaning_hard/D_code/tau0.1/ones/incl/k5/rG256/ctl-usage,256,usage,5,337,2.2248494108334853
main/E_lab/code_leaning_hard/D_code/tau0.1/ones/incl/k5/rG256/ctl-usage,256,usage,5,338,2.6011221569469853
main/E_lab/code_leaning_hard/D_code/tau0.1/ones/incl/k5/rG256/ctl-usage,256,usage,5,339,2.0998936680807674
main/E_lab/code_leaning_hard/D_code/tau0.1/ones/incl/k5/rG256/ctl-usage,256,usage,5,340,2.228001766759917
main/E_lab/code_leaning_hard/D_code/tau0.1/ones/incl/k5/rG256/ctl-usage,256,usage,5,341,2.6875749797900426
main/E_lab/code_leaning_hard/D_code/tau0.1/ones/incl/k5/rG256/ctl-usage,256,usage,5,342,2.488969780310981
main/E_lab/code_leaning_hard/D_code/tau0.1/ones/incl/k5/rG256/ctl-usage,256,usage,5,343,2.8116704646608923
main/E_lab/code_leaning_hard/D_code/tau0.1/ones/incl/k5/rG256/ctl-usage,256,usage,5,344,2.6566864758588054
main/E_lab/code_leaning_hard/D_code/tau0.1/ones/incl/k5/rG256/ctl-usage,256,usage,5,345,2.633484805752232
main/E_lab/code_leaning_hard/D_code/tau0.1/ones/incl/k5/rG256/ctl-usage,256,usage,5,346,2.6603920128936807
main/E_lab/code_leaning_hard/D_code/tau0.1/ones/incl/k5/rG256/ctl-usage,256,usage,5,347,2.9994995960096276
main/E_lab/code_leaning_hard/D_code/tau0.1/ones/incl/k5/rG256/ctl-usage,256,usage,5,348,2.5009913609728756
main/E_lab/code_leaning_hard/D_code/tau0.1/ones/incl/k5/rG256/ctl-usage,256,usage,5,349,2.702694523939499
main/E_lab/code_leaning_hard/D_code/tau0.1/ones/incl/k5/rG256/ctl-usage,256,usage,5,350,2.471767889581315
main/E_lab/code_leaning_hard/D_code/tau0.1/ones/incl/k5/rG256/ctl-usage,256,usage,5,351,2.711792535799759
main/E_lab/code_leaning_hard/D_code/tau0.1/ones/incl/k5/rG256/ctl-usage,256,usage,5,352,1.5736935748709584
main/E_lab/code_leaning_hard/D_code/tau0.1/ones/incl/k5/rG256/ctl-usage,256,usage,5,353,2.556936851293358
main/E_lab/code_leaning_hard/D_code/tau0.1/ones/incl/k5/rG256/ctl-usage,256,usage,5,354,2.3408995896088527
main/E_lab/code_leaning_hard/D_code/tau0.1/ones/incl/k5/rG256/ctl-usage,256,usage,5,355,2.6585715859491756
main/E_lab/code_leaning_hard/D_code/tau0.1/ones/incl/k5/rG256/ctl-usage,256,usage,5,356,2.4219390352855044
main/E_lab/code_leaning_hard/D_code/tau0.1/ones/incl/k5/rG256/ctl-usage,256,usage,5,357,2.08311267996487
main/E_lab/code_leaning_hard/D_code/tau0.1/ones/incl/k5/rG256/ctl-usage,256,usage,5,358,3.0232805654213735
main/E_lab/code_leaning_hard/D_code/tau0.1/ones/incl/k5/rG256/ctl-usage,256,usage,5,359,2.617723039846169
main/E_lab/code_leaning_hard/D_code/tau0.1/ones/incl/k5/rG256/ctl-usage,256,usage,5,360,2.930440680029278
main/E_lab/code_leaning_hard/D_code/tau0.1/ones/incl/k5/rG256/ctl-usage,256,usage,5,361,2.924699268455015
main/E_lab/code_leaning_hard/D_code/tau0.1/ones/incl/k5/rG256/ctl-usage,256,usage,5,362,3.0721626629176626
main/E_lab/code_leaning_hard/D_code/tau0.1/ones/incl/k5/rG256/ctl-usage,256,usage,5,363,2.064633659138053
main/E_lab/code_leaning_hard/D_code/tau0.1/ones/incl/k5/rG256/ctl-usage,256,usage,5,364,2.7255227548066614
main/E_lab/code_leaning_hard/D_code/tau0.1/ones/incl/k5/rG256/ctl-usage,256,usage,5,365,2.6338348510307696
main/E_lab/code_leaning_hard/D_code/tau0.1/ones/incl/k5/rG256/ctl-usage,256,usage,5,366,2.6647666878063774
main/E_lab/code_leaning_hard/D_code/tau0.1/ones/incl/k5/rG256/ctl-usage,256,usage,5,367,2.6136882275877724
main/E_lab/code_leaning_hard/D_code/tau0.1/ones/incl/k5/rG256/ctl-usage,256,usage,5,368,2.2764663858899894
main/E_lab/code_leaning_hard/D_code/tau0.1/ones/incl/k5/rG256/ctl-usage,256,usage,5,369,2.3292037674609674
main/E_lab/code_leaning_hard/D_code/tau0.1/ones/incl/k5/rG256/ctl-usage,256,usage,5,370,2.6676277855949593
main/E_lab/code_leaning_hard/D_code/tau0.1/ones/incl/k5/rG256/ctl-usage,256,usage,5,371,2.6024051270587734
main/E_lab/code_leaning_hard/D_code/tau0.1/ones/incl/k5/rG256/ctl-usage,256,usage,5,372,2.700999561981007
main/E_lab/code_leaning_hard/D_code/tau0.1/ones/incl/k5/rG256/ctl-usage,256,usage,5,373,2.248697288524454
main/E_lab/code_leaning_hard/D_code/tau0.1/ones/incl/k5/rG256/ctl-usage,256,usage,5,374,1.8811177319148555
main/E_lab/code_leaning_hard/D_code/tau0.1/ones/incl/k5/rG256/ctl-usage,256,usage,5,375,2.4142314907735454
main/E_lab/code_leaning_hard/D_code/tau0.1/ones/incl/k5/rG256/ctl-usage,256,usage,5,376,2.794905845236144
main/E_lab/code_leaning_hard/D_code/tau0.1/ones/incl/k5/rG256/ctl-usage,256,usage,5,377,2.3197641530859983
main/E_lab/code_leaning_hard/D_code/tau0.1/ones/incl/k5/rG256/ctl-usage,256,usage,5,378,2.878742383998542
main/E_lab/code_leaning_hard/D_code/tau0.1/ones/incl/k5/rG256/ctl-usage,256,usage,5,379,2.487540109620568
main/E_lab/code_leaning_hard/D_code/tau0.1/ones/incl/k5/rG256/ctl-usage,256,usage,5,380,1.9600180016213926
main/E_lab/code_leaning_hard/D_code/tau0.1/ones/incl/k5/rG256/ctl-usage,256,usage,5,381,2.5050518007337814
main/E_lab/code_leaning_hard/D_code/tau0.1/ones/incl/k5/rG256/ctl-usage,256,usage,5,382,2.383815820564905
main/E_lab/code_leaning_hard/D_code/tau0.1/ones/incl/k5/rG256/ctl-usage,256,usage,5,383,2.565902501306482
main/E_lab/code_leaning_hard/D_code/tau0.1/ones/incl/k5/rG256/ctl-usage,256,usage,5,384,1.7805917260393471
main/E_lab/code_leaning_hard/D_code/tau0.1/ones/incl/k5/rG256/ctl-usage,256,usage,5,385,0.9090938746969641
main/E_lab/code_leaning_hard/D_code/tau0.1/ones/incl/k5/rG256/ctl-usage,256,usage,5,386,1.062755135624684
main/E_lab/code_leaning_hard/D_code/tau0.1/ones/incl/k5/rG256/ctl-usage,256,usage,5,387,1.1783623681058089
main/E_lab/code_leaning_hard/D_code/tau0.1/ones/incl/k5/rG256/ctl-usage,256,usage,5,388,0.5965861143263282
main/E_lab/code_leaning_hard/D_code/tau0.1/ones/incl/k5/rG256/ctl-usage,256,usage,5,389,0.9219607680706758
main/E_lab/code_leaning_hard/D_code/tau0.1/ones/incl/k5/rG256/ctl-usage,256,usage,5,390,0.5268701085824432
main/E_lab/code_leaning_hard/D_code/tau0.1/ones/incl/k5/rG256/ctl-usage,256,usage,5,391,0.5308996872518037
main/E_lab/code_leaning_hard/D_code/tau0.1/ones/incl/k5/rG256/ctl-usage,256,usage,5,392,1.1624728033607425
main/E_lab/code_leaning_hard/D_code/tau0.1/ones/incl/k5/rG256/ctl-usage,256,usage,5,393,0.7856681528101035
main/E_lab/code_leaning_hard/D_code/tau0.1/ones/incl/k5/rG256/ctl-usage,256,usage,5,394,1.3681809979671016
main/E_lab/code_leaning_hard/D_code/tau0.1/ones/incl/k5/rG256/ctl-usage,256,usage,5,395,1.0929028458376706
main/E_lab/code_leaning_hard/D_code/tau0.1/ones/incl/k5/rG256/ctl-usage,256,usage,5,396,1.121775029665514
main/E_lab/code_leaning_hard/D_code/tau0.1/ones/incl/k5/rG256/ctl-usage,256,usage,5,397,0.9456843382849911
main/E_lab/code_leaning_hard/D_code/tau0.1/ones/incl/k5/rG256/ctl-usage,256,usage,5,398,1.6532071111596451
main/E_lab/code_leaning_hard/D_code/tau0.1/ones/incl/k5/rG256/ctl-usage,256,usage,5,399,1.0247976017149085
main/E_lab/code_leaning_hard/D_code/tau0.1/ones/incl/k5/rG256/ctl-usage,256,usage,5,400,0.41534490392132284
main/E_lab/code_leaning_hard/D_code/tau0.1/ones/incl/k5/rG256/ctl-usage,256,usage,5,401,0.47532669425072527
main/E_lab/code_leaning_hard/D_code/tau0.1/ones/incl/k5/rG256/ctl-usage,256,usage,5,402,0.9845724745828193
main/E_lab/code_leaning_hard/D_code/tau0.1/ones/incl/k5/rG256/ctl-usage,256,usage,5,403,1.2166369503975147
main/E_lab/code_leaning_hard/D_code/tau0.1/ones/incl/k5/rG256/ctl-usage,256,usage,5,404,0.9976796657174418
main/E_lab/code_leaning_hard/D_code/tau0.1/ones/incl/k5/rG256/ctl-usage,256,usage,5,405,1.69381495642574
main/E_lab/code_leaning_hard/D_code/tau0.1/ones/incl/k5/rG256/ctl-usage,256,usage,5,406,1.0247855817160598
main/E_lab/code_leaning_hard/D_code/tau0.1/ones/incl/k5/rG256/ctl-usage,256,usage,5,407,0.8869467213144162
main/E_lab/code_leaning_hard/D_code/tau0.1/ones/incl/k5/rG256/ctl-usage,256,usage,5,408,0.6859076531363826
main/E_lab/code_leaning_hard/D_code/tau0.1/ones/incl/k5/rG256/ctl-usage,256,usage,5,409,1.1634809385614062
main/E_lab/code_leaning_hard/D_code/tau0.1/ones/incl/k5/rG256/ctl-usage,256,usage,5,410,1.0166980951353253
main/E_lab/code_leaning_hard/D_code/tau0.1/ones/incl/k5/rG256/ctl-usage,256,usage,5,411,2.0910215255910316
main/E_lab/code_leaning_hard/D_code/tau0.1/ones/incl/k5/rG256/ctl-usage,256,usage,5,412,1.0263313554651177
main/E_lab/code_leaning_hard/D_code/tau0.1/ones/incl/k5/rG256/ctl-usage,256,usage,5,413,1.1638154649535863
main/E_lab/code_leaning_hard/D_code/tau0.1/ones/incl/k5/rG256/ctl-usage,256,usage,5,414,1.3257225872748677
main/E_lab/code_leaning_hard/D_code/tau0.1/ones/incl/k5/rG256/ctl-usage,256,usage,5,415,0.9243156593238382
main/E_lab/code_leaning_hard/D_code/tau0.1/ones/incl/k5/rG256/ctl-usage,256,usage,5,416,0.9983479481707036
main/E_lab/code_leaning_hard/D_code/tau0.1/ones/incl/k5/rG256/ctl-usage,256,usage,5,417,1.1382636149301106
main/E_lab/code_leaning_hard/D_code/tau0.1/ones/incl/k5/rG256/ctl-usage,256,usage,5,418,0.9639369410870131
main/E_lab/code_leaning_hard/D_code/tau0.1/ones/incl/k5/rG256/ctl-usage,256,usage,5,419,0.7871718105252512
main/E_lab/code_leaning_hard/D_code/tau0.1/ones/incl/k5/rG256/ctl-usage,256,usage,5,420,1.1157338761695428
main/E_lab/code_leaning_hard/D_code/tau0.1/ones/incl/k5/rG256/ctl-usage,256,usage,5,421,0.8647228709260162
main/E_lab/code_leaning_hard/D_code/tau0.1/ones/incl/k5/rG256/ctl-usage,256,usage,5,422,0.7641058375766079
main/E_lab/code_leaning_hard/D_code/tau0.1/ones/incl/k5/rG256/ctl-usage,256,usage,5,423,1.0450235134530885
main/E_lab/code_leaning_hard/D_code/tau0.1/ones/incl/k5/rG256/ctl-usage,256,usage,5,424,0.6124170380817304
main/E_lab/code_leaning_hard/D_code/tau0.1/ones/incl/k5/rG256/ctl-usage,256,usage,5,425,0.5819577503807523
main/E_lab/code_leaning_hard/D_code/tau0.1/ones/incl/k5/rG256/ctl-usage,256,usage,5,426,0.9307399432464081
main/E_lab/code_leaning_hard/D_code/tau0.1/ones/incl/k5/rG256/ctl-usage,256,usage,5,427,2.425990036093026
main/E_lab/code_leaning_hard/D_code/tau0.1/ones/incl/k5/rG256/ctl-usage,256,usage,5,428,1.0465726116090082
main/E_lab/code_leaning_hard/D_code/tau0.1/ones/incl/k5/rG256/ctl-usage,256,usage,5,429,1.2504574237723318
main/E_lab/code_leaning_hard/D_code/tau0.1/ones/incl/k5/rG256/ctl-usage,256,usage,5,430,0.9421957786378243
main/E_lab/code_leaning_hard/D_code/tau0.1/ones/incl/k5/rG256/ctl-usage,256,usage,5,431,0.8486704879287572
main/E_lab/code_leaning_hard/D_code/tau0.1/ones/incl/k5/rG256/ctl-usage,256,usage,5,432,1.1021159861611523
main/E_lab/code_leaning_hard/D_code/tau0.1/ones/incl/k5/rG256/ctl-usage,256,usage,5,433,0.9174021732469555
main/E_lab/code_leaning_hard/D_code/tau0.1/ones/incl/k5/rG256/ctl-usage,256,usage,5,434,0.882822387455235
main/E_lab/code_leaning_hard/D_code/tau0.1/ones/incl/k5/rG256/ctl-usage,256,usage,5,435,1.2589712361532293
main/E_lab/code_leaning_hard/D_code/tau0.1/ones/incl/k5/rG256/ctl-usage,256,usage,5,436,1.237347532869535
main/E_lab/code_leaning_hard/D_code/tau0.1/ones/incl/k5/rG256/ctl-usage,256,usage,5,437,0.5800090266284315
main/E_lab/code_leaning_hard/D_code/tau0.1/ones/incl/k5/rG256/ctl-usage,256,usage,5,438,0.5964295914400282
main/E_lab/code_leaning_hard/D_code/tau0.1/ones/incl/k5/rG256/ctl-usage,256,usage,5,439,0.9434943209307676
main/E_lab/code_leaning_hard/D_code/tau0.1/ones/incl/k5/rG256/ctl-usage,256,usage,5,440,1.2198861582082827
main/E_lab/code_leaning_hard/D_code/tau0.1/ones/incl/k5/rG256/ctl-usage,256,usage,5,441,0.8759823222326304
main/E_lab/code_leaning_hard/D_code/tau0.1/ones/incl/k5/rG256/ctl-usage,256,usage,5,442,1.0735556611889479
main/E_lab/code_leaning_hard/D_code/tau0.1/ones/incl/k5/rG256/ctl-usage,256,usage,5,443,2.290575050758889
main/E_lab/code_leaning_hard/D_code/tau0.1/ones/incl/k5/rG256/ctl-usage,256,usage,5,444,2.342950402823817
main/E_lab/code_leaning_hard/D_code/tau0.1/ones/incl/k5/rG256/ctl-usage,256,usage,5,445,2.1935923553573957
main/E_lab/code_leaning_hard/D_code/tau0.1/ones/incl/k5/rG256/ctl-usage,256,usage,5,446,1.6744843728165506
main/E_lab/code_leaning_hard/D_code/tau0.1/ones/incl/k5/rG256/ctl-usage,256,usage,5,447,1.7465536837944455
main/E_lab/code_leaning_hard/D_code/tau0.1/ones/incl/k5/rG256/ctl-usage,256,usage,5,448,1.9245340321213007
main/E_lab/code_leaning_hard/D_code/tau0.1/ones/incl/k5/rG256/ctl-usage,256,usage,5,449,1.8157550378205087
main/E_lab/code_leaning_hard/D_code/tau0.1/ones/incl/k5/rG256/ctl-usage,256,usage,5,450,1.8706889605796277
main/E_lab/code_leaning_hard/D_code/tau0.1/ones/incl/k5/rG256/ctl-usage,256,usage,5,451,2.104899503586239
main/E_lab/code_leaning_hard/D_code/tau0.1/ones/incl/k5/rG256/ctl-usage,256,usage,5,452,1.7942007257579462
main/E_lab/code_leaning_hard/D_code/tau0.1/ones/incl/k5/rG256/ctl-usage,256,usage,5,453,1.7036755198778337
main/E_lab/code_leaning_hard/D_code/tau0.1/ones/incl/k5/rG256/ctl-usage,256,usage,5,454,1.9639276186389907
main/E_lab/code_leaning_hard/D_code/tau0.1/ones/incl/k5/rG256/ctl-usage,256,usage,5,455,1.6946197703091457
main/E_lab/code_leaning_hard/D_code/tau0.1/ones/incl/k5/rG256/ctl-usage,256,usage,5,456,1.6893934052159238
main/E_lab/code_leaning_hard/D_code/tau0.1/ones/incl/k5/rG256/ctl-usage,256,usage,5,457,1.8173777727829474
main/E_lab/code_leaning_hard/D_code/tau0.1/ones/incl/k5/rG256/ctl-usage,256,usage,5,458,1.6269634317759483
main/E_lab/code_leaning_hard/D_code/tau0.1/ones/incl/k5/rG256/ctl-usage,256,usage,5,459,1.686655215108658
main/E_lab/code_leaning_hard/D_code/tau0.1/ones/incl/k5/rG256/ctl-usage,256,usage,5,460,2.5002546231680753
main/E_lab/code_leaning_hard/D_code/tau0.1/ones/incl/k5/rG256/ctl-usage,256,usage,5,461,2.7348055162856326
main/E_lab/code_leaning_hard/D_code/tau0.1/ones/incl/k5/rG256/ctl-usage,256,usage,5,462,2.0839777531582513
main/E_lab/code_leaning_hard/D_code/tau0.1/ones/incl/k5/rG256/ctl-usage,256,usage,5,463,2.272509451325277
main/E_lab/code_leaning_hard/D_code/tau0.1/ones/incl/k5/rG256/ctl-usage,256,usage,5,464,1.9817957485920488
main/E_lab/code_leaning_hard/D_code/tau0.1/ones/incl/k5/rG256/ctl-usage,256,usage,5,465,2.0492124121647066
main/E_lab/code_leaning_hard/D_code/tau0.1/ones/incl/k5/rG256/ctl-usage,256,usage,5,466,2.1494947550690995
main/E_lab/code_leaning_hard/D_code/tau0.1/ones/incl/k5/rG256/ctl-usage,256,usage,5,467,2.0240823582216763
main/E_lab/code_leaning_hard/D_code/tau0.1/ones/incl/k5/rG256/ctl-usage,256,usage,5,468,2.181382160553312
main/E_lab/code_leaning_hard/D_code/tau0.1/ones/incl/k5/rG256/ctl-usage,256,usage,5,469,2.428172223330421
main/E_lab/code_leaning_hard/D_code/tau0.1/ones/incl/k5/rG256/ctl-usage,256,usage,5,470,2.072108326542093
main/E_lab/code_leaning_hard/D_code/tau0.1/ones/incl/k5/rG256/ctl-usage,256,usage,5,471,2.281946020952091
main/E_lab/code_leaning_hard/D_code/tau0.1/ones/incl/k5/rG256/ctl-usage,256,usage,5,472,1.8339779849566185
main/E_lab/code_leaning_hard/D_code/tau0.1/ones/incl/k5/rG256/ctl-usage,256,usage,5,473,1.7796881127092092
main/E_lab/code_leaning_hard/D_code/tau0.1/ones/incl/k5/rG256/ctl-usage,256,usage,5,474,2.1348705290638463
main/E_lab/code_leaning_hard/D_code/tau0.1/ones/incl/k5/rG256/ctl-usage,256,usage,5,475,2.2074327006912426
main/E_lab/code_leaning_hard/D_code/tau0.1/ones/incl/k5/rG256/ctl-usage,256,usage,5,476,1.955686152987255
main/E_lab/code_leaning_hard/D_code/tau0.1/ones/incl/k5/rG256/ctl-usage,256,usage,5,477,2.3277726105907277
main/E_lab/code_leaning_hard/D_code/tau0.1/ones/incl/k5/rG256/ctl-usage,256,usage,5,478,2.365607743898181
main/E_lab/code_leaning_hard/D_code/tau0.1/ones/incl/k5/rG256/ctl-usage,256,usage,5,479,1.8738516562079894
main/E_lab/code_leaning_hard/D_code/tau0.1/ones/incl/k5/rG256/ctl-usage,256,usage,5,480,2.011627134645096
main/E_lab/code_leaning_hard/D_code/tau0.1/ones/incl/k5/rG256/ctl-usage,256,usage,5,481,1.8665897473274526
main/E_lab/code_leaning_hard/D_code/tau0.1/ones/incl/k5/rG256/ctl-usage,256,usage,5,482,2.179272802523883
main/E_lab/code_leaning_hard/D_code/tau0.1/ones/incl/k5/rG256/ctl-usage,256,usage,5,483,2.2433531607143777
main/E_lab/code_leaning_hard/D_code/tau0.1/ones/incl/k5/rG256/ctl-usage,256,usage,5,484,1.8430939354184375
main/E_lab/code_leaning_hard/D_code/tau0.1/ones/incl/k5/rG256/ctl-usage,256,usage,5,485,1.9368301823465117
main/E_lab/code_leaning_hard/D_code/tau0.1/ones/incl/k5/rG256/ctl-usage,256,usage,5,486,2.0508948020078606
main/E_lab/code_leaning_hard/D_code/tau0.1/ones/incl/k5/rG256/ctl-usage,256,usage,5,487,1.8888733095741372
main/E_lab/code_leaning_hard/D_code/tau0.1/ones/incl/k5/rG256/ctl-usage,256,usage,5,488,1.816609785104447
main/E_lab/code_leaning_hard/D_code/tau0.1/ones/incl/k5/rG256/ctl-usage,256,usage,5,489,1.8009032001191372
main/E_lab/code_leaning_hard/D_code/tau0.1/ones/incl/k5/rG256/ctl-usage,256,usage,5,490,2.0641043986533987
main/E_lab/code_leaning_hard/D_code/tau0.1/ones/incl/k5/rG256/ctl-usage,256,usage,5,491,2.07229975516384
main/E_lab/code_leaning_hard/D_code/tau0.1/ones/incl/k5/rG256/ctl-usage,256,usage,5,492,1.9127051487362223
main/E_lab/code_leaning_hard/D_code/tau0.1/ones/incl/k5/rG256/ctl-usage,256,usage,5,493,1.956494819622094
main/E_lab/code_leaning_hard/D_code/tau0.1/ones/incl/k5/rG256/ctl-usage,256,usage,5,494,1.7218326673573756
main/E_lab/code_leaning_hard/D_code/tau0.1/ones/incl/k5/rG256/ctl-usage,256,usage,5,495,1.5983656673292899
main/E_lab/code_leaning_hard/D_code/tau0.1/ones/incl/k5/rG256/ctl-usage,256,usage,5,496,1.8556700362064475
main/E_lab/code_leaning_hard/D_code/tau0.1/ones/incl/k5/rG256/ctl-usage,256,usage,5,497,1.8103662333460306
main/E_lab/code_leaning_hard/D_code/tau0.1/ones/incl/k5/rG256/ctl-usage,256,usage,5,498,1.7841343985892308
main/E_lab/code_leaning_hard/D_code/tau0.1/ones/incl/k5/rG256/ctl-usage,256,usage,5,499,1.8788837336096549
main/E_lab/code_leaning_hard/D_code/tau0.1/ones/incl/k5/rG256/ctl-usage,256,usage,5,500,1.8348632040197117
main/E_lab/code_leaning_hard/D_code/tau0.1/ones/incl/k5/rG256/ctl-usage,256,usage,5,501,1.5883787658531219
main/E_lab/code_leaning_hard/D_code/tau0.1/ones/incl/k5/rG256/ctl-usage,256,usage,5,502,1.8199991611172663
main/E_lab/code_leaning_hard/D_code/tau0.1/ones/incl/k5/rG256/ctl-usage,256,usage,5,503,1.8225337648368622
main/E_lab/code_leaning_hard/D_code/tau0.1/ones/incl/k5/rG256/ctl-usage,256,usage,5,504,1.756814330535235
main/E_lab/code_leaning_hard/D_code/tau0.1/ones/incl/k5/rG256/ctl-usage,256,usage,5,505,1.7304129734111484
main/E_lab/code_leaning_hard/D_code/tau0.1/ones/incl/k5/rG256/ctl-usage,256,usage,5,506,1.7666957316268963
main/E_lab/code_leaning_hard/D_code/tau0.1/ones/incl/k5/rG256/ctl-usage,256,usage,5,507,1.9275366142483108
main/E_lab/code_leaning_hard/D_code/tau0.1/ones/incl/k5/rG256/ctl-usage,256,usage,5,508,1.778251462595108
main/E_lab/code_leaning_hard/D_code/tau0.1/ones/incl/k5/rG256/ctl-usage,256,usage,5,509,1.7588869051055553
main/E_lab/code_leaning_hard/D_code/tau0.1/ones/incl/k5/rG256/ctl-usage,256,usage,5,510,1.6467439316984382
main/E_lab/code_leaning_hard/D_code/tau0.1/ones/incl/k5/rG256/ctl-usage,256,usage,5,511,1.73831495822742
main/E_lab/code_leaning_hard/D_code/tau0.1/ones/incl/k6/rG256/ctl-usage,256,usage,6,0,0.6170808919951014
main/E_lab/code_leaning_hard/D_code/tau0.1/ones/incl/k6/rG256/ctl-usage,256,usage,6,1,0.6679983887497656
main/E_lab/code_leaning_hard/D_code/tau0.1/ones/incl/k6/rG256/ctl-usage,256,usage,6,2,0.794820946865002
main/E_lab/code_leaning_hard/D_code/tau0.1/ones/incl/k6/rG256/ctl-usage,256,usage,6,3,0.6501634779233427
main/E_lab/code_leaning_hard/D_code/tau0.1/ones/incl/k6/rG256/ctl-usage,256,usage,6,4,0.4180040537576133
main/E_lab/code_leaning_hard/D_code/tau0.1/ones/incl/k6/rG256/ctl-usage,256,usage,6,5,0.797151471111647
main/E_lab/code_leaning_hard/D_code/tau0.1/ones/incl/k6/rG256/ctl-usage,256,usage,6,6,0.8729777551125153
main/E_lab/code_leaning_hard/D_code/tau0.1/ones/incl/k6/rG256/ctl-usage,256,usage,6,7,0.9263594226222267
main/E_lab/code_leaning_hard/D_code/tau0.1/ones/incl/k6/rG256/ctl-usage,256,usage,6,8,1.1134984689606426
main/E_lab/code_leaning_hard/D_code/tau0.1/ones/incl/k6/rG256/ctl-usage,256,usage,6,9,0.9064767458671668
main/E_lab/code_leaning_hard/D_code/tau0.1/ones/incl/k6/rG256/ctl-usage,256,usage,6,10,0.7945391161747466
main/E_lab/code_leaning_hard/D_code/tau0.1/ones/incl/k6/rG256/ctl-usage,256,usage,6,11,0.4698609704728369
main/E_lab/code_leaning_hard/D_code/tau0.1/ones/incl/k6/rG256/ctl-usage,256,usage,6,12,0.5589774225486508
main/E_lab/code_leaning_hard/D_code/tau0.1/ones/incl/k6/rG256/ctl-usage,256,usage,6,13,0.6941379350437273
main/E_lab/code_leaning_hard/D_code/tau0.1/ones/incl/k6/rG256/ctl-usage,256,usage,6,14,0.7291177513343428
main/E_lab/code_leaning_hard/D_code/tau0.1/ones/incl/k6/rG256/ctl-usage,256,usage,6,15,0.7362156903827781
main/E_lab/code_leaning_hard/D_code/tau0.1/ones/incl/k6/rG256/ctl-usage,256,usage,6,16,0.688752949058653
main/E_lab/code_leaning_hard/D_code/tau0.1/ones/incl/k6/rG256/ctl-usage,256,usage,6,17,0.8114878699147994
main/E_lab/code_leaning_hard/D_code/tau0.1/ones/incl/k6/rG256/ctl-usage,256,usage,6,18,0.6549145026340284
main/E_lab/code_leaning_hard/D_code/tau0.1/ones/incl/k6/rG256/ctl-usage,256,usage,6,19,0.6050627529921258
main/E_lab/code_leaning_hard/D_code/tau0.1/ones/incl/k6/rG256/ctl-usage,256,usage,6,20,0.712535451729309
main/E_lab/code_leaning_hard/D_code/tau0.1/ones/incl/k6/rG256/ctl-usage,256,usage,6,21,0.6632716184062701
main/E_lab/code_leaning_hard/D_code/tau0.1/ones/incl/k6/rG256/ctl-usage,256,usage,6,22,0.7718455964350142
main/E_lab/code_leaning_hard/D_code/tau0.1/ones/incl/k6/rG256/ctl-usage,256,usage,6,23,0.8383617896770375
main/E_lab/code_leaning_hard/D_code/tau0.1/ones/incl/k6/rG256/ctl-usage,256,usage,6,24,0.7594364266306002
main/E_lab/code_leaning_hard/D_code/tau0.1/ones/incl/k6/rG256/ctl-usage,256,usage,6,25,0.7148549482253657
main/E_lab/code_leaning_hard/D_code/tau0.1/ones/incl/k6/rG256/ctl-usage,256,usage,6,26,1.2943237838012465
main/E_lab/code_leaning_hard/D_code/tau0.1/ones/incl/k6/rG256/ctl-usage,256,usage,6,27,1.419507391301977
main/E_lab/code_leaning_hard/D_code/tau0.1/ones/incl/k6/rG256/ctl-usage,256,usage,6,28,0.9026470530102415
main/E_lab/code_leaning_hard/D_code/tau0.1/ones/incl/k6/rG256/ctl-usage,256,usage,6,29,0.6938371378046213
main/E_lab/code_leaning_hard/D_code/tau0.1/ones/incl/k6/rG256/ctl-usage,256,usage,6,30,0.6162344259701058
main/E_lab/code_leaning_hard/D_code/tau0.1/ones/incl/k6/rG256/ctl-usage,256,usage,6,31,0.73861818498699
main/E_lab/code_leaning_hard/D_code/tau0.1/ones/incl/k6/rG256/ctl-usage,256,usage,6,32,0.6305776894432711
main/E_lab/code_leaning_hard/D_code/tau0.1/ones/incl/k6/rG256/ctl-usage,256,usage,6,33,0.950645542974371
main/E_lab/code_leaning_hard/D_code/tau0.1/ones/incl/k6/rG256/ctl-usage,256,usage,6,34,1.006856151462216
main/E_lab/code_leaning_hard/D_code/tau0.1/ones/incl/k6/rG256/ctl-usage,256,usage,6,35,0.7228683244334206
main/E_lab/code_leaning_hard/D_code/tau0.1/ones/incl/k6/rG256/ctl-usage,256,usage,6,36,0.9461512069774471
main/E_lab/code_leaning_hard/D_code/tau0.1/ones/incl/k6/rG256/ctl-usage,256,usage,6,37,0.6147052110900404
main/E_lab/code_leaning_hard/D_code/tau0.1/ones/incl/k6/rG256/ctl-usage,256,usage,6,38,0.8297080748370718
main/E_lab/code_leaning_hard/D_code/tau0.1/ones/incl/k6/rG256/ctl-usage,256,usage,6,39,1.2271790367622089
main/E_lab/code_leaning_hard/D_code/tau0.1/ones/incl/k6/rG256/ctl-usage,256,usage,6,40,1.3975242803417132
main/E_lab/code_leaning_hard/D_code/tau0.1/ones/incl/k6/rG256/ctl-usage,256,usage,6,41,2.081205802358568
main/E_lab/code_leaning_hard/D_code/tau0.1/ones/incl/k6/rG256/ctl-usage,256,usage,6,42,1.1522330218044772
main/E_lab/code_leaning_hard/D_code/tau0.1/ones/incl/k6/rG256/ctl-usage,256,usage,6,43,0.6612488393311651
main/E_lab/code_leaning_hard/D_code/tau0.1/ones/incl/k6/rG256/ctl-usage,256,usage,6,44,0.6452883397414553
main/E_lab/code_leaning_hard/D_code/tau0.1/ones/incl/k6/rG256/ctl-usage,256,usage,6,45,0.7013150749744455
main/E_lab/code_leaning_hard/D_code/tau0.1/ones/incl/k6/rG256/ctl-usage,256,usage,6,46,1.016429690404948
main/E_lab/code_leaning_hard/D_code/tau0.1/ones/incl/k6/rG256/ctl-usage,256,usage,6,47,0.8635025609310105
main/E_lab/code_leaning_hard/D_code/tau0.1/ones/incl/k6/rG256/ctl-usage,256,usage,6,48,0.857030702233601
main/E_lab/code_leaning_hard/D_code/tau0.1/ones/incl/k6/rG256/ctl-usage,256,usage,6,49,0.6682980306068202
main/E_lab/code_leaning_hard/D_code/tau0.1/ones/incl/k6/rG256/ctl-usage,256,usage,6,50,0.9385113133484992
main/E_lab/code_leaning_hard/D_code/tau0.1/ones/incl/k6/rG256/ctl-usage,256,usage,6,51,1.1323091437307085
main/E_lab/code_leaning_hard/D_code/tau0.1/ones/incl/k6/rG256/ctl-usage,256,usage,6,52,0.6916163334929024
main/E_lab/code_leaning_hard/D_code/tau0.1/ones/incl/k6/rG256/ctl-usage,256,usage,6,53,0.7557054638909904
main/E_lab/code_leaning_hard/D_code/tau0.1/ones/incl/k6/rG256/ctl-usage,256,usage,6,54,0.6458993886044482
main/E_lab/code_leaning_hard/D_code/tau0.1/ones/incl/k6/rG256/ctl-usage,256,usage,6,55,0.8604471886128522
main/E_lab/code_leaning_hard/D_code/tau0.1/ones/incl/k6/rG256/ctl-usage,256,usage,6,56,0.6072350346385065
main/E_lab/code_leaning_hard/D_code/tau0.1/ones/incl/k6/rG256/ctl-usage,256,usage,6,57,0.6170193416392067
main/E_lab/code_leaning_hard/D_code/tau0.1/ones/incl/k6/rG256/ctl-usage,256,usage,6,58,0.5489129041106935
main/E_lab/code_leaning_hard/D_code/tau0.1/ones/incl/k6/rG256/ctl-usage,256,usage,6,59,0.5958307440714634
main/E_lab/code_leaning_hard/D_code/tau0.1/ones/incl/k6/rG256/ctl-usage,256,usage,6,60,0.7907264549976389
main/E_lab/code_leaning_hard/D_code/tau0.1/ones/incl/k6/rG256/ctl-usage,256,usage,6,61,0.5785063906341747
main/E_lab/code_leaning_hard/D_code/tau0.1/ones/incl/k6/rG256/ctl-usage,256,usage,6,62,0.56988579292738
main/E_lab/code_leaning_hard/D_code/tau0.1/ones/incl/k6/rG256/ctl-usage,256,usage,6,63,0.5422515679451863
main/E_lab/code_leaning_hard/D_code/tau0.1/ones/incl/k6/rG256/ctl-usage,256,usage,6,64,0.6979604845937502
main/E_lab/code_leaning_hard/D_code/tau0.1/ones/incl/k6/rG256/ctl-usage,256,usage,6,65,0.8876255111390492
main/E_lab/code_leaning_hard/D_code/tau0.1/ones/incl/k6/rG256/ctl-usage,256,usage,6,66,1.6607014675751088
main/E_lab/code_leaning_hard/D_code/tau0.1/ones/incl/k6/rG256/ctl-usage,256,usage,6,67,2.7163597214066613
main/E_lab/code_leaning_hard/D_code/tau0.1/ones/incl/k6/rG256/ctl-usage,256,usage,6,68,2.7044124478461526
main/E_lab/code_leaning_hard/D_code/tau0.1/ones/incl/k6/rG256/ctl-usage,256,usage,6,69,1.3336472860837603
main/E_lab/code_leaning_hard/D_code/tau0.1/ones/incl/k6/rG256/ctl-usage,256,usage,6,70,2.441522209147479
main/E_lab/code_leaning_hard/D_code/tau0.1/ones/incl/k6/rG256/ctl-usage,256,usage,6,71,2.423731610752384
main/E_lab/code_leaning_hard/D_code/tau0.1/ones/incl/k6/rG256/ctl-usage,256,usage,6,72,2.532402770594672
main/E_lab/code_leaning_hard/D_code/tau0.1/ones/incl/k6/rG256/ctl-usage,256,usage,6,73,2.5149778355189483
main/E_lab/code_leaning_hard/D_code/tau0.1/ones/incl/k6/rG256/ctl-usage,256,usage,6,74,1.7807205992339732
main/E_lab/code_leaning_hard/D_code/tau0.1/ones/incl/k6/rG256/ctl-usage,256,usage,6,75,2.254266070630365
main/E_lab/code_leaning_hard/D_code/tau0.1/ones/incl/k6/rG256/ctl-usage,256,usage,6,76,2.181138848483897
main/E_lab/code_leaning_hard/D_code/tau0.1/ones/incl/k6/rG256/ctl-usage,256,usage,6,77,2.3905603508801505
main/E_lab/code_leaning_hard/D_code/tau0.1/ones/incl/k6/rG256/ctl-usage,256,usage,6,78,2.296234076473411
main/E_lab/code_leaning_hard/D_code/tau0.1/ones/incl/k6/rG256/ctl-usage,256,usage,6,79,1.7838183171961646
main/E_lab/code_leaning_hard/D_code/tau0.1/ones/incl/k6/rG256/ctl-usage,256,usage,6,80,2.357816859895138
main/E_lab/code_leaning_hard/D_code/tau0.1/ones/incl/k6/rG256/ctl-usage,256,usage,6,81,2.2442498953532777
main/E_lab/code_leaning_hard/D_code/tau0.1/ones/incl/k6/rG256/ctl-usage,256,usage,6,82,2.4799704491797456
main/E_lab/code_leaning_hard/D_code/tau0.1/ones/incl/k6/rG256/ctl-usage,256,usage,6,83,2.4887733002346977
main/E_lab/code_leaning_hard/D_code/tau0.1/ones/incl/k6/rG256/ctl-usage,256,usage,6,84,2.478510859378275
main/E_lab/code_leaning_hard/D_code/tau0.1/ones/incl/k6/rG256/ctl-usage,256,usage,6,85,2.331235011676199
main/E_lab/code_leaning_hard/D_code/tau0.1/ones/incl/k6/rG256/ctl-usage,256,usage,6,86,2.3444130202769884
main/E_lab/code_leaning_hard/D_code/tau0.1/ones/incl/k6/rG256/ctl-usage,256,usage,6,87,2.329291028931493
main/E_lab/code_leaning_hard/D_code/tau0.1/ones/incl/k6/rG256/ctl-usage,256,usage,6,88,2.4685523184780322
main/E_lab/code_leaning_hard/D_code/tau0.1/ones/incl/k6/rG256/ctl-usage,256,usage,6,89,1.2027964414137386
main/E_lab/code_leaning_hard/D_code/tau0.1/ones/incl/k6/rG256/ctl-usage,256,usage,6,90,0.8176133595834472
main/E_lab/code_leaning_hard/D_code/tau0.1/ones/incl/k6/rG256/ctl-usage,256,usage,6,91,0.6899558114309912
main/E_lab/code_leaning_hard/D_code/tau0.1/ones/incl/k6/rG256/ctl-usage,256,usage,6,92,1.1276014189261332
main/E_lab/code_leaning_hard/D_code/tau0.1/ones/incl/k6/rG256/ctl-usage,256,usage,6,93,1.1375660212029288
main/E_lab/code_leaning_hard/D_code/tau0.1/ones/incl/k6/rG256/ctl-usage,256,usage,6,94,0.7806528984065153
main/E_lab/code_leaning_hard/D_code/tau0.1/ones/incl/k6/rG256/ctl-usage,256,usage,6,95,0.6734225770178455
main/E_lab/code_leaning_hard/D_code/tau0.1/ones/incl/k6/rG256/ctl-usage,256,usage,6,96,0.8763367445071708
main/E_lab/code_leaning_hard/D_code/tau0.1/ones/incl/k6/rG256/ctl-usage,256,usage,6,97,0.748871796059575
main/E_lab/code_leaning_hard/D_code/tau0.1/ones/incl/k6/rG256/ctl-usage,256,usage,6,98,0.8292255766982635
main/E_lab/code_leaning_hard/D_code/tau0.1/ones/incl/k6/rG256/ctl-usage,256,usage,6,99,0.8378689978635521
main/E_lab/code_leaning_hard/D_code/tau0.1/ones/incl/k6/rG256/ctl-usage,256,usage,6,100,0.9101181475889462
main/E_lab/code_leaning_hard/D_code/tau0.1/ones/incl/k6/rG256/ctl-usage,256,usage,6,101,0.6886800823531303
main/E_lab/code_leaning_hard/D_code/tau0.1/ones/incl/k6/rG256/ctl-usage,256,usage,6,102,0.8120521006612762
main/E_lab/code_leaning_hard/D_code/tau0.1/ones/incl/k6/rG256/ctl-usage,256,usage,6,103,0.9627174536658458
main/E_lab/code_leaning_hard/D_code/tau0.1/ones/incl/k6/rG256/ctl-usage,256,usage,6,104,0.6814723563975349
main/E_lab/code_leaning_hard/D_code/tau0.1/ones/incl/k6/rG256/ctl-usage,256,usage,6,105,1.1241620609929441
main/E_lab/code_leaning_hard/D_code/tau0.1/ones/incl/k6/rG256/ctl-usage,256,usage,6,106,1.0193771445783568
main/E_lab/code_leaning_hard/D_code/tau0.1/ones/incl/k6/rG256/ctl-usage,256,usage,6,107,1.108020280382334
main/E_lab/code_leaning_hard/D_code/tau0.1/ones/incl/k6/rG256/ctl-usage,256,usage,6,108,0.9109915207122867
main/E_lab/code_leaning_hard/D_code/tau0.1/ones/incl/k6/rG256/ctl-usage,256,usage,6,109,1.0615850653971393
main/E_lab/code_leaning_hard/D_code/tau0.1/ones/incl/k6/rG256/ctl-usage,256,usage,6,110,1.1319723981196148
main/E_lab/code_leaning_hard/D_code/tau0.1/ones/incl/k6/rG256/ctl-usage,256,usage,6,111,1.1910136011092618
main/E_lab/code_leaning_hard/D_code/tau0.1/ones/incl/k6/rG256/ctl-usage,256,usage,6,112,0.9645181298656098
main/E_lab/code_leaning_hard/D_code/tau0.1/ones/incl/k6/rG256/ctl-usage,256,usage,6,113,1.0741569624171916
main/E_lab/code_leaning_hard/D_code/tau0.1/ones/incl/k6/rG256/ctl-usage,256,usage,6,114,1.028787370880309
main/E_lab/code_leaning_hard/D_code/tau0.1/ones/incl/k6/rG256/ctl-usage,256,usage,6,115,1.0285656261085023
main/E_lab/code_leaning_hard/D_code/tau0.1/ones/incl/k6/rG256/ctl-usage,256,usage,6,116,0.6823600875209195
main/E_lab/code_leaning_hard/D_code/tau0.1/ones/incl/k6/rG256/ctl-usage,256,usage,6,117,0.7913720436877156
main/E_lab/code_leaning_hard/D_code/tau0.1/ones/incl/k6/rG256/ctl-usage,256,usage,6,118,0.8414315386280578
main/E_lab/code_leaning_hard/D_code/tau0.1/ones/incl/k6/rG256/ctl-usage,256,usage,6,119,0.7330056285686624
main/E_lab/code_leaning_hard/D_code/tau0.1/ones/incl/k6/rG256/ctl-usage,256,usage,6,120,0.5731026270077564
main/E_lab/code_leaning_hard/D_code/tau0.1/ones/incl/k6/rG256/ctl-usage,256,usage,6,121,0.7975235515496024
main/E_lab/code_leaning_hard/D_code/tau0.1/ones/incl/k6/rG256/ctl-usage,256,usage,6,122,1.21899964052227
main/E_lab/code_leaning_hard/D_code/tau0.1/ones/incl/k6/rG256/ctl-usage,256,usage,6,123,1.5800231154407811
main/E_lab/code_leaning_hard/D_code/tau0.1/ones/incl/k6/rG256/ctl-usage,256,usage,6,124,1.2233818033248554
main/E_lab/code_leaning_hard/D_code/tau0.1/ones/incl/k6/rG256/ctl-usage,256,usage,6,125,0.6253285465863883
main/E_lab/code_leaning_hard/D_code/tau0.1/ones/incl/k6/rG256/ctl-usage,256,usage,6,126,0.9973211307469683
main/E_lab/code_leaning_hard/D_code/tau0.1/ones/incl/k6/rG256/ctl-usage,256,usage,6,127,0.7752902383567744
main/E_lab/code_leaning_hard/D_code/tau0.1/ones/incl/k6/rG256/ctl-usage,256,usage,6,128,0.7541912366491488
main/E_lab/code_leaning_hard/D_code/tau0.1/ones/incl/k6/rG256/ctl-usage,256,usage,6,129,0.82250950118123
main/E_lab/code_leaning_hard/D_code/tau0.1/ones/incl/k6/rG256/ctl-usage,256,usage,6,130,0.9290990674485329
main/E_lab/code_leaning_hard/D_code/tau0.1/ones/incl/k6/rG256/ctl-usage,256,usage,6,131,0.8106211808703847
main/E_lab/code_leaning_hard/D_code/tau0.1/ones/incl/k6/rG256/ctl-usage,256,usage,6,132,0.8743865548221947
main/E_lab/code_leaning_hard/D_code/tau0.1/ones/incl/k6/rG256/ctl-usage,256,usage,6,133,1.1137573427608913
main/E_lab/code_leaning_hard/D_code/tau0.1/ones/incl/k6/rG256/ctl-usage,256,usage,6,134,0.7006927935799467
main/E_lab/code_leaning_hard/D_code/tau0.1/ones/incl/k6/rG256/ctl-usage,256,usage,6,135,0.5994204495577833
main/E_lab/code_leaning_hard/D_code/tau0.1/ones/incl/k6/rG256/ctl-usage,256,usage,6,136,1.0990034729074978
main/E_lab/code_leaning_hard/D_code/tau0.1/ones/incl/k6/rG256/ctl-usage,256,usage,6,137,0.915559659295468
main/E_lab/code_leaning_hard/D_code/tau0.1/ones/incl/k6/rG256/ctl-usage,256,usage,6,138,0.7038967160206084
main/E_lab/code_leaning_hard/D_code/tau0.1/ones/incl/k6/rG256/ctl-usage,256,usage,6,139,0.6516782569633506
main/E_lab/code_leaning_hard/D_code/tau0.1/ones/incl/k6/rG256/ctl-usage,256,usage,6,140,1.1132874704644564
main/E_lab/code_leaning_hard/D_code/tau0.1/ones/incl/k6/rG256/ctl-usage,256,usage,6,141,0.9669272314195041
main/E_lab/code_leaning_hard/D_code/tau0.1/ones/incl/k6/rG256/ctl-usage,256,usage,6,142,0.6901106069672096
main/E_lab/code_leaning_hard/D_code/tau0.1/ones/incl/k6/rG256/ctl-usage,256,usage,6,143,0.6537130951419385
main/E_lab/code_leaning_hard/D_code/tau0.1/ones/incl/k6/rG256/ctl-usage,256,usage,6,144,0.6754333258886618
main/E_lab/code_leaning_hard/D_code/tau0.1/ones/incl/k6/rG256/ctl-usage,256,usage,6,145,0.6668037007439125
main/E_lab/code_leaning_hard/D_code/tau0.1/ones/incl/k6/rG256/ctl-usage,256,usage,6,146,1.0912396585872557
main/E_lab/code_leaning_hard/D_code/tau0.1/ones/incl/k6/rG256/ctl-usage,256,usage,6,147,0.7477131925825233
main/E_lab/code_leaning_hard/D_code/tau0.1/ones/incl/k6/rG256/ctl-usage,256,usage,6,148,1.701246245909715
main/E_lab/code_leaning_hard/D_code/tau0.1/ones/incl/k6/rG256/ctl-usage,256,usage,6,149,1.8459768500715654
main/E_lab/code_leaning_hard/D_code/tau0.1/ones/incl/k6/rG256/ctl-usage,256,usage,6,150,1.8359653303778032
main/E_lab/code_leaning_hard/D_code/tau0.1/ones/incl/k6/rG256/ctl-usage,256,usage,6,151,1.6707410947428798
main/E_lab/code_leaning_hard/D_code/tau0.1/ones/incl/k6/rG256/ctl-usage,256,usage,6,152,1.869476054398774
main/E_lab/code_leaning_hard/D_code/tau0.1/ones/incl/k6/rG256/ctl-usage,256,usage,6,153,1.3953217535627118
main/E_lab/code_leaning_hard/D_code/tau0.1/ones/incl/k6/rG256/ctl-usage,256,usage,6,154,2.0476646486999925
main/E_lab/code_leaning_hard/D_code/tau0.1/ones/incl/k6/rG256/ctl-usage,256,usage,6,155,2.4558019472178785
main/E_lab/code_leaning_hard/D_code/tau0.1/ones/incl/k6/rG256/ctl-usage,256,usage,6,156,2.2288869503154274
main/E_lab/code_leaning_hard/D_code/tau0.1/ones/incl/k6/rG256/ctl-usage,256,usage,6,157,2.3380371234870836
main/E_lab/code_leaning_hard/D_code/tau0.1/ones/incl/k6/rG256/ctl-usage,256,usage,6,158,1.1738224836180962
main/E_lab/code_leaning_hard/D_code/tau0.1/ones/incl/k6/rG256/ctl-usage,256,usage,6,159,0.9274248851425
main/E_lab/code_leaning_hard/D_code/tau0.1/ones/incl/k6/rG256/ctl-usage,256,usage,6,160,1.1887878183165412
main/E_lab/code_leaning_hard/D_code/tau0.1/ones/incl/k6/rG256/ctl-usage,256,usage,6,161,1.3735559367123642
main/E_lab/code_leaning_hard/D_code/tau0.1/ones/incl/k6/rG256/ctl-usage,256,usage,6,162,0.7637265502819446
main/E_lab/code_leaning_hard/D_code/tau0.1/ones/incl/k6/rG256/ctl-usage,256,usage,6,163,0.5925415434389834
main/E_lab/code_leaning_hard/D_code/tau0.1/ones/incl/k6/rG256/ctl-usage,256,usage,6,164,0.37936408972564095
main/E_lab/code_leaning_hard/D_code/tau0.1/ones/incl/k6/rG256/ctl-usage,256,usage,6,165,0.24536222374126737
main/E_lab/code_leaning_hard/D_code/tau0.1/ones/incl/k6/rG256/ctl-usage,256,usage,6,166,0.43816256332775083
main/E_lab/code_leaning_hard/D_code/tau0.1/ones/incl/k6/rG256/ctl-usage,256,usage,6,167,0.5318109611162072
main/E_lab/code_leaning_hard/D_code/tau0.1/ones/incl/k6/rG256/ctl-usage,256,usage,6,168,0.5870347832387779
main/E_lab/code_leaning_hard/D_code/tau0.1/ones/incl/k6/rG256/ctl-usage,256,usage,6,169,0.6874969382952258
main/E_lab/code_leaning_hard/D_code/tau0.1/ones/incl/k6/rG256/ctl-usage,256,usage,6,170,0.7538480612064404
main/E_lab/code_leaning_hard/D_code/tau0.1/ones/incl/k6/rG256/ctl-usage,256,usage,6,171,0.459251981921625
main/E_lab/code_leaning_hard/D_code/tau0.1/ones/incl/k6/rG256/ctl-usage,256,usage,6,172,0.7389058859530451
main/E_lab/code_leaning_hard/D_code/tau0.1/ones/incl/k6/rG256/ctl-usage,256,usage,6,173,0.9337058084711316
main/E_lab/code_leaning_hard/D_code/tau0.1/ones/incl/k6/rG256/ctl-usage,256,usage,6,174,1.322370358311673
main/E_lab/code_leaning_hard/D_code/tau0.1/ones/incl/k6/rG256/ctl-usage,256,usage,6,175,1.2276780447064084
main/E_lab/code_leaning_hard/D_code/tau0.1/ones/incl/k6/rG256/ctl-usage,256,usage,6,176,1.3961277061366673
main/E_lab/code_leaning_hard/D_code/tau0.1/ones/incl/k6/rG256/ctl-usage,256,usage,6,177,1.2631804773864133
main/E_lab/code_leaning_hard/D_code/tau0.1/ones/incl/k6/rG256/ctl-usage,256,usage,6,178,1.0574077580672565
main/E_lab/code_leaning_hard/D_code/tau0.1/ones/incl/k6/rG256/ctl-usage,256,usage,6,179,0.8583037842072372
main/E_lab/code_leaning_hard/D_code/tau0.1/ones/incl/k6/rG256/ctl-usage,256,usage,6,180,0.8771373116906034
main/E_lab/code_leaning_hard/D_code/tau0.1/ones/incl/k6/rG256/ctl-usage,256,usage,6,181,0.6283490286523374
main/E_lab/code_leaning_hard/D_code/tau0.1/ones/incl/k6/rG256/ctl-usage,256,usage,6,182,0.8038413121576014
main/E_lab/code_leaning_hard/D_code/tau0.1/ones/incl/k6/rG256/ctl-usage,256,usage,6,183,0.8161477723124335
main/E_lab/code_leaning_hard/D_code/tau0.1/ones/incl/k6/rG256/ctl-usage,256,usage,6,184,0.6908437075480833
main/E_lab/code_leaning_hard/D_code/tau0.1/ones/incl/k6/rG256/ctl-usage,256,usage,6,185,0.7888340163935936
main/E_lab/code_leaning_hard/D_code/tau0.1/ones/incl/k6/rG256/ctl-usage,256,usage,6,186,0.41846430159466763
main/E_lab/code_leaning_hard/D_code/tau0.1/ones/incl/k6/rG256/ctl-usage,256,usage,6,187,0.7952545836453737
main/E_lab/code_leaning_hard/D_code/tau0.1/ones/incl/k6/rG256/ctl-usage,256,usage,6,188,0.6288920286815483
main/E_lab/code_leaning_hard/D_code/tau0.1/ones/incl/k6/rG256/ctl-usage,256,usage,6,189,0.9209161345352186
main/E_lab/code_leaning_hard/D_code/tau0.1/ones/incl/k6/rG256/ctl-usage,256,usage,6,190,1.091141819107179
main/E_lab/code_leaning_hard/D_code/tau0.1/ones/incl/k6/rG256/ctl-usage,256,usage,6,191,0.545201370066934
main/E_lab/code_leaning_hard/D_code/tau0.1/ones/incl/k6/rG256/ctl-usage,256,usage,6,192,0.5199526075266476
main/E_lab/code_leaning_hard/D_code/tau0.1/ones/incl/k6/rG256/ctl-usage,256,usage,6,193,1.0985059292488586
main/E_lab/code_leaning_hard/D_code/tau0.1/ones/incl/k6/rG256/ctl-usage,256,usage,6,194,1.0618284335710086
main/E_lab/code_leaning_hard/D_code/tau0.1/ones/incl/k6/rG256/ctl-usage,256,usage,6,195,0.925566025826356
main/E_lab/code_leaning_hard/D_code/tau0.1/ones/incl/k6/rG256/ctl-usage,256,usage,6,196,0.7542612407814886
main/E_lab/code_leaning_hard/D_code/tau0.1/ones/incl/k6/rG256/ctl-usage,256,usage,6,197,0.6985903828403934
main/E_lab/code_leaning_hard/D_code/tau0.1/ones/incl/k6/rG256/ctl-usage,256,usage,6,198,0.6468913989792782
main/E_lab/code_leaning_hard/D_code/tau0.1/ones/incl/k6/rG256/ctl-usage,256,usage,6,199,1.0198721429715079
main/E_lab/code_leaning_hard/D_code/tau0.1/ones/incl/k6/rG256/ctl-usage,256,usage,6,200,0.6981588661401474
main/E_lab/code_leaning_hard/D_code/tau0.1/ones/incl/k6/rG256/ctl-usage,256,usage,6,201,0.674068507085849
main/E_lab/code_leaning_hard/D_code/tau0.1/ones/incl/k6/rG256/ctl-usage,256,usage,6,202,0.8310203578384971
main/E_lab/code_leaning_hard/D_code/tau0.1/ones/incl/k6/rG256/ctl-usage,256,usage,6,203,0.6160249781141829
main/E_lab/code_leaning_hard/D_code/tau0.1/ones/incl/k6/rG256/ctl-usage,256,usage,6,204,0.5366622299570736
main/E_lab/code_leaning_hard/D_code/tau0.1/ones/incl/k6/rG256/ctl-usage,256,usage,6,205,0.6780205696104531
main/E_lab/code_leaning_hard/D_code/tau0.1/ones/incl/k6/rG256/ctl-usage,256,usage,6,206,0.6472143808859983
main/E_lab/code_leaning_hard/D_code/tau0.1/ones/incl/k6/rG256/ctl-usage,256,usage,6,207,0.5418530151096093
main/E_lab/code_leaning_hard/D_code/tau0.1/ones/incl/k6/rG256/ctl-usage,256,usage,6,208,0.5079030299275473
main/E_lab/code_leaning_hard/D_code/tau0.1/ones/incl/k6/rG256/ctl-usage,256,usage,6,209,0.7134707616614833
main/E_lab/code_leaning_hard/D_code/tau0.1/ones/incl/k6/rG256/ctl-usage,256,usage,6,210,2.039675202777289
main/E_lab/code_leaning_hard/D_code/tau0.1/ones/incl/k6/rG256/ctl-usage,256,usage,6,211,2.084479203150295
main/E_lab/code_leaning_hard/D_code/tau0.1/ones/incl/k6/rG256/ctl-usage,256,usage,6,212,1.824731828385211
main/E_lab/code_leaning_hard/D_code/tau0.1/ones/incl/k6/rG256/ctl-usage,256,usage,6,213,0.7927525306877214
main/E_lab/code_leaning_hard/D_code/tau0.1/ones/incl/k6/rG256/ctl-usage,256,usage,6,214,0.8901317275995098
main/E_lab/code_leaning_hard/D_code/tau0.1/ones/incl/k6/rG256/ctl-usage,256,usage,6,215,1.1538102501517642
main/E_lab/code_leaning_hard/D_code/tau0.1/ones/incl/k6/rG256/ctl-usage,256,usage,6,216,1.4299446197910584
main/E_lab/code_leaning_hard/D_code/tau0.1/ones/incl/k6/rG256/ctl-usage,256,usage,6,217,1.148526178265456
main/E_lab/code_leaning_hard/D_code/tau0.1/ones/incl/k6/rG256/ctl-usage,256,usage,6,218,1.1985466294181606
main/E_lab/code_leaning_hard/D_code/tau0.1/ones/incl/k6/rG256/ctl-usage,256,usage,6,219,1.2160409636499026
main/E_lab/code_leaning_hard/D_code/tau0.1/ones/incl/k6/rG256/ctl-usage,256,usage,6,220,1.3474400892619087
main/E_lab/code_leaning_hard/D_code/tau0.1/ones/incl/k6/rG256/ctl-usage,256,usage,6,221,1.2719428392902046
main/E_lab/code_leaning_hard/D_code/tau0.1/ones/incl/k6/rG256/ctl-usage,256,usage,6,222,0.9952668019487874
main/E_lab/code_leaning_hard/D_code/tau0.1/ones/incl/k6/rG256/ctl-usage,256,usage,6,223,0.9560574968609217
main/E_lab/code_leaning_hard/D_code/tau0.1/ones/incl/k6/rG256/ctl-usage,256,usage,6,224,0.830063214772963
main/E_lab/code_leaning_hard/D_code/tau0.1/ones/incl/k6/rG256/ctl-usage,256,usage,6,225,2.782942024143267
main/E_lab/code_leaning_hard/D_code/tau0.1/ones/incl/k6/rG256/ctl-usage,256,usage,6,226,1.5052405459500733
main/E_lab/code_leaning_hard/D_code/tau0.1/ones/incl/k6/rG256/ctl-usage,256,usage,6,227,0.9482228598408255
main/E_lab/code_leaning_hard/D_code/tau0.1/ones/incl/k6/rG256/ctl-usage,256,usage,6,228,0.8741656190813956
main/E_lab/code_leaning_hard/D_code/tau0.1/ones/incl/k6/rG256/ctl-usage,256,usage,6,229,0.8738740209782918
main/E_lab/code_leaning_hard/D_code/tau0.1/ones/incl/k6/rG256/ctl-usage,256,usage,6,230,0.9764884920941768
main/E_lab/code_leaning_hard/D_code/tau0.1/ones/incl/k6/rG256/ctl-usage,256,usage,6,231,0.9549875744914118
main/E_lab/code_leaning_hard/D_code/tau0.1/ones/incl/k6/rG256/ctl-usage,256,usage,6,232,0.8680812928996602
main/E_lab/code_leaning_hard/D_code/tau0.1/ones/incl/k6/rG256/ctl-usage,256,usage,6,233,1.210666981859049
main/E_lab/code_leaning_hard/D_code/tau0.1/ones/incl/k6/rG256/ctl-usage,256,usage,6,234,1.124329172876969
main/E_lab/code_leaning_hard/D_code/tau0.1/ones/incl/k6/rG256/ctl-usage,256,usage,6,235,0.9461982089524099
main/E_lab/code_leaning_hard/D_code/tau0.1/ones/incl/k6/rG256/ctl-usage,256,usage,6,236,1.5502200092794283
main/E_lab/code_leaning_hard/D_code/tau0.1/ones/incl/k6/rG256/ctl-usage,256,usage,6,237,1.1766308475807818
main/E_lab/code_leaning_hard/D_code/tau0.1/ones/incl/k6/rG256/ctl-usage,256,usage,6,238,0.5201090471209682
main/E_lab/code_leaning_hard/D_code/tau0.1/ones/incl/k6/rG256/ctl-usage,256,usage,6,239,0.560868904632116
main/E_lab/code_leaning_hard/D_code/tau0.1/ones/incl/k6/rG256/ctl-usage,256,usage,6,240,0.5874289601260898
main/E_lab/code_leaning_hard/D_code/tau0.1/ones/incl/k6/rG256/ctl-usage,256,usage,6,241,0.4611164403258954
main/E_lab/code_leaning_hard/D_code/tau0.1/ones/incl/k6/rG256/ctl-usage,256,usage,6,242,0.6978689562406544
main/E_lab/code_leaning_hard/D_code/tau0.1/ones/incl/k6/rG256/ctl-usage,256,usage,6,243,0.4562582709013441
main/E_lab/code_leaning_hard/D_code/tau0.1/ones/incl/k6/rG256/ctl-usage,256,usage,6,244,0.3829440069316661
main/E_lab/code_leaning_hard/D_code/tau0.1/ones/incl/k6/rG256/ctl-usage,256,usage,6,245,0.5791196644713636
main/E_lab/code_leaning_hard/D_code/tau0.1/ones/incl/k6/rG256/ctl-usage,256,usage,6,246,0.5830188972249744
main/E_lab/code_leaning_hard/D_code/tau0.1/ones/incl/k6/rG256/ctl-usage,256,usage,6,247,0.6279546120749728
main/E_lab/code_leaning_hard/D_code/tau0.1/ones/incl/k6/rG256/ctl-usage,256,usage,6,248,0.5965003831092872
main/E_lab/code_leaning_hard/D_code/tau0.1/ones/incl/k6/rG256/ctl-usage,256,usage,6,249,0.3458376741464235
main/E_lab/code_leaning_hard/D_code/tau0.1/ones/incl/k6/rG256/ctl-usage,256,usage,6,250,0.45725341721845325
main/E_lab/code_leaning_hard/D_code/tau0.1/ones/incl/k6/rG256/ctl-usage,256,usage,6,251,0.6587577611426241
main/E_lab/code_leaning_hard/D_code/tau0.1/ones/incl/k6/rG256/ctl-usage,256,usage,6,252,0.46836964430713124
main/E_lab/code_leaning_hard/D_code/tau0.1/ones/incl/k6/rG256/ctl-usage,256,usage,6,253,0.7344713694242273
main/E_lab/code_leaning_hard/D_code/tau0.1/ones/incl/k6/rG256/ctl-usage,256,usage,6,254,0.49312260445913125
main/E_lab/code_leaning_hard/D_code/tau0.1/ones/incl/k6/rG256/ctl-usage,256,usage,6,255,0.4164470650794101
main/E_lab/code_leaning_hard/D_code/tau0.1/ones/incl/k6/rG256/ctl-usage,256,usage,6,256,1.9006358924998494
main/E_lab/code_leaning_hard/D_code/tau0.1/ones/incl/k6/rG256/ctl-usage,256,usage,6,257,2.2235469035458664
main/E_lab/code_leaning_hard/D_code/tau0.1/ones/incl/k6/rG256/ctl-usage,256,usage,6,258,2.3505292414179166
main/E_lab/code_leaning_hard/D_code/tau0.1/ones/incl/k6/rG256/ctl-usage,256,usage,6,259,2.1935611075231236
main/E_lab/code_leaning_hard/D_code/tau0.1/ones/incl/k6/rG256/ctl-usage,256,usage,6,260,2.239080949260824
main/E_lab/code_leaning_hard/D_code/tau0.1/ones/incl/k6/rG256/ctl-usage,256,usage,6,261,2.4926415949236116
main/E_lab/code_leaning_hard/D_code/tau0.1/ones/incl/k6/rG256/ctl-usage,256,usage,6,262,2.326112405827189
main/E_lab/code_leaning_hard/D_code/tau0.1/ones/incl/k6/rG256/ctl-usage,256,usage,6,263,2.9314170710599683
main/E_lab/code_leaning_hard/D_code/tau0.1/ones/incl/k6/rG256/ctl-usage,256,usage,6,264,3.027787140429382
main/E_lab/code_leaning_hard/D_code/tau0.1/ones/incl/k6/rG256/ctl-usage,256,usage,6,265,2.2148936290868733
main/E_lab/code_leaning_hard/D_code/tau0.1/ones/incl/k6/rG256/ctl-usage,256,usage,6,266,1.9638993662611028
main/E_lab/code_leaning_hard/D_code/tau0.1/ones/incl/k6/rG256/ctl-usage,256,usage,6,267,2.1443522222125466
main/E_lab/code_leaning_hard/D_code/tau0.1/ones/incl/k6/rG256/ctl-usage,256,usage,6,268,2.1174697906899382
main/E_lab/code_leaning_hard/D_code/tau0.1/ones/incl/k6/rG256/ctl-usage,256,usage,6,269,2.0297742102084158
main/E_lab/code_leaning_hard/D_code/tau0.1/ones/incl/k6/rG256/ctl-usage,256,usage,6,270,2.0136418867477914
main/E_lab/code_leaning_hard/D_code/tau0.1/ones/incl/k6/rG256/ctl-usage,256,usage,6,271,1.982846141261689
main/E_lab/code_leaning_hard/D_code/tau0.1/ones/incl/k6/rG256/ctl-usage,256,usage,6,272,1.7525390077535121
main/E_lab/code_leaning_hard/D_code/tau0.1/ones/incl/k6/rG256/ctl-usage,256,usage,6,273,2.190804419813503
main/E_lab/code_leaning_hard/D_code/tau0.1/ones/incl/k6/rG256/ctl-usage,256,usage,6,274,2.1734896103671417
main/E_lab/code_leaning_hard/D_code/tau0.1/ones/incl/k6/rG256/ctl-usage,256,usage,6,275,1.8331015564490372
main/E_lab/code_leaning_hard/D_code/tau0.1/ones/incl/k6/rG256/ctl-usage,256,usage,6,276,2.1039878196002064
main/E_lab/code_leaning_hard/D_code/tau0.1/ones/incl/k6/rG256/ctl-usage,256,usage,6,277,2.1132984037076312
main/E_lab/code_leaning_hard/D_code/tau0.1/ones/incl/k6/rG256/ctl-usage,256,usage,6,278,1.9166008711290488
main/E_lab/code_leaning_hard/D_code/tau0.1/ones/incl/k6/rG256/ctl-usage,256,usage,6,279,2.144913957236895
main/E_lab/code_leaning_hard/D_code/tau0.1/ones/incl/k6/rG256/ctl-usage,256,usage,6,280,2.2367188991347575
main/E_lab/code_leaning_hard/D_code/tau0.1/ones/incl/k6/rG256/ctl-usage,256,usage,6,281,2.007220286751817
main/E_lab/code_leaning_hard/D_code/tau0.1/ones/incl/k6/rG256/ctl-usage,256,usage,6,282,2.444509256463789
main/E_lab/code_leaning_hard/D_code/tau0.1/ones/incl/k6/rG256/ctl-usage,256,usage,6,283,2.1891435842035207
main/E_lab/code_leaning_hard/D_code/tau0.1/ones/incl/k6/rG256/ctl-usage,256,usage,6,284,2.1595360130331755
main/E_lab/code_leaning_hard/D_code/tau0.1/ones/incl/k6/rG256/ctl-usage,256,usage,6,285,1.7899000752877328
main/E_lab/code_leaning_hard/D_code/tau0.1/ones/incl/k6/rG256/ctl-usage,256,usage,6,286,1.9787092467367984
main/E_lab/code_leaning_hard/D_code/tau0.1/ones/incl/k6/rG256/ctl-usage,256,usage,6,287,1.9045513571645643
main/E_lab/code_leaning_hard/D_code/tau0.1/ones/incl/k6/rG256/ctl-usage,256,usage,6,288,1.8367404222972255
main/E_lab/code_leaning_hard/D_code/tau0.1/ones/incl/k6/rG256/ctl-usage,256,usage,6,289,1.6930629131106798
main/E_lab/code_leaning_hard/D_code/tau0.1/ones/incl/k6/rG256/ctl-usage,256,usage,6,290,1.8678173777834672
main/E_lab/code_leaning_hard/D_code/tau0.1/ones/incl/k6/rG256/ctl-usage,256,usage,6,291,1.9233772665975266
main/E_lab/code_leaning_hard/D_code/tau0.1/ones/incl/k6/rG256/ctl-usage,256,usage,6,292,1.7654041507171314
main/E_lab/code_leaning_hard/D_code/tau0.1/ones/incl/k6/rG256/ctl-usage,256,usage,6,293,1.872279345687275
main/E_lab/code_leaning_hard/D_code/tau0.1/ones/incl/k6/rG256/ctl-usage,256,usage,6,294,1.983279532929373
main/E_lab/code_leaning_hard/D_code/tau0.1/ones/incl/k6/rG256/ctl-usage,256,usage,6,295,1.9170605303552293
main/E_lab/code_leaning_hard/D_code/tau0.1/ones/incl/k6/rG256/ctl-usage,256,usage,6,296,1.9867962657272074
main/E_lab/code_leaning_hard/D_code/tau0.1/ones/incl/k6/rG256/ctl-usage,256,usage,6,297,2.3552723136594977
main/E_lab/code_leaning_hard/D_code/tau0.1/ones/incl/k6/rG256/ctl-usage,256,usage,6,298,2.3734482267468593
main/E_lab/code_leaning_hard/D_code/tau0.1/ones/incl/k6/rG256/ctl-usage,256,usage,6,299,1.785173440215658
main/E_lab/code_leaning_hard/D_code/tau0.1/ones/incl/k6/rG256/ctl-usage,256,usage,6,300,1.892633101849242
main/E_lab/code_leaning_hard/D_code/tau0.1/ones/incl/k6/rG256/ctl-usage,256,usage,6,301,1.7457047937334664
main/E_lab/code_leaning_hard/D_code/tau0.1/ones/incl/k6/rG256/ctl-usage,256,usage,6,302,1.4956088259277749
main/E_lab/code_leaning_hard/D_code/tau0.1/ones/incl/k6/rG256/ctl-usage,256,usage,6,303,1.7357642089154979
main/E_lab/code_leaning_hard/D_code/tau0.1/ones/incl/k6/rG256/ctl-usage,256,usage,6,304,1.8443793073511188
main/E_lab/code_leaning_hard/D_code/tau0.1/ones/incl/k6/rG256/ctl-usage,256,usage,6,305,1.9422733918554513
main/E_lab/code_leaning_hard/D_code/tau0.1/ones/incl/k6/rG256/ctl-usage,256,usage,6,306,2.276764487334731
main/E_lab/code_leaning_hard/D_code/tau0.1/ones/incl/k6/rG256/ctl-usage,256,usage,6,307,2.0628574620161544
main/E_lab/code_leaning_hard/D_code/tau0.1/ones/incl/k6/rG256/ctl-usage,256,usage,6,308,2.0167034517749016
main/E_lab/code_leaning_hard/D_code/tau0.1/ones/incl/k6/rG256/ctl-usage,256,usage,6,309,2.256839627111731
main/E_lab/code_leaning_hard/D_code/tau0.1/ones/incl/k6/rG256/ctl-usage,256,usage,6,310,2.133230929836941
main/E_lab/code_leaning_hard/D_code/tau0.1/ones/incl/k6/rG256/ctl-usage,256,usage,6,311,1.8770905572173433
main/E_lab/code_leaning_hard/D_code/tau0.1/ones/incl/k6/rG256/ctl-usage,256,usage,6,312,2.1048188004747317
main/E_lab/code_leaning_hard/D_code/tau0.1/ones/incl/k6/rG256/ctl-usage,256,usage,6,313,1.9674019983885955
main/E_lab/code_leaning_hard/D_code/tau0.1/ones/incl/k6/rG256/ctl-usage,256,usage,6,314,1.905473095243451
main/E_lab/code_leaning_hard/D_code/tau0.1/ones/incl/k6/rG256/ctl-usage,256,usage,6,315,1.9624113690761078
main/E_lab/code_leaning_hard/D_code/tau0.1/ones/incl/k6/rG256/ctl-usage,256,usage,6,316,1.9916497555686874
main/E_lab/code_leaning_hard/D_code/tau0.1/ones/incl/k6/rG256/ctl-usage,256,usage,6,317,2.0224914174687
main/E_lab/code_leaning_hard/D_code/tau0.1/ones/incl/k6/rG256/ctl-usage,256,usage,6,318,2.215842833084025
main/E_lab/code_leaning_hard/D_code/tau0.1/ones/incl/k6/rG256/ctl-usage,256,usage,6,319,2.0455420431608218
main/E_lab/code_leaning_hard/D_code/tau0.1/ones/incl/k6/rG256/ctl-usage,256,usage,6,320,2.1545747073046186
main/E_lab/code_leaning_hard/D_code/tau0.1/ones/incl/k6/rG256/ctl-usage,256,usage,6,321,2.1880356872707125
main/E_lab/code_leaning_hard/D_code/tau0.1/ones/incl/k6/rG256/ctl-usage,256,usage,6,322,2.524762754665062
main/E_lab/code_leaning_hard/D_code/tau0.1/ones/incl/k6/rG256/ctl-usage,256,usage,6,323,2.794085145043937
main/E_lab/code_leaning_hard/D_code/tau0.1/ones/incl/k6/rG256/ctl-usage,256,usage,6,324,1.9965283601422925
main/E_lab/code_leaning_hard/D_code/tau0.1/ones/incl/k6/rG256/ctl-usage,256,usage,6,325,2.292206858010104
main/E_lab/code_leaning_hard/D_code/tau0.1/ones/incl/k6/rG256/ctl-usage,256,usage,6,326,2.542628612494809
main/E_lab/code_leaning_hard/D_code/tau0.1/ones/incl/k6/rG256/ctl-usage,256,usage,6,327,2.072021842031063
main/E_lab/code_leaning_hard/D_code/tau0.1/ones/incl/k6/rG256/ctl-usage,256,usage,6,328,2.11191019934995
main/E_lab/code_leaning_hard/D_code/tau0.1/ones/incl/k6/rG256/ctl-usage,256,usage,6,329,2.4245838468514194
main/E_lab/code_leaning_hard/D_code/tau0.1/ones/incl/k6/rG256/ctl-usage,256,usage,6,330,2.4675378600804834
main/E_lab/code_leaning_hard/D_code/tau0.1/ones/incl/k6/rG256/ctl-usage,256,usage,6,331,1.9308911603484376
main/E_lab/code_leaning_hard/D_code/tau0.1/ones/incl/k6/rG256/ctl-usage,256,usage,6,332,2.456128284380611
main/E_lab/code_leaning_hard/D_code/tau0.1/ones/incl/k6/rG256/ctl-usage,256,usage,6,333,2.589518591739761
main/E_lab/code_leaning_hard/D_code/tau0.1/ones/incl/k6/rG256/ctl-usage,256,usage,6,334,2.095307351498377
main/E_lab/code_leaning_hard/D_code/tau0.1/ones/incl/k6/rG256/ctl-usage,256,usage,6,335,2.7580085225390576
main/E_lab/code_leaning_hard/D_code/tau0.1/ones/incl/k6/rG256/ctl-usage,256,usage,6,336,2.561526031339554
main/E_lab/code_leaning_hard/D_code/tau0.1/ones/incl/k6/rG256/ctl-usage,256,usage,6,337,2.0507949755788104
main/E_lab/code_leaning_hard/D_code/tau0.1/ones/incl/k6/rG256/ctl-usage,256,usage,6,338,2.0842673911456586
main/E_lab/code_leaning_hard/D_code/tau0.1/ones/incl/k6/rG256/ctl-usage,256,usage,6,339,1.766918957580856
main/E_lab/code_leaning_hard/D_code/tau0.1/ones/incl/k6/rG256/ctl-usage,256,usage,6,340,2.304431203660897
main/E_lab/code_leaning_hard/D_code/tau0.1/ones/incl/k6/rG256/ctl-usage,256,usage,6,341,2.074667074959507
main/E_lab/code_leaning_hard/D_code/tau0.1/ones/incl/k6/rG256/ctl-usage,256,usage,6,342,2.475799278319755
main/E_lab/code_leaning_hard/D_code/tau0.1/ones/incl/k6/rG256/ctl-usage,256,usage,6,343,2.3062460400979035
main/E_lab/code_leaning_hard/D_code/tau0.1/ones/incl/k6/rG256/ctl-usage,256,usage,6,344,2.040350638572818
main/E_lab/code_leaning_hard/D_code/tau0.1/ones/incl/k6/rG256/ctl-usage,256,usage,6,345,2.43009954469926
main/E_lab/code_leaning_hard/D_code/tau0.1/ones/incl/k6/rG256/ctl-usage,256,usage,6,346,2.390451946343319
main/E_lab/code_leaning_hard/D_code/tau0.1/ones/incl/k6/rG256/ctl-usage,256,usage,6,347,2.2360220446371386
main/E_lab/code_leaning_hard/D_code/tau0.1/ones/incl/k6/rG256/ctl-usage,256,usage,6,348,2.2834851630227604
main/E_lab/code_leaning_hard/D_code/tau0.1/ones/incl/k6/rG256/ctl-usage,256,usage,6,349,2.112835184542746
main/E_lab/code_leaning_hard/D_code/tau0.1/ones/incl/k6/rG256/ctl-usage,256,usage,6,350,2.240231333325937
main/E_lab/code_leaning_hard/D_code/tau0.1/ones/incl/k6/rG256/ctl-usage,256,usage,6,351,2.29493258747425
main/E_lab/code_leaning_hard/D_code/tau0.1/ones/incl/k6/rG256/ctl-usage,256,usage,6,352,1.6060684979293
main/E_lab/code_leaning_hard/D_code/tau0.1/ones/incl/k6/rG256/ctl-usage,256,usage,6,353,2.511233707918109
main/E_lab/code_leaning_hard/D_code/tau0.1/ones/incl/k6/rG256/ctl-usage,256,usage,6,354,2.3299130490131574
main/E_lab/code_leaning_hard/D_code/tau0.1/ones/incl/k6/rG256/ctl-usage,256,usage,6,355,2.6607651276390243
main/E_lab/code_leaning_hard/D_code/tau0.1/ones/incl/k6/rG256/ctl-usage,256,usage,6,356,2.2689184824785116
main/E_lab/code_leaning_hard/D_code/tau0.1/ones/incl/k6/rG256/ctl-usage,256,usage,6,357,1.8593775284462026
main/E_lab/code_leaning_hard/D_code/tau0.1/ones/incl/k6/rG256/ctl-usage,256,usage,6,358,2.050472835882829
main/E_lab/code_leaning_hard/D_code/tau0.1/ones/incl/k6/rG256/ctl-usage,256,usage,6,359,1.8822994197083744
main/E_lab/code_leaning_hard/D_code/tau0.1/ones/incl/k6/rG256/ctl-usage,256,usage,6,360,2.051865502030523
main/E_lab/code_leaning_hard/D_code/tau0.1/ones/incl/k6/rG256/ctl-usage,256,usage,6,361,2.355638487968463
main/E_lab/code_leaning_hard/D_code/tau0.1/ones/incl/k6/rG256/ctl-usage,256,usage,6,362,2.3831861845956155
main/E_lab/code_leaning_hard/D_code/tau0.1/ones/incl/k6/rG256/ctl-usage,256,usage,6,363,1.9914100405658246
main/E_lab/code_leaning_hard/D_code/tau0.1/ones/incl/k6/rG256/ctl-usage,256,usage,6,364,2.6793448288051422
main/E_lab/code_leaning_hard/D_code/tau0.1/ones/incl/k6/rG256/ctl-usage,256,usage,6,365,2.9673058207717986
main/E_lab/code_leaning_hard/D_code/tau0.1/ones/incl/k6/rG256/ctl-usage,256,usage,6,366,3.004363981694951
main/E_lab/code_leaning_hard/D_code/tau0.1/ones/incl/k6/rG256/ctl-usage,256,usage,6,367,2.408272021199082
main/E_lab/code_leaning_hard/D_code/tau0.1/ones/incl/k6/rG256/ctl-usage,256,usage,6,368,2.3363954592177834
main/E_lab/code_leaning_hard/D_code/tau0.1/ones/incl/k6/rG256/ctl-usage,256,usage,6,369,2.144108668439003
main/E_lab/code_leaning_hard/D_code/tau0.1/ones/incl/k6/rG256/ctl-usage,256,usage,6,370,2.2385355154273157
main/E_lab/code_leaning_hard/D_code/tau0.1/ones/incl/k6/rG256/ctl-usage,256,usage,6,371,1.8231179159338353
main/E_lab/code_leaning_hard/D_code/tau0.1/ones/incl/k6/rG256/ctl-usage,256,usage,6,372,1.9005706858038138
main/E_lab/code_leaning_hard/D_code/tau0.1/ones/incl/k6/rG256/ctl-usage,256,usage,6,373,1.8287382205962786
main/E_lab/code_leaning_hard/D_code/tau0.1/ones/incl/k6/rG256/ctl-usage,256,usage,6,374,1.7133235343928845
main/E_lab/code_leaning_hard/D_code/tau0.1/ones/incl/k6/rG256/ctl-usage,256,usage,6,375,1.84764749606029
main/E_lab/code_leaning_hard/D_code/tau0.1/ones/incl/k6/rG256/ctl-usage,256,usage,6,376,2.437208026911776
main/E_lab/code_leaning_hard/D_code/tau0.1/ones/incl/k6/rG256/ctl-usage,256,usage,6,377,2.3850389432022894
main/E_lab/code_leaning_hard/D_code/tau0.1/ones/incl/k6/rG256/ctl-usage,256,usage,6,378,1.8723189042293598
main/E_lab/code_leaning_hard/D_code/tau0.1/ones/incl/k6/rG256/ctl-usage,256,usage,6,379,1.8663914249427762
main/E_lab/code_leaning_hard/D_code/tau0.1/ones/incl/k6/rG256/ctl-usage,256,usage,6,380,1.8148094762300389
main/E_lab/code_leaning_hard/D_code/tau0.1/ones/incl/k6/rG256/ctl-usage,256,usage,6,381,1.9041992558632046
main/E_lab/code_leaning_hard/D_code/tau0.1/ones/incl/k6/rG256/ctl-usage,256,usage,6,382,1.9865663106929787
main/E_lab/code_leaning_hard/D_code/tau0.1/ones/incl/k6/rG256/ctl-usage,256,usage,6,383,2.0674991394321296
main/E_lab/code_leaning_hard/D_code/tau0.1/ones/incl/k6/rG256/ctl-usage,256,usage,6,384,1.9129377177960123
main/E_lab/code_leaning_hard/D_code/tau0.1/ones/incl/k6/rG256/ctl-usage,256,usage,6,385,1.1637876092743227
main/E_lab/code_leaning_hard/D_code/tau0.1/ones/incl/k6/rG256/ctl-usage,256,usage,6,386,1.4148975960506505
main/E_lab/code_leaning_hard/D_code/tau0.1/ones/incl/k6/rG256/ctl-usage,256,usage,6,387,1.5192649066329977
main/E_lab/code_leaning_hard/D_code/tau0.1/ones/incl/k6/rG256/ctl-usage,256,usage,6,388,0.7575083517044732
main/E_lab/code_leaning_hard/D_code/tau0.1/ones/incl/k6/rG256/ctl-usage,256,usage,6,389,1.0312175144390494
main/E_lab/code_leaning_hard/D_code/tau0.1/ones/incl/k6/rG256/ctl-usage,256,usage,6,390,0.833976068526681
main/E_lab/code_leaning_hard/D_code/tau0.1/ones/incl/k6/rG256/ctl-usage,256,usage,6,391,0.6444648294532271
main/E_lab/code_leaning_hard/D_code/tau0.1/ones/incl/k6/rG256/ctl-usage,256,usage,6,392,1.0393655726220459
main/E_lab/code_leaning_hard/D_code/tau0.1/ones/incl/k6/rG256/ctl-usage,256,usage,6,393,0.8884704632569083
main/E_lab/code_leaning_hard/D_code/tau0.1/ones/incl/k6/rG256/ctl-usage,256,usage,6,394,1.5562331389724022
main/E_lab/code_leaning_hard/D_code/tau0.1/ones/incl/k6/rG256/ctl-usage,256,usage,6,395,1.3440555687739106
main/E_lab/code_leaning_hard/D_code/tau0.1/ones/incl/k6/rG256/ctl-usage,256,usage,6,396,1.205215776391924
main/E_lab/code_leaning_hard/D_code/tau0.1/ones/incl/k6/rG256/ctl-usage,256,usage,6,397,1.0779364647232796
main/E_lab/code_leaning_hard/D_code/tau0.1/ones/incl/k6/rG256/ctl-usage,256,usage,6,398,1.6704914795600416
main/E_lab/code_leaning_hard/D_code/tau0.1/ones/incl/k6/rG256/ctl-usage,256,usage,6,399,1.2019359664263902
main/E_lab/code_leaning_hard/D_code/tau0.1/ones/incl/k6/rG256/ctl-usage,256,usage,6,400,0.4197642608332899
main/E_lab/code_leaning_hard/D_code/tau0.1/ones/incl/k6/rG256/ctl-usage,256,usage,6,401,0.5824279738126279
main/E_lab/code_leaning_hard/D_code/tau0.1/ones/incl/k6/rG256/ctl-usage,256,usage,6,402,1.191220497055383
main/E_lab/code_leaning_hard/D_code/tau0.1/ones/incl/k6/rG256/ctl-usage,256,usage,6,403,1.4207091369558498
main/E_lab/code_leaning_hard/D_code/tau0.1/ones/incl/k6/rG256/ctl-usage,256,usage,6,404,1.00907594083219
main/E_lab/code_leaning_hard/D_code/tau0.1/ones/incl/k6/rG256/ctl-usage,256,usage,6,405,1.3675224726489432
main/E_lab/code_leaning_hard/D_code/tau0.1/ones/incl/k6/rG256/ctl-usage,256,usage,6,406,1.1358751423833837
main/E_lab/code_leaning_hard/D_code/tau0.1/ones/incl/k6/rG256/ctl-usage,256,usage,6,407,0.9411723965040437
main/E_lab/code_leaning_hard/D_code/tau0.1/ones/incl/k6/rG256/ctl-usage,256,usage,6,408,0.8095950978104156
main/E_lab/code_leaning_hard/D_code/tau0.1/ones/incl/k6/rG256/ctl-usage,256,usage,6,409,1.4425578445370775
main/E_lab/code_leaning_hard/D_code/tau0.1/ones/incl/k6/rG256/ctl-usage,256,usage,6,410,1.0620906987114722
main/E_lab/code_leaning_hard/D_code/tau0.1/ones/incl/k6/rG256/ctl-usage,256,usage,6,411,1.4715435936122958
main/E_lab/code_leaning_hard/D_code/tau0.1/ones/incl/k6/rG256/ctl-usage,256,usage,6,412,1.3092613600410914
main/E_lab/code_leaning_hard/D_code/tau0.1/ones/incl/k6/rG256/ctl-usage,256,usage,6,413,1.3240954519087609
main/E_lab/code_leaning_hard/D_code/tau0.1/ones/incl/k6/rG256/ctl-usage,256,usage,6,414,1.5213890736067697
main/E_lab/code_leaning_hard/D_code/tau0.1/ones/incl/k6/rG256/ctl-usage,256,usage,6,415,1.0179898358692299
main/E_lab/code_leaning_hard/D_code/tau0.1/ones/incl/k6/rG256/ctl-usage,256,usage,6,416,1.1769593516683017
main/E_lab/code_leaning_hard/D_code/tau0.1/ones/incl/k6/rG256/ctl-usage,256,usage,6,417,1.2161444801786274
main/E_lab/code_leaning_hard/D_code/tau0.1/ones/incl/k6/rG256/ctl-usage,256,usage,6,418,1.3028075842648832
main/E_lab/code_leaning_hard/D_code/tau0.1/ones/incl/k6/rG256/ctl-usage,256,usage,6,419,1.5594271508734892
main/E_lab/code_leaning_hard/D_code/tau0.1/ones/incl/k6/rG256/ctl-usage,256,usage,6,420,1.384584400987933
main/E_lab/code_leaning_hard/D_code/tau0.1/ones/incl/k6/rG256/ctl-usage,256,usage,6,421,1.1465902608802025
main/E_lab/code_leaning_hard/D_code/tau0.1/ones/incl/k6/rG256/ctl-usage,256,usage,6,422,1.0653617258822123
main/E_lab/code_leaning_hard/D_code/tau0.1/ones/incl/k6/rG256/ctl-usage,256,usage,6,423,1.2141032471818107
main/E_lab/code_leaning_hard/D_code/tau0.1/ones/incl/k6/rG256/ctl-usage,256,usage,6,424,0.7682209047079596
main/E_lab/code_leaning_hard/D_code/tau0.1/ones/incl/k6/rG256/ctl-usage,256,usage,6,425,0.5834732243984035
main/E_lab/code_leaning_hard/D_code/tau0.1/ones/incl/k6/rG256/ctl-usage,256,usage,6,426,1.048715532996539
main/E_lab/code_leaning_hard/D_code/tau0.1/ones/incl/k6/rG256/ctl-usage,256,usage,6,427,2.5196819140069238
main/E_lab/code_leaning_hard/D_code/tau0.1/ones/incl/k6/rG256/ctl-usage,256,usage,6,428,1.2597767425322672
main/E_lab/code_leaning_hard/D_code/tau0.1/ones/incl/k6/rG256/ctl-usage,256,usage,6,429,1.2969930858129146
main/E_lab/code_leaning_hard/D_code/tau0.1/ones/incl/k6/rG256/ctl-usage,256,usage,6,430,0.9676039725629835
main/E_lab/code_leaning_hard/D_code/tau0.1/ones/incl/k6/rG256/ctl-usage,256,usage,6,431,1.0052934282302886
main/E_lab/code_leaning_hard/D_code/tau0.1/ones/incl/k6/rG256/ctl-usage,256,usage,6,432,1.2348016939067747
main/E_lab/code_leaning_hard/D_code/tau0.1/ones/incl/k6/rG256/ctl-usage,256,usage,6,433,0.9764669629948912
main/E_lab/code_leaning_hard/D_code/tau0.1/ones/incl/k6/rG256/ctl-usage,256,usage,6,434,0.8102154972038988
main/E_lab/code_leaning_hard/D_code/tau0.1/ones/incl/k6/rG256/ctl-usage,256,usage,6,435,1.4373549511365127
main/E_lab/code_leaning_hard/D_code/tau0.1/ones/incl/k6/rG256/ctl-usage,256,usage,6,436,1.4239263772560662
main/E_lab/code_leaning_hard/D_code/tau0.1/ones/incl/k6/rG256/ctl-usage,256,usage,6,437,0.7241305323577762
main/E_lab/code_leaning_hard/D_code/tau0.1/ones/incl/k6/rG256/ctl-usage,256,usage,6,438,0.6963821107046897
main/E_lab/code_leaning_hard/D_code/tau0.1/ones/incl/k6/rG256/ctl-usage,256,usage,6,439,0.991144679919671
main/E_lab/code_leaning_hard/D_code/tau0.1/ones/incl/k6/rG256/ctl-usage,256,usage,6,440,1.2152189994922082
main/E_lab/code_leaning_hard/D_code/tau0.1/ones/incl/k6/rG256/ctl-usage,256,usage,6,441,1.1489604840444372
main/E_lab/code_leaning_hard/D_code/tau0.1/ones/incl/k6/rG256/ctl-usage,256,usage,6,442,1.2741840393464372
main/E_lab/code_leaning_hard/D_code/tau0.1/ones/incl/k6/rG256/ctl-usage,256,usage,6,443,2.5337144882396387
main/E_lab/code_leaning_hard/D_code/tau0.1/ones/incl/k6/rG256/ctl-usage,256,usage,6,444,3.384870537127881
main/E_lab/code_leaning_hard/D_code/tau0.1/ones/incl/k6/rG256/ctl-usage,256,usage,6,445,2.9693597263621996
main/E_lab/code_leaning_hard/D_code/tau0.1/ones/incl/k6/rG256/ctl-usage,256,usage,6,446,1.2784361864705716
main/E_lab/code_leaning_hard/D_code/tau0.1/ones/incl/k6/rG256/ctl-usage,256,usage,6,447,1.450041624602818
main/E_lab/code_leaning_hard/D_code/tau0.1/ones/incl/k6/rG256/ctl-usage,256,usage,6,448,1.6731452927815553
main/E_lab/code_leaning_hard/D_code/tau0.1/ones/incl/k6/rG256/ctl-usage,256,usage,6,449,1.7716356029432063
main/E_lab/code_leaning_hard/D_code/tau0.1/ones/incl/k6/rG256/ctl-usage,256,usage,6,450,1.9316029578340022
main/E_lab/code_leaning_hard/D_code/tau0.1/ones/incl/k6/rG256/ctl-usage,256,usage,6,451,1.6951634113811451
main/E_lab/code_leaning_hard/D_code/tau0.1/ones/incl/k6/rG256/ctl-usage,256,usage,6,452,1.2910858616332916
main/E_lab/code_leaning_hard/D_code/tau0.1/ones/incl/k6/rG256/ctl-usage,256,usage,6,453,1.3351396566399671
main/E_lab/code_leaning_hard/D_code/tau0.1/ones/incl/k6/rG256/ctl-usage,256,usage,6,454,1.606326724394421
main/E_lab/code_leaning_hard/D_code/tau0.1/ones/incl/k6/rG256/ctl-usage,256,usage,6,455,1.6237121487665718
main/E_lab/code_leaning_hard/D_code/tau0.1/ones/incl/k6/rG256/ctl-usage,256,usage,6,456,1.4530707196217918
main/E_lab/code_leaning_hard/D_code/tau0.1/ones/incl/k6/rG256/ctl-usage,256,usage,6,457,1.6518761928709864
main/E_lab/code_leaning_hard/D_code/tau0.1/ones/incl/k6/rG256/ctl-usage,256,usage,6,458,1.215578399154765
main/E_lab/code_leaning_hard/D_code/tau0.1/ones/incl/k6/rG256/ctl-usage,256,usage,6,459,1.318846481160108
main/E_lab/code_leaning_hard/D_code/tau0.1/ones/incl/k6/rG256/ctl-usage,256,usage,6,460,1.5462756147599066
main/E_lab/code_leaning_hard/D_code/tau0.1/ones/incl/k6/rG256/ctl-usage,256,usage,6,461,1.6539393735270096
main/E_lab/code_leaning_hard/D_code/tau0.1/ones/incl/k6/rG256/ctl-usage,256,usage,6,462,1.2145766872067725
main/E_lab/code_leaning_hard/D_code/tau0.1/ones/incl/k6/rG256/ctl-usage,256,usage,6,463,1.4843178131113746
main/E_lab/code_leaning_hard/D_code/tau0.1/ones/incl/k6/rG256/ctl-usage,256,usage,6,464,1.389609550719797
main/E_lab/code_leaning_hard/D_code/tau0.1/ones/incl/k6/rG256/ctl-usage,256,usage,6,465,1.4958747428527204
main/E_lab/code_leaning_hard/D_code/tau0.1/ones/incl/k6/rG256/ctl-usage,256,usage,6,466,1.6145150409138296
main/E_lab/code_leaning_hard/D_code/tau0.1/ones/incl/k6/rG256/ctl-usage,256,usage,6,467,1.5205114550717553
main/E_lab/code_leaning_hard/D_code/tau0.1/ones/incl/k6/rG256/ctl-usage,256,usage,6,468,1.5129416917520757
main/E_lab/code_leaning_hard/D_code/tau0.1/ones/incl/k6/rG256/ctl-usage,256,usage,6,469,1.6120433761188906
main/E_lab/code_leaning_hard/D_code/tau0.1/ones/incl/k6/rG256/ctl-usage,256,usage,6,470,1.3187206855568547
main/E_lab/code_leaning_hard/D_code/tau0.1/ones/incl/k6/rG256/ctl-usage,256,usage,6,471,1.3950428570060467
main/E_lab/code_leaning_hard/D_code/tau0.1/ones/incl/k6/rG256/ctl-usage,256,usage,6,472,1.2641295714402077
main/E_lab/code_leaning_hard/D_code/tau0.1/ones/incl/k6/rG256/ctl-usage,256,usage,6,473,1.2454427787847635
main/E_lab/code_leaning_hard/D_code/tau0.1/ones/incl/k6/rG256/ctl-usage,256,usage,6,474,1.483187596375501
main/E_lab/code_leaning_hard/D_code/tau0.1/ones/incl/k6/rG256/ctl-usage,256,usage,6,475,1.4300412054089975
main/E_lab/code_leaning_hard/D_code/tau0.1/ones/incl/k6/rG256/ctl-usage,256,usage,6,476,1.3534662511356146
main/E_lab/code_leaning_hard/D_code/tau0.1/ones/incl/k6/rG256/ctl-usage,256,usage,6,477,1.5585432141906495
main/E_lab/code_leaning_hard/D_code/tau0.1/ones/incl/k6/rG256/ctl-usage,256,usage,6,478,1.9810710331598784
main/E_lab/code_leaning_hard/D_code/tau0.1/ones/incl/k6/rG256/ctl-usage,256,usage,6,479,1.5283256951288422
main/E_lab/code_leaning_hard/D_code/tau0.1/ones/incl/k6/rG256/ctl-usage,256,usage,6,480,1.7235572308818519
main/E_lab/code_leaning_hard/D_code/tau0.1/ones/incl/k6/rG256/ctl-usage,256,usage,6,481,1.5394810743164271
main/E_lab/code_leaning_hard/D_code/tau0.1/ones/incl/k6/rG256/ctl-usage,256,usage,6,482,1.6415905603425927
main/E_lab/code_leaning_hard/D_code/tau0.1/ones/incl/k6/rG256/ctl-usage,256,usage,6,483,1.7723516493861098
main/E_lab/code_leaning_hard/D_code/tau0.1/ones/incl/k6/rG256/ctl-usage,256,usage,6,484,1.4081702543935535
main/E_lab/code_leaning_hard/D_code/tau0.1/ones/incl/k6/rG256/ctl-usage,256,usage,6,485,1.7354449397835197
main/E_lab/code_leaning_hard/D_code/tau0.1/ones/incl/k6/rG256/ctl-usage,256,usage,6,486,1.793572294819569
main/E_lab/code_leaning_hard/D_code/tau0.1/ones/incl/k6/rG256/ctl-usage,256,usage,6,487,1.4754412764546032
main/E_lab/code_leaning_hard/D_code/tau0.1/ones/incl/k6/rG256/ctl-usage,256,usage,6,488,1.4967213302215896
main/E_lab/code_leaning_hard/D_code/tau0.1/ones/incl/k6/rG256/ctl-usage,256,usage,6,489,1.4085049686382263
main/E_lab/code_leaning_hard/D_code/tau0.1/ones/incl/k6/rG256/ctl-usage,256,usage,6,490,1.6836576531895844
main/E_lab/code_leaning_hard/D_code/tau0.1/ones/incl/k6/rG256/ctl-usage,256,usage,6,491,1.448993966177568
main/E_lab/code_leaning_hard/D_code/tau0.1/ones/incl/k6/rG256/ctl-usage,256,usage,6,492,1.5285708957117095
main/E_lab/code_leaning_hard/D_code/tau0.1/ones/incl/k6/rG256/ctl-usage,256,usage,6,493,1.4599924484996336
main/E_lab/code_leaning_hard/D_code/tau0.1/ones/incl/k6/rG256/ctl-usage,256,usage,6,494,1.3792483158799769
main/E_lab/code_leaning_hard/D_code/tau0.1/ones/incl/k6/rG256/ctl-usage,256,usage,6,495,1.0793238120313617
main/E_lab/code_leaning_hard/D_code/tau0.1/ones/incl/k6/rG256/ctl-usage,256,usage,6,496,1.3870395917342648
main/E_lab/code_leaning_hard/D_code/tau0.1/ones/incl/k6/rG256/ctl-usage,256,usage,6,497,1.4010913661641098
main/E_lab/code_leaning_hard/D_code/tau0.1/ones/incl/k6/rG256/ctl-usage,256,usage,6,498,1.4042556089834761
main/E_lab/code_leaning_hard/D_code/tau0.1/ones/incl/k6/rG256/ctl-usage,256,usage,6,499,1.5121419331881043
main/E_lab/code_leaning_hard/D_code/tau0.1/ones/incl/k6/rG256/ctl-usage,256,usage,6,500,1.4728783095742983
main/E_lab/code_leaning_hard/D_code/tau0.1/ones/incl/k6/rG256/ctl-usage,256,usage,6,501,1.225434260876682
main/E_lab/code_leaning_hard/D_code/tau0.1/ones/incl/k6/rG256/ctl-usage,256,usage,6,502,1.5538786373481344
main/E_lab/code_leaning_hard/D_code/tau0.1/ones/incl/k6/rG256/ctl-usage,256,usage,6,503,1.3640944260296237
main/E_lab/code_leaning_hard/D_code/tau0.1/ones/incl/k6/rG256/ctl-usage,256,usage,6,504,1.533083008937865
main/E_lab/code_leaning_hard/D_code/tau0.1/ones/incl/k6/rG256/ctl-usage,256,usage,6,505,1.481606686478699
main/E_lab/code_leaning_hard/D_code/tau0.1/ones/incl/k6/rG256/ctl-usage,256,usage,6,506,1.3115848961851952
main/E_lab/code_leaning_hard/D_code/tau0.1/ones/incl/k6/rG256/ctl-usage,256,usage,6,507,1.5318442851530563
main/E_lab/code_leaning_hard/D_code/tau0.1/ones/incl/k6/rG256/ctl-usage,256,usage,6,508,1.5494190411063755
main/E_lab/code_leaning_hard/D_code/tau0.1/ones/incl/k6/rG256/ctl-usage,256,usage,6,509,1.4608445146318445
main/E_lab/code_leaning_hard/D_code/tau0.1/ones/incl/k6/rG256/ctl-usage,256,usage,6,510,1.2722908988544077
main/E_lab/code_leaning_hard/D_code/tau0.1/ones/incl/k6/rG256/ctl-usage,256,usage,6,511,1.5252280964059537
main/E_lab/code_leaning_hard/D_code/tau0.1/ones/incl/k7/rG256/ctl-usage,256,usage,7,0,0.6194007626118037
main/E_lab/code_leaning_hard/D_code/tau0.1/ones/incl/k7/rG256/ctl-usage,256,usage,7,1,0.5404056112411126
main/E_lab/code_leaning_hard/D_code/tau0.1/ones/incl/k7/rG256/ctl-usage,256,usage,7,2,0.567407733869004
main/E_lab/code_leaning_hard/D_code/tau0.1/ones/incl/k7/rG256/ctl-usage,256,usage,7,3,0.5176050597483481
main/E_lab/code_leaning_hard/D_code/tau0.1/ones/incl/k7/rG256/ctl-usage,256,usage,7,4,0.39921200350454455
main/E_lab/code_leaning_hard/D_code/tau0.1/ones/incl/k7/rG256/ctl-usage,256,usage,7,5,0.7836726767745859
main/E_lab/code_leaning_hard/D_code/tau0.1/ones/incl/k7/rG256/ctl-usage,256,usage,7,6,1.0630533947769436
main/E_lab/code_leaning_hard/D_code/tau0.1/ones/incl/k7/rG256/ctl-usage,256,usage,7,7,0.7150997189346526
main/E_lab/code_leaning_hard/D_code/tau0.1/ones/incl/k7/rG256/ctl-usage,256,usage,7,8,1.0472824264252267
main/E_lab/code_leaning_hard/D_code/tau0.1/ones/incl/k7/rG256/ctl-usage,256,usage,7,9,0.920785744722707
main/E_lab/code_leaning_hard/D_code/tau0.1/ones/incl/k7/rG256/ctl-usage,256,usage,7,10,0.6827148854699772
main/E_lab/code_leaning_hard/D_code/tau0.1/ones/incl/k7/rG256/ctl-usage,256,usage,7,11,0.34230689954893023
main/E_lab/code_leaning_hard/D_code/tau0.1/ones/incl/k7/rG256/ctl-usage,256,usage,7,12,0.4127994282507643
main/E_lab/code_leaning_hard/D_code/tau0.1/ones/incl/k7/rG256/ctl-usage,256,usage,7,13,0.5846309430371548
main/E_lab/code_leaning_hard/D_code/tau0.1/ones/incl/k7/rG256/ctl-usage,256,usage,7,14,0.7356595419796577
main/E_lab/code_leaning_hard/D_code/tau0.1/ones/incl/k7/rG256/ctl-usage,256,usage,7,15,0.646700689158024
main/E_lab/code_leaning_hard/D_code/tau0.1/ones/incl/k7/rG256/ctl-usage,256,usage,7,16,0.6254009432050225
main/E_lab/code_leaning_hard/D_code/tau0.1/ones/incl/k7/rG256/ctl-usage,256,usage,7,17,0.7184290223312928
main/E_lab/code_leaning_hard/D_code/tau0.1/ones/incl/k7/rG256/ctl-usage,256,usage,7,18,0.7200577060359592
main/E_lab/code_leaning_hard/D_code/tau0.1/ones/incl/k7/rG256/ctl-usage,256,usage,7,19,0.719061185510327
main/E_lab/code_leaning_hard/D_code/tau0.1/ones/incl/k7/rG256/ctl-usage,256,usage,7,20,0.6196400420167265
main/E_lab/code_leaning_hard/D_code/tau0.1/ones/incl/k7/rG256/ctl-usage,256,usage,7,21,0.6629113841636354
main/E_lab/code_leaning_hard/D_code/tau0.1/ones/incl/k7/rG256/ctl-usage,256,usage,7,22,0.7253174969328029
main/E_lab/code_leaning_hard/D_code/tau0.1/ones/incl/k7/rG256/ctl-usage,256,usage,7,23,0.7980239923608679
main/E_lab/code_leaning_hard/D_code/tau0.1/ones/incl/k7/rG256/ctl-usage,256,usage,7,24,0.677981757681664
main/E_lab/code_leaning_hard/D_code/tau0.1/ones/incl/k7/rG256/ctl-usage,256,usage,7,25,0.7416272097198089
main/E_lab/code_leaning_hard/D_code/tau0.1/ones/incl/k7/rG256/ctl-usage,256,usage,7,26,1.1660226726216933
main/E_lab/code_leaning_hard/D_code/tau0.1/ones/incl/k7/rG256/ctl-usage,256,usage,7,27,1.2326321473069584
main/E_lab/code_leaning_hard/D_code/tau0.1/ones/incl/k7/rG256/ctl-usage,256,usage,7,28,0.8773246613163792
main/E_lab/code_leaning_hard/D_code/tau0.1/ones/incl/k7/rG256/ctl-usage,256,usage,7,29,0.7672275250890834
main/E_lab/code_leaning_hard/D_code/tau0.1/ones/incl/k7/rG256/ctl-usage,256,usage,7,30,0.6570437212621982
main/E_lab/code_leaning_hard/D_code/tau0.1/ones/incl/k7/rG256/ctl-usage,256,usage,7,31,0.8102188274315267
main/E_lab/code_leaning_hard/D_code/tau0.1/ones/incl/k7/rG256/ctl-usage,256,usage,7,32,0.796942150896939
main/E_lab/code_leaning_hard/D_code/tau0.1/ones/incl/k7/rG256/ctl-usage,256,usage,7,33,0.9596140937605924
main/E_lab/code_leaning_hard/D_code/tau0.1/ones/incl/k7/rG256/ctl-usage,256,usage,7,34,1.158875644272939
main/E_lab/code_leaning_hard/D_code/tau0.1/ones/incl/k7/rG256/ctl-usage,256,usage,7,35,0.5895682151885921
main/E_lab/code_leaning_hard/D_code/tau0.1/ones/incl/k7/rG256/ctl-usage,256,usage,7,36,1.0038437467665062
main/E_lab/code_leaning_hard/D_code/tau0.1/ones/incl/k7/rG256/ctl-usage,256,usage,7,37,0.422700955354685
main/E_lab/code_leaning_hard/D_code/tau0.1/ones/incl/k7/rG256/ctl-usage,256,usage,7,38,0.779094878406795
main/E_lab/code_leaning_hard/D_code/tau0.1/ones/incl/k7/rG256/ctl-usage,256,usage,7,39,1.1176975548969494
main/E_lab/code_leaning_hard/D_code/tau0.1/ones/incl/k7/rG256/ctl-usage,256,usage,7,40,1.1687720141608224
main/E_lab/code_leaning_hard/D_code/tau0.1/ones/incl/k7/rG256/ctl-usage,256,usage,7,41,2.036928533530954
main/E_lab/code_leaning_hard/D_code/tau0.1/ones/incl/k7/rG256/ctl-usage,256,usage,7,42,0.9477434206091857
main/E_lab/code_leaning_hard/D_code/tau0.1/ones/incl/k7/rG256/ctl-usage,256,usage,7,43,0.6166269269924669
main/E_lab/code_leaning_hard/D_code/tau0.1/ones/incl/k7/rG256/ctl-usage,256,usage,7,44,0.28056405028746667
main/E_lab/code_leaning_hard/D_code/tau0.1/ones/incl/k7/rG256/ctl-usage,256,usage,7,45,0.4219337004042245
main/E_lab/code_leaning_hard/D_code/tau0.1/ones/incl/k7/rG256/ctl-usage,256,usage,7,46,0.5272385385956113
main/E_lab/code_leaning_hard/D_code/tau0.1/ones/incl/k7/rG256/ctl-usage,256,usage,7,47,0.6582152677283375
main/E_lab/code_leaning_hard/D_code/tau0.1/ones/incl/k7/rG256/ctl-usage,256,usage,7,48,0.6603716075951525
main/E_lab/code_leaning_hard/D_code/tau0.1/ones/incl/k7/rG256/ctl-usage,256,usage,7,49,0.6193949901826272
main/E_lab/code_leaning_hard/D_code/tau0.1/ones/incl/k7/rG256/ctl-usage,256,usage,7,50,0.7776193797508313
main/E_lab/code_leaning_hard/D_code/tau0.1/ones/incl/k7/rG256/ctl-usage,256,usage,7,51,0.9622657344825711
main/E_lab/code_leaning_hard/D_code/tau0.1/ones/incl/k7/rG256/ctl-usage,256,usage,7,52,0.8589261064080347
main/E_lab/code_leaning_hard/D_code/tau0.1/ones/incl/k7/rG256/ctl-usage,256,usage,7,53,0.7488177166187597
main/E_lab/code_leaning_hard/D_code/tau0.1/ones/incl/k7/rG256/ctl-usage,256,usage,7,54,0.4660428932202194
main/E_lab/code_leaning_hard/D_code/tau0.1/ones/incl/k7/rG256/ctl-usage,256,usage,7,55,0.6277219467547184
main/E_lab/code_leaning_hard/D_code/tau0.1/ones/incl/k7/rG256/ctl-usage,256,usage,7,56,0.46969936218511066
main/E_lab/code_leaning_hard/D_code/tau0.1/ones/incl/k7/rG256/ctl-usage,256,usage,7,57,0.6587895246834705
main/E_lab/code_leaning_hard/D_code/tau0.1/ones/incl/k7/rG256/ctl-usage,256,usage,7,58,0.47676819947810145
main/E_lab/code_leaning_hard/D_code/tau0.1/ones/incl/k7/rG256/ctl-usage,256,usage,7,59,0.4088804034954592
main/E_lab/code_leaning_hard/D_code/tau0.1/ones/incl/k7/rG256/ctl-usage,256,usage,7,60,0.6651052095994601
main/E_lab/code_leaning_hard/D_code/tau0.1/ones/incl/k7/rG256/ctl-usage,256,usage,7,61,0.4892843234065367
main/E_lab/code_leaning_hard/D_code/tau0.1/ones/incl/k7/rG256/ctl-usage,256,usage,7,62,0.5504853921247559
main/E_lab/code_leaning_hard/D_code/tau0.1/ones/incl/k7/rG256/ctl-usage,256,usage,7,63,0.5161641311842686
main/E_lab/code_leaning_hard/D_code/tau0.1/ones/incl/k7/rG256/ctl-usage,256,usage,7,64,0.6325309401127015
main/E_lab/code_leaning_hard/D_code/tau0.1/ones/incl/k7/rG256/ctl-usage,256,usage,7,65,0.6357924508711221
main/E_lab/code_leaning_hard/D_code/tau0.1/ones/incl/k7/rG256/ctl-usage,256,usage,7,66,1.0648509573547926
main/E_lab/code_leaning_hard/D_code/tau0.1/ones/incl/k7/rG256/ctl-usage,256,usage,7,67,1.61931581949284
main/E_lab/code_leaning_hard/D_code/tau0.1/ones/incl/k7/rG256/ctl-usage,256,usage,7,68,1.6126209682515764
main/E_lab/code_leaning_hard/D_code/tau0.1/ones/incl/k7/rG256/ctl-usage,256,usage,7,69,0.7732625661797101
main/E_lab/code_leaning_hard/D_code/tau0.1/ones/incl/k7/rG256/ctl-usage,256,usage,7,70,0.8679502812374267
main/E_lab/code_leaning_hard/D_code/tau0.1/ones/incl/k7/rG256/ctl-usage,256,usage,7,71,0.9340506834844291
main/E_lab/code_leaning_hard/D_code/tau0.1/ones/incl/k7/rG256/ctl-usage,256,usage,7,72,0.885062734983876
main/E_lab/code_leaning_hard/D_code/tau0.1/ones/incl/k7/rG256/ctl-usage,256,usage,7,73,0.9208115825058485
main/E_lab/code_leaning_hard/D_code/tau0.1/ones/incl/k7/rG256/ctl-usage,256,usage,7,74,0.8919111665818491
main/E_lab/code_leaning_hard/D_code/tau0.1/ones/incl/k7/rG256/ctl-usage,256,usage,7,75,0.9579548091614924
main/E_lab/code_leaning_hard/D_code/tau0.1/ones/incl/k7/rG256/ctl-usage,256,usage,7,76,0.8555498449613879
main/E_lab/code_leaning_hard/D_code/tau0.1/ones/incl/k7/rG256/ctl-usage,256,usage,7,77,0.781456935760616
main/E_lab/code_leaning_hard/D_code/tau0.1/ones/incl/k7/rG256/ctl-usage,256,usage,7,78,0.9412810145604453
main/E_lab/code_leaning_hard/D_code/tau0.1/ones/incl/k7/rG256/ctl-usage,256,usage,7,79,0.8455013924885861
main/E_lab/code_leaning_hard/D_code/tau0.1/ones/incl/k7/rG256/ctl-usage,256,usage,7,80,0.9244918635313297
main/E_lab/code_leaning_hard/D_code/tau0.1/ones/incl/k7/rG256/ctl-usage,256,usage,7,81,0.8858309070037649
main/E_lab/code_leaning_hard/D_code/tau0.1/ones/incl/k7/rG256/ctl-usage,256,usage,7,82,0.8103533924149815
main/E_lab/code_leaning_hard/D_code/tau0.1/ones/incl/k7/rG256/ctl-usage,256,usage,7,83,0.8587967352068517
main/E_lab/code_leaning_hard/D_code/tau0.1/ones/incl/k7/rG256/ctl-usage,256,usage,7,84,0.8767574403627805
main/E_lab/code_leaning_hard/D_code/tau0.1/ones/incl/k7/rG256/ctl-usage,256,usage,7,85,0.8873110848714987
main/E_lab/code_leaning_hard/D_code/tau0.1/ones/incl/k7/rG256/ctl-usage,256,usage,7,86,0.9731064907846303
main/E_lab/code_leaning_hard/D_code/tau0.1/ones/incl/k7/rG256/ctl-usage,256,usage,7,87,0.8976862197296214
main/E_lab/code_leaning_hard/D_code/tau0.1/ones/incl/k7/rG256/ctl-usage,256,usage,7,88,0.9129083315601747
main/E_lab/code_leaning_hard/D_code/tau0.1/ones/incl/k7/rG256/ctl-usage,256,usage,7,89,0.7371926619134683
main/E_lab/code_leaning_hard/D_code/tau0.1/ones/incl/k7/rG256/ctl-usage,256,usage,7,90,0.770757780983331
main/E_lab/code_leaning_hard/D_code/tau0.1/ones/incl/k7/rG256/ctl-usage,256,usage,7,91,0.6125434565069554
main/E_lab/code_leaning_hard/D_code/tau0.1/ones/incl/k7/rG256/ctl-usage,256,usage,7,92,1.307556552828828
main/E_lab/code_leaning_hard/D_code/tau0.1/ones/incl/k7/rG256/ctl-usage,256,usage,7,93,0.8453668003730854
main/E_lab/code_leaning_hard/D_code/tau0.1/ones/incl/k7/rG256/ctl-usage,256,usage,7,94,0.4891923929153563
main/E_lab/code_leaning_hard/D_code/tau0.1/ones/incl/k7/rG256/ctl-usage,256,usage,7,95,0.5523803374871932
main/E_lab/code_leaning_hard/D_code/tau0.1/ones/incl/k7/rG256/ctl-usage,256,usage,7,96,0.5278907726642501
main/E_lab/code_leaning_hard/D_code/tau0.1/ones/incl/k7/rG256/ctl-usage,256,usage,7,97,0.45506236059736693
main/E_lab/code_leaning_hard/D_code/tau0.1/ones/incl/k7/rG256/ctl-usage,256,usage,7,98,0.6095340781339473
main/E_lab/code_leaning_hard/D_code/tau0.1/ones/incl/k7/rG256/ctl-usage,256,usage,7,99,0.4998391202170751
main/E_lab/code_leaning_hard/D_code/tau0.1/ones/incl/k7/rG256/ctl-usage,256,usage,7,100,0.556281247257175
main/E_lab/code_leaning_hard/D_code/tau0.1/ones/incl/k7/rG256/ctl-usage,256,usage,7,101,0.5357357585098725
main/E_lab/code_leaning_hard/D_code/tau0.1/ones/incl/k7/rG256/ctl-usage,256,usage,7,102,0.597599814487694
main/E_lab/code_leaning_hard/D_code/tau0.1/ones/incl/k7/rG256/ctl-usage,256,usage,7,103,0.5878735524893273
main/E_lab/code_leaning_hard/D_code/tau0.1/ones/incl/k7/rG256/ctl-usage,256,usage,7,104,0.5640290148076019
main/E_lab/code_leaning_hard/D_code/tau0.1/ones/incl/k7/rG256/ctl-usage,256,usage,7,105,0.8668131124186402
main/E_lab/code_leaning_hard/D_code/tau0.1/ones/incl/k7/rG256/ctl-usage,256,usage,7,106,0.9074328366714326
main/E_lab/code_leaning_hard/D_code/tau0.1/ones/incl/k7/rG256/ctl-usage,256,usage,7,107,0.9653472727868575
main/E_lab/code_leaning_hard/D_code/tau0.1/ones/incl/k7/rG256/ctl-usage,256,usage,7,108,0.7451069237004049
main/E_lab/code_leaning_hard/D_code/tau0.1/ones/incl/k7/rG256/ctl-usage,256,usage,7,109,0.9240222972948686
main/E_lab/code_leaning_hard/D_code/tau0.1/ones/incl/k7/rG256/ctl-usage,256,usage,7,110,0.9458774673857988
main/E_lab/code_leaning_hard/D_code/tau0.1/ones/incl/k7/rG256/ctl-usage,256,usage,7,111,0.975510640984794
main/E_lab/code_leaning_hard/D_code/tau0.1/ones/incl/k7/rG256/ctl-usage,256,usage,7,112,0.9045665053017728
main/E_lab/code_leaning_hard/D_code/tau0.1/ones/incl/k7/rG256/ctl-usage,256,usage,7,113,0.8944742136909554
main/E_lab/code_leaning_hard/D_code/tau0.1/ones/incl/k7/rG256/ctl-usage,256,usage,7,114,0.8657118172577611
main/E_lab/code_leaning_hard/D_code/tau0.1/ones/incl/k7/rG256/ctl-usage,256,usage,7,115,0.8347386501000074
main/E_lab/code_leaning_hard/D_code/tau0.1/ones/incl/k7/rG256/ctl-usage,256,usage,7,116,0.49780955420101236
main/E_lab/code_leaning_hard/D_code/tau0.1/ones/incl/k7/rG256/ctl-usage,256,usage,7,117,0.619144194664841
main/E_lab/code_leaning_hard/D_code/tau0.1/ones/incl/k7/rG256/ctl-usage,256,usage,7,118,0.5656338760218205
main/E_lab/code_leaning_hard/D_code/tau0.1/ones/incl/k7/rG256/ctl-usage,256,usage,7,119,0.6426871503122129
main/E_lab/code_leaning_hard/D_code/tau0.1/ones/incl/k7/rG256/ctl-usage,256,usage,7,120,0.5995831661821285
main/E_lab/code_leaning_hard/D_code/tau0.1/ones/incl/k7/rG256/ctl-usage,256,usage,7,121,0.7300200549207148
main/E_lab/code_leaning_hard/D_code/tau0.1/ones/incl/k7/rG256/ctl-usage,256,usage,7,122,1.007338874681409
main/E_lab/code_leaning_hard/D_code/tau0.1/ones/incl/k7/rG256/ctl-usage,256,usage,7,123,1.4991383612314166
main/E_lab/code_leaning_hard/D_code/tau0.1/ones/incl/k7/rG256/ctl-usage,256,usage,7,124,1.2420940989950395
main/E_lab/code_leaning_hard/D_code/tau0.1/ones/incl/k7/rG256/ctl-usage,256,usage,7,125,0.5069981071774237
main/E_lab/code_leaning_hard/D_code/tau0.1/ones/incl/k7/rG256/ctl-usage,256,usage,7,126,0.6148082347517629
main/E_lab/code_leaning_hard/D_code/tau0.1/ones/incl/k7/rG256/ctl-usage,256,usage,7,127,0.6604621498954657
main/E_lab/code_leaning_hard/D_code/tau0.1/ones/incl/k7/rG256/ctl-usage,256,usage,7,128,0.579825509332295
main/E_lab/code_leaning_hard/D_code/tau0.1/ones/incl/k7/rG256/ctl-usage,256,usage,7,129,0.670200397526969
main/E_lab/code_leaning_hard/D_code/tau0.1/ones/incl/k7/rG256/ctl-usage,256,usage,7,130,0.6700916521313047
main/E_lab/code_leaning_hard/D_code/tau0.1/ones/incl/k7/rG256/ctl-usage,256,usage,7,131,0.8669297078376985
main/E_lab/code_leaning_hard/D_code/tau0.1/ones/incl/k7/rG256/ctl-usage,256,usage,7,132,0.9133082675425612
main/E_lab/code_leaning_hard/D_code/tau0.1/ones/incl/k7/rG256/ctl-usage,256,usage,7,133,0.7950648851547157
main/E_lab/code_leaning_hard/D_code/tau0.1/ones/incl/k7/rG256/ctl-usage,256,usage,7,134,0.5473979336738921
main/E_lab/code_leaning_hard/D_code/tau0.1/ones/incl/k7/rG256/ctl-usage,256,usage,7,135,0.4869413905144029
main/E_lab/code_leaning_hard/D_code/tau0.1/ones/incl/k7/rG256/ctl-usage,256,usage,7,136,1.014420371489905
main/E_lab/code_leaning_hard/D_code/tau0.1/ones/incl/k7/rG256/ctl-usage,256,usage,7,137,0.8127055285722236
main/E_lab/code_leaning_hard/D_code/tau0.1/ones/incl/k7/rG256/ctl-usage,256,usage,7,138,0.3770918481222907
main/E_lab/code_leaning_hard/D_code/tau0.1/ones/incl/k7/rG256/ctl-usage,256,usage,7,139,0.4403411057528501
main/E_lab/code_leaning_hard/D_code/tau0.1/ones/incl/k7/rG256/ctl-usage,256,usage,7,140,0.8405656105151138
main/E_lab/code_leaning_hard/D_code/tau0.1/ones/incl/k7/rG256/ctl-usage,256,usage,7,141,0.8381022774328812
main/E_lab/code_leaning_hard/D_code/tau0.1/ones/incl/k7/rG256/ctl-usage,256,usage,7,142,0.3357920387907143
main/E_lab/code_leaning_hard/D_code/tau0.1/ones/incl/k7/rG256/ctl-usage,256,usage,7,143,0.3181292693263913
main/E_lab/code_leaning_hard/D_code/tau0.1/ones/incl/k7/rG256/ctl-usage,256,usage,7,144,0.322823193152999
main/E_lab/code_leaning_hard/D_code/tau0.1/ones/incl/k7/rG256/ctl-usage,256,usage,7,145,0.32386757377480535
main/E_lab/code_leaning_hard/D_code/tau0.1/ones/incl/k7/rG256/ctl-usage,256,usage,7,146,0.727506192234614
main/E_lab/code_leaning_hard/D_code/tau0.1/ones/incl/k7/rG256/ctl-usage,256,usage,7,147,0.5445749505797721
main/E_lab/code_leaning_hard/D_code/tau0.1/ones/incl/k7/rG256/ctl-usage,256,usage,7,148,1.4347971815932397
main/E_lab/code_leaning_hard/D_code/tau0.1/ones/incl/k7/rG256/ctl-usage,256,usage,7,149,1.305840601500222
main/E_lab/code_leaning_hard/D_code/tau0.1/ones/incl/k7/rG256/ctl-usage,256,usage,7,150,1.6775524748763928
main/E_lab/code_leaning_hard/D_code/tau0.1/ones/incl/k7/rG256/ctl-usage,256,usage,7,151,1.83258967411075
main/E_lab/code_leaning_hard/D_code/tau0.1/ones/incl/k7/rG256/ctl-usage,256,usage,7,152,1.8065748148892453
main/E_lab/code_leaning_hard/D_code/tau0.1/ones/incl/k7/rG256/ctl-usage,256,usage,7,153,1.4544194746604262
main/E_lab/code_leaning_hard/D_code/tau0.1/ones/incl/k7/rG256/ctl-usage,256,usage,7,154,1.551183994333769
main/E_lab/code_leaning_hard/D_code/tau0.1/ones/incl/k7/rG256/ctl-usage,256,usage,7,155,0.9904290799252067
main/E_lab/code_leaning_hard/D_code/tau0.1/ones/incl/k7/rG256/ctl-usage,256,usage,7,156,1.0222483381262464
main/E_lab/code_leaning_hard/D_code/tau0.1/ones/incl/k7/rG256/ctl-usage,256,usage,7,157,1.2797108758177274
main/E_lab/code_leaning_hard/D_code/tau0.1/ones/incl/k7/rG256/ctl-usage,256,usage,7,158,1.142300674897342
main/E_lab/code_leaning_hard/D_code/tau0.1/ones/incl/k7/rG256/ctl-usage,256,usage,7,159,0.94526263597254
main/E_lab/code_leaning_hard/D_code/tau0.1/ones/incl/k7/rG256/ctl-usage,256,usage,7,160,1.2059355114888604
main/E_lab/code_leaning_hard/D_code/tau0.1/ones/incl/k7/rG256/ctl-usage,256,usage,7,161,1.2715042830723178
main/E_lab/code_leaning_hard/D_code/tau0.1/ones/incl/k7/rG256/ctl-usage,256,usage,7,162,0.6852331926384068
main/E_lab/code_leaning_hard/D_code/tau0.1/ones/incl/k7/rG256/ctl-usage,256,usage,7,163,0.4653574510521139
main/E_lab/code_leaning_hard/D_code/tau0.1/ones/incl/k7/rG256/ctl-usage,256,usage,7,164,0.3329100910827947
main/E_lab/code_leaning_hard/D_code/tau0.1/ones/incl/k7/rG256/ctl-usage,256,usage,7,165,0.29402394481257943
main/E_lab/code_leaning_hard/D_code/tau0.1/ones/incl/k7/rG256/ctl-usage,256,usage,7,166,0.35364550436497666
main/E_lab/code_leaning_hard/D_code/tau0.1/ones/incl/k7/rG256/ctl-usage,256,usage,7,167,0.3754601702257787
main/E_lab/code_leaning_hard/D_code/tau0.1/ones/incl/k7/rG256/ctl-usage,256,usage,7,168,0.46630582839407
main/E_lab/code_leaning_hard/D_code/tau0.1/ones/incl/k7/rG256/ctl-usage,256,usage,7,169,0.63135408164203
main/E_lab/code_leaning_hard/D_code/tau0.1/ones/incl/k7/rG256/ctl-usage,256,usage,7,170,0.6849400820018445
main/E_lab/code_leaning_hard/D_code/tau0.1/ones/incl/k7/rG256/ctl-usage,256,usage,7,171,0.3362989410979935
main/E_lab/code_leaning_hard/D_code/tau0.1/ones/incl/k7/rG256/ctl-usage,256,usage,7,172,0.7385175301096751
main/E_lab/code_leaning_hard/D_code/tau0.1/ones/incl/k7/rG256/ctl-usage,256,usage,7,173,0.9498058403751202
main/E_lab/code_leaning_hard/D_code/tau0.1/ones/incl/k7/rG256/ctl-usage,256,usage,7,174,1.248313253087872
main/E_lab/code_leaning_hard/D_code/tau0.1/ones/incl/k7/rG256/ctl-usage,256,usage,7,175,1.0984617117564994
main/E_lab/code_leaning_hard/D_code/tau0.1/ones/incl/k7/rG256/ctl-usage,256,usage,7,176,1.1178084247867446
main/E_lab/code_leaning_hard/D_code/tau0.1/ones/incl/k7/rG256/ctl-usage,256,usage,7,177,1.0708689483226408
main/E_lab/code_leaning_hard/D_code/tau0.1/ones/incl/k7/rG256/ctl-usage,256,usage,7,178,0.9106833408077364
main/E_lab/code_leaning_hard/D_code/tau0.1/ones/incl/k7/rG256/ctl-usage,256,usage,7,179,0.7658311682444037
main/E_lab/code_leaning_hard/D_code/tau0.1/ones/incl/k7/rG256/ctl-usage,256,usage,7,180,0.6502737104010521
main/E_lab/code_leaning_hard/D_code/tau0.1/ones/incl/k7/rG256/ctl-usage,256,usage,7,181,0.5418090578523334
main/E_lab/code_leaning_hard/D_code/tau0.1/ones/incl/k7/rG256/ctl-usage,256,usage,7,182,0.5584882151051715
main/E_lab/code_leaning_hard/D_code/tau0.1/ones/incl/k7/rG256/ctl-usage,256,usage,7,183,0.5782156822824618
main/E_lab/code_leaning_hard/D_code/tau0.1/ones/incl/k7/rG256/ctl-usage,256,usage,7,184,0.5002959854991786
main/E_lab/code_leaning_hard/D_code/tau0.1/ones/incl/k7/rG256/ctl-usage,256,usage,7,185,0.703507426986107
main/E_lab/code_leaning_hard/D_code/tau0.1/ones/incl/k7/rG256/ctl-usage,256,usage,7,186,0.4645570983748257
main/E_lab/code_leaning_hard/D_code/tau0.1/ones/incl/k7/rG256/ctl-usage,256,usage,7,187,0.5926436884421946
main/E_lab/code_leaning_hard/D_code/tau0.1/ones/incl/k7/rG256/ctl-usage,256,usage,7,188,0.49125079275290773
main/E_lab/code_leaning_hard/D_code/tau0.1/ones/incl/k7/rG256/ctl-usage,256,usage,7,189,0.5057931445046506
main/E_lab/code_leaning_hard/D_code/tau0.1/ones/incl/k7/rG256/ctl-usage,256,usage,7,190,0.7469683827948757
main/E_lab/code_leaning_hard/D_code/tau0.1/ones/incl/k7/rG256/ctl-usage,256,usage,7,191,0.4652189436965273
main/E_lab/code_leaning_hard/D_code/tau0.1/ones/incl/k7/rG256/ctl-usage,256,usage,7,192,0.5468516829487271
main/E_lab/code_leaning_hard/D_code/tau0.1/ones/incl/k7/rG256/ctl-usage,256,usage,7,193,1.0509761875564436
main/E_lab/code_leaning_hard/D_code/tau0.1/ones/incl/k7/rG256/ctl-usage,256,usage,7,194,1.0902622525554762
main/E_lab/code_leaning_hard/D_code/tau0.1/ones/incl/k7/rG256/ctl-usage,256,usage,7,195,0.8891161463288881
main/E_lab/code_leaning_hard/D_code/tau0.1/ones/incl/k7/rG256/ctl-usage,256,usage,7,196,0.5788310126968099
main/E_lab/code_leaning_hard/D_code/tau0.1/ones/incl/k7/rG256/ctl-usage,256,usage,7,197,0.5554611693369225
main/E_lab/code_leaning_hard/D_code/tau0.1/ones/incl/k7/rG256/ctl-usage,256,usage,7,198,0.5000320057661156
main/E_lab/code_leaning_hard/D_code/tau0.1/ones/incl/k7/rG256/ctl-usage,256,usage,7,199,1.0400620561213145
main/E_lab/code_leaning_hard/D_code/tau0.1/ones/incl/k7/rG256/ctl-usage,256,usage,7,200,0.818730733677512
main/E_lab/code_leaning_hard/D_code/tau0.1/ones/incl/k7/rG256/ctl-usage,256,usage,7,201,0.713749077466673
main/E_lab/code_leaning_hard/D_code/tau0.1/ones/incl/k7/rG256/ctl-usage,256,usage,7,202,0.8801503242393665
main/E_lab/code_leaning_hard/D_code/tau0.1/ones/incl/k7/rG256/ctl-usage,256,usage,7,203,0.5942450206885042
main/E_lab/code_leaning_hard/D_code/tau0.1/ones/incl/k7/rG256/ctl-usage,256,usage,7,204,0.6275673166546767
main/E_lab/code_leaning_hard/D_code/tau0.1/ones/incl/k7/rG256/ctl-usage,256,usage,7,205,0.7581915391574512
main/E_lab/code_leaning_hard/D_code/tau0.1/ones/incl/k7/rG256/ctl-usage,256,usage,7,206,0.6453529382478109
main/E_lab/code_leaning_hard/D_code/tau0.1/ones/incl/k7/rG256/ctl-usage,256,usage,7,207,0.5761342662153766
main/E_lab/code_leaning_hard/D_code/tau0.1/ones/incl/k7/rG256/ctl-usage,256,usage,7,208,0.5849828739465011
main/E_lab/code_leaning_hard/D_code/tau0.1/ones/incl/k7/rG256/ctl-usage,256,usage,7,209,0.668539808544665
main/E_lab/code_leaning_hard/D_code/tau0.1/ones/incl/k7/rG256/ctl-usage,256,usage,7,210,1.2080287397457141
main/E_lab/code_leaning_hard/D_code/tau0.1/ones/incl/k7/rG256/ctl-usage,256,usage,7,211,1.2848180744613273
main/E_lab/code_leaning_hard/D_code/tau0.1/ones/incl/k7/rG256/ctl-usage,256,usage,7,212,1.0766677922674717
main/E_lab/code_leaning_hard/D_code/tau0.1/ones/incl/k7/rG256/ctl-usage,256,usage,7,213,0.6060166884753926
main/E_lab/code_leaning_hard/D_code/tau0.1/ones/incl/k7/rG256/ctl-usage,256,usage,7,214,0.7191343175381917
main/E_lab/code_leaning_hard/D_code/tau0.1/ones/incl/k7/rG256/ctl-usage,256,usage,7,215,1.2522618977109232
main/E_lab/code_leaning_hard/D_code/tau0.1/ones/incl/k7/rG256/ctl-usage,256,usage,7,216,0.7935654870052531
main/E_lab/code_leaning_hard/D_code/tau0.1/ones/incl/k7/rG256/ctl-usage,256,usage,7,217,0.9968692170550639
main/E_lab/code_leaning_hard/D_code/tau0.1/ones/incl/k7/rG256/ctl-usage,256,usage,7,218,0.9177914751089702
main/E_lab/code_leaning_hard/D_code/tau0.1/ones/incl/k7/rG256/ctl-usage,256,usage,7,219,1.1679187081062992
main/E_lab/code_leaning_hard/D_code/tau0.1/ones/incl/k7/rG256/ctl-usage,256,usage,7,220,1.1644463474403892
main/E_lab/code_leaning_hard/D_code/tau0.1/ones/incl/k7/rG256/ctl-usage,256,usage,7,221,1.277457137402962
main/E_lab/code_leaning_hard/D_code/tau0.1/ones/incl/k7/rG256/ctl-usage,256,usage,7,222,0.9901818206508324
main/E_lab/code_leaning_hard/D_code/tau0.1/ones/incl/k7/rG256/ctl-usage,256,usage,7,223,1.1706771360732091
main/E_lab/code_leaning_hard/D_code/tau0.1/ones/incl/k7/rG256/ctl-usage,256,usage,7,224,0.4779303940904356
main/E_lab/code_leaning_hard/D_code/tau0.1/ones/incl/k7/rG256/ctl-usage,256,usage,7,225,1.2636605830700773
main/E_lab/code_leaning_hard/D_code/tau0.1/ones/incl/k7/rG256/ctl-usage,256,usage,7,226,1.4251155092606496
main/E_lab/code_leaning_hard/D_code/tau0.1/ones/incl/k7/rG256/ctl-usage,256,usage,7,227,0.8755263115472189
main/E_lab/code_leaning_hard/D_code/tau0.1/ones/incl/k7/rG256/ctl-usage,256,usage,7,228,0.7180985437707932
main/E_lab/code_leaning_hard/D_code/tau0.1/ones/incl/k7/rG256/ctl-usage,256,usage,7,229,0.7423367586025051
main/E_lab/code_leaning_hard/D_code/tau0.1/ones/incl/k7/rG256/ctl-usage,256,usage,7,230,0.6640777166030603
main/E_lab/code_leaning_hard/D_code/tau0.1/ones/incl/k7/rG256/ctl-usage,256,usage,7,231,0.7279757857836557
main/E_lab/code_leaning_hard/D_code/tau0.1/ones/incl/k7/rG256/ctl-usage,256,usage,7,232,0.6684474611765836
main/E_lab/code_leaning_hard/D_code/tau0.1/ones/incl/k7/rG256/ctl-usage,256,usage,7,233,1.3240538812860905
main/E_lab/code_leaning_hard/D_code/tau0.1/ones/incl/k7/rG256/ctl-usage,256,usage,7,234,1.1865828878435423
main/E_lab/code_leaning_hard/D_code/tau0.1/ones/incl/k7/rG256/ctl-usage,256,usage,7,235,0.9063818196664215
main/E_lab/code_leaning_hard/D_code/tau0.1/ones/incl/k7/rG256/ctl-usage,256,usage,7,236,1.50418616418483
main/E_lab/code_leaning_hard/D_code/tau0.1/ones/incl/k7/rG256/ctl-usage,256,usage,7,237,1.1355620805079525
main/E_lab/code_leaning_hard/D_code/tau0.1/ones/incl/k7/rG256/ctl-usage,256,usage,7,238,0.4357989127529436
main/E_lab/code_leaning_hard/D_code/tau0.1/ones/incl/k7/rG256/ctl-usage,256,usage,7,239,0.449245448287229
main/E_lab/code_leaning_hard/D_code/tau0.1/ones/incl/k7/rG256/ctl-usage,256,usage,7,240,0.5009527978372716
main/E_lab/code_leaning_hard/D_code/tau0.1/ones/incl/k7/rG256/ctl-usage,256,usage,7,241,0.6341870719916187
main/E_lab/code_leaning_hard/D_code/tau0.1/ones/incl/k7/rG256/ctl-usage,256,usage,7,242,0.5329288475977592
main/E_lab/code_leaning_hard/D_code/tau0.1/ones/incl/k7/rG256/ctl-usage,256,usage,7,243,0.4378877574864646
main/E_lab/code_leaning_hard/D_code/tau0.1/ones/incl/k7/rG256/ctl-usage,256,usage,7,244,0.41423799145832163
main/E_lab/code_leaning_hard/D_code/tau0.1/ones/incl/k7/rG256/ctl-usage,256,usage,7,245,0.4972338006573409
main/E_lab/code_leaning_hard/D_code/tau0.1/ones/incl/k7/rG256/ctl-usage,256,usage,7,246,0.5074810309788518
main/E_lab/code_leaning_hard/D_code/tau0.1/ones/incl/k7/rG256/ctl-usage,256,usage,7,247,0.6541993954228928
main/E_lab/code_leaning_hard/D_code/tau0.1/ones/incl/k7/rG256/ctl-usage,256,usage,7,248,0.47790539252946473
main/E_lab/code_leaning_hard/D_code/tau0.1/ones/incl/k7/rG256/ctl-usage,256,usage,7,249,0.37064916427698336
main/E_lab/code_leaning_hard/D_code/tau0.1/ones/incl/k7/rG256/ctl-usage,256,usage,7,250,0.3920518866116254
main/E_lab/code_leaning_hard/D_code/tau0.1/ones/incl/k7/rG256/ctl-usage,256,usage,7,251,0.4856056528952877
main/E_lab/code_leaning_hard/D_code/tau0.1/ones/incl/k7/rG256/ctl-usage,256,usage,7,252,0.5421832639485729
main/E_lab/code_leaning_hard/D_code/tau0.1/ones/incl/k7/rG256/ctl-usage,256,usage,7,253,0.5720092132805803
main/E_lab/code_leaning_hard/D_code/tau0.1/ones/incl/k7/rG256/ctl-usage,256,usage,7,254,0.48469581483914226
main/E_lab/code_leaning_hard/D_code/tau0.1/ones/incl/k7/rG256/ctl-usage,256,usage,7,255,0.48459584019565227
main/E_lab/code_leaning_hard/D_code/tau0.1/ones/incl/k7/rG256/ctl-usage,256,usage,7,256,2.158529882593939
main/E_lab/code_leaning_hard/D_code/tau0.1/ones/incl/k7/rG256/ctl-usage,256,usage,7,257,2.6160314536627993
main/E_lab/code_leaning_hard/D_code/tau0.1/ones/incl/k7/rG256/ctl-usage,256,usage,7,258,2.6933578803000273
main/E_lab/code_leaning_hard/D_code/tau0.1/ones/incl/k7/rG256/ctl-usage,256,usage,7,259,2.6579868489005776
main/E_lab/code_leaning_hard/D_code/tau0.1/ones/incl/k7/rG256/ctl-usage,256,usage,7,260,2.442910449412466
main/E_lab/code_leaning_hard/D_code/tau0.1/ones/incl/k7/rG256/ctl-usage,256,usage,7,261,2.3908113853300392
main/E_lab/code_leaning_hard/D_code/tau0.1/ones/incl/k7/rG256/ctl-usage,256,usage,7,262,2.14060555350261
main/E_lab/code_leaning_hard/D_code/tau0.1/ones/incl/k7/rG256/ctl-usage,256,usage,7,263,2.514903711390616
main/E_lab/code_leaning_hard/D_code/tau0.1/ones/incl/k7/rG256/ctl-usage,256,usage,7,264,2.6660588472441304
main/E_lab/code_leaning_hard/D_code/tau0.1/ones/incl/k7/rG256/ctl-usage,256,usage,7,265,2.2217330393223165
main/E_lab/code_leaning_hard/D_code/tau0.1/ones/incl/k7/rG256/ctl-usage,256,usage,7,266,3.0781780929705747
main/E_lab/code_leaning_hard/D_code/tau0.1/ones/incl/k7/rG256/ctl-usage,256,usage,7,267,1.9871579877544718
main/E_lab/code_leaning_hard/D_code/tau0.1/ones/incl/k7/rG256/ctl-usage,256,usage,7,268,2.05596982129191
main/E_lab/code_leaning_hard/D_code/tau0.1/ones/incl/k7/rG256/ctl-usage,256,usage,7,269,1.9611592446140094
main/E_lab/code_leaning_hard/D_code/tau0.1/ones/incl/k7/rG256/ctl-usage,256,usage,7,270,2.0157786243289593
main/E_lab/code_leaning_hard/D_code/tau0.1/ones/incl/k7/rG256/ctl-usage,256,usage,7,271,1.8402885685536603
main/E_lab/code_leaning_hard/D_code/tau0.1/ones/incl/k7/rG256/ctl-usage,256,usage,7,272,1.9809163417457967
main/E_lab/code_leaning_hard/D_code/tau0.1/ones/incl/k7/rG256/ctl-usage,256,usage,7,273,2.0229066077863536
main/E_lab/code_leaning_hard/D_code/tau0.1/ones/incl/k7/rG256/ctl-usage,256,usage,7,274,1.7618167824366537
main/E_lab/code_leaning_hard/D_code/tau0.1/ones/incl/k7/rG256/ctl-usage,256,usage,7,275,1.8670861085920478
main/E_lab/code_leaning_hard/D_code/tau0.1/ones/incl/k7/rG256/ctl-usage,256,usage,7,276,2.3242667986760353
main/E_lab/code_leaning_hard/D_code/tau0.1/ones/incl/k7/rG256/ctl-usage,256,usage,7,277,2.281860543558878
main/E_lab/code_leaning_hard/D_code/tau0.1/ones/incl/k7/rG256/ctl-usage,256,usage,7,278,1.7898298901745875
main/E_lab/code_leaning_hard/D_code/tau0.1/ones/incl/k7/rG256/ctl-usage,256,usage,7,279,1.8187057381055638
main/E_lab/code_leaning_hard/D_code/tau0.1/ones/incl/k7/rG256/ctl-usage,256,usage,7,280,1.7949176345937303
main/E_lab/code_leaning_hard/D_code/tau0.1/ones/incl/k7/rG256/ctl-usage,256,usage,7,281,2.5959982928598038
main/E_lab/code_leaning_hard/D_code/tau0.1/ones/incl/k7/rG256/ctl-usage,256,usage,7,282,2.1668524494425583
main/E_lab/code_leaning_hard/D_code/tau0.1/ones/incl/k7/rG256/ctl-usage,256,usage,7,283,2.357754930538249
main/E_lab/code_leaning_hard/D_code/tau0.1/ones/incl/k7/rG256/ctl-usage,256,usage,7,284,2.1408341091118928
main/E_lab/code_leaning_hard/D_code/tau0.1/ones/incl/k7/rG256/ctl-usage,256,usage,7,285,1.877131164500497
main/E_lab/code_leaning_hard/D_code/tau0.1/ones/incl/k7/rG256/ctl-usage,256,usage,7,286,2.204312661151448
main/E_lab/code_leaning_hard/D_code/tau0.1/ones/incl/k7/rG256/ctl-usage,256,usage,7,287,2.100461702073517
main/E_lab/code_leaning_hard/D_code/tau0.1/ones/incl/k7/rG256/ctl-usage,256,usage,7,288,1.7884389498030941
main/E_lab/code_leaning_hard/D_code/tau0.1/ones/incl/k7/rG256/ctl-usage,256,usage,7,289,1.753053030681258
main/E_lab/code_leaning_hard/D_code/tau0.1/ones/incl/k7/rG256/ctl-usage,256,usage,7,290,1.9344526408694946
main/E_lab/code_leaning_hard/D_code/tau0.1/ones/incl/k7/rG256/ctl-usage,256,usage,7,291,1.868587187373123
main/E_lab/code_leaning_hard/D_code/tau0.1/ones/incl/k7/rG256/ctl-usage,256,usage,7,292,1.9503028811832337
main/E_lab/code_leaning_hard/D_code/tau0.1/ones/incl/k7/rG256/ctl-usage,256,usage,7,293,2.26227766386819
main/E_lab/code_leaning_hard/D_code/tau0.1/ones/incl/k7/rG256/ctl-usage,256,usage,7,294,1.9703771258159577
main/E_lab/code_leaning_hard/D_code/tau0.1/ones/incl/k7/rG256/ctl-usage,256,usage,7,295,1.9438034968879947
main/E_lab/code_leaning_hard/D_code/tau0.1/ones/incl/k7/rG256/ctl-usage,256,usage,7,296,2.049793425167991
main/E_lab/code_leaning_hard/D_code/tau0.1/ones/incl/k7/rG256/ctl-usage,256,usage,7,297,2.206032541615059
main/E_lab/code_leaning_hard/D_code/tau0.1/ones/incl/k7/rG256/ctl-usage,256,usage,7,298,2.3950224871837236
main/E_lab/code_leaning_hard/D_code/tau0.1/ones/incl/k7/rG256/ctl-usage,256,usage,7,299,2.213714309860279
main/E_lab/code_leaning_hard/D_code/tau0.1/ones/incl/k7/rG256/ctl-usage,256,usage,7,300,2.225039003929851
main/E_lab/code_leaning_hard/D_code/tau0.1/ones/incl/k7/rG256/ctl-usage,256,usage,7,301,1.986113467888572
main/E_lab/code_leaning_hard/D_code/tau0.1/ones/incl/k7/rG256/ctl-usage,256,usage,7,302,1.9870112085300207
main/E_lab/code_leaning_hard/D_code/tau0.1/ones/incl/k7/rG256/ctl-usage,256,usage,7,303,2.1128811556409346
main/E_lab/code_leaning_hard/D_code/tau0.1/ones/incl/k7/rG256/ctl-usage,256,usage,7,304,2.356029543040677
main/E_lab/code_leaning_hard/D_code/tau0.1/ones/incl/k7/rG256/ctl-usage,256,usage,7,305,2.7456156770285816
main/E_lab/code_leaning_hard/D_code/tau0.1/ones/incl/k7/rG256/ctl-usage,256,usage,7,306,2.178869851671152
main/E_lab/code_leaning_hard/D_code/tau0.1/ones/incl/k7/rG256/ctl-usage,256,usage,7,307,2.0942787960684655
main/E_lab/code_leaning_hard/D_code/tau0.1/ones/incl/k7/rG256/ctl-usage,256,usage,7,308,2.444936750885063
main/E_lab/code_leaning_hard/D_code/tau0.1/ones/incl/k7/rG256/ctl-usage,256,usage,7,309,2.3548239812125757
main/E_lab/code_leaning_hard/D_code/tau0.1/ones/incl/k7/rG256/ctl-usage,256,usage,7,310,2.542889065080658
main/E_lab/code_leaning_hard/D_code/tau0.1/ones/incl/k7/rG256/ctl-usage,256,usage,7,311,2.847415252283099
main/E_lab/code_leaning_hard/D_code/tau0.1/ones/incl/k7/rG256/ctl-usage,256,usage,7,312,3.0371488557448174
main/E_lab/code_leaning_hard/D_code/tau0.1/ones/incl/k7/rG256/ctl-usage,256,usage,7,313,2.891559585585128
main/E_lab/code_leaning_hard/D_code/tau0.1/ones/incl/k7/rG256/ctl-usage,256,usage,7,314,2.651777447200402
main/E_lab/code_leaning_hard/D_code/tau0.1/ones/incl/k7/rG256/ctl-usage,256,usage,7,315,2.1410634135481814
main/E_lab/code_leaning_hard/D_code/tau0.1/ones/incl/k7/rG256/ctl-usage,256,usage,7,316,2.647704083118242
main/E_lab/code_leaning_hard/D_code/tau0.1/ones/incl/k7/rG256/ctl-usage,256,usage,7,317,2.1825234802199702
main/E_lab/code_leaning_hard/D_code/tau0.1/ones/incl/k7/rG256/ctl-usage,256,usage,7,318,2.2067952366169266
main/E_lab/code_leaning_hard/D_code/tau0.1/ones/incl/k7/rG256/ctl-usage,256,usage,7,319,2.074401563019819
main/E_lab/code_leaning_hard/D_code/tau0.1/ones/incl/k7/rG256/ctl-usage,256,usage,7,320,2.384160953396531
main/E_lab/code_leaning_hard/D_code/tau0.1/ones/incl/k7/rG256/ctl-usage,256,usage,7,321,2.492326455051625
main/E_lab/code_leaning_hard/D_code/tau0.1/ones/incl/k7/rG256/ctl-usage,256,usage,7,322,2.917293506004171
main/E_lab/code_leaning_hard/D_code/tau0.1/ones/incl/k7/rG256/ctl-usage,256,usage,7,323,2.0432617891347036
main/E_lab/code_leaning_hard/D_code/tau0.1/ones/incl/k7/rG256/ctl-usage,256,usage,7,324,1.9962246484210482
main/E_lab/code_leaning_hard/D_code/tau0.1/ones/incl/k7/rG256/ctl-usage,256,usage,7,325,2.086318453171316
main/E_lab/code_leaning_hard/D_code/tau0.1/ones/incl/k7/rG256/ctl-usage,256,usage,7,326,2.522433866994106
main/E_lab/code_leaning_hard/D_code/tau0.1/ones/incl/k7/rG256/ctl-usage,256,usage,7,327,2.5236451648570437
main/E_lab/code_leaning_hard/D_code/tau0.1/ones/incl/k7/rG256/ctl-usage,256,usage,7,328,2.354478442339314
main/E_lab/code_leaning_hard/D_code/tau0.1/ones/incl/k7/rG256/ctl-usage,256,usage,7,329,2.330159951487076
main/E_lab/code_leaning_hard/D_code/tau0.1/ones/incl/k7/rG256/ctl-usage,256,usage,7,330,2.3458091586999217
main/E_lab/code_leaning_hard/D_code/tau0.1/ones/incl/k7/rG256/ctl-usage,256,usage,7,331,2.170122314862965
main/E_lab/code_leaning_hard/D_code/tau0.1/ones/incl/k7/rG256/ctl-usage,256,usage,7,332,2.7235045702072966
main/E_lab/code_leaning_hard/D_code/tau0.1/ones/incl/k7/rG256/ctl-usage,256,usage,7,333,2.245241501518649
main/E_lab/code_leaning_hard/D_code/tau0.1/ones/incl/k7/rG256/ctl-usage,256,usage,7,334,2.274828854648149
main/E_lab/code_leaning_hard/D_code/tau0.1/ones/incl/k7/rG256/ctl-usage,256,usage,7,335,2.3622016121844354
main/E_lab/code_leaning_hard/D_code/tau0.1/ones/incl/k7/rG256/ctl-usage,256,usage,7,336,2.18456809113286
main/E_lab/code_leaning_hard/D_code/tau0.1/ones/incl/k7/rG256/ctl-usage,256,usage,7,337,1.9252138482295322
main/E_lab/code_leaning_hard/D_code/tau0.1/ones/incl/k7/rG256/ctl-usage,256,usage,7,338,2.2039312429233178
main/E_lab/code_leaning_hard/D_code/tau0.1/ones/incl/k7/rG256/ctl-usage,256,usage,7,339,2.5139997214077994
main/E_lab/code_leaning_hard/D_code/tau0.1/ones/incl/k7/rG256/ctl-usage,256,usage,7,340,2.637858572604273
main/E_lab/code_leaning_hard/D_code/tau0.1/ones/incl/k7/rG256/ctl-usage,256,usage,7,341,2.380918684574681
main/E_lab/code_leaning_hard/D_code/tau0.1/ones/incl/k7/rG256/ctl-usage,256,usage,7,342,1.6042384840884552
main/E_lab/code_leaning_hard/D_code/tau0.1/ones/incl/k7/rG256/ctl-usage,256,usage,7,343,2.9348303729066174
main/E_lab/code_leaning_hard/D_code/tau0.1/ones/incl/k7/rG256/ctl-usage,256,usage,7,344,3.140671631463647
main/E_lab/code_leaning_hard/D_code/tau0.1/ones/incl/k7/rG256/ctl-usage,256,usage,7,345,2.999606994280839
main/E_lab/code_leaning_hard/D_code/tau0.1/ones/incl/k7/rG256/ctl-usage,256,usage,7,346,2.6466672806964198
main/E_lab/code_leaning_hard/D_code/tau0.1/ones/incl/k7/rG256/ctl-usage,256,usage,7,347,2.465062443113311
main/E_lab/code_leaning_hard/D_code/tau0.1/ones/incl/k7/rG256/ctl-usage,256,usage,7,348,2.120151098532915
main/E_lab/code_leaning_hard/D_code/tau0.1/ones/incl/k7/rG256/ctl-usage,256,usage,7,349,2.6135377204309407
main/E_lab/code_leaning_hard/D_code/tau0.1/ones/incl/k7/rG256/ctl-usage,256,usage,7,350,3.4825788428424858
main/E_lab/code_leaning_hard/D_code/tau0.1/ones/incl/k7/rG256/ctl-usage,256,usage,7,351,3.5148651264717046
main/E_lab/code_leaning_hard/D_code/tau0.1/ones/incl/k7/rG256/ctl-usage,256,usage,7,352,2.1313207532775778
main/E_lab/code_leaning_hard/D_code/tau0.1/ones/incl/k7/rG256/ctl-usage,256,usage,7,353,2.868170845142231
main/E_lab/code_leaning_hard/D_code/tau0.1/ones/incl/k7/rG256/ctl-usage,256,usage,7,354,1.868113885441744
main/E_lab/code_leaning_hard/D_code/tau0.1/ones/incl/k7/rG256/ctl-usage,256,usage,7,355,2.2921338781361555
main/E_lab/code_leaning_hard/D_code/tau0.1/ones/incl/k7/rG256/ctl-usage,256,usage,7,356,2.3714552795067902
main/E_lab/code_leaning_hard/D_code/tau0.1/ones/incl/k7/rG256/ctl-usage,256,usage,7,357,2.5489116207290863
main/E_lab/code_leaning_hard/D_code/tau0.1/ones/incl/k7/rG256/ctl-usage,256,usage,7,358,2.043674294674929
main/E_lab/code_leaning_hard/D_code/tau0.1/ones/incl/k7/rG256/ctl-usage,256,usage,7,359,2.167664227699788
main/E_lab/code_leaning_hard/D_code/tau0.1/ones/incl/k7/rG256/ctl-usage,256,usage,7,360,2.2475894764938857
main/E_lab/code_leaning_hard/D_code/tau0.1/ones/incl/k7/rG256/ctl-usage,256,usage,7,361,2.080944839404765
main/E_lab/code_leaning_hard/D_code/tau0.1/ones/incl/k7/rG256/ctl-usage,256,usage,7,362,2.113448863280155
main/E_lab/code_leaning_hard/D_code/tau0.1/ones/incl/k7/rG256/ctl-usage,256,usage,7,363,2.212289350994979
main/E_lab/code_leaning_hard/D_code/tau0.1/ones/incl/k7/rG256/ctl-usage,256,usage,7,364,2.4081757167268734
main/E_lab/code_leaning_hard/D_code/tau0.1/ones/incl/k7/rG256/ctl-usage,256,usage,7,365,2.311629953722786
main/E_lab/code_leaning_hard/D_code/tau0.1/ones/incl/k7/rG256/ctl-usage,256,usage,7,366,2.3360594932983076
main/E_lab/code_leaning_hard/D_code/tau0.1/ones/incl/k7/rG256/ctl-usage,256,usage,7,367,2.143285320697032
main/E_lab/code_leaning_hard/D_code/tau0.1/ones/incl/k7/rG256/ctl-usage,256,usage,7,368,1.8310797193673807
main/E_lab/code_leaning_hard/D_code/tau0.1/ones/incl/k7/rG256/ctl-usage,256,usage,7,369,1.4337938335584113
main/E_lab/code_leaning_hard/D_code/tau0.1/ones/incl/k7/rG256/ctl-usage,256,usage,7,370,1.7685055925693405
main/E_lab/code_leaning_hard/D_code/tau0.1/ones/incl/k7/rG256/ctl-usage,256,usage,7,371,2.061590811919814
main/E_lab/code_leaning_hard/D_code/tau0.1/ones/incl/k7/rG256/ctl-usage,256,usage,7,372,2.122539767696253
main/E_lab/code_leaning_hard/D_code/tau0.1/ones/incl/k7/rG256/ctl-usage,256,usage,7,373,2.975236782918728
main/E_lab/code_leaning_hard/D_code/tau0.1/ones/incl/k7/rG256/ctl-usage,256,usage,7,374,2.792612326336325
main/E_lab/code_leaning_hard/D_code/tau0.1/ones/incl/k7/rG256/ctl-usage,256,usage,7,375,2.617852226678224
main/E_lab/code_leaning_hard/D_code/tau0.1/ones/incl/k7/rG256/ctl-usage,256,usage,7,376,2.6130165452968868
main/E_lab/code_leaning_hard/D_code/tau0.1/ones/incl/k7/rG256/ctl-usage,256,usage,7,377,2.102234645613862
main/E_lab/code_leaning_hard/D_code/tau0.1/ones/incl/k7/rG256/ctl-usage,256,usage,7,378,2.1184101769176777
main/E_lab/code_leaning_hard/D_code/tau0.1/ones/incl/k7/rG256/ctl-usage,256,usage,7,379,2.389336488252411
main/E_lab/code_leaning_hard/D_code/tau0.1/ones/incl/k7/rG256/ctl-usage,256,usage,7,380,2.3548041752628706
main/E_lab/code_leaning_hard/D_code/tau0.1/ones/incl/k7/rG256/ctl-usage,256,usage,7,381,2.365827376837842
main/E_lab/code_leaning_hard/D_code/tau0.1/ones/incl/k7/rG256/ctl-usage,256,usage,7,382,2.5111864897198757
main/E_lab/code_leaning_hard/D_code/tau0.1/ones/incl/k7/rG256/ctl-usage,256,usage,7,383,2.1278156841826785
main/E_lab/code_leaning_hard/D_code/tau0.1/ones/incl/k7/rG256/ctl-usage,256,usage,7,384,2.306755329571388
main/E_lab/code_leaning_hard/D_code/tau0.1/ones/incl/k7/rG256/ctl-usage,256,usage,7,385,1.136068457051806
main/E_lab/code_leaning_hard/D_code/tau0.1/ones/incl/k7/rG256/ctl-usage,256,usage,7,386,1.211625293321049
main/E_lab/code_leaning_hard/D_code/tau0.1/ones/incl/k7/rG256/ctl-usage,256,usage,7,387,1.2675201626516355
main/E_lab/code_leaning_hard/D_code/tau0.1/ones/incl/k7/rG256/ctl-usage,256,usage,7,388,0.6403386176380081
main/E_lab/code_leaning_hard/D_code/tau0.1/ones/incl/k7/rG256/ctl-usage,256,usage,7,389,1.0272906204427272
main/E_lab/code_leaning_hard/D_code/tau0.1/ones/incl/k7/rG256/ctl-usage,256,usage,7,390,0.7131230787190361
main/E_lab/code_leaning_hard/D_code/tau0.1/ones/incl/k7/rG256/ctl-usage,256,usage,7,391,0.6641833336298077
main/E_lab/code_leaning_hard/D_code/tau0.1/ones/incl/k7/rG256/ctl-usage,256,usage,7,392,1.1611910454876124
main/E_lab/code_leaning_hard/D_code/tau0.1/ones/incl/k7/rG256/ctl-usage,256,usage,7,393,0.8748678966785519
main/E_lab/code_leaning_hard/D_code/tau0.1/ones/incl/k7/rG256/ctl-usage,256,usage,7,394,1.591003761642014
main/E_lab/code_leaning_hard/D_code/tau0.1/ones/incl/k7/rG256/ctl-usage,256,usage,7,395,1.4161511848105874
main/E_lab/code_leaning_hard/D_code/tau0.1/ones/incl/k7/rG256/ctl-usage,256,usage,7,396,1.3474627256837266
main/E_lab/code_leaning_hard/D_code/tau0.1/ones/incl/k7/rG256/ctl-usage,256,usage,7,397,1.108374587972321
main/E_lab/code_leaning_hard/D_code/tau0.1/ones/incl/k7/rG256/ctl-usage,256,usage,7,398,1.047011683069286
main/E_lab/code_leaning_hard/D_code/tau0.1/ones/incl/k7/rG256/ctl-usage,256,usage,7,399,0.951267201846349
main/E_lab/code_leaning_hard/D_code/tau0.1/ones/incl/k7/rG256/ctl-usage,256,usage,7,400,0.4060093693587987
main/E_lab/code_leaning_hard/D_code/tau0.1/ones/incl/k7/rG256/ctl-usage,256,usage,7,401,0.5978958386044724
main/E_lab/code_leaning_hard/D_code/tau0.1/ones/incl/k7/rG256/ctl-usage,256,usage,7,402,1.2337274317142146
main/E_lab/code_leaning_hard/D_code/tau0.1/ones/incl/k7/rG256/ctl-usage,256,usage,7,403,1.7115692277802736
main/E_lab/code_leaning_hard/D_code/tau0.1/ones/incl/k7/rG256/ctl-usage,256,usage,7,404,1.197448994986189
main/E_lab/code_leaning_hard/D_code/tau0.1/ones/incl/k7/rG256/ctl-usage,256,usage,7,405,1.4365047237413364
main/E_lab/code_leaning_hard/D_code/tau0.1/ones/incl/k7/rG256/ctl-usage,256,usage,7,406,1.2204475097450995
main/E_lab/code_leaning_hard/D_code/tau0.1/ones/incl/k7/rG256/ctl-usage,256,usage,7,407,0.5554055616048572
main/E_lab/code_leaning_hard/D_code/tau0.1/ones/incl/k7/rG256/ctl-usage,256,usage,7,408,0.6861201504261771
main/E_lab/code_leaning_hard/D_code/tau0.1/ones/incl/k7/rG256/ctl-usage,256,usage,7,409,1.6801966089115012
main/E_lab/code_leaning_hard/D_code/tau0.1/ones/incl/k7/rG256/ctl-usage,256,usage,7,410,1.2562451252988467
main/E_lab/code_leaning_hard/D_code/tau0.1/ones/incl/k7/rG256/ctl-usage,256,usage,7,411,1.7025823367223438
main/E_lab/code_leaning_hard/D_code/tau0.1/ones/incl/k7/rG256/ctl-usage,256,usage,7,412,1.1684959348003758
main/E_lab/code_leaning_hard/D_code/tau0.1/ones/incl/k7/rG256/ctl-usage,256,usage,7,413,1.2518060229831462
main/E_lab/code_leaning_hard/D_code/tau0.1/ones/incl/k7/rG256/ctl-usage,256,usage,7,414,1.787165538768022
main/E_lab/code_leaning_hard/D_code/tau0.1/ones/incl/k7/rG256/ctl-usage,256,usage,7,415,1.1770706371789856
main/E_lab/code_leaning_hard/D_code/tau0.1/ones/incl/k7/rG256/ctl-usage,256,usage,7,416,1.2904188868978963
main/E_lab/code_leaning_hard/D_code/tau0.1/ones/incl/k7/rG256/ctl-usage,256,usage,7,417,1.3137995038832742
main/E_lab/code_leaning_hard/D_code/tau0.1/ones/incl/k7/rG256/ctl-usage,256,usage,7,418,1.044498082897917
main/E_lab/code_leaning_hard/D_code/tau0.1/ones/incl/k7/rG256/ctl-usage,256,usage,7,419,1.0334356665698579
main/E_lab/code_leaning_hard/D_code/tau0.1/ones/incl/k7/rG256/ctl-usage,256,usage,7,420,1.2679252590896795
main/E_lab/code_leaning_hard/D_code/tau0.1/ones/incl/k7/rG256/ctl-usage,256,usage,7,421,1.0027291578135191
main/E_lab/code_leaning_hard/D_code/tau0.1/ones/incl/k7/rG256/ctl-usage,256,usage,7,422,0.8765521907671427
main/E_lab/code_leaning_hard/D_code/tau0.1/ones/incl/k7/rG256/ctl-usage,256,usage,7,423,1.126304239851379
main/E_lab/code_leaning_hard/D_code/tau0.1/ones/incl/k7/rG256/ctl-usage,256,usage,7,424,0.7616554985534094
main/E_lab/code_leaning_hard/D_code/tau0.1/ones/incl/k7/rG256/ctl-usage,256,usage,7,425,0.7361662333723871
main/E_lab/code_leaning_hard/D_code/tau0.1/ones/incl/k7/rG256/ctl-usage,256,usage,7,426,1.0897973897126576
main/E_lab/code_leaning_hard/D_code/tau0.1/ones/incl/k7/rG256/ctl-usage,256,usage,7,427,2.1063999297102782
main/E_lab/code_leaning_hard/D_code/tau0.1/ones/incl/k7/rG256/ctl-usage,256,usage,7,428,1.680854530909528
main/E_lab/code_leaning_hard/D_code/tau0.1/ones/incl/k7/rG256/ctl-usage,256,usage,7,429,1.3580121341292397
main/E_lab/code_leaning_hard/D_code/tau0.1/ones/incl/k7/rG256/ctl-usage,256,usage,7,430,0.9043301027013513
main/E_lab/code_leaning_hard/D_code/tau0.1/ones/incl/k7/rG256/ctl-usage,256,usage,7,431,1.0664256010059034
main/E_lab/code_leaning_hard/D_code/tau0.1/ones/incl/k7/rG256/ctl-usage,256,usage,7,432,1.2916280756878677
main/E_lab/code_leaning_hard/D_code/tau0.1/ones/incl/k7/rG256/ctl-usage,256,usage,7,433,0.7383545674919105
main/E_lab/code_leaning_hard/D_code/tau0.1/ones/incl/k7/rG256/ctl-usage,256,usage,7,434,0.7846019170738145
main/E_lab/code_leaning_hard/D_code/tau0.1/ones/incl/k7/rG256/ctl-usage,256,usage,7,435,1.465568220739442
main/E_lab/code_leaning_hard/D_code/tau0.1/ones/incl/k7/rG256/ctl-usage,256,usage,7,436,1.5990521788489787
main/E_lab/code_leaning_hard/D_code/tau0.1/ones/incl/k7/rG256/ctl-usage,256,usage,7,437,0.7315143648374942
main/E_lab/code_leaning_hard/D_code/tau0.1/ones/incl/k7/rG256/ctl-usage,256,usage,7,438,0.729528603837025
main/E_lab/code_leaning_hard/D_code/tau0.1/ones/incl/k7/rG256/ctl-usage,256,usage,7,439,1.0456877575270482
main/E_lab/code_leaning_hard/D_code/tau0.1/ones/incl/k7/rG256/ctl-usage,256,usage,7,440,1.4671191948823434
main/E_lab/code_leaning_hard/D_code/tau0.1/ones/incl/k7/rG256/ctl-usage,256,usage,7,441,1.0442232603800221
main/E_lab/code_leaning_hard/D_code/tau0.1/ones/incl/k7/rG256/ctl-usage,256,usage,7,442,1.356434577559412
main/E_lab/code_leaning_hard/D_code/tau0.1/ones/incl/k7/rG256/ctl-usage,256,usage,7,443,1.814658158864404
main/E_lab/code_leaning_hard/D_code/tau0.1/ones/incl/k7/rG256/ctl-usage,256,usage,7,444,2.1738579920347547
main/E_lab/code_leaning_hard/D_code/tau0.1/ones/incl/k7/rG256/ctl-usage,256,usage,7,445,1.8727474877423447
main/E_lab/code_leaning_hard/D_code/tau0.1/ones/incl/k7/rG256/ctl-usage,256,usage,7,446,1.3024228805795701
main/E_lab/code_leaning_hard/D_code/tau0.1/ones/incl/k7/rG256/ctl-usage,256,usage,7,447,1.3470186343056412
main/E_lab/code_leaning_hard/D_code/tau0.1/ones/incl/k7/rG256/ctl-usage,256,usage,7,448,1.8861794472777547
main/E_lab/code_leaning_hard/D_code/tau0.1/ones/incl/k7/rG256/ctl-usage,256,usage,7,449,1.9032518628400794
main/E_lab/code_leaning_hard/D_code/tau0.1/ones/incl/k7/rG256/ctl-usage,256,usage,7,450,1.9227140091024921
main/E_lab/code_leaning_hard/D_code/tau0.1/ones/incl/k7/rG256/ctl-usage,256,usage,7,451,2.077357918174812
main/E_lab/code_leaning_hard/D_code/tau0.1/ones/incl/k7/rG256/ctl-usage,256,usage,7,452,1.5485370242495264
main/E_lab/code_leaning_hard/D_code/tau0.1/ones/incl/k7/rG256/ctl-usage,256,usage,7,453,1.4090648941073596
main/E_lab/code_leaning_hard/D_code/tau0.1/ones/incl/k7/rG256/ctl-usage,256,usage,7,454,1.8319940184101142
main/E_lab/code_leaning_hard/D_code/tau0.1/ones/incl/k7/rG256/ctl-usage,256,usage,7,455,1.8316062521107597
main/E_lab/code_leaning_hard/D_code/tau0.1/ones/incl/k7/rG256/ctl-usage,256,usage,7,456,2.03058423987477
main/E_lab/code_leaning_hard/D_code/tau0.1/ones/incl/k7/rG256/ctl-usage,256,usage,7,457,2.0112436984086344
main/E_lab/code_leaning_hard/D_code/tau0.1/ones/incl/k7/rG256/ctl-usage,256,usage,7,458,1.047251439392312
main/E_lab/code_leaning_hard/D_code/tau0.1/ones/incl/k7/rG256/ctl-usage,256,usage,7,459,1.0413986893609035
main/E_lab/code_leaning_hard/D_code/tau0.1/ones/incl/k7/rG256/ctl-usage,256,usage,7,460,1.9093185029150845
main/E_lab/code_leaning_hard/D_code/tau0.1/ones/incl/k7/rG256/ctl-usage,256,usage,7,461,2.2483845699680387
main/E_lab/code_leaning_hard/D_code/tau0.1/ones/incl/k7/rG256/ctl-usage,256,usage,7,462,1.6675490215684476
main/E_lab/code_leaning_hard/D_code/tau0.1/ones/incl/k7/rG256/ctl-usage,256,usage,7,463,1.7886431326251113
main/E_lab/code_leaning_hard/D_code/tau0.1/ones/incl/k7/rG256/ctl-usage,256,usage,7,464,1.4012924019332331
main/E_lab/code_leaning_hard/D_code/tau0.1/ones/incl/k7/rG256/ctl-usage,256,usage,7,465,1.4737411736978174
main/E_lab/code_leaning_hard/D_code/tau0.1/ones/incl/k7/rG256/ctl-usage,256,usage,7,466,1.786869951974495
main/E_lab/code_leaning_hard/D_code/tau0.1/ones/incl/k7/rG256/ctl-usage,256,usage,7,467,1.5366950234183605
main/E_lab/code_leaning_hard/D_code/tau0.1/ones/incl/k7/rG256/ctl-usage,256,usage,7,468,1.6521100074501192
main/E_lab/code_leaning_hard/D_code/tau0.1/ones/incl/k7/rG256/ctl-usage,256,usage,7,469,1.8024724917750063
main/E_lab/code_leaning_hard/D_code/tau0.1/ones/incl/k7/rG256/ctl-usage,256,usage,7,470,1.3069013944568724
main/E_lab/code_leaning_hard/D_code/tau0.1/ones/incl/k7/rG256/ctl-usage,256,usage,7,471,1.3733258076490529
main/E_lab/code_leaning_hard/D_code/tau0.1/ones/incl/k7/rG256/ctl-usage,256,usage,7,472,1.115192120248139
main/E_lab/code_leaning_hard/D_code/tau0.1/ones/incl/k7/rG256/ctl-usage,256,usage,7,473,1.0695354754493565
main/E_lab/code_leaning_hard/D_code/tau0.1/ones/incl/k7/rG256/ctl-usage,256,usage,7,474,1.4451358692017493
main/E_lab/code_leaning_hard/D_code/tau0.1/ones/incl/k7/rG256/ctl-usage,256,usage,7,475,1.4151638623816325
main/E_lab/code_leaning_hard/D_code/tau0.1/ones/incl/k7/rG256/ctl-usage,256,usage,7,476,1.1687447001659166
main/E_lab/code_leaning_hard/D_code/tau0.1/ones/incl/k7/rG256/ctl-usage,256,usage,7,477,1.6672225473485014
main/E_lab/code_leaning_hard/D_code/tau0.1/ones/incl/k7/rG256/ctl-usage,256,usage,7,478,1.9317591918315884
main/E_lab/code_leaning_hard/D_code/tau0.1/ones/incl/k7/rG256/ctl-usage,256,usage,7,479,1.6890746290027892
main/E_lab/code_leaning_hard/D_code/tau0.1/ones/incl/k7/rG256/ctl-usage,256,usage,7,480,1.7903969613444133
main/E_lab/code_leaning_hard/D_code/tau0.1/ones/incl/k7/rG256/ctl-usage,256,usage,7,481,1.608947696154246
main/E_lab/code_leaning_hard/D_code/tau0.1/ones/incl/k7/rG256/ctl-usage,256,usage,7,482,1.8503442762184932
main/E_lab/code_leaning_hard/D_code/tau0.1/ones/incl/k7/rG256/ctl-usage,256,usage,7,483,2.092989323407892
main/E_lab/code_leaning_hard/D_code/tau0.1/ones/incl/k7/rG256/ctl-usage,256,usage,7,484,1.9658042428964109
main/E_lab/code_leaning_hard/D_code/tau0.1/ones/incl/k7/rG256/ctl-usage,256,usage,7,485,2.056435304319166
main/E_lab/code_leaning_hard/D_code/tau0.1/ones/incl/k7/rG256/ctl-usage,256,usage,7,486,2.1977963608912887
main/E_lab/code_leaning_hard/D_code/tau0.1/ones/incl/k7/rG256/ctl-usage,256,usage,7,487,2.005175073083592
main/E_lab/code_leaning_hard/D_code/tau0.1/ones/incl/k7/rG256/ctl-usage,256,usage,7,488,1.4046933990020989
main/E_lab/code_leaning_hard/D_code/tau0.1/ones/incl/k7/rG256/ctl-usage,256,usage,7,489,1.4598276827618974
main/E_lab/code_leaning_hard/D_code/tau0.1/ones/incl/k7/rG256/ctl-usage,256,usage,7,490,2.1363492808613955
main/E_lab/code_leaning_hard/D_code/tau0.1/ones/incl/k7/rG256/ctl-usage,256,usage,7,491,2.273694506566244
main/E_lab/code_leaning_hard/D_code/tau0.1/ones/incl/k7/rG256/ctl-usage,256,usage,7,492,2.022606109100707
main/E_lab/code_leaning_hard/D_code/tau0.1/ones/incl/k7/rG256/ctl-usage,256,usage,7,493,2.0996314150913804
main/E_lab/code_leaning_hard/D_code/tau0.1/ones/incl/k7/rG256/ctl-usage,256,usage,7,494,1.6217674526797055
main/E_lab/code_leaning_hard/D_code/tau0.1/ones/incl/k7/rG256/ctl-usage,256,usage,7,495,1.022240190208322
main/E_lab/code_leaning_hard/D_code/tau0.1/ones/incl/k7/rG256/ctl-usage,256,usage,7,496,1.8907871432284082
main/E_lab/code_leaning_hard/D_code/tau0.1/ones/incl/k7/rG256/ctl-usage,256,usage,7,497,1.661370201319187
main/E_lab/code_leaning_hard/D_code/tau0.1/ones/incl/k7/rG256/ctl-usage,256,usage,7,498,1.3264116119780738
main/E_lab/code_leaning_hard/D_code/tau0.1/ones/incl/k7/rG256/ctl-usage,256,usage,7,499,1.5291599108477385
main/E_lab/code_leaning_hard/D_code/tau0.1/ones/incl/k7/rG256/ctl-usage,256,usage,7,500,1.2746151561914303
main/E_lab/code_leaning_hard/D_code/tau0.1/ones/incl/k7/rG256/ctl-usage,256,usage,7,501,0.9548599382442262
main/E_lab/code_leaning_hard/D_code/tau0.1/ones/incl/k7/rG256/ctl-usage,256,usage,7,502,1.394438855512817
main/E_lab/code_leaning_hard/D_code/tau0.1/ones/incl/k7/rG256/ctl-usage,256,usage,7,503,1.4410987512010252
main/E_lab/code_leaning_hard/D_code/tau0.1/ones/incl/k7/rG256/ctl-usage,256,usage,7,504,1.7922568200419846
main/E_lab/code_leaning_hard/D_code/tau0.1/ones/incl/k7/rG256/ctl-usage,256,usage,7,505,1.9292377951351227
main/E_lab/code_leaning_hard/D_code/tau0.1/ones/incl/k7/rG256/ctl-usage,256,usage,7,506,1.6893936700744234
main/E_lab/code_leaning_hard/D_code/tau0.1/ones/incl/k7/rG256/ctl-usage,256,usage,7,507,2.055793520577936
main/E_lab/code_leaning_hard/D_code/tau0.1/ones/incl/k7/rG256/ctl-usage,256,usage,7,508,1.6457985324559559
main/E_lab/code_leaning_hard/D_code/tau0.1/ones/incl/k7/rG256/ctl-usage,256,usage,7,509,1.6766849547220772
main/E_lab/code_leaning_hard/D_code/tau0.1/ones/incl/k7/rG256/ctl-usage,256,usage,7,510,1.6104061220066797
main/E_lab/code_leaning_hard/D_code/tau0.1/ones/incl/k7/rG256/ctl-usage,256,usage,7,511,1.365316748812802
main/E_lab/code_leaning_hard/D_code/tau0.1/ones/incl/k0/rG1007/ctl-usage,1007,usage,0,0,4.979223951829226
main/E_lab/code_leaning_hard/D_code/tau0.1/ones/incl/k0/rG1007/ctl-usage,1007,usage,0,1,5.449080330039578
main/E_lab/code_leaning_hard/D_code/tau0.1/ones/incl/k0/rG1007/ctl-usage,1007,usage,0,2,6.243883349415228
main/E_lab/code_leaning_hard/D_code/tau0.1/ones/incl/k0/rG1007/ctl-usage,1007,usage,0,3,5.361441640555768
main/E_lab/code_leaning_hard/D_code/tau0.1/ones/incl/k0/rG1007/ctl-usage,1007,usage,0,4,4.089495801365047
main/E_lab/code_leaning_hard/D_code/tau0.1/ones/incl/k0/rG1007/ctl-usage,1007,usage,0,5,5.764474002025054
main/E_lab/code_leaning_hard/D_code/tau0.1/ones/incl/k0/rG1007/ctl-usage,1007,usage,0,6,6.504864669085691
main/E_lab/code_leaning_hard/D_code/tau0.1/ones/incl/k0/rG1007/ctl-usage,1007,usage,0,7,5.7252981118399475
main/E_lab/code_leaning_hard/D_code/tau0.1/ones/incl/k0/rG1007/ctl-usage,1007,usage,0,8,7.531340733180514
main/E_lab/code_leaning_hard/D_code/tau0.1/ones/incl/k0/rG1007/ctl-usage,1007,usage,0,9,6.134561606995703
main/E_lab/code_leaning_hard/D_code/tau0.1/ones/incl/k0/rG1007/ctl-usage,1007,usage,0,10,4.921511365225342
main/E_lab/code_leaning_hard/D_code/tau0.1/ones/incl/k0/rG1007/ctl-usage,1007,usage,0,11,3.7465083646723087
main/E_lab/code_leaning_hard/D_code/tau0.1/ones/incl/k0/rG1007/ctl-usage,1007,usage,0,12,4.3854505079898445
main/E_lab/code_leaning_hard/D_code/tau0.1/ones/incl/k0/rG1007/ctl-usage,1007,usage,0,13,4.5416843589700875
main/E_lab/code_leaning_hard/D_code/tau0.1/ones/incl/k0/rG1007/ctl-usage,1007,usage,0,14,5.163073032083048
main/E_lab/code_leaning_hard/D_code/tau0.1/ones/incl/k0/rG1007/ctl-usage,1007,usage,0,15,4.579221616446375
main/E_lab/code_leaning_hard/D_code/tau0.1/ones/incl/k0/rG1007/ctl-usage,1007,usage,0,16,4.717481447175487
main/E_lab/code_leaning_hard/D_code/tau0.1/ones/incl/k0/rG1007/ctl-usage,1007,usage,0,17,5.381139062020338
main/E_lab/code_leaning_hard/D_code/tau0.1/ones/incl/k0/rG1007/ctl-usage,1007,usage,0,18,5.24942554687118
main/E_lab/code_leaning_hard/D_code/tau0.1/ones/incl/k0/rG1007/ctl-usage,1007,usage,0,19,4.863351615290412
main/E_lab/code_leaning_hard/D_code/tau0.1/ones/incl/k0/rG1007/ctl-usage,1007,usage,0,20,5.2574004323334975
main/E_lab/code_leaning_hard/D_code/tau0.1/ones/incl/k0/rG1007/ctl-usage,1007,usage,0,21,4.514670188150376
main/E_lab/code_leaning_hard/D_code/tau0.1/ones/incl/k0/rG1007/ctl-usage,1007,usage,0,22,5.307394934420699
main/E_lab/code_leaning_hard/D_code/tau0.1/ones/incl/k0/rG1007/ctl-usage,1007,usage,0,23,5.734387663352663
main/E_lab/code_leaning_hard/D_code/tau0.1/ones/incl/k0/rG1007/ctl-usage,1007,usage,0,24,5.1349235537627465
main/E_lab/code_leaning_hard/D_code/tau0.1/ones/incl/k0/rG1007/ctl-usage,1007,usage,0,25,5.091008893299431
main/E_lab/code_leaning_hard/D_code/tau0.1/ones/incl/k0/rG1007/ctl-usage,1007,usage,0,26,8.222493270882751
main/E_lab/code_leaning_hard/D_code/tau0.1/ones/incl/k0/rG1007/ctl-usage,1007,usage,0,27,9.193470123930183
main/E_lab/code_leaning_hard/D_code/tau0.1/ones/incl/k0/rG1007/ctl-usage,1007,usage,0,28,6.7043054125757635
main/E_lab/code_leaning_hard/D_code/tau0.1/ones/incl/k0/rG1007/ctl-usage,1007,usage,0,29,5.812447863363332
main/E_lab/code_leaning_hard/D_code/tau0.1/ones/incl/k0/rG1007/ctl-usage,1007,usage,0,30,5.227126691846934
main/E_lab/code_leaning_hard/D_code/tau0.1/ones/incl/k0/rG1007/ctl-usage,1007,usage,0,31,6.2002420616368
main/E_lab/code_leaning_hard/D_code/tau0.1/ones/incl/k0/rG1007/ctl-usage,1007,usage,0,32,5.86453106074714
main/E_lab/code_leaning_hard/D_code/tau0.1/ones/incl/k0/rG1007/ctl-usage,1007,usage,0,33,6.780769590698583
main/E_lab/code_leaning_hard/D_code/tau0.1/ones/incl/k0/rG1007/ctl-usage,1007,usage,0,34,6.994998901767758
main/E_lab/code_leaning_hard/D_code/tau0.1/ones/incl/k0/rG1007/ctl-usage,1007,usage,0,35,4.709952898937445
main/E_lab/code_leaning_hard/D_code/tau0.1/ones/incl/k0/rG1007/ctl-usage,1007,usage,0,36,6.491292727256223
main/E_lab/code_leaning_hard/D_code/tau0.1/ones/incl/k0/rG1007/ctl-usage,1007,usage,0,37,4.106985606935723
main/E_lab/code_leaning_hard/D_code/tau0.1/ones/incl/k0/rG1007/ctl-usage,1007,usage,0,38,5.9100158745791305
main/E_lab/code_leaning_hard/D_code/tau0.1/ones/incl/k0/rG1007/ctl-usage,1007,usage,0,39,8.896770005040707
main/E_lab/code_leaning_hard/D_code/tau0.1/ones/incl/k0/rG1007/ctl-usage,1007,usage,0,40,9.383946122725547
main/E_lab/code_leaning_hard/D_code/tau0.1/ones/incl/k0/rG1007/ctl-usage,1007,usage,0,41,14.451103958245085
main/E_lab/code_leaning_hard/D_code/tau0.1/ones/incl/k0/rG1007/ctl-usage,1007,usage,0,42,8.356649154226261
main/E_lab/code_leaning_hard/D_code/tau0.1/ones/incl/k0/rG1007/ctl-usage,1007,usage,0,43,5.827661449558036
main/E_lab/code_leaning_hard/D_code/tau0.1/ones/incl/k0/rG1007/ctl-usage,1007,usage,0,44,4.38368078592066
main/E_lab/code_leaning_hard/D_code/tau0.1/ones/incl/k0/rG1007/ctl-usage,1007,usage,0,45,5.550077558835255
main/E_lab/code_leaning_hard/D_code/tau0.1/ones/incl/k0/rG1007/ctl-usage,1007,usage,0,46,6.224134824001453
main/E_lab/code_leaning_hard/D_code/tau0.1/ones/incl/k0/rG1007/ctl-usage,1007,usage,0,47,6.229963136077231
main/E_lab/code_leaning_hard/D_code/tau0.1/ones/incl/k0/rG1007/ctl-usage,1007,usage,0,48,5.580336299606643
main/E_lab/code_leaning_hard/D_code/tau0.1/ones/incl/k0/rG1007/ctl-usage,1007,usage,0,49,5.166499407895117
main/E_lab/code_leaning_hard/D_code/tau0.1/ones/incl/k0/rG1007/ctl-usage,1007,usage,0,50,6.071520829699466
main/E_lab/code_leaning_hard/D_code/tau0.1/ones/incl/k0/rG1007/ctl-usage,1007,usage,0,51,7.9822136722591495
main/E_lab/code_leaning_hard/D_code/tau0.1/ones/incl/k0/rG1007/ctl-usage,1007,usage,0,52,5.452339001675682
main/E_lab/code_leaning_hard/D_code/tau0.1/ones/incl/k0/rG1007/ctl-usage,1007,usage,0,53,5.476287754195255
main/E_lab/code_leaning_hard/D_code/tau0.1/ones/incl/k0/rG1007/ctl-usage,1007,usage,0,54,4.251801885158329
main/E_lab/code_leaning_hard/D_code/tau0.1/ones/incl/k0/rG1007/ctl-usage,1007,usage,0,55,5.440642747832499
main/E_lab/code_leaning_hard/D_code/tau0.1/ones/incl/k0/rG1007/ctl-usage,1007,usage,0,56,4.477772771909713
main/E_lab/code_leaning_hard/D_code/tau0.1/ones/incl/k0/rG1007/ctl-usage,1007,usage,0,57,5.036962809097076
main/E_lab/code_leaning_hard/D_code/tau0.1/ones/incl/k0/rG1007/ctl-usage,1007,usage,0,58,3.6972639218565746
main/E_lab/code_leaning_hard/D_code/tau0.1/ones/incl/k0/rG1007/ctl-usage,1007,usage,0,59,4.056406914357467
main/E_lab/code_leaning_hard/D_code/tau0.1/ones/incl/k0/rG1007/ctl-usage,1007,usage,0,60,5.428845736065796
main/E_lab/code_leaning_hard/D_code/tau0.1/ones/incl/k0/rG1007/ctl-usage,1007,usage,0,61,4.351559408549292
main/E_lab/code_leaning_hard/D_code/tau0.1/ones/incl/k0/rG1007/ctl-usage,1007,usage,0,62,4.462152893106577
main/E_lab/code_leaning_hard/D_code/tau0.1/ones/incl/k0/rG1007/ctl-usage,1007,usage,0,63,4.171450179787485
main/E_lab/code_leaning_hard/D_code/tau0.1/ones/incl/k0/rG1007/ctl-usage,1007,usage,0,64,5.442408246261039
main/E_lab/code_leaning_hard/D_code/tau0.1/ones/incl/k0/rG1007/ctl-usage,1007,usage,0,65,5.64011987504432
main/E_lab/code_leaning_hard/D_code/tau0.1/ones/incl/k0/rG1007/ctl-usage,1007,usage,0,66,9.830710071015346
main/E_lab/code_leaning_hard/D_code/tau0.1/ones/incl/k0/rG1007/ctl-usage,1007,usage,0,67,14.432530109806805
main/E_lab/code_leaning_hard/D_code/tau0.1/ones/incl/k0/rG1007/ctl-usage,1007,usage,0,68,14.832486299413176
main/E_lab/code_leaning_hard/D_code/tau0.1/ones/incl/k0/rG1007/ctl-usage,1007,usage,0,69,10.828057247830088
main/E_lab/code_leaning_hard/D_code/tau0.1/ones/incl/k0/rG1007/ctl-usage,1007,usage,0,70,20.572237883644448
main/E_lab/code_leaning_hard/D_code/tau0.1/ones/incl/k0/rG1007/ctl-usage,1007,usage,0,71,20.026785229914594
main/E_lab/code_leaning_hard/D_code/tau0.1/ones/incl/k0/rG1007/ctl-usage,1007,usage,0,72,19.96994110907133
main/E_lab/code_leaning_hard/D_code/tau0.1/ones/incl/k0/rG1007/ctl-usage,1007,usage,0,73,19.398040435801704
main/E_lab/code_leaning_hard/D_code/tau0.1/ones/incl/k0/rG1007/ctl-usage,1007,usage,0,74,12.86393574315548
main/E_lab/code_leaning_hard/D_code/tau0.1/ones/incl/k0/rG1007/ctl-usage,1007,usage,0,75,17.50093025121373
main/E_lab/code_leaning_hard/D_code/tau0.1/ones/incl/k0/rG1007/ctl-usage,1007,usage,0,76,18.199065214336315
main/E_lab/code_leaning_hard/D_code/tau0.1/ones/incl/k0/rG1007/ctl-usage,1007,usage,0,77,18.591590510562696
main/E_lab/code_leaning_hard/D_code/tau0.1/ones/incl/k0/rG1007/ctl-usage,1007,usage,0,78,19.150878542800456
main/E_lab/code_leaning_hard/D_code/tau0.1/ones/incl/k0/rG1007/ctl-usage,1007,usage,0,79,14.369075734173407
main/E_lab/code_leaning_hard/D_code/tau0.1/ones/incl/k0/rG1007/ctl-usage,1007,usage,0,80,19.38029504186636
main/E_lab/code_leaning_hard/D_code/tau0.1/ones/incl/k0/rG1007/ctl-usage,1007,usage,0,81,18.761618115197507
main/E_lab/code_leaning_hard/D_code/tau0.1/ones/incl/k0/rG1007/ctl-usage,1007,usage,0,82,18.96748841693136
main/E_lab/code_leaning_hard/D_code/tau0.1/ones/incl/k0/rG1007/ctl-usage,1007,usage,0,83,18.978842217963688
main/E_lab/code_leaning_hard/D_code/tau0.1/ones/incl/k0/rG1007/ctl-usage,1007,usage,0,84,18.72112247715495
main/E_lab/code_leaning_hard/D_code/tau0.1/ones/incl/k0/rG1007/ctl-usage,1007,usage,0,85,19.507304903893214
main/E_lab/code_leaning_hard/D_code/tau0.1/ones/incl/k0/rG1007/ctl-usage,1007,usage,0,86,19.782420766490873
main/E_lab/code_leaning_hard/D_code/tau0.1/ones/incl/k0/rG1007/ctl-usage,1007,usage,0,87,19.367366289672646
main/E_lab/code_leaning_hard/D_code/tau0.1/ones/incl/k0/rG1007/ctl-usage,1007,usage,0,88,20.112070965294492
main/E_lab/code_leaning_hard/D_code/tau0.1/ones/incl/k0/rG1007/ctl-usage,1007,usage,0,89,9.491178517948356
main/E_lab/code_leaning_hard/D_code/tau0.1/ones/incl/k0/rG1007/ctl-usage,1007,usage,0,90,5.840073534533076
main/E_lab/code_leaning_hard/D_code/tau0.1/ones/incl/k0/rG1007/ctl-usage,1007,usage,0,91,4.887682312353718
main/E_lab/code_leaning_hard/D_code/tau0.1/ones/incl/k0/rG1007/ctl-usage,1007,usage,0,92,7.272000812896749
main/E_lab/code_leaning_hard/D_code/tau0.1/ones/incl/k0/rG1007/ctl-usage,1007,usage,0,93,6.337606331733241
main/E_lab/code_leaning_hard/D_code/tau0.1/ones/incl/k0/rG1007/ctl-usage,1007,usage,0,94,4.992547414391993
main/E_lab/code_leaning_hard/D_code/tau0.1/ones/incl/k0/rG1007/ctl-usage,1007,usage,0,95,4.948617393178665
main/E_lab/code_leaning_hard/D_code/tau0.1/ones/incl/k0/rG1007/ctl-usage,1007,usage,0,96,5.30814819070747
main/E_lab/code_leaning_hard/D_code/tau0.1/ones/incl/k0/rG1007/ctl-usage,1007,usage,0,97,4.955371912494229
main/E_lab/code_leaning_hard/D_code/tau0.1/ones/incl/k0/rG1007/ctl-usage,1007,usage,0,98,5.496494863072257
main/E_lab/code_leaning_hard/D_code/tau0.1/ones/incl/k0/rG1007/ctl-usage,1007,usage,0,99,5.462836702883578
main/E_lab/code_leaning_hard/D_code/tau0.1/ones/incl/k0/rG1007/ctl-usage,1007,usage,0,100,5.921705679584193
main/E_lab/code_leaning_hard/D_code/tau0.1/ones/incl/k0/rG1007/ctl-usage,1007,usage,0,101,4.371989607848718
main/E_lab/code_leaning_hard/D_code/tau0.1/ones/incl/k0/rG1007/ctl-usage,1007,usage,0,102,5.927392466365291
main/E_lab/code_leaning_hard/D_code/tau0.1/ones/incl/k0/rG1007/ctl-usage,1007,usage,0,103,6.893865514664412
main/E_lab/code_leaning_hard/D_code/tau0.1/ones/incl/k0/rG1007/ctl-usage,1007,usage,0,104,5.166820831715995
main/E_lab/code_leaning_hard/D_code/tau0.1/ones/incl/k0/rG1007/ctl-usage,1007,usage,0,105,6.568633770104952
main/E_lab/code_leaning_hard/D_code/tau0.1/ones/incl/k0/rG1007/ctl-usage,1007,usage,0,106,6.441998180151586
main/E_lab/code_leaning_hard/D_code/tau0.1/ones/incl/k0/rG1007/ctl-usage,1007,usage,0,107,7.130761741414062
main/E_lab/code_leaning_hard/D_code/tau0.1/ones/incl/k0/rG1007/ctl-usage,1007,usage,0,108,6.811216112563216
main/E_lab/code_leaning_hard/D_code/tau0.1/ones/incl/k0/rG1007/ctl-usage,1007,usage,0,109,6.878142497373574
main/E_lab/code_leaning_hard/D_code/tau0.1/ones/incl/k0/rG1007/ctl-usage,1007,usage,0,110,7.623062604551706
main/E_lab/code_leaning_hard/D_code/tau0.1/ones/incl/k0/rG1007/ctl-usage,1007,usage,0,111,6.726601937908072
main/E_lab/code_leaning_hard/D_code/tau0.1/ones/incl/k0/rG1007/ctl-usage,1007,usage,0,112,6.64224415389117
main/E_lab/code_leaning_hard/D_code/tau0.1/ones/incl/k0/rG1007/ctl-usage,1007,usage,0,113,7.9063319206234155
main/E_lab/code_leaning_hard/D_code/tau0.1/ones/incl/k0/rG1007/ctl-usage,1007,usage,0,114,6.9125688906226515
main/E_lab/code_leaning_hard/D_code/tau0.1/ones/incl/k0/rG1007/ctl-usage,1007,usage,0,115,6.294391333601197
main/E_lab/code_leaning_hard/D_code/tau0.1/ones/incl/k0/rG1007/ctl-usage,1007,usage,0,116,4.541859860364639
main/E_lab/code_leaning_hard/D_code/tau0.1/ones/incl/k0/rG1007/ctl-usage,1007,usage,0,117,5.523998165722787
main/E_lab/code_leaning_hard/D_code/tau0.1/ones/incl/k0/rG1007/ctl-usage,1007,usage,0,118,5.298186864933086
main/E_lab/code_leaning_hard/D_code/tau0.1/ones/incl/k0/rG1007/ctl-usage,1007,usage,0,119,5.3070836098431755
main/E_lab/code_leaning_hard/D_code/tau0.1/ones/incl/k0/rG1007/ctl-usage,1007,usage,0,120,4.25514564725745
main/E_lab/code_leaning_hard/D_code/tau0.1/ones/incl/k0/rG1007/ctl-usage,1007,usage,0,121,5.800708407316506
main/E_lab/code_leaning_hard/D_code/tau0.1/ones/incl/k0/rG1007/ctl-usage,1007,usage,0,122,7.527341813169414
main/E_lab/code_leaning_hard/D_code/tau0.1/ones/incl/k0/rG1007/ctl-usage,1007,usage,0,123,9.230013524359151
main/E_lab/code_leaning_hard/D_code/tau0.1/ones/incl/k0/rG1007/ctl-usage,1007,usage,0,124,7.497154368267957
main/E_lab/code_leaning_hard/D_code/tau0.1/ones/incl/k0/rG1007/ctl-usage,1007,usage,0,125,4.596382055258346
main/E_lab/code_leaning_hard/D_code/tau0.1/ones/incl/k0/rG1007/ctl-usage,1007,usage,0,126,6.136223172186419
main/E_lab/code_leaning_hard/D_code/tau0.1/ones/incl/k0/rG1007/ctl-usage,1007,usage,0,127,5.9999421898760374
main/E_lab/code_leaning_hard/D_code/tau0.1/ones/incl/k0/rG1007/ctl-usage,1007,usage,0,128,5.32142958911345
main/E_lab/code_leaning_hard/D_code/tau0.1/ones/incl/k0/rG1007/ctl-usage,1007,usage,0,129,5.796623065292806
main/E_lab/code_leaning_hard/D_code/tau0.1/ones/incl/k0/rG1007/ctl-usage,1007,usage,0,130,5.856017822971353
main/E_lab/code_leaning_hard/D_code/tau0.1/ones/incl/k0/rG1007/ctl-usage,1007,usage,0,131,6.126654474890927
main/E_lab/code_leaning_hard/D_code/tau0.1/ones/incl/k0/rG1007/ctl-usage,1007,usage,0,132,6.704479500819161
main/E_lab/code_leaning_hard/D_code/tau0.1/ones/incl/k0/rG1007/ctl-usage,1007,usage,0,133,6.932823609625757
main/E_lab/code_leaning_hard/D_code/tau0.1/ones/incl/k0/rG1007/ctl-usage,1007,usage,0,134,4.740716316605358
main/E_lab/code_leaning_hard/D_code/tau0.1/ones/incl/k0/rG1007/ctl-usage,1007,usage,0,135,4.526049578346829
main/E_lab/code_leaning_hard/D_code/tau0.1/ones/incl/k0/rG1007/ctl-usage,1007,usage,0,136,7.7771772166547635
main/E_lab/code_leaning_hard/D_code/tau0.1/ones/incl/k0/rG1007/ctl-usage,1007,usage,0,137,6.3449577300752935
main/E_lab/code_leaning_hard/D_code/tau0.1/ones/incl/k0/rG1007/ctl-usage,1007,usage,0,138,5.95156044057785
main/E_lab/code_leaning_hard/D_code/tau0.1/ones/incl/k0/rG1007/ctl-usage,1007,usage,0,139,5.980968412917264
main/E_lab/code_leaning_hard/D_code/tau0.1/ones/incl/k0/rG1007/ctl-usage,1007,usage,0,140,6.850917445544155
main/E_lab/code_leaning_hard/D_code/tau0.1/ones/incl/k0/rG1007/ctl-usage,1007,usage,0,141,6.802885637847794
main/E_lab/code_leaning_hard/D_code/tau0.1/ones/incl/k0/rG1007/ctl-usage,1007,usage,0,142,7.338951741744495
main/E_lab/code_leaning_hard/D_code/tau0.1/ones/incl/k0/rG1007/ctl-usage,1007,usage,0,143,7.227242585893691
main/E_lab/code_leaning_hard/D_code/tau0.1/ones/incl/k0/rG1007/ctl-usage,1007,usage,0,144,7.292567153170239
main/E_lab/code_leaning_hard/D_code/tau0.1/ones/incl/k0/rG1007/ctl-usage,1007,usage,0,145,7.2007375542375485
main/E_lab/code_leaning_hard/D_code/tau0.1/ones/incl/k0/rG1007/ctl-usage,1007,usage,0,146,8.656130547727571
main/E_lab/code_leaning_hard/D_code/tau0.1/ones/incl/k0/rG1007/ctl-usage,1007,usage,0,147,5.885957926908759
main/E_lab/code_leaning_hard/D_code/tau0.1/ones/incl/k0/rG1007/ctl-usage,1007,usage,0,148,10.642375839944634
main/E_lab/code_leaning_hard/D_code/tau0.1/ones/incl/k0/rG1007/ctl-usage,1007,usage,0,149,14.351453500661705
main/E_lab/code_leaning_hard/D_code/tau0.1/ones/incl/k0/rG1007/ctl-usage,1007,usage,0,150,10.880668469495049
main/E_lab/code_leaning_hard/D_code/tau0.1/ones/incl/k0/rG1007/ctl-usage,1007,usage,0,151,11.04282605758658
main/E_lab/code_leaning_hard/D_code/tau0.1/ones/incl/k0/rG1007/ctl-usage,1007,usage,0,152,10.822556802547751
main/E_lab/code_leaning_hard/D_code/tau0.1/ones/incl/k0/rG1007/ctl-usage,1007,usage,0,153,9.120854538066965
main/E_lab/code_leaning_hard/D_code/tau0.1/ones/incl/k0/rG1007/ctl-usage,1007,usage,0,154,12.828925585012712
main/E_lab/code_leaning_hard/D_code/tau0.1/ones/incl/k0/rG1007/ctl-usage,1007,usage,0,155,17.60008064650617
main/E_lab/code_leaning_hard/D_code/tau0.1/ones/incl/k0/rG1007/ctl-usage,1007,usage,0,156,16.025539670946387
main/E_lab/code_leaning_hard/D_code/tau0.1/ones/incl/k0/rG1007/ctl-usage,1007,usage,0,157,16.44578917729723
main/E_lab/code_leaning_hard/D_code/tau0.1/ones/incl/k0/rG1007/ctl-usage,1007,usage,0,158,7.967146354484612
main/E_lab/code_leaning_hard/D_code/tau0.1/ones/incl/k0/rG1007/ctl-usage,1007,usage,0,159,6.460678716090342
main/E_lab/code_leaning_hard/D_code/tau0.1/ones/incl/k0/rG1007/ctl-usage,1007,usage,0,160,8.962138754839543
main/E_lab/code_leaning_hard/D_code/tau0.1/ones/incl/k0/rG1007/ctl-usage,1007,usage,0,161,9.049945757115893
main/E_lab/code_leaning_hard/D_code/tau0.1/ones/incl/k0/rG1007/ctl-usage,1007,usage,0,162,6.357685607923486
main/E_lab/code_leaning_hard/D_code/tau0.1/ones/incl/k0/rG1007/ctl-usage,1007,usage,0,163,4.624726770226289
main/E_lab/code_leaning_hard/D_code/tau0.1/ones/incl/k0/rG1007/ctl-usage,1007,usage,0,164,4.089695034766919
main/E_lab/code_leaning_hard/D_code/tau0.1/ones/incl/k0/rG1007/ctl-usage,1007,usage,0,165,3.804674133410117
main/E_lab/code_leaning_hard/D_code/tau0.1/ones/incl/k0/rG1007/ctl-usage,1007,usage,0,166,4.397868494386785
main/E_lab/code_leaning_hard/D_code/tau0.1/ones/incl/k0/rG1007/ctl-usage,1007,usage,0,167,4.557773694963089
main/E_lab/code_leaning_hard/D_code/tau0.1/ones/incl/k0/rG1007/ctl-usage,1007,usage,0,168,4.754795565885161
main/E_lab/code_leaning_hard/D_code/tau0.1/ones/incl/k0/rG1007/ctl-usage,1007,usage,0,169,5.340842688822022
main/E_lab/code_leaning_hard/D_code/tau0.1/ones/incl/k0/rG1007/ctl-usage,1007,usage,0,170,5.6784604534894925
main/E_lab/code_leaning_hard/D_code/tau0.1/ones/incl/k0/rG1007/ctl-usage,1007,usage,0,171,3.6813062941801036
main/E_lab/code_leaning_hard/D_code/tau0.1/ones/incl/k0/rG1007/ctl-usage,1007,usage,0,172,5.448108278051222
main/E_lab/code_leaning_hard/D_code/tau0.1/ones/incl/k0/rG1007/ctl-usage,1007,usage,0,173,6.375713185254426
main/E_lab/code_leaning_hard/D_code/tau0.1/ones/incl/k0/rG1007/ctl-usage,1007,usage,0,174,10.049707135741755
main/E_lab/code_leaning_hard/D_code/tau0.1/ones/incl/k0/rG1007/ctl-usage,1007,usage,0,175,7.569877024873676
main/E_lab/code_leaning_hard/D_code/tau0.1/ones/incl/k0/rG1007/ctl-usage,1007,usage,0,176,7.633501315083777
main/E_lab/code_leaning_hard/D_code/tau0.1/ones/incl/k0/rG1007/ctl-usage,1007,usage,0,177,7.790097988810544
main/E_lab/code_leaning_hard/D_code/tau0.1/ones/incl/k0/rG1007/ctl-usage,1007,usage,0,178,7.122352127028535
main/E_lab/code_leaning_hard/D_code/tau0.1/ones/incl/k0/rG1007/ctl-usage,1007,usage,0,179,6.2158171414653225
main/E_lab/code_leaning_hard/D_code/tau0.1/ones/incl/k0/rG1007/ctl-usage,1007,usage,0,180,5.451223907292842
main/E_lab/code_leaning_hard/D_code/tau0.1/ones/incl/k0/rG1007/ctl-usage,1007,usage,0,181,5.142698493064472
main/E_lab/code_leaning_hard/D_code/tau0.1/ones/incl/k0/rG1007/ctl-usage,1007,usage,0,182,5.753677214089294
main/E_lab/code_leaning_hard/D_code/tau0.1/ones/incl/k0/rG1007/ctl-usage,1007,usage,0,183,5.233956634698188
main/E_lab/code_leaning_hard/D_code/tau0.1/ones/incl/k0/rG1007/ctl-usage,1007,usage,0,184,5.204031958369342
main/E_lab/code_leaning_hard/D_code/tau0.1/ones/incl/k0/rG1007/ctl-usage,1007,usage,0,185,5.971348954206405
main/E_lab/code_leaning_hard/D_code/tau0.1/ones/incl/k0/rG1007/ctl-usage,1007,usage,0,186,4.18327525045288
main/E_lab/code_leaning_hard/D_code/tau0.1/ones/incl/k0/rG1007/ctl-usage,1007,usage,0,187,5.136204017761656
main/E_lab/code_leaning_hard/D_code/tau0.1/ones/incl/k0/rG1007/ctl-usage,1007,usage,0,188,4.715804885127909
main/E_lab/code_leaning_hard/D_code/tau0.1/ones/incl/k0/rG1007/ctl-usage,1007,usage,0,189,5.792297472921291
main/E_lab/code_leaning_hard/D_code/tau0.1/ones/incl/k0/rG1007/ctl-usage,1007,usage,0,190,6.634329804396202
main/E_lab/code_leaning_hard/D_code/tau0.1/ones/incl/k0/rG1007/ctl-usage,1007,usage,0,191,4.980150928666262
main/E_lab/code_leaning_hard/D_code/tau0.1/ones/incl/k0/rG1007/ctl-usage,1007,usage,0,192,5.1618197574021
main/E_lab/code_leaning_hard/D_code/tau0.1/ones/incl/k0/rG1007/ctl-usage,1007,usage,0,193,8.217729252884965
main/E_lab/code_leaning_hard/D_code/tau0.1/ones/incl/k0/rG1007/ctl-usage,1007,usage,0,194,7.88531314833881
main/E_lab/code_leaning_hard/D_code/tau0.1/ones/incl/k0/rG1007/ctl-usage,1007,usage,0,195,6.9001635233044
main/E_lab/code_leaning_hard/D_code/tau0.1/ones/incl/k0/rG1007/ctl-usage,1007,usage,0,196,5.581279699702918
main/E_lab/code_leaning_hard/D_code/tau0.1/ones/incl/k0/rG1007/ctl-usage,1007,usage,0,197,5.300054956178883
main/E_lab/code_leaning_hard/D_code/tau0.1/ones/incl/k0/rG1007/ctl-usage,1007,usage,0,198,4.814723149196652
main/E_lab/code_leaning_hard/D_code/tau0.1/ones/incl/k0/rG1007/ctl-usage,1007,usage,0,199,7.184110663072829
main/E_lab/code_leaning_hard/D_code/tau0.1/ones/incl/k0/rG1007/ctl-usage,1007,usage,0,200,5.341192998910174
main/E_lab/code_leaning_hard/D_code/tau0.1/ones/incl/k0/rG1007/ctl-usage,1007,usage,0,201,5.706425201805814
main/E_lab/code_leaning_hard/D_code/tau0.1/ones/incl/k0/rG1007/ctl-usage,1007,usage,0,202,5.951115574378491
main/E_lab/code_leaning_hard/D_code/tau0.1/ones/incl/k0/rG1007/ctl-usage,1007,usage,0,203,3.7843602940693017
main/E_lab/code_leaning_hard/D_code/tau0.1/ones/incl/k0/rG1007/ctl-usage,1007,usage,0,204,3.5318580180596655
main/E_lab/code_leaning_hard/D_code/tau0.1/ones/incl/k0/rG1007/ctl-usage,1007,usage,0,205,4.169970336246479
main/E_lab/code_leaning_hard/D_code/tau0.1/ones/incl/k0/rG1007/ctl-usage,1007,usage,0,206,4.396878189510062
main/E_lab/code_leaning_hard/D_code/tau0.1/ones/incl/k0/rG1007/ctl-usage,1007,usage,0,207,3.8982734226647153
main/E_lab/code_leaning_hard/D_code/tau0.1/ones/incl/k0/rG1007/ctl-usage,1007,usage,0,208,3.624750920612314
main/E_lab/code_leaning_hard/D_code/tau0.1/ones/incl/k0/rG1007/ctl-usage,1007,usage,0,209,4.768777595800202
main/E_lab/code_leaning_hard/D_code/tau0.1/ones/incl/k0/rG1007/ctl-usage,1007,usage,0,210,15.493318747823196
main/E_lab/code_leaning_hard/D_code/tau0.1/ones/incl/k0/rG1007/ctl-usage,1007,usage,0,211,18.468874676675114
main/E_lab/code_leaning_hard/D_code/tau0.1/ones/incl/k0/rG1007/ctl-usage,1007,usage,0,212,13.755176522155125
main/E_lab/code_leaning_hard/D_code/tau0.1/ones/incl/k0/rG1007/ctl-usage,1007,usage,0,213,5.01652204420634
main/E_lab/code_leaning_hard/D_code/tau0.1/ones/incl/k0/rG1007/ctl-usage,1007,usage,0,214,5.445139032990028
main/E_lab/code_leaning_hard/D_code/tau0.1/ones/incl/k0/rG1007/ctl-usage,1007,usage,0,215,7.677254381674629
main/E_lab/code_leaning_hard/D_code/tau0.1/ones/incl/k0/rG1007/ctl-usage,1007,usage,0,216,10.998641197226675
main/E_lab/code_leaning_hard/D_code/tau0.1/ones/incl/k0/rG1007/ctl-usage,1007,usage,0,217,7.357287442637244
main/E_lab/code_leaning_hard/D_code/tau0.1/ones/incl/k0/rG1007/ctl-usage,1007,usage,0,218,7.1982457596514
main/E_lab/code_leaning_hard/D_code/tau0.1/ones/incl/k0/rG1007/ctl-usage,1007,usage,0,219,8.033623516214902
main/E_lab/code_leaning_hard/D_code/tau0.1/ones/incl/k0/rG1007/ctl-usage,1007,usage,0,220,7.888923314555996
main/E_lab/code_leaning_hard/D_code/tau0.1/ones/incl/k0/rG1007/ctl-usage,1007,usage,0,221,8.21989815527104
main/E_lab/code_leaning_hard/D_code/tau0.1/ones/incl/k0/rG1007/ctl-usage,1007,usage,0,222,6.819420711357907
main/E_lab/code_leaning_hard/D_code/tau0.1/ones/incl/k0/rG1007/ctl-usage,1007,usage,0,223,6.926127835663465
main/E_lab/code_leaning_hard/D_code/tau0.1/ones/incl/k0/rG1007/ctl-usage,1007,usage,0,224,5.556664886872568
main/E_lab/code_leaning_hard/D_code/tau0.1/ones/incl/k0/rG1007/ctl-usage,1007,usage,0,225,17.820481840124785
main/E_lab/code_leaning_hard/D_code/tau0.1/ones/incl/k0/rG1007/ctl-usage,1007,usage,0,226,11.064811083134373
main/E_lab/code_leaning_hard/D_code/tau0.1/ones/incl/k0/rG1007/ctl-usage,1007,usage,0,227,6.314986049809249
main/E_lab/code_leaning_hard/D_code/tau0.1/ones/incl/k0/rG1007/ctl-usage,1007,usage,0,228,5.625051841965615
main/E_lab/code_leaning_hard/D_code/tau0.1/ones/incl/k0/rG1007/ctl-usage,1007,usage,0,229,5.127275144101532
main/E_lab/code_leaning_hard/D_code/tau0.1/ones/incl/k0/rG1007/ctl-usage,1007,usage,0,230,5.611180469148621
main/E_lab/code_leaning_hard/D_code/tau0.1/ones/incl/k0/rG1007/ctl-usage,1007,usage,0,231,5.554621253875666
main/E_lab/code_leaning_hard/D_code/tau0.1/ones/incl/k0/rG1007/ctl-usage,1007,usage,0,232,5.354687549562186
main/E_lab/code_leaning_hard/D_code/tau0.1/ones/incl/k0/rG1007/ctl-usage,1007,usage,0,233,8.24436781461145
main/E_lab/code_leaning_hard/D_code/tau0.1/ones/incl/k0/rG1007/ctl-usage,1007,usage,0,234,8.22028895980884
main/E_lab/code_leaning_hard/D_code/tau0.1/ones/incl/k0/rG1007/ctl-usage,1007,usage,0,235,4.920027974677396
main/E_lab/code_leaning_hard/D_code/tau0.1/ones/incl/k0/rG1007/ctl-usage,1007,usage,0,236,10.945990068662695
main/E_lab/code_leaning_hard/D_code/tau0.1/ones/incl/k0/rG1007/ctl-usage,1007,usage,0,237,7.850388510911671
main/E_lab/code_leaning_hard/D_code/tau0.1/ones/incl/k0/rG1007/ctl-usage,1007,usage,0,238,4.584343101063951
main/E_lab/code_leaning_hard/D_code/tau0.1/ones/incl/k0/rG1007/ctl-usage,1007,usage,0,239,4.774811446475951
main/E_lab/code_leaning_hard/D_code/tau0.1/ones/incl/k0/rG1007/ctl-usage,1007,usage,0,240,4.455179645234239
main/E_lab/code_leaning_hard/D_code/tau0.1/ones/incl/k0/rG1007/ctl-usage,1007,usage,0,241,4.16647339611859
main/E_lab/code_leaning_hard/D_code/tau0.1/ones/incl/k0/rG1007/ctl-usage,1007,usage,0,242,4.450974764607963
main/E_lab/code_leaning_hard/D_code/tau0.1/ones/incl/k0/rG1007/ctl-usage,1007,usage,0,243,4.0007993039480425
main/E_lab/code_leaning_hard/D_code/tau0.1/ones/incl/k0/rG1007/ctl-usage,1007,usage,0,244,3.93834196183343
main/E_lab/code_leaning_hard/D_code/tau0.1/ones/incl/k0/rG1007/ctl-usage,1007,usage,0,245,4.819459628733966
main/E_lab/code_leaning_hard/D_code/tau0.1/ones/incl/k0/rG1007/ctl-usage,1007,usage,0,246,4.425333236905544
main/E_lab/code_leaning_hard/D_code/tau0.1/ones/incl/k0/rG1007/ctl-usage,1007,usage,0,247,4.499151993342821
main/E_lab/code_leaning_hard/D_code/tau0.1/ones/incl/k0/rG1007/ctl-usage,1007,usage,0,248,4.338294932969802
main/E_lab/code_leaning_hard/D_code/tau0.1/ones/incl/k0/rG1007/ctl-usage,1007,usage,0,249,3.5335440710641706
main/E_lab/code_leaning_hard/D_code/tau0.1/ones/incl/k0/rG1007/ctl-usage,1007,usage,0,250,4.231086390646851
main/E_lab/code_leaning_hard/D_code/tau0.1/ones/incl/k0/rG1007/ctl-usage,1007,usage,0,251,4.71022780772455
main/E_lab/code_leaning_hard/D_code/tau0.1/ones/incl/k0/rG1007/ctl-usage,1007,usage,0,252,4.446609845253079
main/E_lab/code_leaning_hard/D_code/tau0.1/ones/incl/k0/rG1007/ctl-usage,1007,usage,0,253,4.815294816393816
main/E_lab/code_leaning_hard/D_code/tau0.1/ones/incl/k0/rG1007/ctl-usage,1007,usage,0,254,4.250404530096148
main/E_lab/code_leaning_hard/D_code/tau0.1/ones/incl/k0/rG1007/ctl-usage,1007,usage,0,255,3.8889059757171935
main/E_lab/code_leaning_hard/D_code/tau0.1/ones/incl/k0/rG1007/ctl-usage,1007,usage,0,256,11.614453775388938
main/E_lab/code_leaning_hard/D_code/tau0.1/ones/incl/k0/rG1007/ctl-usage,1007,usage,0,257,13.163731061589871
main/E_lab/code_leaning_hard/D_code/tau0.1/ones/incl/k0/rG1007/ctl-usage,1007,usage,0,258,13.256997124705322
main/E_lab/code_leaning_hard/D_code/tau0.1/ones/incl/k0/rG1007/ctl-usage,1007,usage,0,259,12.708213956107215
main/E_lab/code_leaning_hard/D_code/tau0.1/ones/incl/k0/rG1007/ctl-usage,1007,usage,0,260,12.89079393803786
main/E_lab/code_leaning_hard/D_code/tau0.1/ones/incl/k0/rG1007/ctl-usage,1007,usage,0,261,13.246143531388498
main/E_lab/code_leaning_hard/D_code/tau0.1/ones/incl/k0/rG1007/ctl-usage,1007,usage,0,262,12.448876068279446
main/E_lab/code_leaning_hard/D_code/tau0.1/ones/incl/k0/rG1007/ctl-usage,1007,usage,0,263,15.538102497258706
main/E_lab/code_leaning_hard/D_code/tau0.1/ones/incl/k0/rG1007/ctl-usage,1007,usage,0,264,14.82364907052397
main/E_lab/code_leaning_hard/D_code/tau0.1/ones/incl/k0/rG1007/ctl-usage,1007,usage,0,265,13.670534154533925
main/E_lab/code_leaning_hard/D_code/tau0.1/ones/incl/k0/rG1007/ctl-usage,1007,usage,0,266,13.201704273582436
main/E_lab/code_leaning_hard/D_code/tau0.1/ones/incl/k0/rG1007/ctl-usage,1007,usage,0,267,12.430792444391955
main/E_lab/code_leaning_hard/D_code/tau0.1/ones/incl/k0/rG1007/ctl-usage,1007,usage,0,268,12.142994588343413
main/E_lab/code_leaning_hard/D_code/tau0.1/ones/incl/k0/rG1007/ctl-usage,1007,usage,0,269,12.13522677048104
main/E_lab/code_leaning_hard/D_code/tau0.1/ones/incl/k0/rG1007/ctl-usage,1007,usage,0,270,11.4437545286155
main/E_lab/code_leaning_hard/D_code/tau0.1/ones/incl/k0/rG1007/ctl-usage,1007,usage,0,271,11.470596305464824
main/E_lab/code_leaning_hard/D_code/tau0.1/ones/incl/k0/rG1007/ctl-usage,1007,usage,0,272,10.900687896637578
main/E_lab/code_leaning_hard/D_code/tau0.1/ones/incl/k0/rG1007/ctl-usage,1007,usage,0,273,12.7994186836454
main/E_lab/code_leaning_hard/D_code/tau0.1/ones/incl/k0/rG1007/ctl-usage,1007,usage,0,274,15.2657336442536
main/E_lab/code_leaning_hard/D_code/tau0.1/ones/incl/k0/rG1007/ctl-usage,1007,usage,0,275,11.15760623305789
main/E_lab/code_leaning_hard/D_code/tau0.1/ones/incl/k0/rG1007/ctl-usage,1007,usage,0,276,12.485371774656869
main/E_lab/code_leaning_hard/D_code/tau0.1/ones/incl/k0/rG1007/ctl-usage,1007,usage,0,277,11.6103551087283
main/E_lab/code_leaning_hard/D_code/tau0.1/ones/incl/k0/rG1007/ctl-usage,1007,usage,0,278,11.462284813171209
main/E_lab/code_leaning_hard/D_code/tau0.1/ones/incl/k0/rG1007/ctl-usage,1007,usage,0,279,12.052101265965575
main/E_lab/code_leaning_hard/D_code/tau0.1/ones/incl/k0/rG1007/ctl-usage,1007,usage,0,280,10.110712878669801
main/E_lab/code_leaning_hard/D_code/tau0.1/ones/incl/k0/rG1007/ctl-usage,1007,usage,0,281,13.42199500487368
main/E_lab/code_leaning_hard/D_code/tau0.1/ones/incl/k0/rG1007/ctl-usage,1007,usage,0,282,12.562992818186558
main/E_lab/code_leaning_hard/D_code/tau0.1/ones/incl/k0/rG1007/ctl-usage,1007,usage,0,283,12.992573222190003
main/E_lab/code_leaning_hard/D_code/tau0.1/ones/incl/k0/rG1007/ctl-usage,1007,usage,0,284,12.073813708265334
main/E_lab/code_leaning_hard/D_code/tau0.1/ones/incl/k0/rG1007/ctl-usage,1007,usage,0,285,11.799788647223068
main/E_lab/code_leaning_hard/D_code/tau0.1/ones/incl/k0/rG1007/ctl-usage,1007,usage,0,286,11.922851009272563
main/E_lab/code_leaning_hard/D_code/tau0.1/ones/incl/k0/rG1007/ctl-usage,1007,usage,0,287,12.069148659621987
main/E_lab/code_leaning_hard/D_code/tau0.1/ones/incl/k0/rG1007/ctl-usage,1007,usage,0,288,11.87727600852486
main/E_lab/code_leaning_hard/D_code/tau0.1/ones/incl/k0/rG1007/ctl-usage,1007,usage,0,289,11.379364526354038
main/E_lab/code_leaning_hard/D_code/tau0.1/ones/incl/k0/rG1007/ctl-usage,1007,usage,0,290,11.556096674905348
main/E_lab/code_leaning_hard/D_code/tau0.1/ones/incl/k0/rG1007/ctl-usage,1007,usage,0,291,11.947561726890399
main/E_lab/code_leaning_hard/D_code/tau0.1/ones/incl/k0/rG1007/ctl-usage,1007,usage,0,292,11.246457173365343
main/E_lab/code_leaning_hard/D_code/tau0.1/ones/incl/k0/rG1007/ctl-usage,1007,usage,0,293,11.923242221000692
main/E_lab/code_leaning_hard/D_code/tau0.1/ones/incl/k0/rG1007/ctl-usage,1007,usage,0,294,12.24838195879147
main/E_lab/code_leaning_hard/D_code/tau0.1/ones/incl/k0/rG1007/ctl-usage,1007,usage,0,295,11.721792569973331
main/E_lab/code_leaning_hard/D_code/tau0.1/ones/incl/k0/rG1007/ctl-usage,1007,usage,0,296,11.455777900702287
main/E_lab/code_leaning_hard/D_code/tau0.1/ones/incl/k0/rG1007/ctl-usage,1007,usage,0,297,10.75161599962712
main/E_lab/code_leaning_hard/D_code/tau0.1/ones/incl/k0/rG1007/ctl-usage,1007,usage,0,298,13.76730676447687
main/E_lab/code_leaning_hard/D_code/tau0.1/ones/incl/k0/rG1007/ctl-usage,1007,usage,0,299,11.957700723203743
main/E_lab/code_leaning_hard/D_code/tau0.1/ones/incl/k0/rG1007/ctl-usage,1007,usage,0,300,11.641421409603026
main/E_lab/code_leaning_hard/D_code/tau0.1/ones/incl/k0/rG1007/ctl-usage,1007,usage,0,301,10.758802705350263
main/E_lab/code_leaning_hard/D_code/tau0.1/ones/incl/k0/rG1007/ctl-usage,1007,usage,0,302,10.100817305290093
main/E_lab/code_leaning_hard/D_code/tau0.1/ones/incl/k0/rG1007/ctl-usage,1007,usage,0,303,10.891124464581935
main/E_lab/code_leaning_hard/D_code/tau0.1/ones/incl/k0/rG1007/ctl-usage,1007,usage,0,304,11.192378845904159
main/E_lab/code_leaning_hard/D_code/tau0.1/ones/incl/k0/rG1007/ctl-usage,1007,usage,0,305,11.930593917309125
main/E_lab/code_leaning_hard/D_code/tau0.1/ones/incl/k0/rG1007/ctl-usage,1007,usage,0,306,12.410838517024786
main/E_lab/code_leaning_hard/D_code/tau0.1/ones/incl/k0/rG1007/ctl-usage,1007,usage,0,307,11.436370292846732
main/E_lab/code_leaning_hard/D_code/tau0.1/ones/incl/k0/rG1007/ctl-usage,1007,usage,0,308,11.828263468258228
main/E_lab/code_leaning_hard/D_code/tau0.1/ones/incl/k0/rG1007/ctl-usage,1007,usage,0,309,12.1433134210979
main/E_lab/code_leaning_hard/D_code/tau0.1/ones/incl/k0/rG1007/ctl-usage,1007,usage,0,310,11.962327111229115
main/E_lab/code_leaning_hard/D_code/tau0.1/ones/incl/k0/rG1007/ctl-usage,1007,usage,0,311,11.467066628759312
main/E_lab/code_leaning_hard/D_code/tau0.1/ones/incl/k0/rG1007/ctl-usage,1007,usage,0,312,11.929143662067418
main/E_lab/code_leaning_hard/D_code/tau0.1/ones/incl/k0/rG1007/ctl-usage,1007,usage,0,313,11.34055566302959
main/E_lab/code_leaning_hard/D_code/tau0.1/ones/incl/k0/rG1007/ctl-usage,1007,usage,0,314,11.639683139601402
main/E_lab/code_leaning_hard/D_code/tau0.1/ones/incl/k0/rG1007/ctl-usage,1007,usage,0,315,11.934153087499908
main/E_lab/code_leaning_hard/D_code/tau0.1/ones/incl/k0/rG1007/ctl-usage,1007,usage,0,316,12.16017282218661
main/E_lab/code_leaning_hard/D_code/tau0.1/ones/incl/k0/rG1007/ctl-usage,1007,usage,0,317,12.43047756773467
main/E_lab/code_leaning_hard/D_code/tau0.1/ones/incl/k0/rG1007/ctl-usage,1007,usage,0,318,12.523602375332757
main/E_lab/code_leaning_hard/D_code/tau0.1/ones/incl/k0/rG1007/ctl-usage,1007,usage,0,319,11.61221088165587
main/E_lab/code_leaning_hard/D_code/tau0.1/ones/incl/k0/rG1007/ctl-usage,1007,usage,0,320,14.924212147441722
main/E_lab/code_leaning_hard/D_code/tau0.1/ones/incl/k0/rG1007/ctl-usage,1007,usage,0,321,13.270660026075006
main/E_lab/code_leaning_hard/D_code/tau0.1/ones/incl/k0/rG1007/ctl-usage,1007,usage,0,322,15.387276632955945
main/E_lab/code_leaning_hard/D_code/tau0.1/ones/incl/k0/rG1007/ctl-usage,1007,usage,0,323,14.673652122421117
main/E_lab/code_leaning_hard/D_code/tau0.1/ones/incl/k0/rG1007/ctl-usage,1007,usage,0,324,13.681627298496096
main/E_lab/code_leaning_hard/D_code/tau0.1/ones/incl/k0/rG1007/ctl-usage,1007,usage,0,325,14.43742585545283
main/E_lab/code_leaning_hard/D_code/tau0.1/ones/incl/k0/rG1007/ctl-usage,1007,usage,0,326,15.652529912094451
main/E_lab/code_leaning_hard/D_code/tau0.1/ones/incl/k0/rG1007/ctl-usage,1007,usage,0,327,13.814726854730452
main/E_lab/code_leaning_hard/D_code/tau0.1/ones/incl/k0/rG1007/ctl-usage,1007,usage,0,328,13.994038121062658
main/E_lab/code_leaning_hard/D_code/tau0.1/ones/incl/k0/rG1007/ctl-usage,1007,usage,0,329,13.979085637488424
main/E_lab/code_leaning_hard/D_code/tau0.1/ones/incl/k0/rG1007/ctl-usage,1007,usage,0,330,14.70645954687916
main/E_lab/code_leaning_hard/D_code/tau0.1/ones/incl/k0/rG1007/ctl-usage,1007,usage,0,331,13.721481225733442
main/E_lab/code_leaning_hard/D_code/tau0.1/ones/incl/k0/rG1007/ctl-usage,1007,usage,0,332,15.804743912192407
main/E_lab/code_leaning_hard/D_code/tau0.1/ones/incl/k0/rG1007/ctl-usage,1007,usage,0,333,12.837293631957436
main/E_lab/code_leaning_hard/D_code/tau0.1/ones/incl/k0/rG1007/ctl-usage,1007,usage,0,334,13.682761885818763
main/E_lab/code_leaning_hard/D_code/tau0.1/ones/incl/k0/rG1007/ctl-usage,1007,usage,0,335,15.013202664561959
main/E_lab/code_leaning_hard/D_code/tau0.1/ones/incl/k0/rG1007/ctl-usage,1007,usage,0,336,14.204016900703209
main/E_lab/code_leaning_hard/D_code/tau0.1/ones/incl/k0/rG1007/ctl-usage,1007,usage,0,337,12.819242904751718
main/E_lab/code_leaning_hard/D_code/tau0.1/ones/incl/k0/rG1007/ctl-usage,1007,usage,0,338,13.943157004710429
main/E_lab/code_leaning_hard/D_code/tau0.1/ones/incl/k0/rG1007/ctl-usage,1007,usage,0,339,12.958316802292302
main/E_lab/code_leaning_hard/D_code/tau0.1/ones/incl/k0/rG1007/ctl-usage,1007,usage,0,340,15.323944492950886
main/E_lab/code_leaning_hard/D_code/tau0.1/ones/incl/k0/rG1007/ctl-usage,1007,usage,0,341,14.525627629600876
main/E_lab/code_leaning_hard/D_code/tau0.1/ones/incl/k0/rG1007/ctl-usage,1007,usage,0,342,15.629496663601913
main/E_lab/code_leaning_hard/D_code/tau0.1/ones/incl/k0/rG1007/ctl-usage,1007,usage,0,343,14.374570241393485
main/E_lab/code_leaning_hard/D_code/tau0.1/ones/incl/k0/rG1007/ctl-usage,1007,usage,0,344,12.54491300468726
main/E_lab/code_leaning_hard/D_code/tau0.1/ones/incl/k0/rG1007/ctl-usage,1007,usage,0,345,14.359568325958037
main/E_lab/code_leaning_hard/D_code/tau0.1/ones/incl/k0/rG1007/ctl-usage,1007,usage,0,346,14.146946600985757
main/E_lab/code_leaning_hard/D_code/tau0.1/ones/incl/k0/rG1007/ctl-usage,1007,usage,0,347,14.654427415790906
main/E_lab/code_leaning_hard/D_code/tau0.1/ones/incl/k0/rG1007/ctl-usage,1007,usage,0,348,14.04987100784092
main/E_lab/code_leaning_hard/D_code/tau0.1/ones/incl/k0/rG1007/ctl-usage,1007,usage,0,349,14.342306866284162
main/E_lab/code_leaning_hard/D_code/tau0.1/ones/incl/k0/rG1007/ctl-usage,1007,usage,0,350,14.401907799007631
main/E_lab/code_leaning_hard/D_code/tau0.1/ones/incl/k0/rG1007/ctl-usage,1007,usage,0,351,14.916498089160996
main/E_lab/code_leaning_hard/D_code/tau0.1/ones/incl/k0/rG1007/ctl-usage,1007,usage,0,352,12.14000766467916
main/E_lab/code_leaning_hard/D_code/tau0.1/ones/incl/k0/rG1007/ctl-usage,1007,usage,0,353,16.304570340413648
main/E_lab/code_leaning_hard/D_code/tau0.1/ones/incl/k0/rG1007/ctl-usage,1007,usage,0,354,13.911009958726936
main/E_lab/code_leaning_hard/D_code/tau0.1/ones/incl/k0/rG1007/ctl-usage,1007,usage,0,355,16.5183561965041
main/E_lab/code_leaning_hard/D_code/tau0.1/ones/incl/k0/rG1007/ctl-usage,1007,usage,0,356,13.614789785459834
main/E_lab/code_leaning_hard/D_code/tau0.1/ones/incl/k0/rG1007/ctl-usage,1007,usage,0,357,12.850906874742577
main/E_lab/code_leaning_hard/D_code/tau0.1/ones/incl/k0/rG1007/ctl-usage,1007,usage,0,358,12.664511453145224
main/E_lab/code_leaning_hard/D_code/tau0.1/ones/incl/k0/rG1007/ctl-usage,1007,usage,0,359,12.296348374743502
main/E_lab/code_leaning_hard/D_code/tau0.1/ones/incl/k0/rG1007/ctl-usage,1007,usage,0,360,12.624837264050257
main/E_lab/code_leaning_hard/D_code/tau0.1/ones/incl/k0/rG1007/ctl-usage,1007,usage,0,361,14.512237394295198
main/E_lab/code_leaning_hard/D_code/tau0.1/ones/incl/k0/rG1007/ctl-usage,1007,usage,0,362,15.031143593420211
main/E_lab/code_leaning_hard/D_code/tau0.1/ones/incl/k0/rG1007/ctl-usage,1007,usage,0,363,12.048319461171559
main/E_lab/code_leaning_hard/D_code/tau0.1/ones/incl/k0/rG1007/ctl-usage,1007,usage,0,364,14.55075178349307
main/E_lab/code_leaning_hard/D_code/tau0.1/ones/incl/k0/rG1007/ctl-usage,1007,usage,0,365,15.080272633614527
main/E_lab/code_leaning_hard/D_code/tau0.1/ones/incl/k0/rG1007/ctl-usage,1007,usage,0,366,14.733352274763774
main/E_lab/code_leaning_hard/D_code/tau0.1/ones/incl/k0/rG1007/ctl-usage,1007,usage,0,367,13.442098288236139
main/E_lab/code_leaning_hard/D_code/tau0.1/ones/incl/k0/rG1007/ctl-usage,1007,usage,0,368,13.99833479164522
main/E_lab/code_leaning_hard/D_code/tau0.1/ones/incl/k0/rG1007/ctl-usage,1007,usage,0,369,13.845613122989107
main/E_lab/code_leaning_hard/D_code/tau0.1/ones/incl/k0/rG1007/ctl-usage,1007,usage,0,370,13.760008308793545
main/E_lab/code_leaning_hard/D_code/tau0.1/ones/incl/k0/rG1007/ctl-usage,1007,usage,0,371,12.908954899889977
main/E_lab/code_leaning_hard/D_code/tau0.1/ones/incl/k0/rG1007/ctl-usage,1007,usage,0,372,14.105015923931205
main/E_lab/code_leaning_hard/D_code/tau0.1/ones/incl/k0/rG1007/ctl-usage,1007,usage,0,373,13.003829005112493
main/E_lab/code_leaning_hard/D_code/tau0.1/ones/incl/k0/rG1007/ctl-usage,1007,usage,0,374,11.425231672973723
main/E_lab/code_leaning_hard/D_code/tau0.1/ones/incl/k0/rG1007/ctl-usage,1007,usage,0,375,12.675577864892375
main/E_lab/code_leaning_hard/D_code/tau0.1/ones/incl/k0/rG1007/ctl-usage,1007,usage,0,376,15.155692813729956
main/E_lab/code_leaning_hard/D_code/tau0.1/ones/incl/k0/rG1007/ctl-usage,1007,usage,0,377,13.765755871658257
main/E_lab/code_leaning_hard/D_code/tau0.1/ones/incl/k0/rG1007/ctl-usage,1007,usage,0,378,13.130170307415483
main/E_lab/code_leaning_hard/D_code/tau0.1/ones/incl/k0/rG1007/ctl-usage,1007,usage,0,379,12.925207689671879
main/E_lab/code_leaning_hard/D_code/tau0.1/ones/incl/k0/rG1007/ctl-usage,1007,usage,0,380,11.944661756917412
main/E_lab/code_leaning_hard/D_code/tau0.1/ones/incl/k0/rG1007/ctl-usage,1007,usage,0,381,13.172838475725712
main/E_lab/code_leaning_hard/D_code/tau0.1/ones/incl/k0/rG1007/ctl-usage,1007,usage,0,382,12.927537510946877
main/E_lab/code_leaning_hard/D_code/tau0.1/ones/incl/k0/rG1007/ctl-usage,1007,usage,0,383,12.907261277901853
main/E_lab/code_leaning_hard/D_code/tau0.1/ones/incl/k0/rG1007/ctl-usage,1007,usage,0,384,11.882955211876379
main/E_lab/code_leaning_hard/D_code/tau0.1/ones/incl/k0/rG1007/ctl-usage,1007,usage,0,385,7.125811546938166
main/E_lab/code_leaning_hard/D_code/tau0.1/ones/incl/k0/rG1007/ctl-usage,1007,usage,0,386,7.888576604476384
main/E_lab/code_leaning_hard/D_code/tau0.1/ones/incl/k0/rG1007/ctl-usage,1007,usage,0,387,9.227387013399493
main/E_lab/code_leaning_hard/D_code/tau0.1/ones/incl/k0/rG1007/ctl-usage,1007,usage,0,388,5.4842265738793685
main/E_lab/code_leaning_hard/D_code/tau0.1/ones/incl/k0/rG1007/ctl-usage,1007,usage,0,389,6.74653874394653
main/E_lab/code_leaning_hard/D_code/tau0.1/ones/incl/k0/rG1007/ctl-usage,1007,usage,0,390,6.014022467571522
main/E_lab/code_leaning_hard/D_code/tau0.1/ones/incl/k0/rG1007/ctl-usage,1007,usage,0,391,4.826276523836896
main/E_lab/code_leaning_hard/D_code/tau0.1/ones/incl/k0/rG1007/ctl-usage,1007,usage,0,392,7.369164920326966
main/E_lab/code_leaning_hard/D_code/tau0.1/ones/incl/k0/rG1007/ctl-usage,1007,usage,0,393,6.100056162817054
main/E_lab/code_leaning_hard/D_code/tau0.1/ones/incl/k0/rG1007/ctl-usage,1007,usage,0,394,9.06677437047324
main/E_lab/code_leaning_hard/D_code/tau0.1/ones/incl/k0/rG1007/ctl-usage,1007,usage,0,395,8.200243266549023
main/E_lab/code_leaning_hard/D_code/tau0.1/ones/incl/k0/rG1007/ctl-usage,1007,usage,0,396,7.9357849707676
main/E_lab/code_leaning_hard/D_code/tau0.1/ones/incl/k0/rG1007/ctl-usage,1007,usage,0,397,7.163411965640989
main/E_lab/code_leaning_hard/D_code/tau0.1/ones/incl/k0/rG1007/ctl-usage,1007,usage,0,398,11.758675682031708
main/E_lab/code_leaning_hard/D_code/tau0.1/ones/incl/k0/rG1007/ctl-usage,1007,usage,0,399,7.963979807695523
main/E_lab/code_leaning_hard/D_code/tau0.1/ones/incl/k0/rG1007/ctl-usage,1007,usage,0,400,4.015957197183525
main/E_lab/code_leaning_hard/D_code/tau0.1/ones/incl/k0/rG1007/ctl-usage,1007,usage,0,401,4.73981383708292
main/E_lab/code_leaning_hard/D_code/tau0.1/ones/incl/k0/rG1007/ctl-usage,1007,usage,0,402,7.66030115174226
main/E_lab/code_leaning_hard/D_code/tau0.1/ones/incl/k0/rG1007/ctl-usage,1007,usage,0,403,8.794427626629442
main/E_lab/code_leaning_hard/D_code/tau0.1/ones/incl/k0/rG1007/ctl-usage,1007,usage,0,404,7.022526935751102
main/E_lab/code_leaning_hard/D_code/tau0.1/ones/incl/k0/rG1007/ctl-usage,1007,usage,0,405,8.659748346989318
main/E_lab/code_leaning_hard/D_code/tau0.1/ones/incl/k0/rG1007/ctl-usage,1007,usage,0,406,7.513819145412754
main/E_lab/code_leaning_hard/D_code/tau0.1/ones/incl/k0/rG1007/ctl-usage,1007,usage,0,407,6.492584025289943
main/E_lab/code_leaning_hard/D_code/tau0.1/ones/incl/k0/rG1007/ctl-usage,1007,usage,0,408,5.90597254648128
main/E_lab/code_leaning_hard/D_code/tau0.1/ones/incl/k0/rG1007/ctl-usage,1007,usage,0,409,8.586030331268375
main/E_lab/code_leaning_hard/D_code/tau0.1/ones/incl/k0/rG1007/ctl-usage,1007,usage,0,410,8.425361284613246
main/E_lab/code_leaning_hard/D_code/tau0.1/ones/incl/k0/rG1007/ctl-usage,1007,usage,0,411,10.525977866542235
main/E_lab/code_leaning_hard/D_code/tau0.1/ones/incl/k0/rG1007/ctl-usage,1007,usage,0,412,7.67214620205641
main/E_lab/code_leaning_hard/D_code/tau0.1/ones/incl/k0/rG1007/ctl-usage,1007,usage,0,413,9.280219034046695
main/E_lab/code_leaning_hard/D_code/tau0.1/ones/incl/k0/rG1007/ctl-usage,1007,usage,0,414,9.839804116505547
main/E_lab/code_leaning_hard/D_code/tau0.1/ones/incl/k0/rG1007/ctl-usage,1007,usage,0,415,6.652570330963044
main/E_lab/code_leaning_hard/D_code/tau0.1/ones/incl/k0/rG1007/ctl-usage,1007,usage,0,416,7.567202230504336
main/E_lab/code_leaning_hard/D_code/tau0.1/ones/incl/k0/rG1007/ctl-usage,1007,usage,0,417,7.767835175510754
main/E_lab/code_leaning_hard/D_code/tau0.1/ones/incl/k0/rG1007/ctl-usage,1007,usage,0,418,7.967539214394037
main/E_lab/code_leaning_hard/D_code/tau0.1/ones/incl/k0/rG1007/ctl-usage,1007,usage,0,419,7.777210719587856
main/E_lab/code_leaning_hard/D_code/tau0.1/ones/incl/k0/rG1007/ctl-usage,1007,usage,0,420,8.595947895435074
main/E_lab/code_leaning_hard/D_code/tau0.1/ones/incl/k0/rG1007/ctl-usage,1007,usage,0,421,7.47524030909608
main/E_lab/code_leaning_hard/D_code/tau0.1/ones/incl/k0/rG1007/ctl-usage,1007,usage,0,422,6.830270235535863
main/E_lab/code_leaning_hard/D_code/tau0.1/ones/incl/k0/rG1007/ctl-usage,1007,usage,0,423,8.092717527536024
main/E_lab/code_leaning_hard/D_code/tau0.1/ones/incl/k0/rG1007/ctl-usage,1007,usage,0,424,5.4067404343832095
main/E_lab/code_leaning_hard/D_code/tau0.1/ones/incl/k0/rG1007/ctl-usage,1007,usage,0,425,4.787483665289983
main/E_lab/code_leaning_hard/D_code/tau0.1/ones/incl/k0/rG1007/ctl-usage,1007,usage,0,426,6.937276964155899
main/E_lab/code_leaning_hard/D_code/tau0.1/ones/incl/k0/rG1007/ctl-usage,1007,usage,0,427,12.354657099507676
main/E_lab/code_leaning_hard/D_code/tau0.1/ones/incl/k0/rG1007/ctl-usage,1007,usage,0,428,9.139806177599894
main/E_lab/code_leaning_hard/D_code/tau0.1/ones/incl/k0/rG1007/ctl-usage,1007,usage,0,429,8.427921985061403
main/E_lab/code_leaning_hard/D_code/tau0.1/ones/incl/k0/rG1007/ctl-usage,1007,usage,0,430,6.659403840706091
main/E_lab/code_leaning_hard/D_code/tau0.1/ones/incl/k0/rG1007/ctl-usage,1007,usage,0,431,6.48269921412475
main/E_lab/code_leaning_hard/D_code/tau0.1/ones/incl/k0/rG1007/ctl-usage,1007,usage,0,432,8.108213635067614
main/E_lab/code_leaning_hard/D_code/tau0.1/ones/incl/k0/rG1007/ctl-usage,1007,usage,0,433,5.852372780310816
main/E_lab/code_leaning_hard/D_code/tau0.1/ones/incl/k0/rG1007/ctl-usage,1007,usage,0,434,5.239698027636223
main/E_lab/code_leaning_hard/D_code/tau0.1/ones/incl/k0/rG1007/ctl-usage,1007,usage,0,435,8.53902428607671
main/E_lab/code_leaning_hard/D_code/tau0.1/ones/incl/k0/rG1007/ctl-usage,1007,usage,0,436,8.549160988168751
main/E_lab/code_leaning_hard/D_code/tau0.1/ones/incl/k0/rG1007/ctl-usage,1007,usage,0,437,5.602567746351269
main/E_lab/code_leaning_hard/D_code/tau0.1/ones/incl/k0/rG1007/ctl-usage,1007,usage,0,438,5.790184979320657
main/E_lab/code_leaning_hard/D_code/tau0.1/ones/incl/k0/rG1007/ctl-usage,1007,usage,0,439,7.146792852866838
main/E_lab/code_leaning_hard/D_code/tau0.1/ones/incl/k0/rG1007/ctl-usage,1007,usage,0,440,8.899815269572173
main/E_lab/code_leaning_hard/D_code/tau0.1/ones/incl/k0/rG1007/ctl-usage,1007,usage,0,441,7.615823148751588
main/E_lab/code_leaning_hard/D_code/tau0.1/ones/incl/k0/rG1007/ctl-usage,1007,usage,0,442,7.817159141025513
main/E_lab/code_leaning_hard/D_code/tau0.1/ones/incl/k0/rG1007/ctl-usage,1007,usage,0,443,12.451720932746753
main/E_lab/code_leaning_hard/D_code/tau0.1/ones/incl/k0/rG1007/ctl-usage,1007,usage,0,444,15.454126397496793
main/E_lab/code_leaning_hard/D_code/tau0.1/ones/incl/k0/rG1007/ctl-usage,1007,usage,0,445,13.614057600838805
main/E_lab/code_leaning_hard/D_code/tau0.1/ones/incl/k0/rG1007/ctl-usage,1007,usage,0,446,10.01885995501084
main/E_lab/code_leaning_hard/D_code/tau0.1/ones/incl/k0/rG1007/ctl-usage,1007,usage,0,447,9.731317386088904
main/E_lab/code_leaning_hard/D_code/tau0.1/ones/incl/k0/rG1007/ctl-usage,1007,usage,0,448,10.877611670723581
main/E_lab/code_leaning_hard/D_code/tau0.1/ones/incl/k0/rG1007/ctl-usage,1007,usage,0,449,11.795561761002546
main/E_lab/code_leaning_hard/D_code/tau0.1/ones/incl/k0/rG1007/ctl-usage,1007,usage,0,450,11.654731136691225
main/E_lab/code_leaning_hard/D_code/tau0.1/ones/incl/k0/rG1007/ctl-usage,1007,usage,0,451,11.895316287703963
main/E_lab/code_leaning_hard/D_code/tau0.1/ones/incl/k0/rG1007/ctl-usage,1007,usage,0,452,9.934954798301987
main/E_lab/code_leaning_hard/D_code/tau0.1/ones/incl/k0/rG1007/ctl-usage,1007,usage,0,453,9.542354197115856
main/E_lab/code_leaning_hard/D_code/tau0.1/ones/incl/k0/rG1007/ctl-usage,1007,usage,0,454,11.078065444507956
main/E_lab/code_leaning_hard/D_code/tau0.1/ones/incl/k0/rG1007/ctl-usage,1007,usage,0,455,10.910222878486366
main/E_lab/code_leaning_hard/D_code/tau0.1/ones/incl/k0/rG1007/ctl-usage,1007,usage,0,456,11.86293882363043
main/E_lab/code_leaning_hard/D_code/tau0.1/ones/incl/k0/rG1007/ctl-usage,1007,usage,0,457,12.081278710991228
main/E_lab/code_leaning_hard/D_code/tau0.1/ones/incl/k0/rG1007/ctl-usage,1007,usage,0,458,8.184927989233984
main/E_lab/code_leaning_hard/D_code/tau0.1/ones/incl/k0/rG1007/ctl-usage,1007,usage,0,459,7.930560030497418
main/E_lab/code_leaning_hard/D_code/tau0.1/ones/incl/k0/rG1007/ctl-usage,1007,usage,0,460,11.984509337841246
main/E_lab/code_leaning_hard/D_code/tau0.1/ones/incl/k0/rG1007/ctl-usage,1007,usage,0,461,12.986749700398832
main/E_lab/code_leaning_hard/D_code/tau0.1/ones/incl/k0/rG1007/ctl-usage,1007,usage,0,462,10.165271716843563
main/E_lab/code_leaning_hard/D_code/tau0.1/ones/incl/k0/rG1007/ctl-usage,1007,usage,0,463,10.271301221700924
main/E_lab/code_leaning_hard/D_code/tau0.1/ones/incl/k0/rG1007/ctl-usage,1007,usage,0,464,8.751491760235467
main/E_lab/code_leaning_hard/D_code/tau0.1/ones/incl/k0/rG1007/ctl-usage,1007,usage,0,465,9.316179410998757
main/E_lab/code_leaning_hard/D_code/tau0.1/ones/incl/k0/rG1007/ctl-usage,1007,usage,0,466,11.692661892405795
main/E_lab/code_leaning_hard/D_code/tau0.1/ones/incl/k0/rG1007/ctl-usage,1007,usage,0,467,9.648178629372296
main/E_lab/code_leaning_hard/D_code/tau0.1/ones/incl/k0/rG1007/ctl-usage,1007,usage,0,468,10.527839494067848
main/E_lab/code_leaning_hard/D_code/tau0.1/ones/incl/k0/rG1007/ctl-usage,1007,usage,0,469,11.529476966684342
main/E_lab/code_leaning_hard/D_code/tau0.1/ones/incl/k0/rG1007/ctl-usage,1007,usage,0,470,8.667213152976728
main/E_lab/code_leaning_hard/D_code/tau0.1/ones/incl/k0/rG1007/ctl-usage,1007,usage,0,471,8.831623417295305
main/E_lab/code_leaning_hard/D_code/tau0.1/ones/incl/k0/rG1007/ctl-usage,1007,usage,0,472,6.903471263648953
main/E_lab/code_leaning_hard/D_code/tau0.1/ones/incl/k0/rG1007/ctl-usage,1007,usage,0,473,6.68817269706642
main/E_lab/code_leaning_hard/D_code/tau0.1/ones/incl/k0/rG1007/ctl-usage,1007,usage,0,474,9.08352453794123
main/E_lab/code_leaning_hard/D_code/tau0.1/ones/incl/k0/rG1007/ctl-usage,1007,usage,0,475,8.495186279350492
main/E_lab/code_leaning_hard/D_code/tau0.1/ones/incl/k0/rG1007/ctl-usage,1007,usage,0,476,7.735011695505364
main/E_lab/code_leaning_hard/D_code/tau0.1/ones/incl/k0/rG1007/ctl-usage,1007,usage,0,477,10.508764985364905
main/E_lab/code_leaning_hard/D_code/tau0.1/ones/incl/k0/rG1007/ctl-usage,1007,usage,0,478,12.789348964914097
main/E_lab/code_leaning_hard/D_code/tau0.1/ones/incl/k0/rG1007/ctl-usage,1007,usage,0,479,9.99510964446381
main/E_lab/code_leaning_hard/D_code/tau0.1/ones/incl/k0/rG1007/ctl-usage,1007,usage,0,480,10.759944206226919
main/E_lab/code_leaning_hard/D_code/tau0.1/ones/incl/k0/rG1007/ctl-usage,1007,usage,0,481,9.905578316708443
main/E_lab/code_leaning_hard/D_code/tau0.1/ones/incl/k0/rG1007/ctl-usage,1007,usage,0,482,11.479744082711477
main/E_lab/code_leaning_hard/D_code/tau0.1/ones/incl/k0/rG1007/ctl-usage,1007,usage,0,483,12.214470145926498
main/E_lab/code_leaning_hard/D_code/tau0.1/ones/incl/k0/rG1007/ctl-usage,1007,usage,0,484,11.834681068894042
main/E_lab/code_leaning_hard/D_code/tau0.1/ones/incl/k0/rG1007/ctl-usage,1007,usage,0,485,12.31885967961989
main/E_lab/code_leaning_hard/D_code/tau0.1/ones/incl/k0/rG1007/ctl-usage,1007,usage,0,486,12.128855238663846
main/E_lab/code_leaning_hard/D_code/tau0.1/ones/incl/k0/rG1007/ctl-usage,1007,usage,0,487,11.79511149975042
main/E_lab/code_leaning_hard/D_code/tau0.1/ones/incl/k0/rG1007/ctl-usage,1007,usage,0,488,9.599243620840298
main/E_lab/code_leaning_hard/D_code/tau0.1/ones/incl/k0/rG1007/ctl-usage,1007,usage,0,489,9.512769117081916
main/E_lab/code_leaning_hard/D_code/tau0.1/ones/incl/k0/rG1007/ctl-usage,1007,usage,0,490,12.701678966611325
main/E_lab/code_leaning_hard/D_code/tau0.1/ones/incl/k0/rG1007/ctl-usage,1007,usage,0,491,11.608954482586341
main/E_lab/code_leaning_hard/D_code/tau0.1/ones/incl/k0/rG1007/ctl-usage,1007,usage,0,492,11.618350782458037
main/E_lab/code_leaning_hard/D_code/tau0.1/ones/incl/k0/rG1007/ctl-usage,1007,usage,0,493,11.70905373493622
main/E_lab/code_leaning_hard/D_code/tau0.1/ones/incl/k0/rG1007/ctl-usage,1007,usage,0,494,10.409876262266607
main/E_lab/code_leaning_hard/D_code/tau0.1/ones/incl/k0/rG1007/ctl-usage,1007,usage,0,495,7.0371542808491085
main/E_lab/code_leaning_hard/D_code/tau0.1/ones/incl/k0/rG1007/ctl-usage,1007,usage,0,496,11.429350256742964
main/E_lab/code_leaning_hard/D_code/tau0.1/ones/incl/k0/rG1007/ctl-usage,1007,usage,0,497,10.523586139134522
main/E_lab/code_leaning_hard/D_code/tau0.1/ones/incl/k0/rG1007/ctl-usage,1007,usage,0,498,9.145183033095691
main/E_lab/code_leaning_hard/D_code/tau0.1/ones/incl/k0/rG1007/ctl-usage,1007,usage,0,499,10.41362735624989
main/E_lab/code_leaning_hard/D_code/tau0.1/ones/incl/k0/rG1007/ctl-usage,1007,usage,0,500,8.445846765955594
main/E_lab/code_leaning_hard/D_code/tau0.1/ones/incl/k0/rG1007/ctl-usage,1007,usage,0,501,6.804015403270682
main/E_lab/code_leaning_hard/D_code/tau0.1/ones/incl/k0/rG1007/ctl-usage,1007,usage,0,502,9.300609905194506
main/E_lab/code_leaning_hard/D_code/tau0.1/ones/incl/k0/rG1007/ctl-usage,1007,usage,0,503,9.296910500913782
main/E_lab/code_leaning_hard/D_code/tau0.1/ones/incl/k0/rG1007/ctl-usage,1007,usage,0,504,10.085320617164143
main/E_lab/code_leaning_hard/D_code/tau0.1/ones/incl/k0/rG1007/ctl-usage,1007,usage,0,505,10.790338674058603
main/E_lab/code_leaning_hard/D_code/tau0.1/ones/incl/k0/rG1007/ctl-usage,1007,usage,0,506,9.769296188303997
main/E_lab/code_leaning_hard/D_code/tau0.1/ones/incl/k0/rG1007/ctl-usage,1007,usage,0,507,11.597015236431616
main/E_lab/code_leaning_hard/D_code/tau0.1/ones/incl/k0/rG1007/ctl-usage,1007,usage,0,508,10.404760863919364
main/E_lab/code_leaning_hard/D_code/tau0.1/ones/incl/k0/rG1007/ctl-usage,1007,usage,0,509,10.283718884919836
main/E_lab/code_leaning_hard/D_code/tau0.1/ones/incl/k0/rG1007/ctl-usage,1007,usage,0,510,10.505974780666293
main/E_lab/code_leaning_hard/D_code/tau0.1/ones/incl/k0/rG1007/ctl-usage,1007,usage,0,511,8.769305383900246
main/E_lab/code_leaning_hard/D_code/tau0.1/ones/incl/k1/rG1007/ctl-usage,1007,usage,1,0,4.073439652529487
main/E_lab/code_leaning_hard/D_code/tau0.1/ones/incl/k1/rG1007/ctl-usage,1007,usage,1,1,4.186471703644202
main/E_lab/code_leaning_hard/D_code/tau0.1/ones/incl/k1/rG1007/ctl-usage,1007,usage,1,2,4.916203828657672
main/E_lab/code_leaning_hard/D_code/tau0.1/ones/incl/k1/rG1007/ctl-usage,1007,usage,1,3,4.363968363576987
main/E_lab/code_leaning_hard/D_code/tau0.1/ones/incl/k1/rG1007/ctl-usage,1007,usage,1,4,3.2238090076825756
main/E_lab/code_leaning_hard/D_code/tau0.1/ones/incl/k1/rG1007/ctl-usage,1007,usage,1,5,4.923544227453476
main/E_lab/code_leaning_hard/D_code/tau0.1/ones/incl/k1/rG1007/ctl-usage,1007,usage,1,6,5.74456685385212
main/E_lab/code_leaning_hard/D_code/tau0.1/ones/incl/k1/rG1007/ctl-usage,1007,usage,1,7,5.442094645365614
main/E_lab/code_leaning_hard/D_code/tau0.1/ones/incl/k1/rG1007/ctl-usage,1007,usage,1,8,6.812566680238888
main/E_lab/code_leaning_hard/D_code/tau0.1/ones/incl/k1/rG1007/ctl-usage,1007,usage,1,9,5.6345165459733835
main/E_lab/code_leaning_hard/D_code/tau0.1/ones/incl/k1/rG1007/ctl-usage,1007,usage,1,10,4.453278403524564
main/E_lab/code_leaning_hard/D_code/tau0.1/ones/incl/k1/rG1007/ctl-usage,1007,usage,1,11,3.0475669860954895
main/E_lab/code_leaning_hard/D_code/tau0.1/ones/incl/k1/rG1007/ctl-usage,1007,usage,1,12,3.517783379086268
main/E_lab/code_leaning_hard/D_code/tau0.1/ones/incl/k1/rG1007/ctl-usage,1007,usage,1,13,4.220814399445771
main/E_lab/code_leaning_hard/D_code/tau0.1/ones/incl/k1/rG1007/ctl-usage,1007,usage,1,14,4.847752630769719
main/E_lab/code_leaning_hard/D_code/tau0.1/ones/incl/k1/rG1007/ctl-usage,1007,usage,1,15,3.897293680230632
main/E_lab/code_leaning_hard/D_code/tau0.1/ones/incl/k1/rG1007/ctl-usage,1007,usage,1,16,4.1089313646398296
main/E_lab/code_leaning_hard/D_code/tau0.1/ones/incl/k1/rG1007/ctl-usage,1007,usage,1,17,4.865043560653248
main/E_lab/code_leaning_hard/D_code/tau0.1/ones/incl/k1/rG1007/ctl-usage,1007,usage,1,18,4.468154180996862
main/E_lab/code_leaning_hard/D_code/tau0.1/ones/incl/k1/rG1007/ctl-usage,1007,usage,1,19,4.059117145387972
main/E_lab/code_leaning_hard/D_code/tau0.1/ones/incl/k1/rG1007/ctl-usage,1007,usage,1,20,4.519174552782033
main/E_lab/code_leaning_hard/D_code/tau0.1/ones/incl/k1/rG1007/ctl-usage,1007,usage,1,21,3.9110041771746182
main/E_lab/code_leaning_hard/D_code/tau0.1/ones/incl/k1/rG1007/ctl-usage,1007,usage,1,22,4.535462758853555
main/E_lab/code_leaning_hard/D_code/tau0.1/ones/incl/k1/rG1007/ctl-usage,1007,usage,1,23,5.057490649790452
main/E_lab/code_leaning_hard/D_code/tau0.1/ones/incl/k1/rG1007/ctl-usage,1007,usage,1,24,4.459816533620824
main/E_lab/code_leaning_hard/D_code/tau0.1/ones/incl/k1/rG1007/ctl-usage,1007,usage,1,25,4.399423176244227
main/E_lab/code_leaning_hard/D_code/tau0.1/ones/incl/k1/rG1007/ctl-usage,1007,usage,1,26,7.688709312493756
main/E_lab/code_leaning_hard/D_code/tau0.1/ones/incl/k1/rG1007/ctl-usage,1007,usage,1,27,8.82663281154646
main/E_lab/code_leaning_hard/D_code/tau0.1/ones/incl/k1/rG1007/ctl-usage,1007,usage,1,28,6.117852504371967
main/E_lab/code_leaning_hard/D_code/tau0.1/ones/incl/k1/rG1007/ctl-usage,1007,usage,1,29,5.482309242197289
main/E_lab/code_leaning_hard/D_code/tau0.1/ones/incl/k1/rG1007/ctl-usage,1007,usage,1,30,4.729561283917974
main/E_lab/code_leaning_hard/D_code/tau0.1/ones/incl/k1/rG1007/ctl-usage,1007,usage,1,31,5.8504016442366265
main/E_lab/code_leaning_hard/D_code/tau0.1/ones/incl/k1/rG1007/ctl-usage,1007,usage,1,32,5.439331523029864
main/E_lab/code_leaning_hard/D_code/tau0.1/ones/incl/k1/rG1007/ctl-usage,1007,usage,1,33,6.52767696452247
main/E_lab/code_leaning_hard/D_code/tau0.1/ones/incl/k1/rG1007/ctl-usage,1007,usage,1,34,6.546181442632587
main/E_lab/code_leaning_hard/D_code/tau0.1/ones/incl/k1/rG1007/ctl-usage,1007,usage,1,35,4.107432354828688
main/E_lab/code_leaning_hard/D_code/tau0.1/ones/incl/k1/rG1007/ctl-usage,1007,usage,1,36,6.038038528201469
main/E_lab/code_leaning_hard/D_code/tau0.1/ones/incl/k1/rG1007/ctl-usage,1007,usage,1,37,3.580279445645374
main/E_lab/code_leaning_hard/D_code/tau0.1/ones/incl/k1/rG1007/ctl-usage,1007,usage,1,38,5.052379276894953
main/E_lab/code_leaning_hard/D_code/tau0.1/ones/incl/k1/rG1007/ctl-usage,1007,usage,1,39,8.426737608671829
main/E_lab/code_leaning_hard/D_code/tau0.1/ones/incl/k1/rG1007/ctl-usage,1007,usage,1,40,8.46072986131901
main/E_lab/code_leaning_hard/D_code/tau0.1/ones/incl/k1/rG1007/ctl-usage,1007,usage,1,41,13.165325771362632
main/E_lab/code_leaning_hard/D_code/tau0.1/ones/incl/k1/rG1007/ctl-usage,1007,usage,1,42,7.167143253691393
main/E_lab/code_leaning_hard/D_code/tau0.1/ones/incl/k1/rG1007/ctl-usage,1007,usage,1,43,4.766203618556574
main/E_lab/code_leaning_hard/D_code/tau0.1/ones/incl/k1/rG1007/ctl-usage,1007,usage,1,44,3.682404508075706
main/E_lab/code_leaning_hard/D_code/tau0.1/ones/incl/k1/rG1007/ctl-usage,1007,usage,1,45,4.302804598365583
main/E_lab/code_leaning_hard/D_code/tau0.1/ones/incl/k1/rG1007/ctl-usage,1007,usage,1,46,4.833245182097471
main/E_lab/code_leaning_hard/D_code/tau0.1/ones/incl/k1/rG1007/ctl-usage,1007,usage,1,47,5.02446840466564
main/E_lab/code_leaning_hard/D_code/tau0.1/ones/incl/k1/rG1007/ctl-usage,1007,usage,1,48,4.330204951942505
main/E_lab/code_leaning_hard/D_code/tau0.1/ones/incl/k1/rG1007/ctl-usage,1007,usage,1,49,4.311800938221495
main/E_lab/code_leaning_hard/D_code/tau0.1/ones/incl/k1/rG1007/ctl-usage,1007,usage,1,50,5.555196316152433
main/E_lab/code_leaning_hard/D_code/tau0.1/ones/incl/k1/rG1007/ctl-usage,1007,usage,1,51,7.216339785157743
main/E_lab/code_leaning_hard/D_code/tau0.1/ones/incl/k1/rG1007/ctl-usage,1007,usage,1,52,4.589126538706751
main/E_lab/code_leaning_hard/D_code/tau0.1/ones/incl/k1/rG1007/ctl-usage,1007,usage,1,53,4.831735272472542
main/E_lab/code_leaning_hard/D_code/tau0.1/ones/incl/k1/rG1007/ctl-usage,1007,usage,1,54,3.6822548987072423
main/E_lab/code_leaning_hard/D_code/tau0.1/ones/incl/k1/rG1007/ctl-usage,1007,usage,1,55,4.853779420878254
main/E_lab/code_leaning_hard/D_code/tau0.1/ones/incl/k1/rG1007/ctl-usage,1007,usage,1,56,3.7751424730981853
main/E_lab/code_leaning_hard/D_code/tau0.1/ones/incl/k1/rG1007/ctl-usage,1007,usage,1,57,4.290515560213407
main/E_lab/code_leaning_hard/D_code/tau0.1/ones/incl/k1/rG1007/ctl-usage,1007,usage,1,58,3.182373304709472
main/E_lab/code_leaning_hard/D_code/tau0.1/ones/incl/k1/rG1007/ctl-usage,1007,usage,1,59,3.4233112651534157
main/E_lab/code_leaning_hard/D_code/tau0.1/ones/incl/k1/rG1007/ctl-usage,1007,usage,1,60,4.6685138236434796
main/E_lab/code_leaning_hard/D_code/tau0.1/ones/incl/k1/rG1007/ctl-usage,1007,usage,1,61,3.8755240714472166
main/E_lab/code_leaning_hard/D_code/tau0.1/ones/incl/k1/rG1007/ctl-usage,1007,usage,1,62,4.048687000740301
main/E_lab/code_leaning_hard/D_code/tau0.1/ones/incl/k1/rG1007/ctl-usage,1007,usage,1,63,3.5716709433904725
main/E_lab/code_leaning_hard/D_code/tau0.1/ones/incl/k1/rG1007/ctl-usage,1007,usage,1,64,4.577704834289307
main/E_lab/code_leaning_hard/D_code/tau0.1/ones/incl/k1/rG1007/ctl-usage,1007,usage,1,65,5.216983730925676
main/E_lab/code_leaning_hard/D_code/tau0.1/ones/incl/k1/rG1007/ctl-usage,1007,usage,1,66,9.88624754447551
main/E_lab/code_leaning_hard/D_code/tau0.1/ones/incl/k1/rG1007/ctl-usage,1007,usage,1,67,14.112993143572794
main/E_lab/code_leaning_hard/D_code/tau0.1/ones/incl/k1/rG1007/ctl-usage,1007,usage,1,68,14.12075485084165
main/E_lab/code_leaning_hard/D_code/tau0.1/ones/incl/k1/rG1007/ctl-usage,1007,usage,1,69,9.205909997477534
main/E_lab/code_leaning_hard/D_code/tau0.1/ones/incl/k1/rG1007/ctl-usage,1007,usage,1,70,17.478810556861845
main/E_lab/code_leaning_hard/D_code/tau0.1/ones/incl/k1/rG1007/ctl-usage,1007,usage,1,71,17.555402217758
main/E_lab/code_leaning_hard/D_code/tau0.1/ones/incl/k1/rG1007/ctl-usage,1007,usage,1,72,17.039213258993982
main/E_lab/code_leaning_hard/D_code/tau0.1/ones/incl/k1/rG1007/ctl-usage,1007,usage,1,73,16.774051552706396
main/E_lab/code_leaning_hard/D_code/tau0.1/ones/incl/k1/rG1007/ctl-usage,1007,usage,1,74,11.064990210932137
main/E_lab/code_leaning_hard/D_code/tau0.1/ones/incl/k1/rG1007/ctl-usage,1007,usage,1,75,15.26463846575075
main/E_lab/code_leaning_hard/D_code/tau0.1/ones/incl/k1/rG1007/ctl-usage,1007,usage,1,76,16.475753177140973
main/E_lab/code_leaning_hard/D_code/tau0.1/ones/incl/k1/rG1007/ctl-usage,1007,usage,1,77,16.361646015616543
main/E_lab/code_leaning_hard/D_code/tau0.1/ones/incl/k1/rG1007/ctl-usage,1007,usage,1,78,16.27444080009161
main/E_lab/code_leaning_hard/D_code/tau0.1/ones/incl/k1/rG1007/ctl-usage,1007,usage,1,79,12.784326253551512
main/E_lab/code_leaning_hard/D_code/tau0.1/ones/incl/k1/rG1007/ctl-usage,1007,usage,1,80,17.078119643167724
main/E_lab/code_leaning_hard/D_code/tau0.1/ones/incl/k1/rG1007/ctl-usage,1007,usage,1,81,15.83720879622183
main/E_lab/code_leaning_hard/D_code/tau0.1/ones/incl/k1/rG1007/ctl-usage,1007,usage,1,82,16.819107191836792
main/E_lab/code_leaning_hard/D_code/tau0.1/ones/incl/k1/rG1007/ctl-usage,1007,usage,1,83,16.39177709954413
main/E_lab/code_leaning_hard/D_code/tau0.1/ones/incl/k1/rG1007/ctl-usage,1007,usage,1,84,16.352171055772942
main/E_lab/code_leaning_hard/D_code/tau0.1/ones/incl/k1/rG1007/ctl-usage,1007,usage,1,85,16.80852690592019
main/E_lab/code_leaning_hard/D_code/tau0.1/ones/incl/k1/rG1007/ctl-usage,1007,usage,1,86,17.149140399213934
main/E_lab/code_leaning_hard/D_code/tau0.1/ones/incl/k1/rG1007/ctl-usage,1007,usage,1,87,16.853519629824177
main/E_lab/code_leaning_hard/D_code/tau0.1/ones/incl/k1/rG1007/ctl-usage,1007,usage,1,88,16.78757533469991
main/E_lab/code_leaning_hard/D_code/tau0.1/ones/incl/k1/rG1007/ctl-usage,1007,usage,1,89,7.91606183872409
main/E_lab/code_leaning_hard/D_code/tau0.1/ones/incl/k1/rG1007/ctl-usage,1007,usage,1,90,4.651272070318555
main/E_lab/code_leaning_hard/D_code/tau0.1/ones/incl/k1/rG1007/ctl-usage,1007,usage,1,91,4.418513944473489
main/E_lab/code_leaning_hard/D_code/tau0.1/ones/incl/k1/rG1007/ctl-usage,1007,usage,1,92,7.043844047206676
main/E_lab/code_leaning_hard/D_code/tau0.1/ones/incl/k1/rG1007/ctl-usage,1007,usage,1,93,5.663034212017919
main/E_lab/code_leaning_hard/D_code/tau0.1/ones/incl/k1/rG1007/ctl-usage,1007,usage,1,94,4.264751901321233
main/E_lab/code_leaning_hard/D_code/tau0.1/ones/incl/k1/rG1007/ctl-usage,1007,usage,1,95,4.143692893847856
main/E_lab/code_leaning_hard/D_code/tau0.1/ones/incl/k1/rG1007/ctl-usage,1007,usage,1,96,4.489581934538364
main/E_lab/code_leaning_hard/D_code/tau0.1/ones/incl/k1/rG1007/ctl-usage,1007,usage,1,97,4.386329794563608
main/E_lab/code_leaning_hard/D_code/tau0.1/ones/incl/k1/rG1007/ctl-usage,1007,usage,1,98,4.882732079264997
main/E_lab/code_leaning_hard/D_code/tau0.1/ones/incl/k1/rG1007/ctl-usage,1007,usage,1,99,4.4829556535059965
main/E_lab/code_leaning_hard/D_code/tau0.1/ones/incl/k1/rG1007/ctl-usage,1007,usage,1,100,4.945825122212909
main/E_lab/code_leaning_hard/D_code/tau0.1/ones/incl/k1/rG1007/ctl-usage,1007,usage,1,101,3.7299497304179567
main/E_lab/code_leaning_hard/D_code/tau0.1/ones/incl/k1/rG1007/ctl-usage,1007,usage,1,102,5.04223887532271
main/E_lab/code_leaning_hard/D_code/tau0.1/ones/incl/k1/rG1007/ctl-usage,1007,usage,1,103,5.771256489928419
main/E_lab/code_leaning_hard/D_code/tau0.1/ones/incl/k1/rG1007/ctl-usage,1007,usage,1,104,4.365292772930843
main/E_lab/code_leaning_hard/D_code/tau0.1/ones/incl/k1/rG1007/ctl-usage,1007,usage,1,105,5.782819309858837
main/E_lab/code_leaning_hard/D_code/tau0.1/ones/incl/k1/rG1007/ctl-usage,1007,usage,1,106,5.866095574031988
main/E_lab/code_leaning_hard/D_code/tau0.1/ones/incl/k1/rG1007/ctl-usage,1007,usage,1,107,6.6431633128554495
main/E_lab/code_leaning_hard/D_code/tau0.1/ones/incl/k1/rG1007/ctl-usage,1007,usage,1,108,5.524352400315365
main/E_lab/code_leaning_hard/D_code/tau0.1/ones/incl/k1/rG1007/ctl-usage,1007,usage,1,109,6.0365594977315595
main/E_lab/code_leaning_hard/D_code/tau0.1/ones/incl/k1/rG1007/ctl-usage,1007,usage,1,110,6.768500947882785
main/E_lab/code_leaning_hard/D_code/tau0.1/ones/incl/k1/rG1007/ctl-usage,1007,usage,1,111,5.958660573520319
main/E_lab/code_leaning_hard/D_code/tau0.1/ones/incl/k1/rG1007/ctl-usage,1007,usage,1,112,5.912316259623367
main/E_lab/code_leaning_hard/D_code/tau0.1/ones/incl/k1/rG1007/ctl-usage,1007,usage,1,113,6.946027366428098
main/E_lab/code_leaning_hard/D_code/tau0.1/ones/incl/k1/rG1007/ctl-usage,1007,usage,1,114,5.665333352739935
main/E_lab/code_leaning_hard/D_code/tau0.1/ones/incl/k1/rG1007/ctl-usage,1007,usage,1,115,5.374970021030549
main/E_lab/code_leaning_hard/D_code/tau0.1/ones/incl/k1/rG1007/ctl-usage,1007,usage,1,116,4.068639605866338
main/E_lab/code_leaning_hard/D_code/tau0.1/ones/incl/k1/rG1007/ctl-usage,1007,usage,1,117,4.999025191000783
main/E_lab/code_leaning_hard/D_code/tau0.1/ones/incl/k1/rG1007/ctl-usage,1007,usage,1,118,4.693983883652436
main/E_lab/code_leaning_hard/D_code/tau0.1/ones/incl/k1/rG1007/ctl-usage,1007,usage,1,119,4.362157333016967
main/E_lab/code_leaning_hard/D_code/tau0.1/ones/incl/k1/rG1007/ctl-usage,1007,usage,1,120,2.985474898956454
main/E_lab/code_leaning_hard/D_code/tau0.1/ones/incl/k1/rG1007/ctl-usage,1007,usage,1,121,5.039830702869949
main/E_lab/code_leaning_hard/D_code/tau0.1/ones/incl/k1/rG1007/ctl-usage,1007,usage,1,122,6.76715376940092
main/E_lab/code_leaning_hard/D_code/tau0.1/ones/incl/k1/rG1007/ctl-usage,1007,usage,1,123,8.756432986149093
main/E_lab/code_leaning_hard/D_code/tau0.1/ones/incl/k1/rG1007/ctl-usage,1007,usage,1,124,6.787512972951845
main/E_lab/code_leaning_hard/D_code/tau0.1/ones/incl/k1/rG1007/ctl-usage,1007,usage,1,125,3.4889183685581884
main/E_lab/code_leaning_hard/D_code/tau0.1/ones/incl/k1/rG1007/ctl-usage,1007,usage,1,126,5.263786496910143
main/E_lab/code_leaning_hard/D_code/tau0.1/ones/incl/k1/rG1007/ctl-usage,1007,usage,1,127,5.046144664027906
main/E_lab/code_leaning_hard/D_code/tau0.1/ones/incl/k1/rG1007/ctl-usage,1007,usage,1,128,4.553989969191207
main/E_lab/code_leaning_hard/D_code/tau0.1/ones/incl/k1/rG1007/ctl-usage,1007,usage,1,129,4.8408660841198525
main/E_lab/code_leaning_hard/D_code/tau0.1/ones/incl/k1/rG1007/ctl-usage,1007,usage,1,130,4.549699116729698
main/E_lab/code_leaning_hard/D_code/tau0.1/ones/incl/k1/rG1007/ctl-usage,1007,usage,1,131,4.608807014570175
main/E_lab/code_leaning_hard/D_code/tau0.1/ones/incl/k1/rG1007/ctl-usage,1007,usage,1,132,5.2917293414957385
main/E_lab/code_leaning_hard/D_code/tau0.1/ones/incl/k1/rG1007/ctl-usage,1007,usage,1,133,6.170822153095173
main/E_lab/code_leaning_hard/D_code/tau0.1/ones/incl/k1/rG1007/ctl-usage,1007,usage,1,134,4.453180343795793
main/E_lab/code_leaning_hard/D_code/tau0.1/ones/incl/k1/rG1007/ctl-usage,1007,usage,1,135,4.3772022848861525
main/E_lab/code_leaning_hard/D_code/tau0.1/ones/incl/k1/rG1007/ctl-usage,1007,usage,1,136,6.940887998016024
main/E_lab/code_leaning_hard/D_code/tau0.1/ones/incl/k1/rG1007/ctl-usage,1007,usage,1,137,5.590036405871615
main/E_lab/code_leaning_hard/D_code/tau0.1/ones/incl/k1/rG1007/ctl-usage,1007,usage,1,138,4.497728455418837
main/E_lab/code_leaning_hard/D_code/tau0.1/ones/incl/k1/rG1007/ctl-usage,1007,usage,1,139,4.501457177867906
main/E_lab/code_leaning_hard/D_code/tau0.1/ones/incl/k1/rG1007/ctl-usage,1007,usage,1,140,5.5823108192901145
main/E_lab/code_leaning_hard/D_code/tau0.1/ones/incl/k1/rG1007/ctl-usage,1007,usage,1,141,5.466012589244201
main/E_lab/code_leaning_hard/D_code/tau0.1/ones/incl/k1/rG1007/ctl-usage,1007,usage,1,142,5.335662405446101
main/E_lab/code_leaning_hard/D_code/tau0.1/ones/incl/k1/rG1007/ctl-usage,1007,usage,1,143,5.219790632208515
main/E_lab/code_leaning_hard/D_code/tau0.1/ones/incl/k1/rG1007/ctl-usage,1007,usage,1,144,5.338780753924766
main/E_lab/code_leaning_hard/D_code/tau0.1/ones/incl/k1/rG1007/ctl-usage,1007,usage,1,145,5.287256740979501
main/E_lab/code_leaning_hard/D_code/tau0.1/ones/incl/k1/rG1007/ctl-usage,1007,usage,1,146,7.497417724402112
main/E_lab/code_leaning_hard/D_code/tau0.1/ones/incl/k1/rG1007/ctl-usage,1007,usage,1,147,5.280619148236383
main/E_lab/code_leaning_hard/D_code/tau0.1/ones/incl/k1/rG1007/ctl-usage,1007,usage,1,148,10.172761248679763
main/E_lab/code_leaning_hard/D_code/tau0.1/ones/incl/k1/rG1007/ctl-usage,1007,usage,1,149,12.250048783786042
main/E_lab/code_leaning_hard/D_code/tau0.1/ones/incl/k1/rG1007/ctl-usage,1007,usage,1,150,10.51764803825904
main/E_lab/code_leaning_hard/D_code/tau0.1/ones/incl/k1/rG1007/ctl-usage,1007,usage,1,151,11.153430093134148
main/E_lab/code_leaning_hard/D_code/tau0.1/ones/incl/k1/rG1007/ctl-usage,1007,usage,1,152,10.401705220068152
main/E_lab/code_leaning_hard/D_code/tau0.1/ones/incl/k1/rG1007/ctl-usage,1007,usage,1,153,8.693466952845483
main/E_lab/code_leaning_hard/D_code/tau0.1/ones/incl/k1/rG1007/ctl-usage,1007,usage,1,154,11.652001625328921
main/E_lab/code_leaning_hard/D_code/tau0.1/ones/incl/k1/rG1007/ctl-usage,1007,usage,1,155,15.235363782443528
main/E_lab/code_leaning_hard/D_code/tau0.1/ones/incl/k1/rG1007/ctl-usage,1007,usage,1,156,13.675191158762459
main/E_lab/code_leaning_hard/D_code/tau0.1/ones/incl/k1/rG1007/ctl-usage,1007,usage,1,157,14.623273308262014
main/E_lab/code_leaning_hard/D_code/tau0.1/ones/incl/k1/rG1007/ctl-usage,1007,usage,1,158,6.888628236731051
main/E_lab/code_leaning_hard/D_code/tau0.1/ones/incl/k1/rG1007/ctl-usage,1007,usage,1,159,5.884128690952139
main/E_lab/code_leaning_hard/D_code/tau0.1/ones/incl/k1/rG1007/ctl-usage,1007,usage,1,160,7.740513628136341
main/E_lab/code_leaning_hard/D_code/tau0.1/ones/incl/k1/rG1007/ctl-usage,1007,usage,1,161,8.41550798572348
main/E_lab/code_leaning_hard/D_code/tau0.1/ones/incl/k1/rG1007/ctl-usage,1007,usage,1,162,5.188104600261113
main/E_lab/code_leaning_hard/D_code/tau0.1/ones/incl/k1/rG1007/ctl-usage,1007,usage,1,163,4.166456555593868
main/E_lab/code_leaning_hard/D_code/tau0.1/ones/incl/k1/rG1007/ctl-usage,1007,usage,1,164,3.4820948535762
main/E_lab/code_leaning_hard/D_code/tau0.1/ones/incl/k1/rG1007/ctl-usage,1007,usage,1,165,3.057892037700185
main/E_lab/code_leaning_hard/D_code/tau0.1/ones/incl/k1/rG1007/ctl-usage,1007,usage,1,166,3.5938164669996695
main/E_lab/code_leaning_hard/D_code/tau0.1/ones/incl/k1/rG1007/ctl-usage,1007,usage,1,167,3.857108847229938
main/E_lab/code_leaning_hard/D_code/tau0.1/ones/incl/k1/rG1007/ctl-usage,1007,usage,1,168,4.108833789248365
main/E_lab/code_leaning_hard/D_code/tau0.1/ones/incl/k1/rG1007/ctl-usage,1007,usage,1,169,4.819424552619012
main/E_lab/code_leaning_hard/D_code/tau0.1/ones/incl/k1/rG1007/ctl-usage,1007,usage,1,170,5.22319981100361
main/E_lab/code_leaning_hard/D_code/tau0.1/ones/incl/k1/rG1007/ctl-usage,1007,usage,1,171,2.950215460366053
main/E_lab/code_leaning_hard/D_code/tau0.1/ones/incl/k1/rG1007/ctl-usage,1007,usage,1,172,4.87011128701306
main/E_lab/code_leaning_hard/D_code/tau0.1/ones/incl/k1/rG1007/ctl-usage,1007,usage,1,173,5.708825852716473
main/E_lab/code_leaning_hard/D_code/tau0.1/ones/incl/k1/rG1007/ctl-usage,1007,usage,1,174,9.603652045218723
main/E_lab/code_leaning_hard/D_code/tau0.1/ones/incl/k1/rG1007/ctl-usage,1007,usage,1,175,7.098223650516275
main/E_lab/code_leaning_hard/D_code/tau0.1/ones/incl/k1/rG1007/ctl-usage,1007,usage,1,176,7.49799148929651
main/E_lab/code_leaning_hard/D_code/tau0.1/ones/incl/k1/rG1007/ctl-usage,1007,usage,1,177,7.124086739371705
main/E_lab/code_leaning_hard/D_code/tau0.1/ones/incl/k1/rG1007/ctl-usage,1007,usage,1,178,7.005683844455689
main/E_lab/code_leaning_hard/D_code/tau0.1/ones/incl/k1/rG1007/ctl-usage,1007,usage,1,179,5.989211035856897
main/E_lab/code_leaning_hard/D_code/tau0.1/ones/incl/k1/rG1007/ctl-usage,1007,usage,1,180,4.86251670812635
main/E_lab/code_leaning_hard/D_code/tau0.1/ones/incl/k1/rG1007/ctl-usage,1007,usage,1,181,4.391395662151808
main/E_lab/code_leaning_hard/D_code/tau0.1/ones/incl/k1/rG1007/ctl-usage,1007,usage,1,182,5.45968080453531
main/E_lab/code_leaning_hard/D_code/tau0.1/ones/incl/k1/rG1007/ctl-usage,1007,usage,1,183,4.887845730837398
main/E_lab/code_leaning_hard/D_code/tau0.1/ones/incl/k1/rG1007/ctl-usage,1007,usage,1,184,4.644099370786535
main/E_lab/code_leaning_hard/D_code/tau0.1/ones/incl/k1/rG1007/ctl-usage,1007,usage,1,185,4.963604871605639
main/E_lab/code_leaning_hard/D_code/tau0.1/ones/incl/k1/rG1007/ctl-usage,1007,usage,1,186,3.099157951025063
main/E_lab/code_leaning_hard/D_code/tau0.1/ones/incl/k1/rG1007/ctl-usage,1007,usage,1,187,3.967351058634904
main/E_lab/code_leaning_hard/D_code/tau0.1/ones/incl/k1/rG1007/ctl-usage,1007,usage,1,188,3.7430771748049665
main/E_lab/code_leaning_hard/D_code/tau0.1/ones/incl/k1/rG1007/ctl-usage,1007,usage,1,189,5.158856113055208
main/E_lab/code_leaning_hard/D_code/tau0.1/ones/incl/k1/rG1007/ctl-usage,1007,usage,1,190,5.968206514643043
main/E_lab/code_leaning_hard/D_code/tau0.1/ones/incl/k1/rG1007/ctl-usage,1007,usage,1,191,3.937535244229366
main/E_lab/code_leaning_hard/D_code/tau0.1/ones/incl/k1/rG1007/ctl-usage,1007,usage,1,192,4.111589107353666
main/E_lab/code_leaning_hard/D_code/tau0.1/ones/incl/k1/rG1007/ctl-usage,1007,usage,1,193,6.980169792565903
main/E_lab/code_leaning_hard/D_code/tau0.1/ones/incl/k1/rG1007/ctl-usage,1007,usage,1,194,6.8293218819928825
main/E_lab/code_leaning_hard/D_code/tau0.1/ones/incl/k1/rG1007/ctl-usage,1007,usage,1,195,5.966917929931697
main/E_lab/code_leaning_hard/D_code/tau0.1/ones/incl/k1/rG1007/ctl-usage,1007,usage,1,196,4.61879191615526
main/E_lab/code_leaning_hard/D_code/tau0.1/ones/incl/k1/rG1007/ctl-usage,1007,usage,1,197,4.266463062670027
main/E_lab/code_leaning_hard/D_code/tau0.1/ones/incl/k1/rG1007/ctl-usage,1007,usage,1,198,3.7791721666276317
main/E_lab/code_leaning_hard/D_code/tau0.1/ones/incl/k1/rG1007/ctl-usage,1007,usage,1,199,6.4732585493193255
main/E_lab/code_leaning_hard/D_code/tau0.1/ones/incl/k1/rG1007/ctl-usage,1007,usage,1,200,4.7504954607315995
main/E_lab/code_leaning_hard/D_code/tau0.1/ones/incl/k1/rG1007/ctl-usage,1007,usage,1,201,5.103542628372793
main/E_lab/code_leaning_hard/D_code/tau0.1/ones/incl/k1/rG1007/ctl-usage,1007,usage,1,202,4.948529146338842
main/E_lab/code_leaning_hard/D_code/tau0.1/ones/incl/k1/rG1007/ctl-usage,1007,usage,1,203,2.925528265531284
main/E_lab/code_leaning_hard/D_code/tau0.1/ones/incl/k1/rG1007/ctl-usage,1007,usage,1,204,3.0089790056590573
main/E_lab/code_leaning_hard/D_code/tau0.1/ones/incl/k1/rG1007/ctl-usage,1007,usage,1,205,3.561675045866423
main/E_lab/code_leaning_hard/D_code/tau0.1/ones/incl/k1/rG1007/ctl-usage,1007,usage,1,206,3.6596460656210184
main/E_lab/code_leaning_hard/D_code/tau0.1/ones/incl/k1/rG1007/ctl-usage,1007,usage,1,207,3.5201157734850312
main/E_lab/code_leaning_hard/D_code/tau0.1/ones/incl/k1/rG1007/ctl-usage,1007,usage,1,208,3.0507137490831155
main/E_lab/code_leaning_hard/D_code/tau0.1/ones/incl/k1/rG1007/ctl-usage,1007,usage,1,209,3.985275366699625
main/E_lab/code_leaning_hard/D_code/tau0.1/ones/incl/k1/rG1007/ctl-usage,1007,usage,1,210,14.068180231424321
main/E_lab/code_leaning_hard/D_code/tau0.1/ones/incl/k1/rG1007/ctl-usage,1007,usage,1,211,16.127843363374723
main/E_lab/code_leaning_hard/D_code/tau0.1/ones/incl/k1/rG1007/ctl-usage,1007,usage,1,212,12.287198578084372
main/E_lab/code_leaning_hard/D_code/tau0.1/ones/incl/k1/rG1007/ctl-usage,1007,usage,1,213,4.33839620839899
main/E_lab/code_leaning_hard/D_code/tau0.1/ones/incl/k1/rG1007/ctl-usage,1007,usage,1,214,4.85609273957084
main/E_lab/code_leaning_hard/D_code/tau0.1/ones/incl/k1/rG1007/ctl-usage,1007,usage,1,215,7.126189231055378
main/E_lab/code_leaning_hard/D_code/tau0.1/ones/incl/k1/rG1007/ctl-usage,1007,usage,1,216,9.334286532310557
main/E_lab/code_leaning_hard/D_code/tau0.1/ones/incl/k1/rG1007/ctl-usage,1007,usage,1,217,6.64301547246032
main/E_lab/code_leaning_hard/D_code/tau0.1/ones/incl/k1/rG1007/ctl-usage,1007,usage,1,218,6.203225657707662
main/E_lab/code_leaning_hard/D_code/tau0.1/ones/incl/k1/rG1007/ctl-usage,1007,usage,1,219,7.401743109752715
main/E_lab/code_leaning_hard/D_code/tau0.1/ones/incl/k1/rG1007/ctl-usage,1007,usage,1,220,7.307289812829822
main/E_lab/code_leaning_hard/D_code/tau0.1/ones/incl/k1/rG1007/ctl-usage,1007,usage,1,221,7.60799482287257
main/E_lab/code_leaning_hard/D_code/tau0.1/ones/incl/k1/rG1007/ctl-usage,1007,usage,1,222,6.051555701482812
main/E_lab/code_leaning_hard/D_code/tau0.1/ones/incl/k1/rG1007/ctl-usage,1007,usage,1,223,6.180210092160451
main/E_lab/code_leaning_hard/D_code/tau0.1/ones/incl/k1/rG1007/ctl-usage,1007,usage,1,224,5.177032806957868
main/E_lab/code_leaning_hard/D_code/tau0.1/ones/incl/k1/rG1007/ctl-usage,1007,usage,1,225,15.68827014031342
main/E_lab/code_leaning_hard/D_code/tau0.1/ones/incl/k1/rG1007/ctl-usage,1007,usage,1,226,9.928244887417804
main/E_lab/code_leaning_hard/D_code/tau0.1/ones/incl/k1/rG1007/ctl-usage,1007,usage,1,227,5.773288090684218
main/E_lab/code_leaning_hard/D_code/tau0.1/ones/incl/k1/rG1007/ctl-usage,1007,usage,1,228,5.160754392049512
main/E_lab/code_leaning_hard/D_code/tau0.1/ones/incl/k1/rG1007/ctl-usage,1007,usage,1,229,4.3842350204377
main/E_lab/code_leaning_hard/D_code/tau0.1/ones/incl/k1/rG1007/ctl-usage,1007,usage,1,230,4.905646700163288
main/E_lab/code_leaning_hard/D_code/tau0.1/ones/incl/k1/rG1007/ctl-usage,1007,usage,1,231,4.794786755975025
main/E_lab/code_leaning_hard/D_code/tau0.1/ones/incl/k1/rG1007/ctl-usage,1007,usage,1,232,4.800453422403734
main/E_lab/code_leaning_hard/D_code/tau0.1/ones/incl/k1/rG1007/ctl-usage,1007,usage,1,233,7.474619423337117
main/E_lab/code_leaning_hard/D_code/tau0.1/ones/incl/k1/rG1007/ctl-usage,1007,usage,1,234,7.270504999927198
main/E_lab/code_leaning_hard/D_code/tau0.1/ones/incl/k1/rG1007/ctl-usage,1007,usage,1,235,4.298925077858257
main/E_lab/code_leaning_hard/D_code/tau0.1/ones/incl/k1/rG1007/ctl-usage,1007,usage,1,236,10.340718597429714
main/E_lab/code_leaning_hard/D_code/tau0.1/ones/incl/k1/rG1007/ctl-usage,1007,usage,1,237,7.940486448694628
main/E_lab/code_leaning_hard/D_code/tau0.1/ones/incl/k1/rG1007/ctl-usage,1007,usage,1,238,4.0880737237703215
main/E_lab/code_leaning_hard/D_code/tau0.1/ones/incl/k1/rG1007/ctl-usage,1007,usage,1,239,3.998135115580453
main/E_lab/code_leaning_hard/D_code/tau0.1/ones/incl/k1/rG1007/ctl-usage,1007,usage,1,240,3.594058027562596
main/E_lab/code_leaning_hard/D_code/tau0.1/ones/incl/k1/rG1007/ctl-usage,1007,usage,1,241,3.3621087318826994
main/E_lab/code_leaning_hard/D_code/tau0.1/ones/incl/k1/rG1007/ctl-usage,1007,usage,1,242,3.5885127020203527
main/E_lab/code_leaning_hard/D_code/tau0.1/ones/incl/k1/rG1007/ctl-usage,1007,usage,1,243,3.5214794623225316
main/E_lab/code_leaning_hard/D_code/tau0.1/ones/incl/k1/rG1007/ctl-usage,1007,usage,1,244,3.1580401378309944
main/E_lab/code_leaning_hard/D_code/tau0.1/ones/incl/k1/rG1007/ctl-usage,1007,usage,1,245,4.1341528147504505
main/E_lab/code_leaning_hard/D_code/tau0.1/ones/incl/k1/rG1007/ctl-usage,1007,usage,1,246,3.5396451429114677
main/E_lab/code_leaning_hard/D_code/tau0.1/ones/incl/k1/rG1007/ctl-usage,1007,usage,1,247,3.434820235244615
main/E_lab/code_leaning_hard/D_code/tau0.1/ones/incl/k1/rG1007/ctl-usage,1007,usage,1,248,3.5402754428191656
main/E_lab/code_leaning_hard/D_code/tau0.1/ones/incl/k1/rG1007/ctl-usage,1007,usage,1,249,3.073108169698571
main/E_lab/code_leaning_hard/D_code/tau0.1/ones/incl/k1/rG1007/ctl-usage,1007,usage,1,250,3.3934605066251606
main/E_lab/code_leaning_hard/D_code/tau0.1/ones/incl/k1/rG1007/ctl-usage,1007,usage,1,251,4.158123447104117
main/E_lab/code_leaning_hard/D_code/tau0.1/ones/incl/k1/rG1007/ctl-usage,1007,usage,1,252,3.5262726867031233
main/E_lab/code_leaning_hard/D_code/tau0.1/ones/incl/k1/rG1007/ctl-usage,1007,usage,1,253,3.9362134856050943
main/E_lab/code_leaning_hard/D_code/tau0.1/ones/incl/k1/rG1007/ctl-usage,1007,usage,1,254,3.4882423706471855
main/E_lab/code_leaning_hard/D_code/tau0.1/ones/incl/k1/rG1007/ctl-usage,1007,usage,1,255,3.3164471686906154
main/E_lab/code_leaning_hard/D_code/tau0.1/ones/incl/k1/rG1007/ctl-usage,1007,usage,1,256,12.586500744136174
main/E_lab/code_leaning_hard/D_code/tau0.1/ones/incl/k1/rG1007/ctl-usage,1007,usage,1,257,12.98975539558569
main/E_lab/code_leaning_hard/D_code/tau0.1/ones/incl/k1/rG1007/ctl-usage,1007,usage,1,258,13.480743234854344
main/E_lab/code_leaning_hard/D_code/tau0.1/ones/incl/k1/rG1007/ctl-usage,1007,usage,1,259,12.735939550654507
main/E_lab/code_leaning_hard/D_code/tau0.1/ones/incl/k1/rG1007/ctl-usage,1007,usage,1,260,12.785885322834474
main/E_lab/code_leaning_hard/D_code/tau0.1/ones/incl/k1/rG1007/ctl-usage,1007,usage,1,261,12.90499906553498
main/E_lab/code_leaning_hard/D_code/tau0.1/ones/incl/k1/rG1007/ctl-usage,1007,usage,1,262,12.335711572703644
main/E_lab/code_leaning_hard/D_code/tau0.1/ones/incl/k1/rG1007/ctl-usage,1007,usage,1,263,15.271562935175439
main/E_lab/code_leaning_hard/D_code/tau0.1/ones/incl/k1/rG1007/ctl-usage,1007,usage,1,264,15.161566389383324
main/E_lab/code_leaning_hard/D_code/tau0.1/ones/incl/k1/rG1007/ctl-usage,1007,usage,1,265,14.067657143340057
main/E_lab/code_leaning_hard/D_code/tau0.1/ones/incl/k1/rG1007/ctl-usage,1007,usage,1,266,13.4502025390384
main/E_lab/code_leaning_hard/D_code/tau0.1/ones/incl/k1/rG1007/ctl-usage,1007,usage,1,267,12.802503884528505
main/E_lab/code_leaning_hard/D_code/tau0.1/ones/incl/k1/rG1007/ctl-usage,1007,usage,1,268,12.09398423439552
main/E_lab/code_leaning_hard/D_code/tau0.1/ones/incl/k1/rG1007/ctl-usage,1007,usage,1,269,11.868566389294301
main/E_lab/code_leaning_hard/D_code/tau0.1/ones/incl/k1/rG1007/ctl-usage,1007,usage,1,270,11.41999726449194
main/E_lab/code_leaning_hard/D_code/tau0.1/ones/incl/k1/rG1007/ctl-usage,1007,usage,1,271,11.140083089234395
main/E_lab/code_leaning_hard/D_code/tau0.1/ones/incl/k1/rG1007/ctl-usage,1007,usage,1,272,10.777434967156296
main/E_lab/code_leaning_hard/D_code/tau0.1/ones/incl/k1/rG1007/ctl-usage,1007,usage,1,273,12.364694090822013
main/E_lab/code_leaning_hard/D_code/tau0.1/ones/incl/k1/rG1007/ctl-usage,1007,usage,1,274,13.634469998007148
main/E_lab/code_leaning_hard/D_code/tau0.1/ones/incl/k1/rG1007/ctl-usage,1007,usage,1,275,11.362158721865853
main/E_lab/code_leaning_hard/D_code/tau0.1/ones/incl/k1/rG1007/ctl-usage,1007,usage,1,276,12.633762399124407
main/E_lab/code_leaning_hard/D_code/tau0.1/ones/incl/k1/rG1007/ctl-usage,1007,usage,1,277,11.757883846501727
main/E_lab/code_leaning_hard/D_code/tau0.1/ones/incl/k1/rG1007/ctl-usage,1007,usage,1,278,11.498244316676846
main/E_lab/code_leaning_hard/D_code/tau0.1/ones/incl/k1/rG1007/ctl-usage,1007,usage,1,279,11.790681669451033
main/E_lab/code_leaning_hard/D_code/tau0.1/ones/incl/k1/rG1007/ctl-usage,1007,usage,1,280,11.163587088355598
main/E_lab/code_leaning_hard/D_code/tau0.1/ones/incl/k1/rG1007/ctl-usage,1007,usage,1,281,13.841551739271381
main/E_lab/code_leaning_hard/D_code/tau0.1/ones/incl/k1/rG1007/ctl-usage,1007,usage,1,282,12.608100976051901
main/E_lab/code_leaning_hard/D_code/tau0.1/ones/incl/k1/rG1007/ctl-usage,1007,usage,1,283,12.41597954596159
main/E_lab/code_leaning_hard/D_code/tau0.1/ones/incl/k1/rG1007/ctl-usage,1007,usage,1,284,11.925540006283882
main/E_lab/code_leaning_hard/D_code/tau0.1/ones/incl/k1/rG1007/ctl-usage,1007,usage,1,285,11.513959824587346
main/E_lab/code_leaning_hard/D_code/tau0.1/ones/incl/k1/rG1007/ctl-usage,1007,usage,1,286,11.903867304252344
main/E_lab/code_leaning_hard/D_code/tau0.1/ones/incl/k1/rG1007/ctl-usage,1007,usage,1,287,12.019134286354529
main/E_lab/code_leaning_hard/D_code/tau0.1/ones/incl/k1/rG1007/ctl-usage,1007,usage,1,288,11.838041069502196
main/E_lab/code_leaning_hard/D_code/tau0.1/ones/incl/k1/rG1007/ctl-usage,1007,usage,1,289,11.229478638622481
main/E_lab/code_leaning_hard/D_code/tau0.1/ones/incl/k1/rG1007/ctl-usage,1007,usage,1,290,11.766916021753786
main/E_lab/code_leaning_hard/D_code/tau0.1/ones/incl/k1/rG1007/ctl-usage,1007,usage,1,291,11.745007199152042
main/E_lab/code_leaning_hard/D_code/tau0.1/ones/incl/k1/rG1007/ctl-usage,1007,usage,1,292,11.498491495785402
main/E_lab/code_leaning_hard/D_code/tau0.1/ones/incl/k1/rG1007/ctl-usage,1007,usage,1,293,11.85847328451473
main/E_lab/code_leaning_hard/D_code/tau0.1/ones/incl/k1/rG1007/ctl-usage,1007,usage,1,294,12.14121784179224
main/E_lab/code_leaning_hard/D_code/tau0.1/ones/incl/k1/rG1007/ctl-usage,1007,usage,1,295,11.347047842294614
main/E_lab/code_leaning_hard/D_code/tau0.1/ones/incl/k1/rG1007/ctl-usage,1007,usage,1,296,11.162970197526647
main/E_lab/code_leaning_hard/D_code/tau0.1/ones/incl/k1/rG1007/ctl-usage,1007,usage,1,297,10.456499616992232
main/E_lab/code_leaning_hard/D_code/tau0.1/ones/incl/k1/rG1007/ctl-usage,1007,usage,1,298,12.88973752443917
main/E_lab/code_leaning_hard/D_code/tau0.1/ones/incl/k1/rG1007/ctl-usage,1007,usage,1,299,12.04931353804568
main/E_lab/code_leaning_hard/D_code/tau0.1/ones/incl/k1/rG1007/ctl-usage,1007,usage,1,300,11.64546431560484
main/E_lab/code_leaning_hard/D_code/tau0.1/ones/incl/k1/rG1007/ctl-usage,1007,usage,1,301,10.87147942690217
main/E_lab/code_leaning_hard/D_code/tau0.1/ones/incl/k1/rG1007/ctl-usage,1007,usage,1,302,10.347149448324672
main/E_lab/code_leaning_hard/D_code/tau0.1/ones/incl/k1/rG1007/ctl-usage,1007,usage,1,303,11.97611005529916
main/E_lab/code_leaning_hard/D_code/tau0.1/ones/incl/k1/rG1007/ctl-usage,1007,usage,1,304,12.568611484039138
main/E_lab/code_leaning_hard/D_code/tau0.1/ones/incl/k1/rG1007/ctl-usage,1007,usage,1,305,13.478560310139528
main/E_lab/code_leaning_hard/D_code/tau0.1/ones/incl/k1/rG1007/ctl-usage,1007,usage,1,306,13.231491551406407
main/E_lab/code_leaning_hard/D_code/tau0.1/ones/incl/k1/rG1007/ctl-usage,1007,usage,1,307,11.9750060923825
main/E_lab/code_leaning_hard/D_code/tau0.1/ones/incl/k1/rG1007/ctl-usage,1007,usage,1,308,12.380666719271403
main/E_lab/code_leaning_hard/D_code/tau0.1/ones/incl/k1/rG1007/ctl-usage,1007,usage,1,309,12.510102291752446
main/E_lab/code_leaning_hard/D_code/tau0.1/ones/incl/k1/rG1007/ctl-usage,1007,usage,1,310,12.081502410680173
main/E_lab/code_leaning_hard/D_code/tau0.1/ones/incl/k1/rG1007/ctl-usage,1007,usage,1,311,10.629898242275885
main/E_lab/code_leaning_hard/D_code/tau0.1/ones/incl/k1/rG1007/ctl-usage,1007,usage,1,312,11.095608542019136
main/E_lab/code_leaning_hard/D_code/tau0.1/ones/incl/k1/rG1007/ctl-usage,1007,usage,1,313,10.720132964161166
main/E_lab/code_leaning_hard/D_code/tau0.1/ones/incl/k1/rG1007/ctl-usage,1007,usage,1,314,11.077454112355554
main/E_lab/code_leaning_hard/D_code/tau0.1/ones/incl/k1/rG1007/ctl-usage,1007,usage,1,315,12.145268653101084
main/E_lab/code_leaning_hard/D_code/tau0.1/ones/incl/k1/rG1007/ctl-usage,1007,usage,1,316,12.976879368634172
main/E_lab/code_leaning_hard/D_code/tau0.1/ones/incl/k1/rG1007/ctl-usage,1007,usage,1,317,12.67774871610527
main/E_lab/code_leaning_hard/D_code/tau0.1/ones/incl/k1/rG1007/ctl-usage,1007,usage,1,318,12.525873322774714
main/E_lab/code_leaning_hard/D_code/tau0.1/ones/incl/k1/rG1007/ctl-usage,1007,usage,1,319,12.237199945575185
main/E_lab/code_leaning_hard/D_code/tau0.1/ones/incl/k1/rG1007/ctl-usage,1007,usage,1,320,14.109934725545827
main/E_lab/code_leaning_hard/D_code/tau0.1/ones/incl/k1/rG1007/ctl-usage,1007,usage,1,321,13.87359270775596
main/E_lab/code_leaning_hard/D_code/tau0.1/ones/incl/k1/rG1007/ctl-usage,1007,usage,1,322,15.466458658754163
main/E_lab/code_leaning_hard/D_code/tau0.1/ones/incl/k1/rG1007/ctl-usage,1007,usage,1,323,13.75831304601752
main/E_lab/code_leaning_hard/D_code/tau0.1/ones/incl/k1/rG1007/ctl-usage,1007,usage,1,324,13.115579000047319
main/E_lab/code_leaning_hard/D_code/tau0.1/ones/incl/k1/rG1007/ctl-usage,1007,usage,1,325,14.06610892226172
main/E_lab/code_leaning_hard/D_code/tau0.1/ones/incl/k1/rG1007/ctl-usage,1007,usage,1,326,15.494365759315315
main/E_lab/code_leaning_hard/D_code/tau0.1/ones/incl/k1/rG1007/ctl-usage,1007,usage,1,327,13.517651918142747
main/E_lab/code_leaning_hard/D_code/tau0.1/ones/incl/k1/rG1007/ctl-usage,1007,usage,1,328,13.799132999910853
main/E_lab/code_leaning_hard/D_code/tau0.1/ones/incl/k1/rG1007/ctl-usage,1007,usage,1,329,13.967064593694886
main/E_lab/code_leaning_hard/D_code/tau0.1/ones/incl/k1/rG1007/ctl-usage,1007,usage,1,330,14.40991607657088
main/E_lab/code_leaning_hard/D_code/tau0.1/ones/incl/k1/rG1007/ctl-usage,1007,usage,1,331,13.41452285736068
main/E_lab/code_leaning_hard/D_code/tau0.1/ones/incl/k1/rG1007/ctl-usage,1007,usage,1,332,15.572122770462556
main/E_lab/code_leaning_hard/D_code/tau0.1/ones/incl/k1/rG1007/ctl-usage,1007,usage,1,333,12.292646889522075
main/E_lab/code_leaning_hard/D_code/tau0.1/ones/incl/k1/rG1007/ctl-usage,1007,usage,1,334,13.201774533697971
main/E_lab/code_leaning_hard/D_code/tau0.1/ones/incl/k1/rG1007/ctl-usage,1007,usage,1,335,13.952472297721897
main/E_lab/code_leaning_hard/D_code/tau0.1/ones/incl/k1/rG1007/ctl-usage,1007,usage,1,336,13.296964945820037
main/E_lab/code_leaning_hard/D_code/tau0.1/ones/incl/k1/rG1007/ctl-usage,1007,usage,1,337,12.662914913134728
main/E_lab/code_leaning_hard/D_code/tau0.1/ones/incl/k1/rG1007/ctl-usage,1007,usage,1,338,13.653126289758802
main/E_lab/code_leaning_hard/D_code/tau0.1/ones/incl/k1/rG1007/ctl-usage,1007,usage,1,339,12.667500401081611
main/E_lab/code_leaning_hard/D_code/tau0.1/ones/incl/k1/rG1007/ctl-usage,1007,usage,1,340,14.447932917538765
main/E_lab/code_leaning_hard/D_code/tau0.1/ones/incl/k1/rG1007/ctl-usage,1007,usage,1,341,14.096108684421779
main/E_lab/code_leaning_hard/D_code/tau0.1/ones/incl/k1/rG1007/ctl-usage,1007,usage,1,342,14.192431563612217
main/E_lab/code_leaning_hard/D_code/tau0.1/ones/incl/k1/rG1007/ctl-usage,1007,usage,1,343,13.808971523301807
main/E_lab/code_leaning_hard/D_code/tau0.1/ones/incl/k1/rG1007/ctl-usage,1007,usage,1,344,12.718100226103616
main/E_lab/code_leaning_hard/D_code/tau0.1/ones/incl/k1/rG1007/ctl-usage,1007,usage,1,345,13.528001926368063
main/E_lab/code_leaning_hard/D_code/tau0.1/ones/incl/k1/rG1007/ctl-usage,1007,usage,1,346,13.502364813573877
main/E_lab/code_leaning_hard/D_code/tau0.1/ones/incl/k1/rG1007/ctl-usage,1007,usage,1,347,14.162839207934212
main/E_lab/code_leaning_hard/D_code/tau0.1/ones/incl/k1/rG1007/ctl-usage,1007,usage,1,348,13.89424963843544
main/E_lab/code_leaning_hard/D_code/tau0.1/ones/incl/k1/rG1007/ctl-usage,1007,usage,1,349,14.690556188460505
main/E_lab/code_leaning_hard/D_code/tau0.1/ones/incl/k1/rG1007/ctl-usage,1007,usage,1,350,14.161458056391666
main/E_lab/code_leaning_hard/D_code/tau0.1/ones/incl/k1/rG1007/ctl-usage,1007,usage,1,351,14.76762996262255
main/E_lab/code_leaning_hard/D_code/tau0.1/ones/incl/k1/rG1007/ctl-usage,1007,usage,1,352,10.834067326054537
main/E_lab/code_leaning_hard/D_code/tau0.1/ones/incl/k1/rG1007/ctl-usage,1007,usage,1,353,15.918014521252871
main/E_lab/code_leaning_hard/D_code/tau0.1/ones/incl/k1/rG1007/ctl-usage,1007,usage,1,354,13.722715553561784
main/E_lab/code_leaning_hard/D_code/tau0.1/ones/incl/k1/rG1007/ctl-usage,1007,usage,1,355,16.275597936560985
main/E_lab/code_leaning_hard/D_code/tau0.1/ones/incl/k1/rG1007/ctl-usage,1007,usage,1,356,13.411621992783694
main/E_lab/code_leaning_hard/D_code/tau0.1/ones/incl/k1/rG1007/ctl-usage,1007,usage,1,357,12.367440220673416
main/E_lab/code_leaning_hard/D_code/tau0.1/ones/incl/k1/rG1007/ctl-usage,1007,usage,1,358,11.867201560005924
main/E_lab/code_leaning_hard/D_code/tau0.1/ones/incl/k1/rG1007/ctl-usage,1007,usage,1,359,11.750677088249176
main/E_lab/code_leaning_hard/D_code/tau0.1/ones/incl/k1/rG1007/ctl-usage,1007,usage,1,360,12.260888730737179
main/E_lab/code_leaning_hard/D_code/tau0.1/ones/incl/k1/rG1007/ctl-usage,1007,usage,1,361,14.25061548685153
main/E_lab/code_leaning_hard/D_code/tau0.1/ones/incl/k1/rG1007/ctl-usage,1007,usage,1,362,15.264549279823996
main/E_lab/code_leaning_hard/D_code/tau0.1/ones/incl/k1/rG1007/ctl-usage,1007,usage,1,363,11.82256312964455
main/E_lab/code_leaning_hard/D_code/tau0.1/ones/incl/k1/rG1007/ctl-usage,1007,usage,1,364,14.626036068081703
main/E_lab/code_leaning_hard/D_code/tau0.1/ones/incl/k1/rG1007/ctl-usage,1007,usage,1,365,15.696082256888303
main/E_lab/code_leaning_hard/D_code/tau0.1/ones/incl/k1/rG1007/ctl-usage,1007,usage,1,366,14.497012044661915
main/E_lab/code_leaning_hard/D_code/tau0.1/ones/incl/k1/rG1007/ctl-usage,1007,usage,1,367,13.487161304018628
main/E_lab/code_leaning_hard/D_code/tau0.1/ones/incl/k1/rG1007/ctl-usage,1007,usage,1,368,13.631146561306878
main/E_lab/code_leaning_hard/D_code/tau0.1/ones/incl/k1/rG1007/ctl-usage,1007,usage,1,369,13.78333844545341
main/E_lab/code_leaning_hard/D_code/tau0.1/ones/incl/k1/rG1007/ctl-usage,1007,usage,1,370,13.75879670258098
main/E_lab/code_leaning_hard/D_code/tau0.1/ones/incl/k1/rG1007/ctl-usage,1007,usage,1,371,13.481775809927058
main/E_lab/code_leaning_hard/D_code/tau0.1/ones/incl/k1/rG1007/ctl-usage,1007,usage,1,372,14.108134711155799
main/E_lab/code_leaning_hard/D_code/tau0.1/ones/incl/k1/rG1007/ctl-usage,1007,usage,1,373,13.602728062423921
main/E_lab/code_leaning_hard/D_code/tau0.1/ones/incl/k1/rG1007/ctl-usage,1007,usage,1,374,12.749916315322025
main/E_lab/code_leaning_hard/D_code/tau0.1/ones/incl/k1/rG1007/ctl-usage,1007,usage,1,375,13.348790904971338
main/E_lab/code_leaning_hard/D_code/tau0.1/ones/incl/k1/rG1007/ctl-usage,1007,usage,1,376,15.120239932526601
main/E_lab/code_leaning_hard/D_code/tau0.1/ones/incl/k1/rG1007/ctl-usage,1007,usage,1,377,13.429809134461266
main/E_lab/code_leaning_hard/D_code/tau0.1/ones/incl/k1/rG1007/ctl-usage,1007,usage,1,378,13.137900624222311
main/E_lab/code_leaning_hard/D_code/tau0.1/ones/incl/k1/rG1007/ctl-usage,1007,usage,1,379,13.164636105834461
main/E_lab/code_leaning_hard/D_code/tau0.1/ones/incl/k1/rG1007/ctl-usage,1007,usage,1,380,12.013761027569672
main/E_lab/code_leaning_hard/D_code/tau0.1/ones/incl/k1/rG1007/ctl-usage,1007,usage,1,381,12.894991247885628
main/E_lab/code_leaning_hard/D_code/tau0.1/ones/incl/k1/rG1007/ctl-usage,1007,usage,1,382,12.691667808995362
main/E_lab/code_leaning_hard/D_code/tau0.1/ones/incl/k1/rG1007/ctl-usage,1007,usage,1,383,12.599277684858407
main/E_lab/code_leaning_hard/D_code/tau0.1/ones/incl/k1/rG1007/ctl-usage,1007,usage,1,384,10.896142820694422
main/E_lab/code_leaning_hard/D_code/tau0.1/ones/incl/k1/rG1007/ctl-usage,1007,usage,1,385,6.6260638844401
main/E_lab/code_leaning_hard/D_code/tau0.1/ones/incl/k1/rG1007/ctl-usage,1007,usage,1,386,7.492722391843017
main/E_lab/code_leaning_hard/D_code/tau0.1/ones/incl/k1/rG1007/ctl-usage,1007,usage,1,387,8.949542217399767
main/E_lab/code_leaning_hard/D_code/tau0.1/ones/incl/k1/rG1007/ctl-usage,1007,usage,1,388,5.316354976401726
main/E_lab/code_leaning_hard/D_code/tau0.1/ones/incl/k1/rG1007/ctl-usage,1007,usage,1,389,6.447748551342102
main/E_lab/code_leaning_hard/D_code/tau0.1/ones/incl/k1/rG1007/ctl-usage,1007,usage,1,390,5.254035877183014
main/E_lab/code_leaning_hard/D_code/tau0.1/ones/incl/k1/rG1007/ctl-usage,1007,usage,1,391,4.558033309693656
main/E_lab/code_leaning_hard/D_code/tau0.1/ones/incl/k1/rG1007/ctl-usage,1007,usage,1,392,7.363433438014454
main/E_lab/code_leaning_hard/D_code/tau0.1/ones/incl/k1/rG1007/ctl-usage,1007,usage,1,393,5.665081804696456
main/E_lab/code_leaning_hard/D_code/tau0.1/ones/incl/k1/rG1007/ctl-usage,1007,usage,1,394,9.2308386878085
main/E_lab/code_leaning_hard/D_code/tau0.1/ones/incl/k1/rG1007/ctl-usage,1007,usage,1,395,7.783815888364643
main/E_lab/code_leaning_hard/D_code/tau0.1/ones/incl/k1/rG1007/ctl-usage,1007,usage,1,396,7.954031596863615
main/E_lab/code_leaning_hard/D_code/tau0.1/ones/incl/k1/rG1007/ctl-usage,1007,usage,1,397,7.229617027503764
main/E_lab/code_leaning_hard/D_code/tau0.1/ones/incl/k1/rG1007/ctl-usage,1007,usage,1,398,11.032237205678257
main/E_lab/code_leaning_hard/D_code/tau0.1/ones/incl/k1/rG1007/ctl-usage,1007,usage,1,399,7.192459654319919
main/E_lab/code_leaning_hard/D_code/tau0.1/ones/incl/k1/rG1007/ctl-usage,1007,usage,1,400,3.4609965216641285
main/E_lab/code_leaning_hard/D_code/tau0.1/ones/incl/k1/rG1007/ctl-usage,1007,usage,1,401,4.126281385829316
main/E_lab/code_leaning_hard/D_code/tau0.1/ones/incl/k1/rG1007/ctl-usage,1007,usage,1,402,6.994678060458455
main/E_lab/code_leaning_hard/D_code/tau0.1/ones/incl/k1/rG1007/ctl-usage,1007,usage,1,403,8.750996210799315
main/E_lab/code_leaning_hard/D_code/tau0.1/ones/incl/k1/rG1007/ctl-usage,1007,usage,1,404,6.699839603288865
main/E_lab/code_leaning_hard/D_code/tau0.1/ones/incl/k1/rG1007/ctl-usage,1007,usage,1,405,8.670094803374013
main/E_lab/code_leaning_hard/D_code/tau0.1/ones/incl/k1/rG1007/ctl-usage,1007,usage,1,406,7.227690855464971
main/E_lab/code_leaning_hard/D_code/tau0.1/ones/incl/k1/rG1007/ctl-usage,1007,usage,1,407,5.178430727917657
main/E_lab/code_leaning_hard/D_code/tau0.1/ones/incl/k1/rG1007/ctl-usage,1007,usage,1,408,5.5639625404928665
main/E_lab/code_leaning_hard/D_code/tau0.1/ones/incl/k1/rG1007/ctl-usage,1007,usage,1,409,8.364795042250535
main/E_lab/code_leaning_hard/D_code/tau0.1/ones/incl/k1/rG1007/ctl-usage,1007,usage,1,410,7.885798077135405
main/E_lab/code_leaning_hard/D_code/tau0.1/ones/incl/k1/rG1007/ctl-usage,1007,usage,1,411,10.046902542463386
main/E_lab/code_leaning_hard/D_code/tau0.1/ones/incl/k1/rG1007/ctl-usage,1007,usage,1,412,7.636968566318956
main/E_lab/code_leaning_hard/D_code/tau0.1/ones/incl/k1/rG1007/ctl-usage,1007,usage,1,413,8.53380690265476
main/E_lab/code_leaning_hard/D_code/tau0.1/ones/incl/k1/rG1007/ctl-usage,1007,usage,1,414,9.92510841674084
main/E_lab/code_leaning_hard/D_code/tau0.1/ones/incl/k1/rG1007/ctl-usage,1007,usage,1,415,6.21815055654838
main/E_lab/code_leaning_hard/D_code/tau0.1/ones/incl/k1/rG1007/ctl-usage,1007,usage,1,416,7.560452750656623
main/E_lab/code_leaning_hard/D_code/tau0.1/ones/incl/k1/rG1007/ctl-usage,1007,usage,1,417,7.549732263165424
main/E_lab/code_leaning_hard/D_code/tau0.1/ones/incl/k1/rG1007/ctl-usage,1007,usage,1,418,7.865657922468927
main/E_lab/code_leaning_hard/D_code/tau0.1/ones/incl/k1/rG1007/ctl-usage,1007,usage,1,419,6.559631561609422
main/E_lab/code_leaning_hard/D_code/tau0.1/ones/incl/k1/rG1007/ctl-usage,1007,usage,1,420,8.83959089412133
main/E_lab/code_leaning_hard/D_code/tau0.1/ones/incl/k1/rG1007/ctl-usage,1007,usage,1,421,7.778369667377319
main/E_lab/code_leaning_hard/D_code/tau0.1/ones/incl/k1/rG1007/ctl-usage,1007,usage,1,422,5.941189878692057
main/E_lab/code_leaning_hard/D_code/tau0.1/ones/incl/k1/rG1007/ctl-usage,1007,usage,1,423,7.605747107578281
main/E_lab/code_leaning_hard/D_code/tau0.1/ones/incl/k1/rG1007/ctl-usage,1007,usage,1,424,4.963940544486377
main/E_lab/code_leaning_hard/D_code/tau0.1/ones/incl/k1/rG1007/ctl-usage,1007,usage,1,425,4.35837419130894
main/E_lab/code_leaning_hard/D_code/tau0.1/ones/incl/k1/rG1007/ctl-usage,1007,usage,1,426,6.508993796187497
main/E_lab/code_leaning_hard/D_code/tau0.1/ones/incl/k1/rG1007/ctl-usage,1007,usage,1,427,11.289758179593719
main/E_lab/code_leaning_hard/D_code/tau0.1/ones/incl/k1/rG1007/ctl-usage,1007,usage,1,428,9.27402111338688
main/E_lab/code_leaning_hard/D_code/tau0.1/ones/incl/k1/rG1007/ctl-usage,1007,usage,1,429,8.483029751813206
main/E_lab/code_leaning_hard/D_code/tau0.1/ones/incl/k1/rG1007/ctl-usage,1007,usage,1,430,6.70690855768089
main/E_lab/code_leaning_hard/D_code/tau0.1/ones/incl/k1/rG1007/ctl-usage,1007,usage,1,431,6.147327421293085
main/E_lab/code_leaning_hard/D_code/tau0.1/ones/incl/k1/rG1007/ctl-usage,1007,usage,1,432,8.02774743910777
main/E_lab/code_leaning_hard/D_code/tau0.1/ones/incl/k1/rG1007/ctl-usage,1007,usage,1,433,5.3927813867662735
main/E_lab/code_leaning_hard/D_code/tau0.1/ones/incl/k1/rG1007/ctl-usage,1007,usage,1,434,4.7379658557749735
main/E_lab/code_leaning_hard/D_code/tau0.1/ones/incl/k1/rG1007/ctl-usage,1007,usage,1,435,8.353313647809046
main/E_lab/code_leaning_hard/D_code/tau0.1/ones/incl/k1/rG1007/ctl-usage,1007,usage,1,436,8.853858428822605
main/E_lab/code_leaning_hard/D_code/tau0.1/ones/incl/k1/rG1007/ctl-usage,1007,usage,1,437,5.1452898760203425
main/E_lab/code_leaning_hard/D_code/tau0.1/ones/incl/k1/rG1007/ctl-usage,1007,usage,1,438,5.052034518738765
main/E_lab/code_leaning_hard/D_code/tau0.1/ones/incl/k1/rG1007/ctl-usage,1007,usage,1,439,6.755959075081591
main/E_lab/code_leaning_hard/D_code/tau0.1/ones/incl/k1/rG1007/ctl-usage,1007,usage,1,440,8.54538691358448
main/E_lab/code_leaning_hard/D_code/tau0.1/ones/incl/k1/rG1007/ctl-usage,1007,usage,1,441,6.657726931709476
main/E_lab/code_leaning_hard/D_code/tau0.1/ones/incl/k1/rG1007/ctl-usage,1007,usage,1,442,7.100263301073937
main/E_lab/code_leaning_hard/D_code/tau0.1/ones/incl/k1/rG1007/ctl-usage,1007,usage,1,443,13.144967656084987
main/E_lab/code_leaning_hard/D_code/tau0.1/ones/incl/k1/rG1007/ctl-usage,1007,usage,1,444,16.095979185469332
main/E_lab/code_leaning_hard/D_code/tau0.1/ones/incl/k1/rG1007/ctl-usage,1007,usage,1,445,14.250700567078184
main/E_lab/code_leaning_hard/D_code/tau0.1/ones/incl/k1/rG1007/ctl-usage,1007,usage,1,446,9.39918318977061
main/E_lab/code_leaning_hard/D_code/tau0.1/ones/incl/k1/rG1007/ctl-usage,1007,usage,1,447,9.393051944905892
main/E_lab/code_leaning_hard/D_code/tau0.1/ones/incl/k1/rG1007/ctl-usage,1007,usage,1,448,10.747971646221004
main/E_lab/code_leaning_hard/D_code/tau0.1/ones/incl/k1/rG1007/ctl-usage,1007,usage,1,449,11.007318529036183
main/E_lab/code_leaning_hard/D_code/tau0.1/ones/incl/k1/rG1007/ctl-usage,1007,usage,1,450,11.765227770238653
main/E_lab/code_leaning_hard/D_code/tau0.1/ones/incl/k1/rG1007/ctl-usage,1007,usage,1,451,11.969982967814758
main/E_lab/code_leaning_hard/D_code/tau0.1/ones/incl/k1/rG1007/ctl-usage,1007,usage,1,452,9.665923566411948
main/E_lab/code_leaning_hard/D_code/tau0.1/ones/incl/k1/rG1007/ctl-usage,1007,usage,1,453,9.403647942249336
main/E_lab/code_leaning_hard/D_code/tau0.1/ones/incl/k1/rG1007/ctl-usage,1007,usage,1,454,11.230723836950347
main/E_lab/code_leaning_hard/D_code/tau0.1/ones/incl/k1/rG1007/ctl-usage,1007,usage,1,455,11.013431545559797
main/E_lab/code_leaning_hard/D_code/tau0.1/ones/incl/k1/rG1007/ctl-usage,1007,usage,1,456,11.228759601258389
main/E_lab/code_leaning_hard/D_code/tau0.1/ones/incl/k1/rG1007/ctl-usage,1007,usage,1,457,12.07156598081815
main/E_lab/code_leaning_hard/D_code/tau0.1/ones/incl/k1/rG1007/ctl-usage,1007,usage,1,458,8.133914652715248
main/E_lab/code_leaning_hard/D_code/tau0.1/ones/incl/k1/rG1007/ctl-usage,1007,usage,1,459,7.924591984821291
main/E_lab/code_leaning_hard/D_code/tau0.1/ones/incl/k1/rG1007/ctl-usage,1007,usage,1,460,11.58433115959133
main/E_lab/code_leaning_hard/D_code/tau0.1/ones/incl/k1/rG1007/ctl-usage,1007,usage,1,461,12.797651527821017
main/E_lab/code_leaning_hard/D_code/tau0.1/ones/incl/k1/rG1007/ctl-usage,1007,usage,1,462,10.508962808611159
main/E_lab/code_leaning_hard/D_code/tau0.1/ones/incl/k1/rG1007/ctl-usage,1007,usage,1,463,10.442987425137744
main/E_lab/code_leaning_hard/D_code/tau0.1/ones/incl/k1/rG1007/ctl-usage,1007,usage,1,464,9.201664382490662
main/E_lab/code_leaning_hard/D_code/tau0.1/ones/incl/k1/rG1007/ctl-usage,1007,usage,1,465,10.094083501129035
main/E_lab/code_leaning_hard/D_code/tau0.1/ones/incl/k1/rG1007/ctl-usage,1007,usage,1,466,11.404343772264383
main/E_lab/code_leaning_hard/D_code/tau0.1/ones/incl/k1/rG1007/ctl-usage,1007,usage,1,467,10.167912367690178
main/E_lab/code_leaning_hard/D_code/tau0.1/ones/incl/k1/rG1007/ctl-usage,1007,usage,1,468,10.935728961890618
main/E_lab/code_leaning_hard/D_code/tau0.1/ones/incl/k1/rG1007/ctl-usage,1007,usage,1,469,11.892134274635282
main/E_lab/code_leaning_hard/D_code/tau0.1/ones/incl/k1/rG1007/ctl-usage,1007,usage,1,470,9.187388461075443
main/E_lab/code_leaning_hard/D_code/tau0.1/ones/incl/k1/rG1007/ctl-usage,1007,usage,1,471,9.766844097417106
main/E_lab/code_leaning_hard/D_code/tau0.1/ones/incl/k1/rG1007/ctl-usage,1007,usage,1,472,8.225220866706877
main/E_lab/code_leaning_hard/D_code/tau0.1/ones/incl/k1/rG1007/ctl-usage,1007,usage,1,473,7.704450219181126
main/E_lab/code_leaning_hard/D_code/tau0.1/ones/incl/k1/rG1007/ctl-usage,1007,usage,1,474,10.079311912111734
main/E_lab/code_leaning_hard/D_code/tau0.1/ones/incl/k1/rG1007/ctl-usage,1007,usage,1,475,9.679218032237259
main/E_lab/code_leaning_hard/D_code/tau0.1/ones/incl/k1/rG1007/ctl-usage,1007,usage,1,476,8.891683892713445
main/E_lab/code_leaning_hard/D_code/tau0.1/ones/incl/k1/rG1007/ctl-usage,1007,usage,1,477,11.542775014900144
main/E_lab/code_leaning_hard/D_code/tau0.1/ones/incl/k1/rG1007/ctl-usage,1007,usage,1,478,12.910343209327038
main/E_lab/code_leaning_hard/D_code/tau0.1/ones/incl/k1/rG1007/ctl-usage,1007,usage,1,479,10.231317208367727
main/E_lab/code_leaning_hard/D_code/tau0.1/ones/incl/k1/rG1007/ctl-usage,1007,usage,1,480,10.939990548029982
main/E_lab/code_leaning_hard/D_code/tau0.1/ones/incl/k1/rG1007/ctl-usage,1007,usage,1,481,9.835128675272244
main/E_lab/code_leaning_hard/D_code/tau0.1/ones/incl/k1/rG1007/ctl-usage,1007,usage,1,482,11.471597111626352
main/E_lab/code_leaning_hard/D_code/tau0.1/ones/incl/k1/rG1007/ctl-usage,1007,usage,1,483,12.012239305489857
main/E_lab/code_leaning_hard/D_code/tau0.1/ones/incl/k1/rG1007/ctl-usage,1007,usage,1,484,10.926256088542232
main/E_lab/code_leaning_hard/D_code/tau0.1/ones/incl/k1/rG1007/ctl-usage,1007,usage,1,485,11.718615324539314
main/E_lab/code_leaning_hard/D_code/tau0.1/ones/incl/k1/rG1007/ctl-usage,1007,usage,1,486,11.83460692086419
main/E_lab/code_leaning_hard/D_code/tau0.1/ones/incl/k1/rG1007/ctl-usage,1007,usage,1,487,10.971993308028232
main/E_lab/code_leaning_hard/D_code/tau0.1/ones/incl/k1/rG1007/ctl-usage,1007,usage,1,488,9.342133671083502
main/E_lab/code_leaning_hard/D_code/tau0.1/ones/incl/k1/rG1007/ctl-usage,1007,usage,1,489,9.463727378129079
main/E_lab/code_leaning_hard/D_code/tau0.1/ones/incl/k1/rG1007/ctl-usage,1007,usage,1,490,11.831731706546634
main/E_lab/code_leaning_hard/D_code/tau0.1/ones/incl/k1/rG1007/ctl-usage,1007,usage,1,491,11.30852270525611
main/E_lab/code_leaning_hard/D_code/tau0.1/ones/incl/k1/rG1007/ctl-usage,1007,usage,1,492,10.99404226102456
main/E_lab/code_leaning_hard/D_code/tau0.1/ones/incl/k1/rG1007/ctl-usage,1007,usage,1,493,11.118058606126851
main/E_lab/code_leaning_hard/D_code/tau0.1/ones/incl/k1/rG1007/ctl-usage,1007,usage,1,494,10.113170005779466
main/E_lab/code_leaning_hard/D_code/tau0.1/ones/incl/k1/rG1007/ctl-usage,1007,usage,1,495,7.367242892131117
main/E_lab/code_leaning_hard/D_code/tau0.1/ones/incl/k1/rG1007/ctl-usage,1007,usage,1,496,10.329399666376503
main/E_lab/code_leaning_hard/D_code/tau0.1/ones/incl/k1/rG1007/ctl-usage,1007,usage,1,497,9.909448366804327
main/E_lab/code_leaning_hard/D_code/tau0.1/ones/incl/k1/rG1007/ctl-usage,1007,usage,1,498,9.010732504021234
main/E_lab/code_leaning_hard/D_code/tau0.1/ones/incl/k1/rG1007/ctl-usage,1007,usage,1,499,10.413603442885687
main/E_lab/code_leaning_hard/D_code/tau0.1/ones/incl/k1/rG1007/ctl-usage,1007,usage,1,500,8.638185808184971
main/E_lab/code_leaning_hard/D_code/tau0.1/ones/incl/k1/rG1007/ctl-usage,1007,usage,1,501,7.184369957351919
main/E_lab/code_leaning_hard/D_code/tau0.1/ones/incl/k1/rG1007/ctl-usage,1007,usage,1,502,9.325020864195722
main/E_lab/code_leaning_hard/D_code/tau0.1/ones/incl/k1/rG1007/ctl-usage,1007,usage,1,503,9.309042093928383
main/E_lab/code_leaning_hard/D_code/tau0.1/ones/incl/k1/rG1007/ctl-usage,1007,usage,1,504,10.33033351789345
main/E_lab/code_leaning_hard/D_code/tau0.1/ones/incl/k1/rG1007/ctl-usage,1007,usage,1,505,10.018097929151281
main/E_lab/code_leaning_hard/D_code/tau0.1/ones/incl/k1/rG1007/ctl-usage,1007,usage,1,506,9.915090019330819
main/E_lab/code_leaning_hard/D_code/tau0.1/ones/incl/k1/rG1007/ctl-usage,1007,usage,1,507,10.791187028793502
main/E_lab/code_leaning_hard/D_code/tau0.1/ones/incl/k1/rG1007/ctl-usage,1007,usage,1,508,10.093563733952351
main/E_lab/code_leaning_hard/D_code/tau0.1/ones/incl/k1/rG1007/ctl-usage,1007,usage,1,509,9.758230815252773
main/E_lab/code_leaning_hard/D_code/tau0.1/ones/incl/k1/rG1007/ctl-usage,1007,usage,1,510,9.626482614170527
main/E_lab/code_leaning_hard/D_code/tau0.1/ones/incl/k1/rG1007/ctl-usage,1007,usage,1,511,8.957692554769892
main/E_lab/code_leaning_hard/D_code/tau0.1/ones/incl/k2/rG1007/ctl-usage,1007,usage,2,0,4.975994989892115
main/E_lab/code_leaning_hard/D_code/tau0.1/ones/incl/k2/rG1007/ctl-usage,1007,usage,2,1,5.631184086383655
main/E_lab/code_leaning_hard/D_code/tau0.1/ones/incl/k2/rG1007/ctl-usage,1007,usage,2,2,6.0008577776491165
main/E_lab/code_leaning_hard/D_code/tau0.1/ones/incl/k2/rG1007/ctl-usage,1007,usage,2,3,5.459674331714723
main/E_lab/code_leaning_hard/D_code/tau0.1/ones/incl/k2/rG1007/ctl-usage,1007,usage,2,4,4.090782949231652
main/E_lab/code_leaning_hard/D_code/tau0.1/ones/incl/k2/rG1007/ctl-usage,1007,usage,2,5,6.356849121197229
main/E_lab/code_leaning_hard/D_code/tau0.1/ones/incl/k2/rG1007/ctl-usage,1007,usage,2,6,6.413649581290883
main/E_lab/code_leaning_hard/D_code/tau0.1/ones/incl/k2/rG1007/ctl-usage,1007,usage,2,7,6.129117015083921
main/E_lab/code_leaning_hard/D_code/tau0.1/ones/incl/k2/rG1007/ctl-usage,1007,usage,2,8,8.118420112889908
main/E_lab/code_leaning_hard/D_code/tau0.1/ones/incl/k2/rG1007/ctl-usage,1007,usage,2,9,6.398501694320203
main/E_lab/code_leaning_hard/D_code/tau0.1/ones/incl/k2/rG1007/ctl-usage,1007,usage,2,10,5.679181525564445
main/E_lab/code_leaning_hard/D_code/tau0.1/ones/incl/k2/rG1007/ctl-usage,1007,usage,2,11,4.147536012514365
main/E_lab/code_leaning_hard/D_code/tau0.1/ones/incl/k2/rG1007/ctl-usage,1007,usage,2,12,4.6365527924931484
main/E_lab/code_leaning_hard/D_code/tau0.1/ones/incl/k2/rG1007/ctl-usage,1007,usage,2,13,5.124183155515084
main/E_lab/code_leaning_hard/D_code/tau0.1/ones/incl/k2/rG1007/ctl-usage,1007,usage,2,14,5.988397557382996
main/E_lab/code_leaning_hard/D_code/tau0.1/ones/incl/k2/rG1007/ctl-usage,1007,usage,2,15,5.064755001277717
main/E_lab/code_leaning_hard/D_code/tau0.1/ones/incl/k2/rG1007/ctl-usage,1007,usage,2,16,5.117905545815347
main/E_lab/code_leaning_hard/D_code/tau0.1/ones/incl/k2/rG1007/ctl-usage,1007,usage,2,17,6.242997332778941
main/E_lab/code_leaning_hard/D_code/tau0.1/ones/incl/k2/rG1007/ctl-usage,1007,usage,2,18,5.5682220169665015
main/E_lab/code_leaning_hard/D_code/tau0.1/ones/incl/k2/rG1007/ctl-usage,1007,usage,2,19,5.583129271866028
main/E_lab/code_leaning_hard/D_code/tau0.1/ones/incl/k2/rG1007/ctl-usage,1007,usage,2,20,5.942818106567984
main/E_lab/code_leaning_hard/D_code/tau0.1/ones/incl/k2/rG1007/ctl-usage,1007,usage,2,21,5.185781290943396
main/E_lab/code_leaning_hard/D_code/tau0.1/ones/incl/k2/rG1007/ctl-usage,1007,usage,2,22,5.79581661139423
main/E_lab/code_leaning_hard/D_code/tau0.1/ones/incl/k2/rG1007/ctl-usage,1007,usage,2,23,6.306281210132511
main/E_lab/code_leaning_hard/D_code/tau0.1/ones/incl/k2/rG1007/ctl-usage,1007,usage,2,24,5.488213680057925
main/E_lab/code_leaning_hard/D_code/tau0.1/ones/incl/k2/rG1007/ctl-usage,1007,usage,2,25,5.85321463978994
main/E_lab/code_leaning_hard/D_code/tau0.1/ones/incl/k2/rG1007/ctl-usage,1007,usage,2,26,8.235263683262474
main/E_lab/code_leaning_hard/D_code/tau0.1/ones/incl/k2/rG1007/ctl-usage,1007,usage,2,27,9.517089196547659
main/E_lab/code_leaning_hard/D_code/tau0.1/ones/incl/k2/rG1007/ctl-usage,1007,usage,2,28,7.361049942610407
main/E_lab/code_leaning_hard/D_code/tau0.1/ones/incl/k2/rG1007/ctl-usage,1007,usage,2,29,6.5273707704814115
main/E_lab/code_leaning_hard/D_code/tau0.1/ones/incl/k2/rG1007/ctl-usage,1007,usage,2,30,6.200995078798769
main/E_lab/code_leaning_hard/D_code/tau0.1/ones/incl/k2/rG1007/ctl-usage,1007,usage,2,31,7.028662105064086
main/E_lab/code_leaning_hard/D_code/tau0.1/ones/incl/k2/rG1007/ctl-usage,1007,usage,2,32,6.602179079637494
main/E_lab/code_leaning_hard/D_code/tau0.1/ones/incl/k2/rG1007/ctl-usage,1007,usage,2,33,7.576219147347274
main/E_lab/code_leaning_hard/D_code/tau0.1/ones/incl/k2/rG1007/ctl-usage,1007,usage,2,34,7.695016648022829
main/E_lab/code_leaning_hard/D_code/tau0.1/ones/incl/k2/rG1007/ctl-usage,1007,usage,2,35,5.472297410387
main/E_lab/code_leaning_hard/D_code/tau0.1/ones/incl/k2/rG1007/ctl-usage,1007,usage,2,36,6.927590276838146
main/E_lab/code_leaning_hard/D_code/tau0.1/ones/incl/k2/rG1007/ctl-usage,1007,usage,2,37,4.871765578976465
main/E_lab/code_leaning_hard/D_code/tau0.1/ones/incl/k2/rG1007/ctl-usage,1007,usage,2,38,5.955193780900117
main/E_lab/code_leaning_hard/D_code/tau0.1/ones/incl/k2/rG1007/ctl-usage,1007,usage,2,39,9.26037705747899
main/E_lab/code_leaning_hard/D_code/tau0.1/ones/incl/k2/rG1007/ctl-usage,1007,usage,2,40,9.869196912140296
main/E_lab/code_leaning_hard/D_code/tau0.1/ones/incl/k2/rG1007/ctl-usage,1007,usage,2,41,12.697169830803318
main/E_lab/code_leaning_hard/D_code/tau0.1/ones/incl/k2/rG1007/ctl-usage,1007,usage,2,42,7.4689400110532915
main/E_lab/code_leaning_hard/D_code/tau0.1/ones/incl/k2/rG1007/ctl-usage,1007,usage,2,43,5.809074602873807
main/E_lab/code_leaning_hard/D_code/tau0.1/ones/incl/k2/rG1007/ctl-usage,1007,usage,2,44,4.412187601442383
main/E_lab/code_leaning_hard/D_code/tau0.1/ones/incl/k2/rG1007/ctl-usage,1007,usage,2,45,5.1793426241883935
main/E_lab/code_leaning_hard/D_code/tau0.1/ones/incl/k2/rG1007/ctl-usage,1007,usage,2,46,5.6521131814388355
main/E_lab/code_leaning_hard/D_code/tau0.1/ones/incl/k2/rG1007/ctl-usage,1007,usage,2,47,6.261079810633419
main/E_lab/code_leaning_hard/D_code/tau0.1/ones/incl/k2/rG1007/ctl-usage,1007,usage,2,48,5.714547406148995
main/E_lab/code_leaning_hard/D_code/tau0.1/ones/incl/k2/rG1007/ctl-usage,1007,usage,2,49,5.854134056216935
main/E_lab/code_leaning_hard/D_code/tau0.1/ones/incl/k2/rG1007/ctl-usage,1007,usage,2,50,7.4745321228401735
main/E_lab/code_leaning_hard/D_code/tau0.1/ones/incl/k2/rG1007/ctl-usage,1007,usage,2,51,8.629279584411961
main/E_lab/code_leaning_hard/D_code/tau0.1/ones/incl/k2/rG1007/ctl-usage,1007,usage,2,52,5.573060885481709
main/E_lab/code_leaning_hard/D_code/tau0.1/ones/incl/k2/rG1007/ctl-usage,1007,usage,2,53,5.418324775284418
main/E_lab/code_leaning_hard/D_code/tau0.1/ones/incl/k2/rG1007/ctl-usage,1007,usage,2,54,4.6798319584563615
main/E_lab/code_leaning_hard/D_code/tau0.1/ones/incl/k2/rG1007/ctl-usage,1007,usage,2,55,5.754525766032884
main/E_lab/code_leaning_hard/D_code/tau0.1/ones/incl/k2/rG1007/ctl-usage,1007,usage,2,56,4.875083254531546
main/E_lab/code_leaning_hard/D_code/tau0.1/ones/incl/k2/rG1007/ctl-usage,1007,usage,2,57,5.178727504153585
main/E_lab/code_leaning_hard/D_code/tau0.1/ones/incl/k2/rG1007/ctl-usage,1007,usage,2,58,4.078043122714007
main/E_lab/code_leaning_hard/D_code/tau0.1/ones/incl/k2/rG1007/ctl-usage,1007,usage,2,59,4.465192681966755
main/E_lab/code_leaning_hard/D_code/tau0.1/ones/incl/k2/rG1007/ctl-usage,1007,usage,2,60,5.776251416820514
main/E_lab/code_leaning_hard/D_code/tau0.1/ones/incl/k2/rG1007/ctl-usage,1007,usage,2,61,4.915605864473946
main/E_lab/code_leaning_hard/D_code/tau0.1/ones/incl/k2/rG1007/ctl-usage,1007,usage,2,62,4.899227634836734
main/E_lab/code_leaning_hard/D_code/tau0.1/ones/incl/k2/rG1007/ctl-usage,1007,usage,2,63,4.424041002182776
main/E_lab/code_leaning_hard/D_code/tau0.1/ones/incl/k2/rG1007/ctl-usage,1007,usage,2,64,6.139028226866685
main/E_lab/code_leaning_hard/D_code/tau0.1/ones/incl/k2/rG1007/ctl-usage,1007,usage,2,65,6.64090192848289
main/E_lab/code_leaning_hard/D_code/tau0.1/ones/incl/k2/rG1007/ctl-usage,1007,usage,2,66,10.607669816387897
main/E_lab/code_leaning_hard/D_code/tau0.1/ones/incl/k2/rG1007/ctl-usage,1007,usage,2,67,13.67303459388313
main/E_lab/code_leaning_hard/D_code/tau0.1/ones/incl/k2/rG1007/ctl-usage,1007,usage,2,68,14.119710671853454
main/E_lab/code_leaning_hard/D_code/tau0.1/ones/incl/k2/rG1007/ctl-usage,1007,usage,2,69,9.710079866300816
main/E_lab/code_leaning_hard/D_code/tau0.1/ones/incl/k2/rG1007/ctl-usage,1007,usage,2,70,16.0705615400625
main/E_lab/code_leaning_hard/D_code/tau0.1/ones/incl/k2/rG1007/ctl-usage,1007,usage,2,71,15.342133549808182
main/E_lab/code_leaning_hard/D_code/tau0.1/ones/incl/k2/rG1007/ctl-usage,1007,usage,2,72,15.181813223595668
main/E_lab/code_leaning_hard/D_code/tau0.1/ones/incl/k2/rG1007/ctl-usage,1007,usage,2,73,14.990735335548152
main/E_lab/code_leaning_hard/D_code/tau0.1/ones/incl/k2/rG1007/ctl-usage,1007,usage,2,74,11.02792852668199
main/E_lab/code_leaning_hard/D_code/tau0.1/ones/incl/k2/rG1007/ctl-usage,1007,usage,2,75,14.236827211696664
main/E_lab/code_leaning_hard/D_code/tau0.1/ones/incl/k2/rG1007/ctl-usage,1007,usage,2,76,15.030644091444628
main/E_lab/code_leaning_hard/D_code/tau0.1/ones/incl/k2/rG1007/ctl-usage,1007,usage,2,77,14.601447154473476
main/E_lab/code_leaning_hard/D_code/tau0.1/ones/incl/k2/rG1007/ctl-usage,1007,usage,2,78,15.225169414053084
main/E_lab/code_leaning_hard/D_code/tau0.1/ones/incl/k2/rG1007/ctl-usage,1007,usage,2,79,12.30855356121549
main/E_lab/code_leaning_hard/D_code/tau0.1/ones/incl/k2/rG1007/ctl-usage,1007,usage,2,80,15.66968400183248
main/E_lab/code_leaning_hard/D_code/tau0.1/ones/incl/k2/rG1007/ctl-usage,1007,usage,2,81,15.31194985106481
main/E_lab/code_leaning_hard/D_code/tau0.1/ones/incl/k2/rG1007/ctl-usage,1007,usage,2,82,14.884384409363975
main/E_lab/code_leaning_hard/D_code/tau0.1/ones/incl/k2/rG1007/ctl-usage,1007,usage,2,83,14.797713118662159
main/E_lab/code_leaning_hard/D_code/tau0.1/ones/incl/k2/rG1007/ctl-usage,1007,usage,2,84,14.996703671271462
main/E_lab/code_leaning_hard/D_code/tau0.1/ones/incl/k2/rG1007/ctl-usage,1007,usage,2,85,15.339580257892067
main/E_lab/code_leaning_hard/D_code/tau0.1/ones/incl/k2/rG1007/ctl-usage,1007,usage,2,86,15.618087883568137
main/E_lab/code_leaning_hard/D_code/tau0.1/ones/incl/k2/rG1007/ctl-usage,1007,usage,2,87,15.154464001129554
main/E_lab/code_leaning_hard/D_code/tau0.1/ones/incl/k2/rG1007/ctl-usage,1007,usage,2,88,15.540583546889252
main/E_lab/code_leaning_hard/D_code/tau0.1/ones/incl/k2/rG1007/ctl-usage,1007,usage,2,89,8.794165474257625
main/E_lab/code_leaning_hard/D_code/tau0.1/ones/incl/k2/rG1007/ctl-usage,1007,usage,2,90,6.235184451525356
main/E_lab/code_leaning_hard/D_code/tau0.1/ones/incl/k2/rG1007/ctl-usage,1007,usage,2,91,5.174470039903099
main/E_lab/code_leaning_hard/D_code/tau0.1/ones/incl/k2/rG1007/ctl-usage,1007,usage,2,92,7.140187417339348
main/E_lab/code_leaning_hard/D_code/tau0.1/ones/incl/k2/rG1007/ctl-usage,1007,usage,2,93,7.143037430098502
main/E_lab/code_leaning_hard/D_code/tau0.1/ones/incl/k2/rG1007/ctl-usage,1007,usage,2,94,5.6846923081347995
main/E_lab/code_leaning_hard/D_code/tau0.1/ones/incl/k2/rG1007/ctl-usage,1007,usage,2,95,5.264287545845718
main/E_lab/code_leaning_hard/D_code/tau0.1/ones/incl/k2/rG1007/ctl-usage,1007,usage,2,96,5.788734748291972
main/E_lab/code_leaning_hard/D_code/tau0.1/ones/incl/k2/rG1007/ctl-usage,1007,usage,2,97,5.535888382797111
main/E_lab/code_leaning_hard/D_code/tau0.1/ones/incl/k2/rG1007/ctl-usage,1007,usage,2,98,6.5573884685259145
main/E_lab/code_leaning_hard/D_code/tau0.1/ones/incl/k2/rG1007/ctl-usage,1007,usage,2,99,6.177546865984368
main/E_lab/code_leaning_hard/D_code/tau0.1/ones/incl/k2/rG1007/ctl-usage,1007,usage,2,100,6.328328703720217
main/E_lab/code_leaning_hard/D_code/tau0.1/ones/incl/k2/rG1007/ctl-usage,1007,usage,2,101,5.197238767509134
main/E_lab/code_leaning_hard/D_code/tau0.1/ones/incl/k2/rG1007/ctl-usage,1007,usage,2,102,6.739409910288487
main/E_lab/code_leaning_hard/D_code/tau0.1/ones/incl/k2/rG1007/ctl-usage,1007,usage,2,103,7.278875847012841
main/E_lab/code_leaning_hard/D_code/tau0.1/ones/incl/k2/rG1007/ctl-usage,1007,usage,2,104,6.105029403964181
main/E_lab/code_leaning_hard/D_code/tau0.1/ones/incl/k2/rG1007/ctl-usage,1007,usage,2,105,7.317287474797013
main/E_lab/code_leaning_hard/D_code/tau0.1/ones/incl/k2/rG1007/ctl-usage,1007,usage,2,106,6.708020290976037
main/E_lab/code_leaning_hard/D_code/tau0.1/ones/incl/k2/rG1007/ctl-usage,1007,usage,2,107,7.17995138456763
main/E_lab/code_leaning_hard/D_code/tau0.1/ones/incl/k2/rG1007/ctl-usage,1007,usage,2,108,6.657321298693205
main/E_lab/code_leaning_hard/D_code/tau0.1/ones/incl/k2/rG1007/ctl-usage,1007,usage,2,109,6.911593671585706
main/E_lab/code_leaning_hard/D_code/tau0.1/ones/incl/k2/rG1007/ctl-usage,1007,usage,2,110,7.398930322329306
main/E_lab/code_leaning_hard/D_code/tau0.1/ones/incl/k2/rG1007/ctl-usage,1007,usage,2,111,7.119256550877708
main/E_lab/code_leaning_hard/D_code/tau0.1/ones/incl/k2/rG1007/ctl-usage,1007,usage,2,112,6.853663769284594
main/E_lab/code_leaning_hard/D_code/tau0.1/ones/incl/k2/rG1007/ctl-usage,1007,usage,2,113,7.844435567076744
main/E_lab/code_leaning_hard/D_code/tau0.1/ones/incl/k2/rG1007/ctl-usage,1007,usage,2,114,6.88101558999665
main/E_lab/code_leaning_hard/D_code/tau0.1/ones/incl/k2/rG1007/ctl-usage,1007,usage,2,115,6.849583502727455
main/E_lab/code_leaning_hard/D_code/tau0.1/ones/incl/k2/rG1007/ctl-usage,1007,usage,2,116,5.058466209070957
main/E_lab/code_leaning_hard/D_code/tau0.1/ones/incl/k2/rG1007/ctl-usage,1007,usage,2,117,5.914946025060999
main/E_lab/code_leaning_hard/D_code/tau0.1/ones/incl/k2/rG1007/ctl-usage,1007,usage,2,118,5.357501721450035
main/E_lab/code_leaning_hard/D_code/tau0.1/ones/incl/k2/rG1007/ctl-usage,1007,usage,2,119,5.666616362167588
main/E_lab/code_leaning_hard/D_code/tau0.1/ones/incl/k2/rG1007/ctl-usage,1007,usage,2,120,4.6152215731463
main/E_lab/code_leaning_hard/D_code/tau0.1/ones/incl/k2/rG1007/ctl-usage,1007,usage,2,121,6.537586411863231
main/E_lab/code_leaning_hard/D_code/tau0.1/ones/incl/k2/rG1007/ctl-usage,1007,usage,2,122,7.870139675658265
main/E_lab/code_leaning_hard/D_code/tau0.1/ones/incl/k2/rG1007/ctl-usage,1007,usage,2,123,10.177079058578556
main/E_lab/code_leaning_hard/D_code/tau0.1/ones/incl/k2/rG1007/ctl-usage,1007,usage,2,124,8.146448589468037
main/E_lab/code_leaning_hard/D_code/tau0.1/ones/incl/k2/rG1007/ctl-usage,1007,usage,2,125,4.66858820972584
main/E_lab/code_leaning_hard/D_code/tau0.1/ones/incl/k2/rG1007/ctl-usage,1007,usage,2,126,6.787883344367401
main/E_lab/code_leaning_hard/D_code/tau0.1/ones/incl/k2/rG1007/ctl-usage,1007,usage,2,127,6.620261641164234
main/E_lab/code_leaning_hard/D_code/tau0.1/ones/incl/k2/rG1007/ctl-usage,1007,usage,2,128,5.491251988660679
main/E_lab/code_leaning_hard/D_code/tau0.1/ones/incl/k2/rG1007/ctl-usage,1007,usage,2,129,6.085010340833833
main/E_lab/code_leaning_hard/D_code/tau0.1/ones/incl/k2/rG1007/ctl-usage,1007,usage,2,130,6.6714567198805526
main/E_lab/code_leaning_hard/D_code/tau0.1/ones/incl/k2/rG1007/ctl-usage,1007,usage,2,131,7.041243529795338
main/E_lab/code_leaning_hard/D_code/tau0.1/ones/incl/k2/rG1007/ctl-usage,1007,usage,2,132,7.872934186305656
main/E_lab/code_leaning_hard/D_code/tau0.1/ones/incl/k2/rG1007/ctl-usage,1007,usage,2,133,7.6859720968345755
main/E_lab/code_leaning_hard/D_code/tau0.1/ones/incl/k2/rG1007/ctl-usage,1007,usage,2,134,5.776504962452691
main/E_lab/code_leaning_hard/D_code/tau0.1/ones/incl/k2/rG1007/ctl-usage,1007,usage,2,135,5.462975019945588
main/E_lab/code_leaning_hard/D_code/tau0.1/ones/incl/k2/rG1007/ctl-usage,1007,usage,2,136,8.464475295052807
main/E_lab/code_leaning_hard/D_code/tau0.1/ones/incl/k2/rG1007/ctl-usage,1007,usage,2,137,6.62545775160379
main/E_lab/code_leaning_hard/D_code/tau0.1/ones/incl/k2/rG1007/ctl-usage,1007,usage,2,138,5.845668074279274
main/E_lab/code_leaning_hard/D_code/tau0.1/ones/incl/k2/rG1007/ctl-usage,1007,usage,2,139,5.915194243981205
main/E_lab/code_leaning_hard/D_code/tau0.1/ones/incl/k2/rG1007/ctl-usage,1007,usage,2,140,6.9099180587827504
main/E_lab/code_leaning_hard/D_code/tau0.1/ones/incl/k2/rG1007/ctl-usage,1007,usage,2,141,6.948030010728871
main/E_lab/code_leaning_hard/D_code/tau0.1/ones/incl/k2/rG1007/ctl-usage,1007,usage,2,142,6.865735768373725
main/E_lab/code_leaning_hard/D_code/tau0.1/ones/incl/k2/rG1007/ctl-usage,1007,usage,2,143,6.758871317003013
main/E_lab/code_leaning_hard/D_code/tau0.1/ones/incl/k2/rG1007/ctl-usage,1007,usage,2,144,6.785285327885504
main/E_lab/code_leaning_hard/D_code/tau0.1/ones/incl/k2/rG1007/ctl-usage,1007,usage,2,145,6.72363035936678
main/E_lab/code_leaning_hard/D_code/tau0.1/ones/incl/k2/rG1007/ctl-usage,1007,usage,2,146,9.089268106564305
main/E_lab/code_leaning_hard/D_code/tau0.1/ones/incl/k2/rG1007/ctl-usage,1007,usage,2,147,6.163443974186521
main/E_lab/code_leaning_hard/D_code/tau0.1/ones/incl/k2/rG1007/ctl-usage,1007,usage,2,148,10.923290309649701
main/E_lab/code_leaning_hard/D_code/tau0.1/ones/incl/k2/rG1007/ctl-usage,1007,usage,2,149,12.395007140153325
main/E_lab/code_leaning_hard/D_code/tau0.1/ones/incl/k2/rG1007/ctl-usage,1007,usage,2,150,10.987307840016001
main/E_lab/code_leaning_hard/D_code/tau0.1/ones/incl/k2/rG1007/ctl-usage,1007,usage,2,151,10.923141396402116
main/E_lab/code_leaning_hard/D_code/tau0.1/ones/incl/k2/rG1007/ctl-usage,1007,usage,2,152,11.59954436895464
main/E_lab/code_leaning_hard/D_code/tau0.1/ones/incl/k2/rG1007/ctl-usage,1007,usage,2,153,9.53870130845928
main/E_lab/code_leaning_hard/D_code/tau0.1/ones/incl/k2/rG1007/ctl-usage,1007,usage,2,154,12.647379855014151
main/E_lab/code_leaning_hard/D_code/tau0.1/ones/incl/k2/rG1007/ctl-usage,1007,usage,2,155,15.106444993513037
main/E_lab/code_leaning_hard/D_code/tau0.1/ones/incl/k2/rG1007/ctl-usage,1007,usage,2,156,13.219704135057896
main/E_lab/code_leaning_hard/D_code/tau0.1/ones/incl/k2/rG1007/ctl-usage,1007,usage,2,157,13.73798750333583
main/E_lab/code_leaning_hard/D_code/tau0.1/ones/incl/k2/rG1007/ctl-usage,1007,usage,2,158,7.932802678011285
main/E_lab/code_leaning_hard/D_code/tau0.1/ones/incl/k2/rG1007/ctl-usage,1007,usage,2,159,6.682224798740208
main/E_lab/code_leaning_hard/D_code/tau0.1/ones/incl/k2/rG1007/ctl-usage,1007,usage,2,160,9.298993327272001
main/E_lab/code_leaning_hard/D_code/tau0.1/ones/incl/k2/rG1007/ctl-usage,1007,usage,2,161,9.079572785998607
main/E_lab/code_leaning_hard/D_code/tau0.1/ones/incl/k2/rG1007/ctl-usage,1007,usage,2,162,6.264117479410515
main/E_lab/code_leaning_hard/D_code/tau0.1/ones/incl/k2/rG1007/ctl-usage,1007,usage,2,163,5.381614870761041
main/E_lab/code_leaning_hard/D_code/tau0.1/ones/incl/k2/rG1007/ctl-usage,1007,usage,2,164,4.724105956454423
main/E_lab/code_leaning_hard/D_code/tau0.1/ones/incl/k2/rG1007/ctl-usage,1007,usage,2,165,4.382515894381413
main/E_lab/code_leaning_hard/D_code/tau0.1/ones/incl/k2/rG1007/ctl-usage,1007,usage,2,166,4.998775993232812
main/E_lab/code_leaning_hard/D_code/tau0.1/ones/incl/k2/rG1007/ctl-usage,1007,usage,2,167,5.180321564089354
main/E_lab/code_leaning_hard/D_code/tau0.1/ones/incl/k2/rG1007/ctl-usage,1007,usage,2,168,5.3886008967324415
main/E_lab/code_leaning_hard/D_code/tau0.1/ones/incl/k2/rG1007/ctl-usage,1007,usage,2,169,5.560745258804218
main/E_lab/code_leaning_hard/D_code/tau0.1/ones/incl/k2/rG1007/ctl-usage,1007,usage,2,170,5.773421749477166
main/E_lab/code_leaning_hard/D_code/tau0.1/ones/incl/k2/rG1007/ctl-usage,1007,usage,2,171,3.85688970810952
main/E_lab/code_leaning_hard/D_code/tau0.1/ones/incl/k2/rG1007/ctl-usage,1007,usage,2,172,6.150052671714093
main/E_lab/code_leaning_hard/D_code/tau0.1/ones/incl/k2/rG1007/ctl-usage,1007,usage,2,173,6.622312603316914
main/E_lab/code_leaning_hard/D_code/tau0.1/ones/incl/k2/rG1007/ctl-usage,1007,usage,2,174,9.447872809424553
main/E_lab/code_leaning_hard/D_code/tau0.1/ones/incl/k2/rG1007/ctl-usage,1007,usage,2,175,7.938411508595436
main/E_lab/code_leaning_hard/D_code/tau0.1/ones/incl/k2/rG1007/ctl-usage,1007,usage,2,176,8.402727165436318
main/E_lab/code_leaning_hard/D_code/tau0.1/ones/incl/k2/rG1007/ctl-usage,1007,usage,2,177,8.100218662780321
main/E_lab/code_leaning_hard/D_code/tau0.1/ones/incl/k2/rG1007/ctl-usage,1007,usage,2,178,7.7802902401099345
main/E_lab/code_leaning_hard/D_code/tau0.1/ones/incl/k2/rG1007/ctl-usage,1007,usage,2,179,6.836764803436836
main/E_lab/code_leaning_hard/D_code/tau0.1/ones/incl/k2/rG1007/ctl-usage,1007,usage,2,180,6.243432543795279
main/E_lab/code_leaning_hard/D_code/tau0.1/ones/incl/k2/rG1007/ctl-usage,1007,usage,2,181,5.648450518155187
main/E_lab/code_leaning_hard/D_code/tau0.1/ones/incl/k2/rG1007/ctl-usage,1007,usage,2,182,6.401852311412313
main/E_lab/code_leaning_hard/D_code/tau0.1/ones/incl/k2/rG1007/ctl-usage,1007,usage,2,183,6.184017025483399
main/E_lab/code_leaning_hard/D_code/tau0.1/ones/incl/k2/rG1007/ctl-usage,1007,usage,2,184,5.844978454027114
main/E_lab/code_leaning_hard/D_code/tau0.1/ones/incl/k2/rG1007/ctl-usage,1007,usage,2,185,6.283211397726518
main/E_lab/code_leaning_hard/D_code/tau0.1/ones/incl/k2/rG1007/ctl-usage,1007,usage,2,186,4.332428731502205
main/E_lab/code_leaning_hard/D_code/tau0.1/ones/incl/k2/rG1007/ctl-usage,1007,usage,2,187,5.633174331362625
main/E_lab/code_leaning_hard/D_code/tau0.1/ones/incl/k2/rG1007/ctl-usage,1007,usage,2,188,5.007214039319479
main/E_lab/code_leaning_hard/D_code/tau0.1/ones/incl/k2/rG1007/ctl-usage,1007,usage,2,189,6.3051978931030135
main/E_lab/code_leaning_hard/D_code/tau0.1/ones/incl/k2/rG1007/ctl-usage,1007,usage,2,190,6.765447224232503
main/E_lab/code_leaning_hard/D_code/tau0.1/ones/incl/k2/rG1007/ctl-usage,1007,usage,2,191,4.6672023697947225
main/E_lab/code_leaning_hard/D_code/tau0.1/ones/incl/k2/rG1007/ctl-usage,1007,usage,2,192,5.031381305926288
main/E_lab/code_leaning_hard/D_code/tau0.1/ones/incl/k2/rG1007/ctl-usage,1007,usage,2,193,8.167897723717488
main/E_lab/code_leaning_hard/D_code/tau0.1/ones/incl/k2/rG1007/ctl-usage,1007,usage,2,194,7.978307191303884
main/E_lab/code_leaning_hard/D_code/tau0.1/ones/incl/k2/rG1007/ctl-usage,1007,usage,2,195,7.260256550886879
main/E_lab/code_leaning_hard/D_code/tau0.1/ones/incl/k2/rG1007/ctl-usage,1007,usage,2,196,6.751186641424738
main/E_lab/code_leaning_hard/D_code/tau0.1/ones/incl/k2/rG1007/ctl-usage,1007,usage,2,197,6.255137099719661
main/E_lab/code_leaning_hard/D_code/tau0.1/ones/incl/k2/rG1007/ctl-usage,1007,usage,2,198,5.751628272581911
main/E_lab/code_leaning_hard/D_code/tau0.1/ones/incl/k2/rG1007/ctl-usage,1007,usage,2,199,7.9582661824174465
main/E_lab/code_leaning_hard/D_code/tau0.1/ones/incl/k2/rG1007/ctl-usage,1007,usage,2,200,5.790560501348864
main/E_lab/code_leaning_hard/D_code/tau0.1/ones/incl/k2/rG1007/ctl-usage,1007,usage,2,201,6.306151338954805
main/E_lab/code_leaning_hard/D_code/tau0.1/ones/incl/k2/rG1007/ctl-usage,1007,usage,2,202,6.188656632419679
main/E_lab/code_leaning_hard/D_code/tau0.1/ones/incl/k2/rG1007/ctl-usage,1007,usage,2,203,4.401873167716076
main/E_lab/code_leaning_hard/D_code/tau0.1/ones/incl/k2/rG1007/ctl-usage,1007,usage,2,204,4.200797951384629
main/E_lab/code_leaning_hard/D_code/tau0.1/ones/incl/k2/rG1007/ctl-usage,1007,usage,2,205,5.040731011815296
main/E_lab/code_leaning_hard/D_code/tau0.1/ones/incl/k2/rG1007/ctl-usage,1007,usage,2,206,5.140740851680448
main/E_lab/code_leaning_hard/D_code/tau0.1/ones/incl/k2/rG1007/ctl-usage,1007,usage,2,207,4.502844256528135
main/E_lab/code_leaning_hard/D_code/tau0.1/ones/incl/k2/rG1007/ctl-usage,1007,usage,2,208,4.525932738435131
main/E_lab/code_leaning_hard/D_code/tau0.1/ones/incl/k2/rG1007/ctl-usage,1007,usage,2,209,5.275421172219922
main/E_lab/code_leaning_hard/D_code/tau0.1/ones/incl/k2/rG1007/ctl-usage,1007,usage,2,210,13.66363080514293
main/E_lab/code_leaning_hard/D_code/tau0.1/ones/incl/k2/rG1007/ctl-usage,1007,usage,2,211,15.30905485043786
main/E_lab/code_leaning_hard/D_code/tau0.1/ones/incl/k2/rG1007/ctl-usage,1007,usage,2,212,12.230136159097128
main/E_lab/code_leaning_hard/D_code/tau0.1/ones/incl/k2/rG1007/ctl-usage,1007,usage,2,213,5.918732135792652
main/E_lab/code_leaning_hard/D_code/tau0.1/ones/incl/k2/rG1007/ctl-usage,1007,usage,2,214,6.100161704949642
main/E_lab/code_leaning_hard/D_code/tau0.1/ones/incl/k2/rG1007/ctl-usage,1007,usage,2,215,7.691601049934434
main/E_lab/code_leaning_hard/D_code/tau0.1/ones/incl/k2/rG1007/ctl-usage,1007,usage,2,216,9.320267877042966
main/E_lab/code_leaning_hard/D_code/tau0.1/ones/incl/k2/rG1007/ctl-usage,1007,usage,2,217,7.87742006267581
main/E_lab/code_leaning_hard/D_code/tau0.1/ones/incl/k2/rG1007/ctl-usage,1007,usage,2,218,7.7612078339852815
main/E_lab/code_leaning_hard/D_code/tau0.1/ones/incl/k2/rG1007/ctl-usage,1007,usage,2,219,8.615169027843876
main/E_lab/code_leaning_hard/D_code/tau0.1/ones/incl/k2/rG1007/ctl-usage,1007,usage,2,220,8.781828889261305
main/E_lab/code_leaning_hard/D_code/tau0.1/ones/incl/k2/rG1007/ctl-usage,1007,usage,2,221,8.686829501301418
main/E_lab/code_leaning_hard/D_code/tau0.1/ones/incl/k2/rG1007/ctl-usage,1007,usage,2,222,7.419223966928712
main/E_lab/code_leaning_hard/D_code/tau0.1/ones/incl/k2/rG1007/ctl-usage,1007,usage,2,223,7.048475774508006
main/E_lab/code_leaning_hard/D_code/tau0.1/ones/incl/k2/rG1007/ctl-usage,1007,usage,2,224,6.380148281366928
main/E_lab/code_leaning_hard/D_code/tau0.1/ones/incl/k2/rG1007/ctl-usage,1007,usage,2,225,15.459161003466988
main/E_lab/code_leaning_hard/D_code/tau0.1/ones/incl/k2/rG1007/ctl-usage,1007,usage,2,226,10.335424177079403
main/E_lab/code_leaning_hard/D_code/tau0.1/ones/incl/k2/rG1007/ctl-usage,1007,usage,2,227,6.523209863509237
main/E_lab/code_leaning_hard/D_code/tau0.1/ones/incl/k2/rG1007/ctl-usage,1007,usage,2,228,5.993336808880258
main/E_lab/code_leaning_hard/D_code/tau0.1/ones/incl/k2/rG1007/ctl-usage,1007,usage,2,229,5.772566916123196
main/E_lab/code_leaning_hard/D_code/tau0.1/ones/incl/k2/rG1007/ctl-usage,1007,usage,2,230,6.064049128198803
main/E_lab/code_leaning_hard/D_code/tau0.1/ones/incl/k2/rG1007/ctl-usage,1007,usage,2,231,6.254377934906131
main/E_lab/code_leaning_hard/D_code/tau0.1/ones/incl/k2/rG1007/ctl-usage,1007,usage,2,232,6.22706383680088
main/E_lab/code_leaning_hard/D_code/tau0.1/ones/incl/k2/rG1007/ctl-usage,1007,usage,2,233,8.338128727998992
main/E_lab/code_leaning_hard/D_code/tau0.1/ones/incl/k2/rG1007/ctl-usage,1007,usage,2,234,8.179832003095726
main/E_lab/code_leaning_hard/D_code/tau0.1/ones/incl/k2/rG1007/ctl-usage,1007,usage,2,235,5.2944369161396025
main/E_lab/code_leaning_hard/D_code/tau0.1/ones/incl/k2/rG1007/ctl-usage,1007,usage,2,236,10.010790115024065
main/E_lab/code_leaning_hard/D_code/tau0.1/ones/incl/k2/rG1007/ctl-usage,1007,usage,2,237,8.10289765997868
main/E_lab/code_leaning_hard/D_code/tau0.1/ones/incl/k2/rG1007/ctl-usage,1007,usage,2,238,4.856734241309368
main/E_lab/code_leaning_hard/D_code/tau0.1/ones/incl/k2/rG1007/ctl-usage,1007,usage,2,239,5.24210397362549
main/E_lab/code_leaning_hard/D_code/tau0.1/ones/incl/k2/rG1007/ctl-usage,1007,usage,2,240,4.4493930817452565
main/E_lab/code_leaning_hard/D_code/tau0.1/ones/incl/k2/rG1007/ctl-usage,1007,usage,2,241,4.275788679782863
main/E_lab/code_leaning_hard/D_code/tau0.1/ones/incl/k2/rG1007/ctl-usage,1007,usage,2,242,4.700320620856473
main/E_lab/code_leaning_hard/D_code/tau0.1/ones/incl/k2/rG1007/ctl-usage,1007,usage,2,243,4.267265804307499
main/E_lab/code_leaning_hard/D_code/tau0.1/ones/incl/k2/rG1007/ctl-usage,1007,usage,2,244,4.014856607586353
main/E_lab/code_leaning_hard/D_code/tau0.1/ones/incl/k2/rG1007/ctl-usage,1007,usage,2,245,5.18391991447379
main/E_lab/code_leaning_hard/D_code/tau0.1/ones/incl/k2/rG1007/ctl-usage,1007,usage,2,246,4.551354318897438
main/E_lab/code_leaning_hard/D_code/tau0.1/ones/incl/k2/rG1007/ctl-usage,1007,usage,2,247,4.606353405853952
main/E_lab/code_leaning_hard/D_code/tau0.1/ones/incl/k2/rG1007/ctl-usage,1007,usage,2,248,4.605863954188862
main/E_lab/code_leaning_hard/D_code/tau0.1/ones/incl/k2/rG1007/ctl-usage,1007,usage,2,249,3.8338681716086285
main/E_lab/code_leaning_hard/D_code/tau0.1/ones/incl/k2/rG1007/ctl-usage,1007,usage,2,250,4.709506068762948
main/E_lab/code_leaning_hard/D_code/tau0.1/ones/incl/k2/rG1007/ctl-usage,1007,usage,2,251,4.960762962421995
main/E_lab/code_leaning_hard/D_code/tau0.1/ones/incl/k2/rG1007/ctl-usage,1007,usage,2,252,4.442061977545563
main/E_lab/code_leaning_hard/D_code/tau0.1/ones/incl/k2/rG1007/ctl-usage,1007,usage,2,253,5.047400714030118
main/E_lab/code_leaning_hard/D_code/tau0.1/ones/incl/k2/rG1007/ctl-usage,1007,usage,2,254,4.555788371262224
main/E_lab/code_leaning_hard/D_code/tau0.1/ones/incl/k2/rG1007/ctl-usage,1007,usage,2,255,4.22182725849575
main/E_lab/code_leaning_hard/D_code/tau0.1/ones/incl/k2/rG1007/ctl-usage,1007,usage,2,256,12.659364631075732
main/E_lab/code_leaning_hard/D_code/tau0.1/ones/incl/k2/rG1007/ctl-usage,1007,usage,2,257,13.119606873948214
main/E_lab/code_leaning_hard/D_code/tau0.1/ones/incl/k2/rG1007/ctl-usage,1007,usage,2,258,13.124118689894658
main/E_lab/code_leaning_hard/D_code/tau0.1/ones/incl/k2/rG1007/ctl-usage,1007,usage,2,259,13.667877815065367
main/E_lab/code_leaning_hard/D_code/tau0.1/ones/incl/k2/rG1007/ctl-usage,1007,usage,2,260,14.02155051090449
main/E_lab/code_leaning_hard/D_code/tau0.1/ones/incl/k2/rG1007/ctl-usage,1007,usage,2,261,13.91632824012504
main/E_lab/code_leaning_hard/D_code/tau0.1/ones/incl/k2/rG1007/ctl-usage,1007,usage,2,262,13.716748215575535
main/E_lab/code_leaning_hard/D_code/tau0.1/ones/incl/k2/rG1007/ctl-usage,1007,usage,2,263,16.294152196254117
main/E_lab/code_leaning_hard/D_code/tau0.1/ones/incl/k2/rG1007/ctl-usage,1007,usage,2,264,14.915673212487263
main/E_lab/code_leaning_hard/D_code/tau0.1/ones/incl/k2/rG1007/ctl-usage,1007,usage,2,265,16.35728805719782
main/E_lab/code_leaning_hard/D_code/tau0.1/ones/incl/k2/rG1007/ctl-usage,1007,usage,2,266,13.912313024143259
main/E_lab/code_leaning_hard/D_code/tau0.1/ones/incl/k2/rG1007/ctl-usage,1007,usage,2,267,14.155544111807103
main/E_lab/code_leaning_hard/D_code/tau0.1/ones/incl/k2/rG1007/ctl-usage,1007,usage,2,268,14.170219874154327
main/E_lab/code_leaning_hard/D_code/tau0.1/ones/incl/k2/rG1007/ctl-usage,1007,usage,2,269,13.07146353715143
main/E_lab/code_leaning_hard/D_code/tau0.1/ones/incl/k2/rG1007/ctl-usage,1007,usage,2,270,13.469124408077732
main/E_lab/code_leaning_hard/D_code/tau0.1/ones/incl/k2/rG1007/ctl-usage,1007,usage,2,271,13.51499553046824
main/E_lab/code_leaning_hard/D_code/tau0.1/ones/incl/k2/rG1007/ctl-usage,1007,usage,2,272,12.3647871230296
main/E_lab/code_leaning_hard/D_code/tau0.1/ones/incl/k2/rG1007/ctl-usage,1007,usage,2,273,13.85652816436209
main/E_lab/code_leaning_hard/D_code/tau0.1/ones/incl/k2/rG1007/ctl-usage,1007,usage,2,274,15.43786441652253
main/E_lab/code_leaning_hard/D_code/tau0.1/ones/incl/k2/rG1007/ctl-usage,1007,usage,2,275,12.869789322288398
main/E_lab/code_leaning_hard/D_code/tau0.1/ones/incl/k2/rG1007/ctl-usage,1007,usage,2,276,13.219753813498755
main/E_lab/code_leaning_hard/D_code/tau0.1/ones/incl/k2/rG1007/ctl-usage,1007,usage,2,277,13.099288518715412
main/E_lab/code_leaning_hard/D_code/tau0.1/ones/incl/k2/rG1007/ctl-usage,1007,usage,2,278,12.746849853815775
main/E_lab/code_leaning_hard/D_code/tau0.1/ones/incl/k2/rG1007/ctl-usage,1007,usage,2,279,12.518506645166326
main/E_lab/code_leaning_hard/D_code/tau0.1/ones/incl/k2/rG1007/ctl-usage,1007,usage,2,280,13.629722451400085
main/E_lab/code_leaning_hard/D_code/tau0.1/ones/incl/k2/rG1007/ctl-usage,1007,usage,2,281,14.11134906519328
main/E_lab/code_leaning_hard/D_code/tau0.1/ones/incl/k2/rG1007/ctl-usage,1007,usage,2,282,13.244152830888652
main/E_lab/code_leaning_hard/D_code/tau0.1/ones/incl/k2/rG1007/ctl-usage,1007,usage,2,283,13.580858956440352
main/E_lab/code_leaning_hard/D_code/tau0.1/ones/incl/k2/rG1007/ctl-usage,1007,usage,2,284,13.11898890181601
main/E_lab/code_leaning_hard/D_code/tau0.1/ones/incl/k2/rG1007/ctl-usage,1007,usage,2,285,12.448310984084856
main/E_lab/code_leaning_hard/D_code/tau0.1/ones/incl/k2/rG1007/ctl-usage,1007,usage,2,286,12.353774343465602
main/E_lab/code_leaning_hard/D_code/tau0.1/ones/incl/k2/rG1007/ctl-usage,1007,usage,2,287,12.254290673726246
main/E_lab/code_leaning_hard/D_code/tau0.1/ones/incl/k2/rG1007/ctl-usage,1007,usage,2,288,12.240248796490505
main/E_lab/code_leaning_hard/D_code/tau0.1/ones/incl/k2/rG1007/ctl-usage,1007,usage,2,289,12.235042924933737
main/E_lab/code_leaning_hard/D_code/tau0.1/ones/incl/k2/rG1007/ctl-usage,1007,usage,2,290,12.336893760276325
main/E_lab/code_leaning_hard/D_code/tau0.1/ones/incl/k2/rG1007/ctl-usage,1007,usage,2,291,12.287320798186556
main/E_lab/code_leaning_hard/D_code/tau0.1/ones/incl/k2/rG1007/ctl-usage,1007,usage,2,292,11.648449694496776
main/E_lab/code_leaning_hard/D_code/tau0.1/ones/incl/k2/rG1007/ctl-usage,1007,usage,2,293,12.275812511948516
main/E_lab/code_leaning_hard/D_code/tau0.1/ones/incl/k2/rG1007/ctl-usage,1007,usage,2,294,12.760866884785628
main/E_lab/code_leaning_hard/D_code/tau0.1/ones/incl/k2/rG1007/ctl-usage,1007,usage,2,295,11.970822115742976
main/E_lab/code_leaning_hard/D_code/tau0.1/ones/incl/k2/rG1007/ctl-usage,1007,usage,2,296,12.331059504289442
main/E_lab/code_leaning_hard/D_code/tau0.1/ones/incl/k2/rG1007/ctl-usage,1007,usage,2,297,12.511322396226433
main/E_lab/code_leaning_hard/D_code/tau0.1/ones/incl/k2/rG1007/ctl-usage,1007,usage,2,298,14.623887884451506
main/E_lab/code_leaning_hard/D_code/tau0.1/ones/incl/k2/rG1007/ctl-usage,1007,usage,2,299,12.854589603301974
main/E_lab/code_leaning_hard/D_code/tau0.1/ones/incl/k2/rG1007/ctl-usage,1007,usage,2,300,12.955109942791296
main/E_lab/code_leaning_hard/D_code/tau0.1/ones/incl/k2/rG1007/ctl-usage,1007,usage,2,301,12.170658770278806
main/E_lab/code_leaning_hard/D_code/tau0.1/ones/incl/k2/rG1007/ctl-usage,1007,usage,2,302,11.449461368039465
main/E_lab/code_leaning_hard/D_code/tau0.1/ones/incl/k2/rG1007/ctl-usage,1007,usage,2,303,14.69620281476682
main/E_lab/code_leaning_hard/D_code/tau0.1/ones/incl/k2/rG1007/ctl-usage,1007,usage,2,304,15.787443903042913
main/E_lab/code_leaning_hard/D_code/tau0.1/ones/incl/k2/rG1007/ctl-usage,1007,usage,2,305,15.972086693505844
main/E_lab/code_leaning_hard/D_code/tau0.1/ones/incl/k2/rG1007/ctl-usage,1007,usage,2,306,15.980054018757983
main/E_lab/code_leaning_hard/D_code/tau0.1/ones/incl/k2/rG1007/ctl-usage,1007,usage,2,307,13.64689015194017
main/E_lab/code_leaning_hard/D_code/tau0.1/ones/incl/k2/rG1007/ctl-usage,1007,usage,2,308,13.864337381430687
main/E_lab/code_leaning_hard/D_code/tau0.1/ones/incl/k2/rG1007/ctl-usage,1007,usage,2,309,13.866175359325098
main/E_lab/code_leaning_hard/D_code/tau0.1/ones/incl/k2/rG1007/ctl-usage,1007,usage,2,310,13.72626037801183
main/E_lab/code_leaning_hard/D_code/tau0.1/ones/incl/k2/rG1007/ctl-usage,1007,usage,2,311,12.504543200500848
main/E_lab/code_leaning_hard/D_code/tau0.1/ones/incl/k2/rG1007/ctl-usage,1007,usage,2,312,12.908813300418842
main/E_lab/code_leaning_hard/D_code/tau0.1/ones/incl/k2/rG1007/ctl-usage,1007,usage,2,313,12.182804522210972
main/E_lab/code_leaning_hard/D_code/tau0.1/ones/incl/k2/rG1007/ctl-usage,1007,usage,2,314,12.85525559081998
main/E_lab/code_leaning_hard/D_code/tau0.1/ones/incl/k2/rG1007/ctl-usage,1007,usage,2,315,13.366044577870525
main/E_lab/code_leaning_hard/D_code/tau0.1/ones/incl/k2/rG1007/ctl-usage,1007,usage,2,316,12.270322294779135
main/E_lab/code_leaning_hard/D_code/tau0.1/ones/incl/k2/rG1007/ctl-usage,1007,usage,2,317,12.729042474477637
main/E_lab/code_leaning_hard/D_code/tau0.1/ones/incl/k2/rG1007/ctl-usage,1007,usage,2,318,12.968822188302056
main/E_lab/code_leaning_hard/D_code/tau0.1/ones/incl/k2/rG1007/ctl-usage,1007,usage,2,319,12.641071506662001
main/E_lab/code_leaning_hard/D_code/tau0.1/ones/incl/k2/rG1007/ctl-usage,1007,usage,2,320,14.41786498005672
main/E_lab/code_leaning_hard/D_code/tau0.1/ones/incl/k2/rG1007/ctl-usage,1007,usage,2,321,12.463325161111243
main/E_lab/code_leaning_hard/D_code/tau0.1/ones/incl/k2/rG1007/ctl-usage,1007,usage,2,322,14.342698457372535
main/E_lab/code_leaning_hard/D_code/tau0.1/ones/incl/k2/rG1007/ctl-usage,1007,usage,2,323,15.532538084951284
main/E_lab/code_leaning_hard/D_code/tau0.1/ones/incl/k2/rG1007/ctl-usage,1007,usage,2,324,13.523062567028546
main/E_lab/code_leaning_hard/D_code/tau0.1/ones/incl/k2/rG1007/ctl-usage,1007,usage,2,325,13.688071393232804
main/E_lab/code_leaning_hard/D_code/tau0.1/ones/incl/k2/rG1007/ctl-usage,1007,usage,2,326,15.95381643380233
main/E_lab/code_leaning_hard/D_code/tau0.1/ones/incl/k2/rG1007/ctl-usage,1007,usage,2,327,15.033531964840222
main/E_lab/code_leaning_hard/D_code/tau0.1/ones/incl/k2/rG1007/ctl-usage,1007,usage,2,328,15.058953681550065
main/E_lab/code_leaning_hard/D_code/tau0.1/ones/incl/k2/rG1007/ctl-usage,1007,usage,2,329,14.454132898626767
main/E_lab/code_leaning_hard/D_code/tau0.1/ones/incl/k2/rG1007/ctl-usage,1007,usage,2,330,14.901665000843423
main/E_lab/code_leaning_hard/D_code/tau0.1/ones/incl/k2/rG1007/ctl-usage,1007,usage,2,331,13.590435650170548
main/E_lab/code_leaning_hard/D_code/tau0.1/ones/incl/k2/rG1007/ctl-usage,1007,usage,2,332,14.661758144935902
main/E_lab/code_leaning_hard/D_code/tau0.1/ones/incl/k2/rG1007/ctl-usage,1007,usage,2,333,13.585128369708684
main/E_lab/code_leaning_hard/D_code/tau0.1/ones/incl/k2/rG1007/ctl-usage,1007,usage,2,334,13.456895923907496
main/E_lab/code_leaning_hard/D_code/tau0.1/ones/incl/k2/rG1007/ctl-usage,1007,usage,2,335,14.733194831223045
main/E_lab/code_leaning_hard/D_code/tau0.1/ones/incl/k2/rG1007/ctl-usage,1007,usage,2,336,14.235971834462134
main/E_lab/code_leaning_hard/D_code/tau0.1/ones/incl/k2/rG1007/ctl-usage,1007,usage,2,337,11.737050735332787
main/E_lab/code_leaning_hard/D_code/tau0.1/ones/incl/k2/rG1007/ctl-usage,1007,usage,2,338,12.806938472318734
main/E_lab/code_leaning_hard/D_code/tau0.1/ones/incl/k2/rG1007/ctl-usage,1007,usage,2,339,12.639642965272287
main/E_lab/code_leaning_hard/D_code/tau0.1/ones/incl/k2/rG1007/ctl-usage,1007,usage,2,340,14.475528003663385
main/E_lab/code_leaning_hard/D_code/tau0.1/ones/incl/k2/rG1007/ctl-usage,1007,usage,2,341,14.00207244536341
main/E_lab/code_leaning_hard/D_code/tau0.1/ones/incl/k2/rG1007/ctl-usage,1007,usage,2,342,14.375913106139024
main/E_lab/code_leaning_hard/D_code/tau0.1/ones/incl/k2/rG1007/ctl-usage,1007,usage,2,343,14.484520454796439
main/E_lab/code_leaning_hard/D_code/tau0.1/ones/incl/k2/rG1007/ctl-usage,1007,usage,2,344,12.498364648112783
main/E_lab/code_leaning_hard/D_code/tau0.1/ones/incl/k2/rG1007/ctl-usage,1007,usage,2,345,14.228083810867929
main/E_lab/code_leaning_hard/D_code/tau0.1/ones/incl/k2/rG1007/ctl-usage,1007,usage,2,346,14.623009746535445
main/E_lab/code_leaning_hard/D_code/tau0.1/ones/incl/k2/rG1007/ctl-usage,1007,usage,2,347,14.44160552173662
main/E_lab/code_leaning_hard/D_code/tau0.1/ones/incl/k2/rG1007/ctl-usage,1007,usage,2,348,14.588480375804465
main/E_lab/code_leaning_hard/D_code/tau0.1/ones/incl/k2/rG1007/ctl-usage,1007,usage,2,349,14.533053683903745
main/E_lab/code_leaning_hard/D_code/tau0.1/ones/incl/k2/rG1007/ctl-usage,1007,usage,2,350,13.08169947708825
main/E_lab/code_leaning_hard/D_code/tau0.1/ones/incl/k2/rG1007/ctl-usage,1007,usage,2,351,13.14216174983062
main/E_lab/code_leaning_hard/D_code/tau0.1/ones/incl/k2/rG1007/ctl-usage,1007,usage,2,352,11.527161830355453
main/E_lab/code_leaning_hard/D_code/tau0.1/ones/incl/k2/rG1007/ctl-usage,1007,usage,2,353,15.114416888214237
main/E_lab/code_leaning_hard/D_code/tau0.1/ones/incl/k2/rG1007/ctl-usage,1007,usage,2,354,12.409000237159034
main/E_lab/code_leaning_hard/D_code/tau0.1/ones/incl/k2/rG1007/ctl-usage,1007,usage,2,355,15.484999343782874
main/E_lab/code_leaning_hard/D_code/tau0.1/ones/incl/k2/rG1007/ctl-usage,1007,usage,2,356,13.605324572706877
main/E_lab/code_leaning_hard/D_code/tau0.1/ones/incl/k2/rG1007/ctl-usage,1007,usage,2,357,13.307759172305396
main/E_lab/code_leaning_hard/D_code/tau0.1/ones/incl/k2/rG1007/ctl-usage,1007,usage,2,358,13.08501242803095
main/E_lab/code_leaning_hard/D_code/tau0.1/ones/incl/k2/rG1007/ctl-usage,1007,usage,2,359,12.458175070535162
main/E_lab/code_leaning_hard/D_code/tau0.1/ones/incl/k2/rG1007/ctl-usage,1007,usage,2,360,12.769114957165357
main/E_lab/code_leaning_hard/D_code/tau0.1/ones/incl/k2/rG1007/ctl-usage,1007,usage,2,361,14.845611981304728
main/E_lab/code_leaning_hard/D_code/tau0.1/ones/incl/k2/rG1007/ctl-usage,1007,usage,2,362,15.41370218416455
main/E_lab/code_leaning_hard/D_code/tau0.1/ones/incl/k2/rG1007/ctl-usage,1007,usage,2,363,11.627361502230087
main/E_lab/code_leaning_hard/D_code/tau0.1/ones/incl/k2/rG1007/ctl-usage,1007,usage,2,364,14.065440394049574
main/E_lab/code_leaning_hard/D_code/tau0.1/ones/incl/k2/rG1007/ctl-usage,1007,usage,2,365,14.057054434093857
main/E_lab/code_leaning_hard/D_code/tau0.1/ones/incl/k2/rG1007/ctl-usage,1007,usage,2,366,12.657371192681012
main/E_lab/code_leaning_hard/D_code/tau0.1/ones/incl/k2/rG1007/ctl-usage,1007,usage,2,367,13.4772203812729
main/E_lab/code_leaning_hard/D_code/tau0.1/ones/incl/k2/rG1007/ctl-usage,1007,usage,2,368,14.117790933544711
main/E_lab/code_leaning_hard/D_code/tau0.1/ones/incl/k2/rG1007/ctl-usage,1007,usage,2,369,14.471047313448253
main/E_lab/code_leaning_hard/D_code/tau0.1/ones/incl/k2/rG1007/ctl-usage,1007,usage,2,370,13.606538116586762
main/E_lab/code_leaning_hard/D_code/tau0.1/ones/incl/k2/rG1007/ctl-usage,1007,usage,2,371,12.505924382066041
main/E_lab/code_leaning_hard/D_code/tau0.1/ones/incl/k2/rG1007/ctl-usage,1007,usage,2,372,14.510840922607713
main/E_lab/code_leaning_hard/D_code/tau0.1/ones/incl/k2/rG1007/ctl-usage,1007,usage,2,373,13.53761431186831
main/E_lab/code_leaning_hard/D_code/tau0.1/ones/incl/k2/rG1007/ctl-usage,1007,usage,2,374,12.501106205941142
main/E_lab/code_leaning_hard/D_code/tau0.1/ones/incl/k2/rG1007/ctl-usage,1007,usage,2,375,13.110123959270368
main/E_lab/code_leaning_hard/D_code/tau0.1/ones/incl/k2/rG1007/ctl-usage,1007,usage,2,376,15.211437347476249
main/E_lab/code_leaning_hard/D_code/tau0.1/ones/incl/k2/rG1007/ctl-usage,1007,usage,2,377,14.040881082638407
main/E_lab/code_leaning_hard/D_code/tau0.1/ones/incl/k2/rG1007/ctl-usage,1007,usage,2,378,13.42843011542891
main/E_lab/code_leaning_hard/D_code/tau0.1/ones/incl/k2/rG1007/ctl-usage,1007,usage,2,379,14.562162931238163
main/E_lab/code_leaning_hard/D_code/tau0.1/ones/incl/k2/rG1007/ctl-usage,1007,usage,2,380,13.303718980438134
main/E_lab/code_leaning_hard/D_code/tau0.1/ones/incl/k2/rG1007/ctl-usage,1007,usage,2,381,13.704469139623143
main/E_lab/code_leaning_hard/D_code/tau0.1/ones/incl/k2/rG1007/ctl-usage,1007,usage,2,382,13.312377336354075
main/E_lab/code_leaning_hard/D_code/tau0.1/ones/incl/k2/rG1007/ctl-usage,1007,usage,2,383,13.33285566540144
main/E_lab/code_leaning_hard/D_code/tau0.1/ones/incl/k2/rG1007/ctl-usage,1007,usage,2,384,13.555245301789
main/E_lab/code_leaning_hard/D_code/tau0.1/ones/incl/k2/rG1007/ctl-usage,1007,usage,2,385,8.183102369908283
main/E_lab/code_leaning_hard/D_code/tau0.1/ones/incl/k2/rG1007/ctl-usage,1007,usage,2,386,8.469138035726246
main/E_lab/code_leaning_hard/D_code/tau0.1/ones/incl/k2/rG1007/ctl-usage,1007,usage,2,387,9.63955165392781
main/E_lab/code_leaning_hard/D_code/tau0.1/ones/incl/k2/rG1007/ctl-usage,1007,usage,2,388,6.455719432572096
main/E_lab/code_leaning_hard/D_code/tau0.1/ones/incl/k2/rG1007/ctl-usage,1007,usage,2,389,7.496934027593852
main/E_lab/code_leaning_hard/D_code/tau0.1/ones/incl/k2/rG1007/ctl-usage,1007,usage,2,390,7.215023498566552
main/E_lab/code_leaning_hard/D_code/tau0.1/ones/incl/k2/rG1007/ctl-usage,1007,usage,2,391,6.310924492444656
main/E_lab/code_leaning_hard/D_code/tau0.1/ones/incl/k2/rG1007/ctl-usage,1007,usage,2,392,8.48268270180182
main/E_lab/code_leaning_hard/D_code/tau0.1/ones/incl/k2/rG1007/ctl-usage,1007,usage,2,393,7.1207264377108
main/E_lab/code_leaning_hard/D_code/tau0.1/ones/incl/k2/rG1007/ctl-usage,1007,usage,2,394,9.685610114237761
main/E_lab/code_leaning_hard/D_code/tau0.1/ones/incl/k2/rG1007/ctl-usage,1007,usage,2,395,9.096708044269235
main/E_lab/code_leaning_hard/D_code/tau0.1/ones/incl/k2/rG1007/ctl-usage,1007,usage,2,396,9.041871919042933
main/E_lab/code_leaning_hard/D_code/tau0.1/ones/incl/k2/rG1007/ctl-usage,1007,usage,2,397,8.125740580434012
main/E_lab/code_leaning_hard/D_code/tau0.1/ones/incl/k2/rG1007/ctl-usage,1007,usage,2,398,10.820544213523817
main/E_lab/code_leaning_hard/D_code/tau0.1/ones/incl/k2/rG1007/ctl-usage,1007,usage,2,399,8.0527291020951
main/E_lab/code_leaning_hard/D_code/tau0.1/ones/incl/k2/rG1007/ctl-usage,1007,usage,2,400,4.517052467800568
main/E_lab/code_leaning_hard/D_code/tau0.1/ones/incl/k2/rG1007/ctl-usage,1007,usage,2,401,5.70810939198509
main/E_lab/code_leaning_hard/D_code/tau0.1/ones/incl/k2/rG1007/ctl-usage,1007,usage,2,402,8.660242423086856
main/E_lab/code_leaning_hard/D_code/tau0.1/ones/incl/k2/rG1007/ctl-usage,1007,usage,2,403,9.964788673149599
main/E_lab/code_leaning_hard/D_code/tau0.1/ones/incl/k2/rG1007/ctl-usage,1007,usage,2,404,8.03018891306806
main/E_lab/code_leaning_hard/D_code/tau0.1/ones/incl/k2/rG1007/ctl-usage,1007,usage,2,405,10.027052525185582
main/E_lab/code_leaning_hard/D_code/tau0.1/ones/incl/k2/rG1007/ctl-usage,1007,usage,2,406,8.035149806630216
main/E_lab/code_leaning_hard/D_code/tau0.1/ones/incl/k2/rG1007/ctl-usage,1007,usage,2,407,6.612774383489295
main/E_lab/code_leaning_hard/D_code/tau0.1/ones/incl/k2/rG1007/ctl-usage,1007,usage,2,408,6.306595110488161
main/E_lab/code_leaning_hard/D_code/tau0.1/ones/incl/k2/rG1007/ctl-usage,1007,usage,2,409,9.708287551432477
main/E_lab/code_leaning_hard/D_code/tau0.1/ones/incl/k2/rG1007/ctl-usage,1007,usage,2,410,9.346356898866134
main/E_lab/code_leaning_hard/D_code/tau0.1/ones/incl/k2/rG1007/ctl-usage,1007,usage,2,411,11.661085278045675
main/E_lab/code_leaning_hard/D_code/tau0.1/ones/incl/k2/rG1007/ctl-usage,1007,usage,2,412,8.281748533180235
main/E_lab/code_leaning_hard/D_code/tau0.1/ones/incl/k2/rG1007/ctl-usage,1007,usage,2,413,9.357431495918718
main/E_lab/code_leaning_hard/D_code/tau0.1/ones/incl/k2/rG1007/ctl-usage,1007,usage,2,414,10.447605492095136
main/E_lab/code_leaning_hard/D_code/tau0.1/ones/incl/k2/rG1007/ctl-usage,1007,usage,2,415,7.612379347083561
main/E_lab/code_leaning_hard/D_code/tau0.1/ones/incl/k2/rG1007/ctl-usage,1007,usage,2,416,8.334143354119078
main/E_lab/code_leaning_hard/D_code/tau0.1/ones/incl/k2/rG1007/ctl-usage,1007,usage,2,417,8.946427862612836
main/E_lab/code_leaning_hard/D_code/tau0.1/ones/incl/k2/rG1007/ctl-usage,1007,usage,2,418,9.198848521227319
main/E_lab/code_leaning_hard/D_code/tau0.1/ones/incl/k2/rG1007/ctl-usage,1007,usage,2,419,9.07727768775112
main/E_lab/code_leaning_hard/D_code/tau0.1/ones/incl/k2/rG1007/ctl-usage,1007,usage,2,420,9.515067308788275
main/E_lab/code_leaning_hard/D_code/tau0.1/ones/incl/k2/rG1007/ctl-usage,1007,usage,2,421,8.614686493933732
main/E_lab/code_leaning_hard/D_code/tau0.1/ones/incl/k2/rG1007/ctl-usage,1007,usage,2,422,7.283161970412948
main/E_lab/code_leaning_hard/D_code/tau0.1/ones/incl/k2/rG1007/ctl-usage,1007,usage,2,423,8.9114728917084
main/E_lab/code_leaning_hard/D_code/tau0.1/ones/incl/k2/rG1007/ctl-usage,1007,usage,2,424,5.942786700475153
main/E_lab/code_leaning_hard/D_code/tau0.1/ones/incl/k2/rG1007/ctl-usage,1007,usage,2,425,5.631342456028506
main/E_lab/code_leaning_hard/D_code/tau0.1/ones/incl/k2/rG1007/ctl-usage,1007,usage,2,426,8.551822673031893
main/E_lab/code_leaning_hard/D_code/tau0.1/ones/incl/k2/rG1007/ctl-usage,1007,usage,2,427,14.880355793876788
main/E_lab/code_leaning_hard/D_code/tau0.1/ones/incl/k2/rG1007/ctl-usage,1007,usage,2,428,10.356056195006147
main/E_lab/code_leaning_hard/D_code/tau0.1/ones/incl/k2/rG1007/ctl-usage,1007,usage,2,429,9.792335535297298
main/E_lab/code_leaning_hard/D_code/tau0.1/ones/incl/k2/rG1007/ctl-usage,1007,usage,2,430,8.325750582432875
main/E_lab/code_leaning_hard/D_code/tau0.1/ones/incl/k2/rG1007/ctl-usage,1007,usage,2,431,7.695066001783061
main/E_lab/code_leaning_hard/D_code/tau0.1/ones/incl/k2/rG1007/ctl-usage,1007,usage,2,432,9.19816188769687
main/E_lab/code_leaning_hard/D_code/tau0.1/ones/incl/k2/rG1007/ctl-usage,1007,usage,2,433,6.777967034909125
main/E_lab/code_leaning_hard/D_code/tau0.1/ones/incl/k2/rG1007/ctl-usage,1007,usage,2,434,5.968846675287978
main/E_lab/code_leaning_hard/D_code/tau0.1/ones/incl/k2/rG1007/ctl-usage,1007,usage,2,435,9.371614110629707
main/E_lab/code_leaning_hard/D_code/tau0.1/ones/incl/k2/rG1007/ctl-usage,1007,usage,2,436,9.742587065153884
main/E_lab/code_leaning_hard/D_code/tau0.1/ones/incl/k2/rG1007/ctl-usage,1007,usage,2,437,6.598720174061782
main/E_lab/code_leaning_hard/D_code/tau0.1/ones/incl/k2/rG1007/ctl-usage,1007,usage,2,438,6.402916273741539
main/E_lab/code_leaning_hard/D_code/tau0.1/ones/incl/k2/rG1007/ctl-usage,1007,usage,2,439,8.213156080568979
main/E_lab/code_leaning_hard/D_code/tau0.1/ones/incl/k2/rG1007/ctl-usage,1007,usage,2,440,10.072015342382201
main/E_lab/code_leaning_hard/D_code/tau0.1/ones/incl/k2/rG1007/ctl-usage,1007,usage,2,441,8.533561752467904
main/E_lab/code_leaning_hard/D_code/tau0.1/ones/incl/k2/rG1007/ctl-usage,1007,usage,2,442,9.033273794160323
main/E_lab/code_leaning_hard/D_code/tau0.1/ones/incl/k2/rG1007/ctl-usage,1007,usage,2,443,12.759812287948535
main/E_lab/code_leaning_hard/D_code/tau0.1/ones/incl/k2/rG1007/ctl-usage,1007,usage,2,444,14.620492203014464
main/E_lab/code_leaning_hard/D_code/tau0.1/ones/incl/k2/rG1007/ctl-usage,1007,usage,2,445,13.32009579455962
main/E_lab/code_leaning_hard/D_code/tau0.1/ones/incl/k2/rG1007/ctl-usage,1007,usage,2,446,11.160002451902756
main/E_lab/code_leaning_hard/D_code/tau0.1/ones/incl/k2/rG1007/ctl-usage,1007,usage,2,447,10.796852718042373
main/E_lab/code_leaning_hard/D_code/tau0.1/ones/incl/k2/rG1007/ctl-usage,1007,usage,2,448,10.388762829307325
main/E_lab/code_leaning_hard/D_code/tau0.1/ones/incl/k2/rG1007/ctl-usage,1007,usage,2,449,10.086860878112702
main/E_lab/code_leaning_hard/D_code/tau0.1/ones/incl/k2/rG1007/ctl-usage,1007,usage,2,450,10.447653790375625
main/E_lab/code_leaning_hard/D_code/tau0.1/ones/incl/k2/rG1007/ctl-usage,1007,usage,2,451,11.74574533714349
main/E_lab/code_leaning_hard/D_code/tau0.1/ones/incl/k2/rG1007/ctl-usage,1007,usage,2,452,9.818060837695157
main/E_lab/code_leaning_hard/D_code/tau0.1/ones/incl/k2/rG1007/ctl-usage,1007,usage,2,453,9.533141390435958
main/E_lab/code_leaning_hard/D_code/tau0.1/ones/incl/k2/rG1007/ctl-usage,1007,usage,2,454,11.029552333982338
main/E_lab/code_leaning_hard/D_code/tau0.1/ones/incl/k2/rG1007/ctl-usage,1007,usage,2,455,10.146885865138756
main/E_lab/code_leaning_hard/D_code/tau0.1/ones/incl/k2/rG1007/ctl-usage,1007,usage,2,456,11.280989519051218
main/E_lab/code_leaning_hard/D_code/tau0.1/ones/incl/k2/rG1007/ctl-usage,1007,usage,2,457,11.259848029120121
main/E_lab/code_leaning_hard/D_code/tau0.1/ones/incl/k2/rG1007/ctl-usage,1007,usage,2,458,8.935907623105322
main/E_lab/code_leaning_hard/D_code/tau0.1/ones/incl/k2/rG1007/ctl-usage,1007,usage,2,459,9.05782814445729
main/E_lab/code_leaning_hard/D_code/tau0.1/ones/incl/k2/rG1007/ctl-usage,1007,usage,2,460,12.15506805228415
main/E_lab/code_leaning_hard/D_code/tau0.1/ones/incl/k2/rG1007/ctl-usage,1007,usage,2,461,12.66551390093855
main/E_lab/code_leaning_hard/D_code/tau0.1/ones/incl/k2/rG1007/ctl-usage,1007,usage,2,462,10.524013164916596
main/E_lab/code_leaning_hard/D_code/tau0.1/ones/incl/k2/rG1007/ctl-usage,1007,usage,2,463,11.168289454225487
main/E_lab/code_leaning_hard/D_code/tau0.1/ones/incl/k2/rG1007/ctl-usage,1007,usage,2,464,9.862941882523955
main/E_lab/code_leaning_hard/D_code/tau0.1/ones/incl/k2/rG1007/ctl-usage,1007,usage,2,465,10.661573616417854
main/E_lab/code_leaning_hard/D_code/tau0.1/ones/incl/k2/rG1007/ctl-usage,1007,usage,2,466,11.865091588717405
main/E_lab/code_leaning_hard/D_code/tau0.1/ones/incl/k2/rG1007/ctl-usage,1007,usage,2,467,10.717411991691506
main/E_lab/code_leaning_hard/D_code/tau0.1/ones/incl/k2/rG1007/ctl-usage,1007,usage,2,468,11.64995331608634
main/E_lab/code_leaning_hard/D_code/tau0.1/ones/incl/k2/rG1007/ctl-usage,1007,usage,2,469,11.848170045080224
main/E_lab/code_leaning_hard/D_code/tau0.1/ones/incl/k2/rG1007/ctl-usage,1007,usage,2,470,9.941494796654752
main/E_lab/code_leaning_hard/D_code/tau0.1/ones/incl/k2/rG1007/ctl-usage,1007,usage,2,471,10.352662592989873
main/E_lab/code_leaning_hard/D_code/tau0.1/ones/incl/k2/rG1007/ctl-usage,1007,usage,2,472,9.098071552956753
main/E_lab/code_leaning_hard/D_code/tau0.1/ones/incl/k2/rG1007/ctl-usage,1007,usage,2,473,8.302476487435797
main/E_lab/code_leaning_hard/D_code/tau0.1/ones/incl/k2/rG1007/ctl-usage,1007,usage,2,474,10.446024714618034
main/E_lab/code_leaning_hard/D_code/tau0.1/ones/incl/k2/rG1007/ctl-usage,1007,usage,2,475,10.173621565031226
main/E_lab/code_leaning_hard/D_code/tau0.1/ones/incl/k2/rG1007/ctl-usage,1007,usage,2,476,9.260318590233055
main/E_lab/code_leaning_hard/D_code/tau0.1/ones/incl/k2/rG1007/ctl-usage,1007,usage,2,477,11.368646485551835
main/E_lab/code_leaning_hard/D_code/tau0.1/ones/incl/k2/rG1007/ctl-usage,1007,usage,2,478,12.43928463596285
main/E_lab/code_leaning_hard/D_code/tau0.1/ones/incl/k2/rG1007/ctl-usage,1007,usage,2,479,10.034454759378605
main/E_lab/code_leaning_hard/D_code/tau0.1/ones/incl/k2/rG1007/ctl-usage,1007,usage,2,480,10.948313368244726
main/E_lab/code_leaning_hard/D_code/tau0.1/ones/incl/k2/rG1007/ctl-usage,1007,usage,2,481,9.910221617119532
main/E_lab/code_leaning_hard/D_code/tau0.1/ones/incl/k2/rG1007/ctl-usage,1007,usage,2,482,11.710385922426212
main/E_lab/code_leaning_hard/D_code/tau0.1/ones/incl/k2/rG1007/ctl-usage,1007,usage,2,483,12.53040121927188
main/E_lab/code_leaning_hard/D_code/tau0.1/ones/incl/k2/rG1007/ctl-usage,1007,usage,2,484,11.246176344072637
main/E_lab/code_leaning_hard/D_code/tau0.1/ones/incl/k2/rG1007/ctl-usage,1007,usage,2,485,11.195590131221252
main/E_lab/code_leaning_hard/D_code/tau0.1/ones/incl/k2/rG1007/ctl-usage,1007,usage,2,486,11.306050018889664
main/E_lab/code_leaning_hard/D_code/tau0.1/ones/incl/k2/rG1007/ctl-usage,1007,usage,2,487,11.15416201178732
main/E_lab/code_leaning_hard/D_code/tau0.1/ones/incl/k2/rG1007/ctl-usage,1007,usage,2,488,9.526479599112463
main/E_lab/code_leaning_hard/D_code/tau0.1/ones/incl/k2/rG1007/ctl-usage,1007,usage,2,489,9.910503135018189
main/E_lab/code_leaning_hard/D_code/tau0.1/ones/incl/k2/rG1007/ctl-usage,1007,usage,2,490,11.919627578030031
main/E_lab/code_leaning_hard/D_code/tau0.1/ones/incl/k2/rG1007/ctl-usage,1007,usage,2,491,11.382397812778436
main/E_lab/code_leaning_hard/D_code/tau0.1/ones/incl/k2/rG1007/ctl-usage,1007,usage,2,492,10.944874467190402
main/E_lab/code_leaning_hard/D_code/tau0.1/ones/incl/k2/rG1007/ctl-usage,1007,usage,2,493,10.92327090908816
main/E_lab/code_leaning_hard/D_code/tau0.1/ones/incl/k2/rG1007/ctl-usage,1007,usage,2,494,10.448360694789244
main/E_lab/code_leaning_hard/D_code/tau0.1/ones/incl/k2/rG1007/ctl-usage,1007,usage,2,495,7.75949626413535
main/E_lab/code_leaning_hard/D_code/tau0.1/ones/incl/k2/rG1007/ctl-usage,1007,usage,2,496,10.656758265722374
main/E_lab/code_leaning_hard/D_code/tau0.1/ones/incl/k2/rG1007/ctl-usage,1007,usage,2,497,10.118096252215082
main/E_lab/code_leaning_hard/D_code/tau0.1/ones/incl/k2/rG1007/ctl-usage,1007,usage,2,498,9.563783054471969
main/E_lab/code_leaning_hard/D_code/tau0.1/ones/incl/k2/rG1007/ctl-usage,1007,usage,2,499,10.516535589845262
main/E_lab/code_leaning_hard/D_code/tau0.1/ones/incl/k2/rG1007/ctl-usage,1007,usage,2,500,9.171085394119928
main/E_lab/code_leaning_hard/D_code/tau0.1/ones/incl/k2/rG1007/ctl-usage,1007,usage,2,501,7.714897382315598
main/E_lab/code_leaning_hard/D_code/tau0.1/ones/incl/k2/rG1007/ctl-usage,1007,usage,2,502,9.700065920229463
main/E_lab/code_leaning_hard/D_code/tau0.1/ones/incl/k2/rG1007/ctl-usage,1007,usage,2,503,10.023559551788821
main/E_lab/code_leaning_hard/D_code/tau0.1/ones/incl/k2/rG1007/ctl-usage,1007,usage,2,504,9.873959860078457
main/E_lab/code_leaning_hard/D_code/tau0.1/ones/incl/k2/rG1007/ctl-usage,1007,usage,2,505,10.11012802678988
main/E_lab/code_leaning_hard/D_code/tau0.1/ones/incl/k2/rG1007/ctl-usage,1007,usage,2,506,9.587082435332377
main/E_lab/code_leaning_hard/D_code/tau0.1/ones/incl/k2/rG1007/ctl-usage,1007,usage,2,507,10.755117001800954
main/E_lab/code_leaning_hard/D_code/tau0.1/ones/incl/k2/rG1007/ctl-usage,1007,usage,2,508,10.318869943512937
main/E_lab/code_leaning_hard/D_code/tau0.1/ones/incl/k2/rG1007/ctl-usage,1007,usage,2,509,9.90000955989035
main/E_lab/code_leaning_hard/D_code/tau0.1/ones/incl/k2/rG1007/ctl-usage,1007,usage,2,510,9.961507954994431
main/E_lab/code_leaning_hard/D_code/tau0.1/ones/incl/k2/rG1007/ctl-usage,1007,usage,2,511,9.22943998010578
main/E_lab/code_leaning_hard/D_code/tau0.1/ones/incl/k3/rG1007/ctl-usage,1007,usage,3,0,4.654511700978674
main/E_lab/code_leaning_hard/D_code/tau0.1/ones/incl/k3/rG1007/ctl-usage,1007,usage,3,1,5.013033463577813
main/E_lab/code_leaning_hard/D_code/tau0.1/ones/incl/k3/rG1007/ctl-usage,1007,usage,3,2,5.634689179334373
main/E_lab/code_leaning_hard/D_code/tau0.1/ones/incl/k3/rG1007/ctl-usage,1007,usage,3,3,5.048540604451318
main/E_lab/code_leaning_hard/D_code/tau0.1/ones/incl/k3/rG1007/ctl-usage,1007,usage,3,4,3.594380583082284
main/E_lab/code_leaning_hard/D_code/tau0.1/ones/incl/k3/rG1007/ctl-usage,1007,usage,3,5,5.601554442539054
main/E_lab/code_leaning_hard/D_code/tau0.1/ones/incl/k3/rG1007/ctl-usage,1007,usage,3,6,6.75653022277902
main/E_lab/code_leaning_hard/D_code/tau0.1/ones/incl/k3/rG1007/ctl-usage,1007,usage,3,7,6.013242785115835
main/E_lab/code_leaning_hard/D_code/tau0.1/ones/incl/k3/rG1007/ctl-usage,1007,usage,3,8,7.529327255031376
main/E_lab/code_leaning_hard/D_code/tau0.1/ones/incl/k3/rG1007/ctl-usage,1007,usage,3,9,6.1690543560280275
main/E_lab/code_leaning_hard/D_code/tau0.1/ones/incl/k3/rG1007/ctl-usage,1007,usage,3,10,5.218581259628081
main/E_lab/code_leaning_hard/D_code/tau0.1/ones/incl/k3/rG1007/ctl-usage,1007,usage,3,11,3.4506865305340853
main/E_lab/code_leaning_hard/D_code/tau0.1/ones/incl/k3/rG1007/ctl-usage,1007,usage,3,12,3.9115192278743507
main/E_lab/code_leaning_hard/D_code/tau0.1/ones/incl/k3/rG1007/ctl-usage,1007,usage,3,13,4.790675853198081
main/E_lab/code_leaning_hard/D_code/tau0.1/ones/incl/k3/rG1007/ctl-usage,1007,usage,3,14,5.764810595636845
main/E_lab/code_leaning_hard/D_code/tau0.1/ones/incl/k3/rG1007/ctl-usage,1007,usage,3,15,5.103992412186017
main/E_lab/code_leaning_hard/D_code/tau0.1/ones/incl/k3/rG1007/ctl-usage,1007,usage,3,16,4.958474503305752
main/E_lab/code_leaning_hard/D_code/tau0.1/ones/incl/k3/rG1007/ctl-usage,1007,usage,3,17,5.70082009431826
main/E_lab/code_leaning_hard/D_code/tau0.1/ones/incl/k3/rG1007/ctl-usage,1007,usage,3,18,4.870016147977822
main/E_lab/code_leaning_hard/D_code/tau0.1/ones/incl/k3/rG1007/ctl-usage,1007,usage,3,19,4.602936060793581
main/E_lab/code_leaning_hard/D_code/tau0.1/ones/incl/k3/rG1007/ctl-usage,1007,usage,3,20,5.235103501253661
main/E_lab/code_leaning_hard/D_code/tau0.1/ones/incl/k3/rG1007/ctl-usage,1007,usage,3,21,4.619206921757723
main/E_lab/code_leaning_hard/D_code/tau0.1/ones/incl/k3/rG1007/ctl-usage,1007,usage,3,22,4.828332299951626
main/E_lab/code_leaning_hard/D_code/tau0.1/ones/incl/k3/rG1007/ctl-usage,1007,usage,3,23,5.757098755894276
main/E_lab/code_leaning_hard/D_code/tau0.1/ones/incl/k3/rG1007/ctl-usage,1007,usage,3,24,5.04701170432395
main/E_lab/code_leaning_hard/D_code/tau0.1/ones/incl/k3/rG1007/ctl-usage,1007,usage,3,25,5.122175064054545
main/E_lab/code_leaning_hard/D_code/tau0.1/ones/incl/k3/rG1007/ctl-usage,1007,usage,3,26,7.787666967961513
main/E_lab/code_leaning_hard/D_code/tau0.1/ones/incl/k3/rG1007/ctl-usage,1007,usage,3,27,8.189373430777323
main/E_lab/code_leaning_hard/D_code/tau0.1/ones/incl/k3/rG1007/ctl-usage,1007,usage,3,28,6.919043165960829
main/E_lab/code_leaning_hard/D_code/tau0.1/ones/incl/k3/rG1007/ctl-usage,1007,usage,3,29,5.966835701114178
main/E_lab/code_leaning_hard/D_code/tau0.1/ones/incl/k3/rG1007/ctl-usage,1007,usage,3,30,5.051855050734957
main/E_lab/code_leaning_hard/D_code/tau0.1/ones/incl/k3/rG1007/ctl-usage,1007,usage,3,31,5.944307507234498
main/E_lab/code_leaning_hard/D_code/tau0.1/ones/incl/k3/rG1007/ctl-usage,1007,usage,3,32,5.375675532486639
main/E_lab/code_leaning_hard/D_code/tau0.1/ones/incl/k3/rG1007/ctl-usage,1007,usage,3,33,6.9059688525446745
main/E_lab/code_leaning_hard/D_code/tau0.1/ones/incl/k3/rG1007/ctl-usage,1007,usage,3,34,7.770701945602923
main/E_lab/code_leaning_hard/D_code/tau0.1/ones/incl/k3/rG1007/ctl-usage,1007,usage,3,35,4.893377581302502
main/E_lab/code_leaning_hard/D_code/tau0.1/ones/incl/k3/rG1007/ctl-usage,1007,usage,3,36,6.664797964788704
main/E_lab/code_leaning_hard/D_code/tau0.1/ones/incl/k3/rG1007/ctl-usage,1007,usage,3,37,4.450906617668807
main/E_lab/code_leaning_hard/D_code/tau0.1/ones/incl/k3/rG1007/ctl-usage,1007,usage,3,38,5.943390839079711
main/E_lab/code_leaning_hard/D_code/tau0.1/ones/incl/k3/rG1007/ctl-usage,1007,usage,3,39,8.89547090684755
main/E_lab/code_leaning_hard/D_code/tau0.1/ones/incl/k3/rG1007/ctl-usage,1007,usage,3,40,8.634704748565127
main/E_lab/code_leaning_hard/D_code/tau0.1/ones/incl/k3/rG1007/ctl-usage,1007,usage,3,41,14.13396203663035
main/E_lab/code_leaning_hard/D_code/tau0.1/ones/incl/k3/rG1007/ctl-usage,1007,usage,3,42,8.196791557013512
main/E_lab/code_leaning_hard/D_code/tau0.1/ones/incl/k3/rG1007/ctl-usage,1007,usage,3,43,5.470034617522288
main/E_lab/code_leaning_hard/D_code/tau0.1/ones/incl/k3/rG1007/ctl-usage,1007,usage,3,44,4.136041503056731
main/E_lab/code_leaning_hard/D_code/tau0.1/ones/incl/k3/rG1007/ctl-usage,1007,usage,3,45,5.06304523177505
main/E_lab/code_leaning_hard/D_code/tau0.1/ones/incl/k3/rG1007/ctl-usage,1007,usage,3,46,5.817196882947883
main/E_lab/code_leaning_hard/D_code/tau0.1/ones/incl/k3/rG1007/ctl-usage,1007,usage,3,47,6.147745452432446
main/E_lab/code_leaning_hard/D_code/tau0.1/ones/incl/k3/rG1007/ctl-usage,1007,usage,3,48,5.346043652149092
main/E_lab/code_leaning_hard/D_code/tau0.1/ones/incl/k3/rG1007/ctl-usage,1007,usage,3,49,5.302063732311581
main/E_lab/code_leaning_hard/D_code/tau0.1/ones/incl/k3/rG1007/ctl-usage,1007,usage,3,50,6.114871942708987
main/E_lab/code_leaning_hard/D_code/tau0.1/ones/incl/k3/rG1007/ctl-usage,1007,usage,3,51,7.908179924406795
main/E_lab/code_leaning_hard/D_code/tau0.1/ones/incl/k3/rG1007/ctl-usage,1007,usage,3,52,5.926637015483038
main/E_lab/code_leaning_hard/D_code/tau0.1/ones/incl/k3/rG1007/ctl-usage,1007,usage,3,53,5.709152809396983
main/E_lab/code_leaning_hard/D_code/tau0.1/ones/incl/k3/rG1007/ctl-usage,1007,usage,3,54,4.046662723131249
main/E_lab/code_leaning_hard/D_code/tau0.1/ones/incl/k3/rG1007/ctl-usage,1007,usage,3,55,5.38079067959211
main/E_lab/code_leaning_hard/D_code/tau0.1/ones/incl/k3/rG1007/ctl-usage,1007,usage,3,56,4.425569663089391
main/E_lab/code_leaning_hard/D_code/tau0.1/ones/incl/k3/rG1007/ctl-usage,1007,usage,3,57,4.8160249009038125
main/E_lab/code_leaning_hard/D_code/tau0.1/ones/incl/k3/rG1007/ctl-usage,1007,usage,3,58,3.767722996073644
main/E_lab/code_leaning_hard/D_code/tau0.1/ones/incl/k3/rG1007/ctl-usage,1007,usage,3,59,4.009961977826606
main/E_lab/code_leaning_hard/D_code/tau0.1/ones/incl/k3/rG1007/ctl-usage,1007,usage,3,60,5.089488045545295
main/E_lab/code_leaning_hard/D_code/tau0.1/ones/incl/k3/rG1007/ctl-usage,1007,usage,3,61,4.129888805618975
main/E_lab/code_leaning_hard/D_code/tau0.1/ones/incl/k3/rG1007/ctl-usage,1007,usage,3,62,3.944115848044021
main/E_lab/code_leaning_hard/D_code/tau0.1/ones/incl/k3/rG1007/ctl-usage,1007,usage,3,63,3.87931478519522
main/E_lab/code_leaning_hard/D_code/tau0.1/ones/incl/k3/rG1007/ctl-usage,1007,usage,3,64,5.577354572968943
main/E_lab/code_leaning_hard/D_code/tau0.1/ones/incl/k3/rG1007/ctl-usage,1007,usage,3,65,6.539818019243057
main/E_lab/code_leaning_hard/D_code/tau0.1/ones/incl/k3/rG1007/ctl-usage,1007,usage,3,66,10.059377211009178
main/E_lab/code_leaning_hard/D_code/tau0.1/ones/incl/k3/rG1007/ctl-usage,1007,usage,3,67,14.349224181693785
main/E_lab/code_leaning_hard/D_code/tau0.1/ones/incl/k3/rG1007/ctl-usage,1007,usage,3,68,14.587681545926216
main/E_lab/code_leaning_hard/D_code/tau0.1/ones/incl/k3/rG1007/ctl-usage,1007,usage,3,69,9.231237585093481
main/E_lab/code_leaning_hard/D_code/tau0.1/ones/incl/k3/rG1007/ctl-usage,1007,usage,3,70,15.776032571155156
main/E_lab/code_leaning_hard/D_code/tau0.1/ones/incl/k3/rG1007/ctl-usage,1007,usage,3,71,15.517590182753679
main/E_lab/code_leaning_hard/D_code/tau0.1/ones/incl/k3/rG1007/ctl-usage,1007,usage,3,72,15.151922649205858
main/E_lab/code_leaning_hard/D_code/tau0.1/ones/incl/k3/rG1007/ctl-usage,1007,usage,3,73,14.400453517237338
main/E_lab/code_leaning_hard/D_code/tau0.1/ones/incl/k3/rG1007/ctl-usage,1007,usage,3,74,10.699895760085383
main/E_lab/code_leaning_hard/D_code/tau0.1/ones/incl/k3/rG1007/ctl-usage,1007,usage,3,75,13.71878063629697
main/E_lab/code_leaning_hard/D_code/tau0.1/ones/incl/k3/rG1007/ctl-usage,1007,usage,3,76,14.094802725259797
main/E_lab/code_leaning_hard/D_code/tau0.1/ones/incl/k3/rG1007/ctl-usage,1007,usage,3,77,13.775280034923412
main/E_lab/code_leaning_hard/D_code/tau0.1/ones/incl/k3/rG1007/ctl-usage,1007,usage,3,78,14.935234386942739
main/E_lab/code_leaning_hard/D_code/tau0.1/ones/incl/k3/rG1007/ctl-usage,1007,usage,3,79,11.870792785301433
main/E_lab/code_leaning_hard/D_code/tau0.1/ones/incl/k3/rG1007/ctl-usage,1007,usage,3,80,15.639758947747282
main/E_lab/code_leaning_hard/D_code/tau0.1/ones/incl/k3/rG1007/ctl-usage,1007,usage,3,81,14.558054586474213
main/E_lab/code_leaning_hard/D_code/tau0.1/ones/incl/k3/rG1007/ctl-usage,1007,usage,3,82,14.407820085264234
main/E_lab/code_leaning_hard/D_code/tau0.1/ones/incl/k3/rG1007/ctl-usage,1007,usage,3,83,14.543020281369763
main/E_lab/code_leaning_hard/D_code/tau0.1/ones/incl/k3/rG1007/ctl-usage,1007,usage,3,84,14.256715892900502
main/E_lab/code_leaning_hard/D_code/tau0.1/ones/incl/k3/rG1007/ctl-usage,1007,usage,3,85,15.146394134996058
main/E_lab/code_leaning_hard/D_code/tau0.1/ones/incl/k3/rG1007/ctl-usage,1007,usage,3,86,15.602446563452418
main/E_lab/code_leaning_hard/D_code/tau0.1/ones/incl/k3/rG1007/ctl-usage,1007,usage,3,87,14.970706116316023
main/E_lab/code_leaning_hard/D_code/tau0.1/ones/incl/k3/rG1007/ctl-usage,1007,usage,3,88,15.16217948949793
main/E_lab/code_leaning_hard/D_code/tau0.1/ones/incl/k3/rG1007/ctl-usage,1007,usage,3,89,7.897247556714774
main/E_lab/code_leaning_hard/D_code/tau0.1/ones/incl/k3/rG1007/ctl-usage,1007,usage,3,90,5.901105280484444
main/E_lab/code_leaning_hard/D_code/tau0.1/ones/incl/k3/rG1007/ctl-usage,1007,usage,3,91,4.421917875277813
main/E_lab/code_leaning_hard/D_code/tau0.1/ones/incl/k3/rG1007/ctl-usage,1007,usage,3,92,7.637248956432359
main/E_lab/code_leaning_hard/D_code/tau0.1/ones/incl/k3/rG1007/ctl-usage,1007,usage,3,93,6.306904039458914
main/E_lab/code_leaning_hard/D_code/tau0.1/ones/incl/k3/rG1007/ctl-usage,1007,usage,3,94,5.145898526990095
main/E_lab/code_leaning_hard/D_code/tau0.1/ones/incl/k3/rG1007/ctl-usage,1007,usage,3,95,4.842895338716062
main/E_lab/code_leaning_hard/D_code/tau0.1/ones/incl/k3/rG1007/ctl-usage,1007,usage,3,96,5.167332117964065
main/E_lab/code_leaning_hard/D_code/tau0.1/ones/incl/k3/rG1007/ctl-usage,1007,usage,3,97,4.996210968997957
main/E_lab/code_leaning_hard/D_code/tau0.1/ones/incl/k3/rG1007/ctl-usage,1007,usage,3,98,5.7439685964470755
main/E_lab/code_leaning_hard/D_code/tau0.1/ones/incl/k3/rG1007/ctl-usage,1007,usage,3,99,5.7570811064802
main/E_lab/code_leaning_hard/D_code/tau0.1/ones/incl/k3/rG1007/ctl-usage,1007,usage,3,100,5.911004849159099
main/E_lab/code_leaning_hard/D_code/tau0.1/ones/incl/k3/rG1007/ctl-usage,1007,usage,3,101,4.647526496574983
main/E_lab/code_leaning_hard/D_code/tau0.1/ones/incl/k3/rG1007/ctl-usage,1007,usage,3,102,6.0504717105322925
main/E_lab/code_leaning_hard/D_code/tau0.1/ones/incl/k3/rG1007/ctl-usage,1007,usage,3,103,7.141415546978806
main/E_lab/code_leaning_hard/D_code/tau0.1/ones/incl/k3/rG1007/ctl-usage,1007,usage,3,104,5.40922179494919
main/E_lab/code_leaning_hard/D_code/tau0.1/ones/incl/k3/rG1007/ctl-usage,1007,usage,3,105,6.584693199324761
main/E_lab/code_leaning_hard/D_code/tau0.1/ones/incl/k3/rG1007/ctl-usage,1007,usage,3,106,6.257983504460299
main/E_lab/code_leaning_hard/D_code/tau0.1/ones/incl/k3/rG1007/ctl-usage,1007,usage,3,107,6.975975196887248
main/E_lab/code_leaning_hard/D_code/tau0.1/ones/incl/k3/rG1007/ctl-usage,1007,usage,3,108,6.0032073016946015
main/E_lab/code_leaning_hard/D_code/tau0.1/ones/incl/k3/rG1007/ctl-usage,1007,usage,3,109,6.663016694797534
main/E_lab/code_leaning_hard/D_code/tau0.1/ones/incl/k3/rG1007/ctl-usage,1007,usage,3,110,7.231701274355146
main/E_lab/code_leaning_hard/D_code/tau0.1/ones/incl/k3/rG1007/ctl-usage,1007,usage,3,111,6.8338673576267865
main/E_lab/code_leaning_hard/D_code/tau0.1/ones/incl/k3/rG1007/ctl-usage,1007,usage,3,112,6.490093362446714
main/E_lab/code_leaning_hard/D_code/tau0.1/ones/incl/k3/rG1007/ctl-usage,1007,usage,3,113,7.944812773278727
main/E_lab/code_leaning_hard/D_code/tau0.1/ones/incl/k3/rG1007/ctl-usage,1007,usage,3,114,6.563335502241216
main/E_lab/code_leaning_hard/D_code/tau0.1/ones/incl/k3/rG1007/ctl-usage,1007,usage,3,115,6.432401084372486
main/E_lab/code_leaning_hard/D_code/tau0.1/ones/incl/k3/rG1007/ctl-usage,1007,usage,3,116,4.83349611188487
main/E_lab/code_leaning_hard/D_code/tau0.1/ones/incl/k3/rG1007/ctl-usage,1007,usage,3,117,5.985839172580654
main/E_lab/code_leaning_hard/D_code/tau0.1/ones/incl/k3/rG1007/ctl-usage,1007,usage,3,118,5.348357942806615
main/E_lab/code_leaning_hard/D_code/tau0.1/ones/incl/k3/rG1007/ctl-usage,1007,usage,3,119,5.343118224062891
main/E_lab/code_leaning_hard/D_code/tau0.1/ones/incl/k3/rG1007/ctl-usage,1007,usage,3,120,3.9909993479132027
main/E_lab/code_leaning_hard/D_code/tau0.1/ones/incl/k3/rG1007/ctl-usage,1007,usage,3,121,5.917787008068444
main/E_lab/code_leaning_hard/D_code/tau0.1/ones/incl/k3/rG1007/ctl-usage,1007,usage,3,122,7.665683986760314
main/E_lab/code_leaning_hard/D_code/tau0.1/ones/incl/k3/rG1007/ctl-usage,1007,usage,3,123,9.624011224281048
main/E_lab/code_leaning_hard/D_code/tau0.1/ones/incl/k3/rG1007/ctl-usage,1007,usage,3,124,7.5529380929965555
main/E_lab/code_leaning_hard/D_code/tau0.1/ones/incl/k3/rG1007/ctl-usage,1007,usage,3,125,4.057983385787338
main/E_lab/code_leaning_hard/D_code/tau0.1/ones/incl/k3/rG1007/ctl-usage,1007,usage,3,126,6.397476778438886
main/E_lab/code_leaning_hard/D_code/tau0.1/ones/incl/k3/rG1007/ctl-usage,1007,usage,3,127,5.966771318800511
main/E_lab/code_leaning_hard/D_code/tau0.1/ones/incl/k3/rG1007/ctl-usage,1007,usage,3,128,5.030320360863698
main/E_lab/code_leaning_hard/D_code/tau0.1/ones/incl/k3/rG1007/ctl-usage,1007,usage,3,129,5.584375150970118
main/E_lab/code_leaning_hard/D_code/tau0.1/ones/incl/k3/rG1007/ctl-usage,1007,usage,3,130,5.63347901687257
main/E_lab/code_leaning_hard/D_code/tau0.1/ones/incl/k3/rG1007/ctl-usage,1007,usage,3,131,5.87998650747835
main/E_lab/code_leaning_hard/D_code/tau0.1/ones/incl/k3/rG1007/ctl-usage,1007,usage,3,132,6.554634372882219
main/E_lab/code_leaning_hard/D_code/tau0.1/ones/incl/k3/rG1007/ctl-usage,1007,usage,3,133,6.865837787952387
main/E_lab/code_leaning_hard/D_code/tau0.1/ones/incl/k3/rG1007/ctl-usage,1007,usage,3,134,4.725127803164014
main/E_lab/code_leaning_hard/D_code/tau0.1/ones/incl/k3/rG1007/ctl-usage,1007,usage,3,135,4.544625163107412
main/E_lab/code_leaning_hard/D_code/tau0.1/ones/incl/k3/rG1007/ctl-usage,1007,usage,3,136,7.551240318197415
main/E_lab/code_leaning_hard/D_code/tau0.1/ones/incl/k3/rG1007/ctl-usage,1007,usage,3,137,6.698848483712936
main/E_lab/code_leaning_hard/D_code/tau0.1/ones/incl/k3/rG1007/ctl-usage,1007,usage,3,138,5.940754388626374
main/E_lab/code_leaning_hard/D_code/tau0.1/ones/incl/k3/rG1007/ctl-usage,1007,usage,3,139,5.935647566325088
main/E_lab/code_leaning_hard/D_code/tau0.1/ones/incl/k3/rG1007/ctl-usage,1007,usage,3,140,6.040568897972207
main/E_lab/code_leaning_hard/D_code/tau0.1/ones/incl/k3/rG1007/ctl-usage,1007,usage,3,141,6.860638504435883
main/E_lab/code_leaning_hard/D_code/tau0.1/ones/incl/k3/rG1007/ctl-usage,1007,usage,3,142,6.994260612877042
main/E_lab/code_leaning_hard/D_code/tau0.1/ones/incl/k3/rG1007/ctl-usage,1007,usage,3,143,6.90104058018278
main/E_lab/code_leaning_hard/D_code/tau0.1/ones/incl/k3/rG1007/ctl-usage,1007,usage,3,144,6.899298136754624
main/E_lab/code_leaning_hard/D_code/tau0.1/ones/incl/k3/rG1007/ctl-usage,1007,usage,3,145,6.857864503702785
main/E_lab/code_leaning_hard/D_code/tau0.1/ones/incl/k3/rG1007/ctl-usage,1007,usage,3,146,8.52475239149021
main/E_lab/code_leaning_hard/D_code/tau0.1/ones/incl/k3/rG1007/ctl-usage,1007,usage,3,147,5.544298502029051
main/E_lab/code_leaning_hard/D_code/tau0.1/ones/incl/k3/rG1007/ctl-usage,1007,usage,3,148,9.86283595377131
main/E_lab/code_leaning_hard/D_code/tau0.1/ones/incl/k3/rG1007/ctl-usage,1007,usage,3,149,11.479897222552268
main/E_lab/code_leaning_hard/D_code/tau0.1/ones/incl/k3/rG1007/ctl-usage,1007,usage,3,150,10.33037502299453
main/E_lab/code_leaning_hard/D_code/tau0.1/ones/incl/k3/rG1007/ctl-usage,1007,usage,3,151,10.723106691516705
main/E_lab/code_leaning_hard/D_code/tau0.1/ones/incl/k3/rG1007/ctl-usage,1007,usage,3,152,10.57685546048856
main/E_lab/code_leaning_hard/D_code/tau0.1/ones/incl/k3/rG1007/ctl-usage,1007,usage,3,153,8.55327828162956
main/E_lab/code_leaning_hard/D_code/tau0.1/ones/incl/k3/rG1007/ctl-usage,1007,usage,3,154,11.498197539177454
main/E_lab/code_leaning_hard/D_code/tau0.1/ones/incl/k3/rG1007/ctl-usage,1007,usage,3,155,13.71920155691248
main/E_lab/code_leaning_hard/D_code/tau0.1/ones/incl/k3/rG1007/ctl-usage,1007,usage,3,156,12.269089725010986
main/E_lab/code_leaning_hard/D_code/tau0.1/ones/incl/k3/rG1007/ctl-usage,1007,usage,3,157,13.353039327660326
main/E_lab/code_leaning_hard/D_code/tau0.1/ones/incl/k3/rG1007/ctl-usage,1007,usage,3,158,8.05303203378594
main/E_lab/code_leaning_hard/D_code/tau0.1/ones/incl/k3/rG1007/ctl-usage,1007,usage,3,159,6.336277829366054
main/E_lab/code_leaning_hard/D_code/tau0.1/ones/incl/k3/rG1007/ctl-usage,1007,usage,3,160,8.328070781771657
main/E_lab/code_leaning_hard/D_code/tau0.1/ones/incl/k3/rG1007/ctl-usage,1007,usage,3,161,9.406048544425175
main/E_lab/code_leaning_hard/D_code/tau0.1/ones/incl/k3/rG1007/ctl-usage,1007,usage,3,162,6.159888482066208
main/E_lab/code_leaning_hard/D_code/tau0.1/ones/incl/k3/rG1007/ctl-usage,1007,usage,3,163,4.772902267932977
main/E_lab/code_leaning_hard/D_code/tau0.1/ones/incl/k3/rG1007/ctl-usage,1007,usage,3,164,3.671977336886812
main/E_lab/code_leaning_hard/D_code/tau0.1/ones/incl/k3/rG1007/ctl-usage,1007,usage,3,165,3.175003676786673
main/E_lab/code_leaning_hard/D_code/tau0.1/ones/incl/k3/rG1007/ctl-usage,1007,usage,3,166,3.9094694499817706
main/E_lab/code_leaning_hard/D_code/tau0.1/ones/incl/k3/rG1007/ctl-usage,1007,usage,3,167,4.198593961050392
main/E_lab/code_leaning_hard/D_code/tau0.1/ones/incl/k3/rG1007/ctl-usage,1007,usage,3,168,4.7504485706685955
main/E_lab/code_leaning_hard/D_code/tau0.1/ones/incl/k3/rG1007/ctl-usage,1007,usage,3,169,5.269225293788168
main/E_lab/code_leaning_hard/D_code/tau0.1/ones/incl/k3/rG1007/ctl-usage,1007,usage,3,170,5.514401848440002
main/E_lab/code_leaning_hard/D_code/tau0.1/ones/incl/k3/rG1007/ctl-usage,1007,usage,3,171,3.3554680069373717
main/E_lab/code_leaning_hard/D_code/tau0.1/ones/incl/k3/rG1007/ctl-usage,1007,usage,3,172,5.305286638754296
main/E_lab/code_leaning_hard/D_code/tau0.1/ones/incl/k3/rG1007/ctl-usage,1007,usage,3,173,6.652233923142376
main/E_lab/code_leaning_hard/D_code/tau0.1/ones/incl/k3/rG1007/ctl-usage,1007,usage,3,174,9.999213722440345
main/E_lab/code_leaning_hard/D_code/tau0.1/ones/incl/k3/rG1007/ctl-usage,1007,usage,3,175,7.733647937516935
main/E_lab/code_leaning_hard/D_code/tau0.1/ones/incl/k3/rG1007/ctl-usage,1007,usage,3,176,7.965534526085321
main/E_lab/code_leaning_hard/D_code/tau0.1/ones/incl/k3/rG1007/ctl-usage,1007,usage,3,177,7.531619363621758
main/E_lab/code_leaning_hard/D_code/tau0.1/ones/incl/k3/rG1007/ctl-usage,1007,usage,3,178,7.463721578407785
main/E_lab/code_leaning_hard/D_code/tau0.1/ones/incl/k3/rG1007/ctl-usage,1007,usage,3,179,6.542597703289175
main/E_lab/code_leaning_hard/D_code/tau0.1/ones/incl/k3/rG1007/ctl-usage,1007,usage,3,180,5.135109594258211
main/E_lab/code_leaning_hard/D_code/tau0.1/ones/incl/k3/rG1007/ctl-usage,1007,usage,3,181,5.230963331054227
main/E_lab/code_leaning_hard/D_code/tau0.1/ones/incl/k3/rG1007/ctl-usage,1007,usage,3,182,6.155306571244864
main/E_lab/code_leaning_hard/D_code/tau0.1/ones/incl/k3/rG1007/ctl-usage,1007,usage,3,183,5.337054173552815
main/E_lab/code_leaning_hard/D_code/tau0.1/ones/incl/k3/rG1007/ctl-usage,1007,usage,3,184,5.112989360450683
main/E_lab/code_leaning_hard/D_code/tau0.1/ones/incl/k3/rG1007/ctl-usage,1007,usage,3,185,5.118687502292232
main/E_lab/code_leaning_hard/D_code/tau0.1/ones/incl/k3/rG1007/ctl-usage,1007,usage,3,186,3.084181373823867
main/E_lab/code_leaning_hard/D_code/tau0.1/ones/incl/k3/rG1007/ctl-usage,1007,usage,3,187,4.580082912188118
main/E_lab/code_leaning_hard/D_code/tau0.1/ones/incl/k3/rG1007/ctl-usage,1007,usage,3,188,4.04873026840778
main/E_lab/code_leaning_hard/D_code/tau0.1/ones/incl/k3/rG1007/ctl-usage,1007,usage,3,189,5.423467776356574
main/E_lab/code_leaning_hard/D_code/tau0.1/ones/incl/k3/rG1007/ctl-usage,1007,usage,3,190,6.487930142228834
main/E_lab/code_leaning_hard/D_code/tau0.1/ones/incl/k3/rG1007/ctl-usage,1007,usage,3,191,5.277070030564573
main/E_lab/code_leaning_hard/D_code/tau0.1/ones/incl/k3/rG1007/ctl-usage,1007,usage,3,192,5.5411975313418225
main/E_lab/code_leaning_hard/D_code/tau0.1/ones/incl/k3/rG1007/ctl-usage,1007,usage,3,193,8.305423443062637
main/E_lab/code_leaning_hard/D_code/tau0.1/ones/incl/k3/rG1007/ctl-usage,1007,usage,3,194,8.030344744988497
main/E_lab/code_leaning_hard/D_code/tau0.1/ones/incl/k3/rG1007/ctl-usage,1007,usage,3,195,7.11885343834183
main/E_lab/code_leaning_hard/D_code/tau0.1/ones/incl/k3/rG1007/ctl-usage,1007,usage,3,196,5.584737132346618
main/E_lab/code_leaning_hard/D_code/tau0.1/ones/incl/k3/rG1007/ctl-usage,1007,usage,3,197,5.278832614262228
main/E_lab/code_leaning_hard/D_code/tau0.1/ones/incl/k3/rG1007/ctl-usage,1007,usage,3,198,5.052268527178057
main/E_lab/code_leaning_hard/D_code/tau0.1/ones/incl/k3/rG1007/ctl-usage,1007,usage,3,199,7.807580567377954
main/E_lab/code_leaning_hard/D_code/tau0.1/ones/incl/k3/rG1007/ctl-usage,1007,usage,3,200,5.499681764058209
main/E_lab/code_leaning_hard/D_code/tau0.1/ones/incl/k3/rG1007/ctl-usage,1007,usage,3,201,5.527594562905961
main/E_lab/code_leaning_hard/D_code/tau0.1/ones/incl/k3/rG1007/ctl-usage,1007,usage,3,202,6.198006405144952
main/E_lab/code_leaning_hard/D_code/tau0.1/ones/incl/k3/rG1007/ctl-usage,1007,usage,3,203,4.401363090020141
main/E_lab/code_leaning_hard/D_code/tau0.1/ones/incl/k3/rG1007/ctl-usage,1007,usage,3,204,4.289993563241751
main/E_lab/code_leaning_hard/D_code/tau0.1/ones/incl/k3/rG1007/ctl-usage,1007,usage,3,205,5.211275907784284
main/E_lab/code_leaning_hard/D_code/tau0.1/ones/incl/k3/rG1007/ctl-usage,1007,usage,3,206,4.998525750608678
main/E_lab/code_leaning_hard/D_code/tau0.1/ones/incl/k3/rG1007/ctl-usage,1007,usage,3,207,4.669652962569671
main/E_lab/code_leaning_hard/D_code/tau0.1/ones/incl/k3/rG1007/ctl-usage,1007,usage,3,208,4.222009427150624
main/E_lab/code_leaning_hard/D_code/tau0.1/ones/incl/k3/rG1007/ctl-usage,1007,usage,3,209,5.0829935720669255
main/E_lab/code_leaning_hard/D_code/tau0.1/ones/incl/k3/rG1007/ctl-usage,1007,usage,3,210,13.737047657139101
main/E_lab/code_leaning_hard/D_code/tau0.1/ones/incl/k3/rG1007/ctl-usage,1007,usage,3,211,16.437881406489623
main/E_lab/code_leaning_hard/D_code/tau0.1/ones/incl/k3/rG1007/ctl-usage,1007,usage,3,212,12.425470983468585
main/E_lab/code_leaning_hard/D_code/tau0.1/ones/incl/k3/rG1007/ctl-usage,1007,usage,3,213,6.047256267316698
main/E_lab/code_leaning_hard/D_code/tau0.1/ones/incl/k3/rG1007/ctl-usage,1007,usage,3,214,5.9484158559939715
main/E_lab/code_leaning_hard/D_code/tau0.1/ones/incl/k3/rG1007/ctl-usage,1007,usage,3,215,8.025621916282489
main/E_lab/code_leaning_hard/D_code/tau0.1/ones/incl/k3/rG1007/ctl-usage,1007,usage,3,216,9.547992810905612
main/E_lab/code_leaning_hard/D_code/tau0.1/ones/incl/k3/rG1007/ctl-usage,1007,usage,3,217,7.52479941652814
main/E_lab/code_leaning_hard/D_code/tau0.1/ones/incl/k3/rG1007/ctl-usage,1007,usage,3,218,7.462204666609978
main/E_lab/code_leaning_hard/D_code/tau0.1/ones/incl/k3/rG1007/ctl-usage,1007,usage,3,219,8.502418099306851
main/E_lab/code_leaning_hard/D_code/tau0.1/ones/incl/k3/rG1007/ctl-usage,1007,usage,3,220,8.302103577729667
main/E_lab/code_leaning_hard/D_code/tau0.1/ones/incl/k3/rG1007/ctl-usage,1007,usage,3,221,8.600541093039965
main/E_lab/code_leaning_hard/D_code/tau0.1/ones/incl/k3/rG1007/ctl-usage,1007,usage,3,222,6.63870164281343
main/E_lab/code_leaning_hard/D_code/tau0.1/ones/incl/k3/rG1007/ctl-usage,1007,usage,3,223,7.285412701421592
main/E_lab/code_leaning_hard/D_code/tau0.1/ones/incl/k3/rG1007/ctl-usage,1007,usage,3,224,5.492131184146274
main/E_lab/code_leaning_hard/D_code/tau0.1/ones/incl/k3/rG1007/ctl-usage,1007,usage,3,225,14.14365746905446
main/E_lab/code_leaning_hard/D_code/tau0.1/ones/incl/k3/rG1007/ctl-usage,1007,usage,3,226,10.906255880572644
main/E_lab/code_leaning_hard/D_code/tau0.1/ones/incl/k3/rG1007/ctl-usage,1007,usage,3,227,6.399453387964968
main/E_lab/code_leaning_hard/D_code/tau0.1/ones/incl/k3/rG1007/ctl-usage,1007,usage,3,228,5.320599975424102
main/E_lab/code_leaning_hard/D_code/tau0.1/ones/incl/k3/rG1007/ctl-usage,1007,usage,3,229,4.991658820239536
main/E_lab/code_leaning_hard/D_code/tau0.1/ones/incl/k3/rG1007/ctl-usage,1007,usage,3,230,5.423176963605329
main/E_lab/code_leaning_hard/D_code/tau0.1/ones/incl/k3/rG1007/ctl-usage,1007,usage,3,231,5.772216213372445
main/E_lab/code_leaning_hard/D_code/tau0.1/ones/incl/k3/rG1007/ctl-usage,1007,usage,3,232,5.677592839585486
main/E_lab/code_leaning_hard/D_code/tau0.1/ones/incl/k3/rG1007/ctl-usage,1007,usage,3,233,8.522520068649555
main/E_lab/code_leaning_hard/D_code/tau0.1/ones/incl/k3/rG1007/ctl-usage,1007,usage,3,234,8.189707882628682
main/E_lab/code_leaning_hard/D_code/tau0.1/ones/incl/k3/rG1007/ctl-usage,1007,usage,3,235,5.29563163245642
main/E_lab/code_leaning_hard/D_code/tau0.1/ones/incl/k3/rG1007/ctl-usage,1007,usage,3,236,11.16567683496919
main/E_lab/code_leaning_hard/D_code/tau0.1/ones/incl/k3/rG1007/ctl-usage,1007,usage,3,237,7.627745061195583
main/E_lab/code_leaning_hard/D_code/tau0.1/ones/incl/k3/rG1007/ctl-usage,1007,usage,3,238,4.288563106627407
main/E_lab/code_leaning_hard/D_code/tau0.1/ones/incl/k3/rG1007/ctl-usage,1007,usage,3,239,4.42047277122424
main/E_lab/code_leaning_hard/D_code/tau0.1/ones/incl/k3/rG1007/ctl-usage,1007,usage,3,240,3.8178718718129403
main/E_lab/code_leaning_hard/D_code/tau0.1/ones/incl/k3/rG1007/ctl-usage,1007,usage,3,241,3.6395705442303097
main/E_lab/code_leaning_hard/D_code/tau0.1/ones/incl/k3/rG1007/ctl-usage,1007,usage,3,242,4.240391833665171
main/E_lab/code_leaning_hard/D_code/tau0.1/ones/incl/k3/rG1007/ctl-usage,1007,usage,3,243,3.5509490199328866
main/E_lab/code_leaning_hard/D_code/tau0.1/ones/incl/k3/rG1007/ctl-usage,1007,usage,3,244,3.34001580253107
main/E_lab/code_leaning_hard/D_code/tau0.1/ones/incl/k3/rG1007/ctl-usage,1007,usage,3,245,4.520947178697725
main/E_lab/code_leaning_hard/D_code/tau0.1/ones/incl/k3/rG1007/ctl-usage,1007,usage,3,246,3.8168876978561457
main/E_lab/code_leaning_hard/D_code/tau0.1/ones/incl/k3/rG1007/ctl-usage,1007,usage,3,247,4.026082399501092
main/E_lab/code_leaning_hard/D_code/tau0.1/ones/incl/k3/rG1007/ctl-usage,1007,usage,3,248,3.835657916578384
main/E_lab/code_leaning_hard/D_code/tau0.1/ones/incl/k3/rG1007/ctl-usage,1007,usage,3,249,3.0880992808442898
main/E_lab/code_leaning_hard/D_code/tau0.1/ones/incl/k3/rG1007/ctl-usage,1007,usage,3,250,3.9150224863751646
main/E_lab/code_leaning_hard/D_code/tau0.1/ones/incl/k3/rG1007/ctl-usage,1007,usage,3,251,4.354898633875564
main/E_lab/code_leaning_hard/D_code/tau0.1/ones/incl/k3/rG1007/ctl-usage,1007,usage,3,252,3.8909900245625977
main/E_lab/code_leaning_hard/D_code/tau0.1/ones/incl/k3/rG1007/ctl-usage,1007,usage,3,253,4.650154312691029
main/E_lab/code_leaning_hard/D_code/tau0.1/ones/incl/k3/rG1007/ctl-usage,1007,usage,3,254,3.675214215268852
main/E_lab/code_leaning_hard/D_code/tau0.1/ones/incl/k3/rG1007/ctl-usage,1007,usage,3,255,3.5380784588578535
main/E_lab/code_leaning_hard/D_code/tau0.1/ones/incl/k3/rG1007/ctl-usage,1007,usage,3,256,11.994957817320028
main/E_lab/code_leaning_hard/D_code/tau0.1/ones/incl/k3/rG1007/ctl-usage,1007,usage,3,257,13.021478735470737
main/E_lab/code_leaning_hard/D_code/tau0.1/ones/incl/k3/rG1007/ctl-usage,1007,usage,3,258,13.138465750079831
main/E_lab/code_leaning_hard/D_code/tau0.1/ones/incl/k3/rG1007/ctl-usage,1007,usage,3,259,12.062755039145031
main/E_lab/code_leaning_hard/D_code/tau0.1/ones/incl/k3/rG1007/ctl-usage,1007,usage,3,260,11.52572960957923
main/E_lab/code_leaning_hard/D_code/tau0.1/ones/incl/k3/rG1007/ctl-usage,1007,usage,3,261,12.287028279573406
main/E_lab/code_leaning_hard/D_code/tau0.1/ones/incl/k3/rG1007/ctl-usage,1007,usage,3,262,11.460265015558434
main/E_lab/code_leaning_hard/D_code/tau0.1/ones/incl/k3/rG1007/ctl-usage,1007,usage,3,263,14.860921038114839
main/E_lab/code_leaning_hard/D_code/tau0.1/ones/incl/k3/rG1007/ctl-usage,1007,usage,3,264,14.047335707093907
main/E_lab/code_leaning_hard/D_code/tau0.1/ones/incl/k3/rG1007/ctl-usage,1007,usage,3,265,13.581792973480788
main/E_lab/code_leaning_hard/D_code/tau0.1/ones/incl/k3/rG1007/ctl-usage,1007,usage,3,266,12.614990845648435
main/E_lab/code_leaning_hard/D_code/tau0.1/ones/incl/k3/rG1007/ctl-usage,1007,usage,3,267,11.950118506013041
main/E_lab/code_leaning_hard/D_code/tau0.1/ones/incl/k3/rG1007/ctl-usage,1007,usage,3,268,11.575927342632554
main/E_lab/code_leaning_hard/D_code/tau0.1/ones/incl/k3/rG1007/ctl-usage,1007,usage,3,269,11.261717165744813
main/E_lab/code_leaning_hard/D_code/tau0.1/ones/incl/k3/rG1007/ctl-usage,1007,usage,3,270,10.976720133648996
main/E_lab/code_leaning_hard/D_code/tau0.1/ones/incl/k3/rG1007/ctl-usage,1007,usage,3,271,10.58867046677824
main/E_lab/code_leaning_hard/D_code/tau0.1/ones/incl/k3/rG1007/ctl-usage,1007,usage,3,272,10.167390134359493
main/E_lab/code_leaning_hard/D_code/tau0.1/ones/incl/k3/rG1007/ctl-usage,1007,usage,3,273,11.260942407897346
main/E_lab/code_leaning_hard/D_code/tau0.1/ones/incl/k3/rG1007/ctl-usage,1007,usage,3,274,12.81880020575852
main/E_lab/code_leaning_hard/D_code/tau0.1/ones/incl/k3/rG1007/ctl-usage,1007,usage,3,275,11.144218954696044
main/E_lab/code_leaning_hard/D_code/tau0.1/ones/incl/k3/rG1007/ctl-usage,1007,usage,3,276,12.255819141057145
main/E_lab/code_leaning_hard/D_code/tau0.1/ones/incl/k3/rG1007/ctl-usage,1007,usage,3,277,10.669570666223308
main/E_lab/code_leaning_hard/D_code/tau0.1/ones/incl/k3/rG1007/ctl-usage,1007,usage,3,278,10.844993399734904
main/E_lab/code_leaning_hard/D_code/tau0.1/ones/incl/k3/rG1007/ctl-usage,1007,usage,3,279,11.207397208719385
main/E_lab/code_leaning_hard/D_code/tau0.1/ones/incl/k3/rG1007/ctl-usage,1007,usage,3,280,10.19649143994775
main/E_lab/code_leaning_hard/D_code/tau0.1/ones/incl/k3/rG1007/ctl-usage,1007,usage,3,281,13.754670675029047
main/E_lab/code_leaning_hard/D_code/tau0.1/ones/incl/k3/rG1007/ctl-usage,1007,usage,3,282,12.438867406348663
main/E_lab/code_leaning_hard/D_code/tau0.1/ones/incl/k3/rG1007/ctl-usage,1007,usage,3,283,13.026082578900969
main/E_lab/code_leaning_hard/D_code/tau0.1/ones/incl/k3/rG1007/ctl-usage,1007,usage,3,284,11.963751514525029
main/E_lab/code_leaning_hard/D_code/tau0.1/ones/incl/k3/rG1007/ctl-usage,1007,usage,3,285,12.401639728487226
main/E_lab/code_leaning_hard/D_code/tau0.1/ones/incl/k3/rG1007/ctl-usage,1007,usage,3,286,12.517065557706701
main/E_lab/code_leaning_hard/D_code/tau0.1/ones/incl/k3/rG1007/ctl-usage,1007,usage,3,287,12.692783987773737
main/E_lab/code_leaning_hard/D_code/tau0.1/ones/incl/k3/rG1007/ctl-usage,1007,usage,3,288,12.621847250629799
main/E_lab/code_leaning_hard/D_code/tau0.1/ones/incl/k3/rG1007/ctl-usage,1007,usage,3,289,12.284313193072876
main/E_lab/code_leaning_hard/D_code/tau0.1/ones/incl/k3/rG1007/ctl-usage,1007,usage,3,290,12.632726380003305
main/E_lab/code_leaning_hard/D_code/tau0.1/ones/incl/k3/rG1007/ctl-usage,1007,usage,3,291,12.593137819325875
main/E_lab/code_leaning_hard/D_code/tau0.1/ones/incl/k3/rG1007/ctl-usage,1007,usage,3,292,12.21444077121373
main/E_lab/code_leaning_hard/D_code/tau0.1/ones/incl/k3/rG1007/ctl-usage,1007,usage,3,293,12.774654502007252
main/E_lab/code_leaning_hard/D_code/tau0.1/ones/incl/k3/rG1007/ctl-usage,1007,usage,3,294,12.897929116090836
main/E_lab/code_leaning_hard/D_code/tau0.1/ones/incl/k3/rG1007/ctl-usage,1007,usage,3,295,12.067577574541701
main/E_lab/code_leaning_hard/D_code/tau0.1/ones/incl/k3/rG1007/ctl-usage,1007,usage,3,296,11.680583977813058
main/E_lab/code_leaning_hard/D_code/tau0.1/ones/incl/k3/rG1007/ctl-usage,1007,usage,3,297,10.539652964186189
main/E_lab/code_leaning_hard/D_code/tau0.1/ones/incl/k3/rG1007/ctl-usage,1007,usage,3,298,12.720535393283626
main/E_lab/code_leaning_hard/D_code/tau0.1/ones/incl/k3/rG1007/ctl-usage,1007,usage,3,299,11.619998011365169
main/E_lab/code_leaning_hard/D_code/tau0.1/ones/incl/k3/rG1007/ctl-usage,1007,usage,3,300,10.618597074435002
main/E_lab/code_leaning_hard/D_code/tau0.1/ones/incl/k3/rG1007/ctl-usage,1007,usage,3,301,10.152117502650299
main/E_lab/code_leaning_hard/D_code/tau0.1/ones/incl/k3/rG1007/ctl-usage,1007,usage,3,302,9.330481517587941
main/E_lab/code_leaning_hard/D_code/tau0.1/ones/incl/k3/rG1007/ctl-usage,1007,usage,3,303,11.100874714225029
main/E_lab/code_leaning_hard/D_code/tau0.1/ones/incl/k3/rG1007/ctl-usage,1007,usage,3,304,11.024294195816537
main/E_lab/code_leaning_hard/D_code/tau0.1/ones/incl/k3/rG1007/ctl-usage,1007,usage,3,305,11.41939013220508
main/E_lab/code_leaning_hard/D_code/tau0.1/ones/incl/k3/rG1007/ctl-usage,1007,usage,3,306,12.767635241204971
main/E_lab/code_leaning_hard/D_code/tau0.1/ones/incl/k3/rG1007/ctl-usage,1007,usage,3,307,11.1975570403049
main/E_lab/code_leaning_hard/D_code/tau0.1/ones/incl/k3/rG1007/ctl-usage,1007,usage,3,308,11.288023478042078
main/E_lab/code_leaning_hard/D_code/tau0.1/ones/incl/k3/rG1007/ctl-usage,1007,usage,3,309,11.552092208176873
main/E_lab/code_leaning_hard/D_code/tau0.1/ones/incl/k3/rG1007/ctl-usage,1007,usage,3,310,11.484403484315408
main/E_lab/code_leaning_hard/D_code/tau0.1/ones/incl/k3/rG1007/ctl-usage,1007,usage,3,311,10.372402851722654
main/E_lab/code_leaning_hard/D_code/tau0.1/ones/incl/k3/rG1007/ctl-usage,1007,usage,3,312,10.393828488455256
main/E_lab/code_leaning_hard/D_code/tau0.1/ones/incl/k3/rG1007/ctl-usage,1007,usage,3,313,10.26208675911073
main/E_lab/code_leaning_hard/D_code/tau0.1/ones/incl/k3/rG1007/ctl-usage,1007,usage,3,314,10.746813962396118
main/E_lab/code_leaning_hard/D_code/tau0.1/ones/incl/k3/rG1007/ctl-usage,1007,usage,3,315,12.017993374061916
main/E_lab/code_leaning_hard/D_code/tau0.1/ones/incl/k3/rG1007/ctl-usage,1007,usage,3,316,13.227713371556774
main/E_lab/code_leaning_hard/D_code/tau0.1/ones/incl/k3/rG1007/ctl-usage,1007,usage,3,317,12.497848408903792
main/E_lab/code_leaning_hard/D_code/tau0.1/ones/incl/k3/rG1007/ctl-usage,1007,usage,3,318,12.246037130520904
main/E_lab/code_leaning_hard/D_code/tau0.1/ones/incl/k3/rG1007/ctl-usage,1007,usage,3,319,10.632181342777812
main/E_lab/code_leaning_hard/D_code/tau0.1/ones/incl/k3/rG1007/ctl-usage,1007,usage,3,320,13.52523095475999
main/E_lab/code_leaning_hard/D_code/tau0.1/ones/incl/k3/rG1007/ctl-usage,1007,usage,3,321,12.31556433593596
main/E_lab/code_leaning_hard/D_code/tau0.1/ones/incl/k3/rG1007/ctl-usage,1007,usage,3,322,14.338417868540091
main/E_lab/code_leaning_hard/D_code/tau0.1/ones/incl/k3/rG1007/ctl-usage,1007,usage,3,323,13.662393627795609
main/E_lab/code_leaning_hard/D_code/tau0.1/ones/incl/k3/rG1007/ctl-usage,1007,usage,3,324,12.875928904182501
main/E_lab/code_leaning_hard/D_code/tau0.1/ones/incl/k3/rG1007/ctl-usage,1007,usage,3,325,12.988924153524295
main/E_lab/code_leaning_hard/D_code/tau0.1/ones/incl/k3/rG1007/ctl-usage,1007,usage,3,326,14.244207763136274
main/E_lab/code_leaning_hard/D_code/tau0.1/ones/incl/k3/rG1007/ctl-usage,1007,usage,3,327,14.285498772118444
main/E_lab/code_leaning_hard/D_code/tau0.1/ones/incl/k3/rG1007/ctl-usage,1007,usage,3,328,13.13669599330342
main/E_lab/code_leaning_hard/D_code/tau0.1/ones/incl/k3/rG1007/ctl-usage,1007,usage,3,329,12.850606958542812
main/E_lab/code_leaning_hard/D_code/tau0.1/ones/incl/k3/rG1007/ctl-usage,1007,usage,3,330,13.998647985443313
main/E_lab/code_leaning_hard/D_code/tau0.1/ones/incl/k3/rG1007/ctl-usage,1007,usage,3,331,14.59749022696542
main/E_lab/code_leaning_hard/D_code/tau0.1/ones/incl/k3/rG1007/ctl-usage,1007,usage,3,332,13.887942522520461
main/E_lab/code_leaning_hard/D_code/tau0.1/ones/incl/k3/rG1007/ctl-usage,1007,usage,3,333,11.722869004655877
main/E_lab/code_leaning_hard/D_code/tau0.1/ones/incl/k3/rG1007/ctl-usage,1007,usage,3,334,12.779161287427087
main/E_lab/code_leaning_hard/D_code/tau0.1/ones/incl/k3/rG1007/ctl-usage,1007,usage,3,335,13.801509911756284
main/E_lab/code_leaning_hard/D_code/tau0.1/ones/incl/k3/rG1007/ctl-usage,1007,usage,3,336,12.998647490287794
main/E_lab/code_leaning_hard/D_code/tau0.1/ones/incl/k3/rG1007/ctl-usage,1007,usage,3,337,12.136923512709245
main/E_lab/code_leaning_hard/D_code/tau0.1/ones/incl/k3/rG1007/ctl-usage,1007,usage,3,338,13.079354235338997
main/E_lab/code_leaning_hard/D_code/tau0.1/ones/incl/k3/rG1007/ctl-usage,1007,usage,3,339,12.790919718439909
main/E_lab/code_leaning_hard/D_code/tau0.1/ones/incl/k3/rG1007/ctl-usage,1007,usage,3,340,13.857531734365239
main/E_lab/code_leaning_hard/D_code/tau0.1/ones/incl/k3/rG1007/ctl-usage,1007,usage,3,341,13.776729762612376
main/E_lab/code_leaning_hard/D_code/tau0.1/ones/incl/k3/rG1007/ctl-usage,1007,usage,3,342,13.575293399564316
main/E_lab/code_leaning_hard/D_code/tau0.1/ones/incl/k3/rG1007/ctl-usage,1007,usage,3,343,14.091838548904889
main/E_lab/code_leaning_hard/D_code/tau0.1/ones/incl/k3/rG1007/ctl-usage,1007,usage,3,344,13.529719277503318
main/E_lab/code_leaning_hard/D_code/tau0.1/ones/incl/k3/rG1007/ctl-usage,1007,usage,3,345,13.636650442233531
main/E_lab/code_leaning_hard/D_code/tau0.1/ones/incl/k3/rG1007/ctl-usage,1007,usage,3,346,13.24014164762798
main/E_lab/code_leaning_hard/D_code/tau0.1/ones/incl/k3/rG1007/ctl-usage,1007,usage,3,347,13.40524156787842
main/E_lab/code_leaning_hard/D_code/tau0.1/ones/incl/k3/rG1007/ctl-usage,1007,usage,3,348,12.561470432726196
main/E_lab/code_leaning_hard/D_code/tau0.1/ones/incl/k3/rG1007/ctl-usage,1007,usage,3,349,13.553463474235741
main/E_lab/code_leaning_hard/D_code/tau0.1/ones/incl/k3/rG1007/ctl-usage,1007,usage,3,350,14.285827513986533
main/E_lab/code_leaning_hard/D_code/tau0.1/ones/incl/k3/rG1007/ctl-usage,1007,usage,3,351,14.481447054898808
main/E_lab/code_leaning_hard/D_code/tau0.1/ones/incl/k3/rG1007/ctl-usage,1007,usage,3,352,11.124319721535585
main/E_lab/code_leaning_hard/D_code/tau0.1/ones/incl/k3/rG1007/ctl-usage,1007,usage,3,353,15.392665077846686
main/E_lab/code_leaning_hard/D_code/tau0.1/ones/incl/k3/rG1007/ctl-usage,1007,usage,3,354,13.065814015371643
main/E_lab/code_leaning_hard/D_code/tau0.1/ones/incl/k3/rG1007/ctl-usage,1007,usage,3,355,14.724896169828298
main/E_lab/code_leaning_hard/D_code/tau0.1/ones/incl/k3/rG1007/ctl-usage,1007,usage,3,356,12.720894645095541
main/E_lab/code_leaning_hard/D_code/tau0.1/ones/incl/k3/rG1007/ctl-usage,1007,usage,3,357,12.20865722180406
main/E_lab/code_leaning_hard/D_code/tau0.1/ones/incl/k3/rG1007/ctl-usage,1007,usage,3,358,11.262817105387967
main/E_lab/code_leaning_hard/D_code/tau0.1/ones/incl/k3/rG1007/ctl-usage,1007,usage,3,359,11.000524757916878
main/E_lab/code_leaning_hard/D_code/tau0.1/ones/incl/k3/rG1007/ctl-usage,1007,usage,3,360,11.437121624569727
main/E_lab/code_leaning_hard/D_code/tau0.1/ones/incl/k3/rG1007/ctl-usage,1007,usage,3,361,12.8805436761495
main/E_lab/code_leaning_hard/D_code/tau0.1/ones/incl/k3/rG1007/ctl-usage,1007,usage,3,362,13.333750714555663
main/E_lab/code_leaning_hard/D_code/tau0.1/ones/incl/k3/rG1007/ctl-usage,1007,usage,3,363,13.049092825274784
main/E_lab/code_leaning_hard/D_code/tau0.1/ones/incl/k3/rG1007/ctl-usage,1007,usage,3,364,14.018551956867668
main/E_lab/code_leaning_hard/D_code/tau0.1/ones/incl/k3/rG1007/ctl-usage,1007,usage,3,365,14.162033475841213
main/E_lab/code_leaning_hard/D_code/tau0.1/ones/incl/k3/rG1007/ctl-usage,1007,usage,3,366,13.118627362081952
main/E_lab/code_leaning_hard/D_code/tau0.1/ones/incl/k3/rG1007/ctl-usage,1007,usage,3,367,12.597889033431784
main/E_lab/code_leaning_hard/D_code/tau0.1/ones/incl/k3/rG1007/ctl-usage,1007,usage,3,368,11.937717664206502
main/E_lab/code_leaning_hard/D_code/tau0.1/ones/incl/k3/rG1007/ctl-usage,1007,usage,3,369,12.242204035276245
main/E_lab/code_leaning_hard/D_code/tau0.1/ones/incl/k3/rG1007/ctl-usage,1007,usage,3,370,12.509543984328957
main/E_lab/code_leaning_hard/D_code/tau0.1/ones/incl/k3/rG1007/ctl-usage,1007,usage,3,371,12.936758411023447
main/E_lab/code_leaning_hard/D_code/tau0.1/ones/incl/k3/rG1007/ctl-usage,1007,usage,3,372,13.535728528130221
main/E_lab/code_leaning_hard/D_code/tau0.1/ones/incl/k3/rG1007/ctl-usage,1007,usage,3,373,12.796222524247241
main/E_lab/code_leaning_hard/D_code/tau0.1/ones/incl/k3/rG1007/ctl-usage,1007,usage,3,374,12.372606508784429
main/E_lab/code_leaning_hard/D_code/tau0.1/ones/incl/k3/rG1007/ctl-usage,1007,usage,3,375,12.78892332639839
main/E_lab/code_leaning_hard/D_code/tau0.1/ones/incl/k3/rG1007/ctl-usage,1007,usage,3,376,14.929268012884563
main/E_lab/code_leaning_hard/D_code/tau0.1/ones/incl/k3/rG1007/ctl-usage,1007,usage,3,377,12.914639647942295
main/E_lab/code_leaning_hard/D_code/tau0.1/ones/incl/k3/rG1007/ctl-usage,1007,usage,3,378,12.62305583524767
main/E_lab/code_leaning_hard/D_code/tau0.1/ones/incl/k3/rG1007/ctl-usage,1007,usage,3,379,12.78126785648874
main/E_lab/code_leaning_hard/D_code/tau0.1/ones/incl/k3/rG1007/ctl-usage,1007,usage,3,380,12.066528013793686
main/E_lab/code_leaning_hard/D_code/tau0.1/ones/incl/k3/rG1007/ctl-usage,1007,usage,3,381,13.50179286594971
main/E_lab/code_leaning_hard/D_code/tau0.1/ones/incl/k3/rG1007/ctl-usage,1007,usage,3,382,12.64130301315845
main/E_lab/code_leaning_hard/D_code/tau0.1/ones/incl/k3/rG1007/ctl-usage,1007,usage,3,383,12.601743355372037
main/E_lab/code_leaning_hard/D_code/tau0.1/ones/incl/k3/rG1007/ctl-usage,1007,usage,3,384,10.78051962017571
main/E_lab/code_leaning_hard/D_code/tau0.1/ones/incl/k3/rG1007/ctl-usage,1007,usage,3,385,6.952056264962039
main/E_lab/code_leaning_hard/D_code/tau0.1/ones/incl/k3/rG1007/ctl-usage,1007,usage,3,386,7.583191694141078
main/E_lab/code_leaning_hard/D_code/tau0.1/ones/incl/k3/rG1007/ctl-usage,1007,usage,3,387,9.079307035338388
main/E_lab/code_leaning_hard/D_code/tau0.1/ones/incl/k3/rG1007/ctl-usage,1007,usage,3,388,6.284891541354682
main/E_lab/code_leaning_hard/D_code/tau0.1/ones/incl/k3/rG1007/ctl-usage,1007,usage,3,389,7.136817390232181
main/E_lab/code_leaning_hard/D_code/tau0.1/ones/incl/k3/rG1007/ctl-usage,1007,usage,3,390,6.769350995612058
main/E_lab/code_leaning_hard/D_code/tau0.1/ones/incl/k3/rG1007/ctl-usage,1007,usage,3,391,5.492208617134565
main/E_lab/code_leaning_hard/D_code/tau0.1/ones/incl/k3/rG1007/ctl-usage,1007,usage,3,392,7.411114673605425
main/E_lab/code_leaning_hard/D_code/tau0.1/ones/incl/k3/rG1007/ctl-usage,1007,usage,3,393,6.338568356454289
main/E_lab/code_leaning_hard/D_code/tau0.1/ones/incl/k3/rG1007/ctl-usage,1007,usage,3,394,9.082194394478165
main/E_lab/code_leaning_hard/D_code/tau0.1/ones/incl/k3/rG1007/ctl-usage,1007,usage,3,395,8.2298952794863
main/E_lab/code_leaning_hard/D_code/tau0.1/ones/incl/k3/rG1007/ctl-usage,1007,usage,3,396,7.674347138318808
main/E_lab/code_leaning_hard/D_code/tau0.1/ones/incl/k3/rG1007/ctl-usage,1007,usage,3,397,7.231675651550859
main/E_lab/code_leaning_hard/D_code/tau0.1/ones/incl/k3/rG1007/ctl-usage,1007,usage,3,398,10.964730780230866
main/E_lab/code_leaning_hard/D_code/tau0.1/ones/incl/k3/rG1007/ctl-usage,1007,usage,3,399,7.71052409313279
main/E_lab/code_leaning_hard/D_code/tau0.1/ones/incl/k3/rG1007/ctl-usage,1007,usage,3,400,3.8439181998865024
main/E_lab/code_leaning_hard/D_code/tau0.1/ones/incl/k3/rG1007/ctl-usage,1007,usage,3,401,4.9943886808118805
main/E_lab/code_leaning_hard/D_code/tau0.1/ones/incl/k3/rG1007/ctl-usage,1007,usage,3,402,7.69615674479337
main/E_lab/code_leaning_hard/D_code/tau0.1/ones/incl/k3/rG1007/ctl-usage,1007,usage,3,403,8.811029313895745
main/E_lab/code_leaning_hard/D_code/tau0.1/ones/incl/k3/rG1007/ctl-usage,1007,usage,3,404,6.773924090086439
main/E_lab/code_leaning_hard/D_code/tau0.1/ones/incl/k3/rG1007/ctl-usage,1007,usage,3,405,8.054149292273678
main/E_lab/code_leaning_hard/D_code/tau0.1/ones/incl/k3/rG1007/ctl-usage,1007,usage,3,406,7.597472815706851
main/E_lab/code_leaning_hard/D_code/tau0.1/ones/incl/k3/rG1007/ctl-usage,1007,usage,3,407,6.104546750855661
main/E_lab/code_leaning_hard/D_code/tau0.1/ones/incl/k3/rG1007/ctl-usage,1007,usage,3,408,6.124767802689803
main/E_lab/code_leaning_hard/D_code/tau0.1/ones/incl/k3/rG1007/ctl-usage,1007,usage,3,409,8.324525638019622
main/E_lab/code_leaning_hard/D_code/tau0.1/ones/incl/k3/rG1007/ctl-usage,1007,usage,3,410,8.255927787832661
main/E_lab/code_leaning_hard/D_code/tau0.1/ones/incl/k3/rG1007/ctl-usage,1007,usage,3,411,9.24182598511743
main/E_lab/code_leaning_hard/D_code/tau0.1/ones/incl/k3/rG1007/ctl-usage,1007,usage,3,412,7.760541730527166
main/E_lab/code_leaning_hard/D_code/tau0.1/ones/incl/k3/rG1007/ctl-usage,1007,usage,3,413,9.016695086676009
main/E_lab/code_leaning_hard/D_code/tau0.1/ones/incl/k3/rG1007/ctl-usage,1007,usage,3,414,9.209561383417167
main/E_lab/code_leaning_hard/D_code/tau0.1/ones/incl/k3/rG1007/ctl-usage,1007,usage,3,415,6.453187656247792
main/E_lab/code_leaning_hard/D_code/tau0.1/ones/incl/k3/rG1007/ctl-usage,1007,usage,3,416,7.755809350189793
main/E_lab/code_leaning_hard/D_code/tau0.1/ones/incl/k3/rG1007/ctl-usage,1007,usage,3,417,7.719192171793566
main/E_lab/code_leaning_hard/D_code/tau0.1/ones/incl/k3/rG1007/ctl-usage,1007,usage,3,418,8.324082144184104
main/E_lab/code_leaning_hard/D_code/tau0.1/ones/incl/k3/rG1007/ctl-usage,1007,usage,3,419,8.29798432311236
main/E_lab/code_leaning_hard/D_code/tau0.1/ones/incl/k3/rG1007/ctl-usage,1007,usage,3,420,9.138095098231474
main/E_lab/code_leaning_hard/D_code/tau0.1/ones/incl/k3/rG1007/ctl-usage,1007,usage,3,421,8.061187541685285
main/E_lab/code_leaning_hard/D_code/tau0.1/ones/incl/k3/rG1007/ctl-usage,1007,usage,3,422,6.569539929835628
main/E_lab/code_leaning_hard/D_code/tau0.1/ones/incl/k3/rG1007/ctl-usage,1007,usage,3,423,7.902077463934802
main/E_lab/code_leaning_hard/D_code/tau0.1/ones/incl/k3/rG1007/ctl-usage,1007,usage,3,424,5.58552889526527
main/E_lab/code_leaning_hard/D_code/tau0.1/ones/incl/k3/rG1007/ctl-usage,1007,usage,3,425,5.031416109711245
main/E_lab/code_leaning_hard/D_code/tau0.1/ones/incl/k3/rG1007/ctl-usage,1007,usage,3,426,6.9798879533850595
main/E_lab/code_leaning_hard/D_code/tau0.1/ones/incl/k3/rG1007/ctl-usage,1007,usage,3,427,11.393891186937935
main/E_lab/code_leaning_hard/D_code/tau0.1/ones/incl/k3/rG1007/ctl-usage,1007,usage,3,428,9.206851144084794
main/E_lab/code_leaning_hard/D_code/tau0.1/ones/incl/k3/rG1007/ctl-usage,1007,usage,3,429,8.53630768925575
main/E_lab/code_leaning_hard/D_code/tau0.1/ones/incl/k3/rG1007/ctl-usage,1007,usage,3,430,7.22078278594995
main/E_lab/code_leaning_hard/D_code/tau0.1/ones/incl/k3/rG1007/ctl-usage,1007,usage,3,431,6.676925486248365
main/E_lab/code_leaning_hard/D_code/tau0.1/ones/incl/k3/rG1007/ctl-usage,1007,usage,3,432,8.237018882488655
main/E_lab/code_leaning_hard/D_code/tau0.1/ones/incl/k3/rG1007/ctl-usage,1007,usage,3,433,5.842153889075689
main/E_lab/code_leaning_hard/D_code/tau0.1/ones/incl/k3/rG1007/ctl-usage,1007,usage,3,434,4.991646321762573
main/E_lab/code_leaning_hard/D_code/tau0.1/ones/incl/k3/rG1007/ctl-usage,1007,usage,3,435,8.649423264525467
main/E_lab/code_leaning_hard/D_code/tau0.1/ones/incl/k3/rG1007/ctl-usage,1007,usage,3,436,8.98320121837969
main/E_lab/code_leaning_hard/D_code/tau0.1/ones/incl/k3/rG1007/ctl-usage,1007,usage,3,437,6.009781892775663
main/E_lab/code_leaning_hard/D_code/tau0.1/ones/incl/k3/rG1007/ctl-usage,1007,usage,3,438,6.246357806720425
main/E_lab/code_leaning_hard/D_code/tau0.1/ones/incl/k3/rG1007/ctl-usage,1007,usage,3,439,7.518920010446436
main/E_lab/code_leaning_hard/D_code/tau0.1/ones/incl/k3/rG1007/ctl-usage,1007,usage,3,440,8.4998457699553
main/E_lab/code_leaning_hard/D_code/tau0.1/ones/incl/k3/rG1007/ctl-usage,1007,usage,3,441,7.38353368035223
main/E_lab/code_leaning_hard/D_code/tau0.1/ones/incl/k3/rG1007/ctl-usage,1007,usage,3,442,7.345629074135559
main/E_lab/code_leaning_hard/D_code/tau0.1/ones/incl/k3/rG1007/ctl-usage,1007,usage,3,443,11.987989728267848
main/E_lab/code_leaning_hard/D_code/tau0.1/ones/incl/k3/rG1007/ctl-usage,1007,usage,3,444,15.301066615782474
main/E_lab/code_leaning_hard/D_code/tau0.1/ones/incl/k3/rG1007/ctl-usage,1007,usage,3,445,13.966752346670091
main/E_lab/code_leaning_hard/D_code/tau0.1/ones/incl/k3/rG1007/ctl-usage,1007,usage,3,446,9.118564754071713
main/E_lab/code_leaning_hard/D_code/tau0.1/ones/incl/k3/rG1007/ctl-usage,1007,usage,3,447,8.59118212436806
main/E_lab/code_leaning_hard/D_code/tau0.1/ones/incl/k3/rG1007/ctl-usage,1007,usage,3,448,9.612998118004725
main/E_lab/code_leaning_hard/D_code/tau0.1/ones/incl/k3/rG1007/ctl-usage,1007,usage,3,449,9.529591689057042
main/E_lab/code_leaning_hard/D_code/tau0.1/ones/incl/k3/rG1007/ctl-usage,1007,usage,3,450,10.298475797888841
main/E_lab/code_leaning_hard/D_code/tau0.1/ones/incl/k3/rG1007/ctl-usage,1007,usage,3,451,11.078852698193941
main/E_lab/code_leaning_hard/D_code/tau0.1/ones/incl/k3/rG1007/ctl-usage,1007,usage,3,452,8.260650294567313
main/E_lab/code_leaning_hard/D_code/tau0.1/ones/incl/k3/rG1007/ctl-usage,1007,usage,3,453,8.041824297855783
main/E_lab/code_leaning_hard/D_code/tau0.1/ones/incl/k3/rG1007/ctl-usage,1007,usage,3,454,9.796666825449392
main/E_lab/code_leaning_hard/D_code/tau0.1/ones/incl/k3/rG1007/ctl-usage,1007,usage,3,455,9.996212360086815
main/E_lab/code_leaning_hard/D_code/tau0.1/ones/incl/k3/rG1007/ctl-usage,1007,usage,3,456,10.892534450408448
main/E_lab/code_leaning_hard/D_code/tau0.1/ones/incl/k3/rG1007/ctl-usage,1007,usage,3,457,11.256652287887619
main/E_lab/code_leaning_hard/D_code/tau0.1/ones/incl/k3/rG1007/ctl-usage,1007,usage,3,458,6.853716420177534
main/E_lab/code_leaning_hard/D_code/tau0.1/ones/incl/k3/rG1007/ctl-usage,1007,usage,3,459,6.556793075164023
main/E_lab/code_leaning_hard/D_code/tau0.1/ones/incl/k3/rG1007/ctl-usage,1007,usage,3,460,10.643031622576927
main/E_lab/code_leaning_hard/D_code/tau0.1/ones/incl/k3/rG1007/ctl-usage,1007,usage,3,461,11.543415624772479
main/E_lab/code_leaning_hard/D_code/tau0.1/ones/incl/k3/rG1007/ctl-usage,1007,usage,3,462,8.695022053766024
main/E_lab/code_leaning_hard/D_code/tau0.1/ones/incl/k3/rG1007/ctl-usage,1007,usage,3,463,8.836502280606055
main/E_lab/code_leaning_hard/D_code/tau0.1/ones/incl/k3/rG1007/ctl-usage,1007,usage,3,464,7.13304296923684
main/E_lab/code_leaning_hard/D_code/tau0.1/ones/incl/k3/rG1007/ctl-usage,1007,usage,3,465,8.366257432315933
main/E_lab/code_leaning_hard/D_code/tau0.1/ones/incl/k3/rG1007/ctl-usage,1007,usage,3,466,10.312329302111038
main/E_lab/code_leaning_hard/D_code/tau0.1/ones/incl/k3/rG1007/ctl-usage,1007,usage,3,467,9.017808920345487
main/E_lab/code_leaning_hard/D_code/tau0.1/ones/incl/k3/rG1007/ctl-usage,1007,usage,3,468,9.696715523400371
main/E_lab/code_leaning_hard/D_code/tau0.1/ones/incl/k3/rG1007/ctl-usage,1007,usage,3,469,10.572749734390072
main/E_lab/code_leaning_hard/D_code/tau0.1/ones/incl/k3/rG1007/ctl-usage,1007,usage,3,470,8.102658677308227
main/E_lab/code_leaning_hard/D_code/tau0.1/ones/incl/k3/rG1007/ctl-usage,1007,usage,3,471,8.115364787201088
main/E_lab/code_leaning_hard/D_code/tau0.1/ones/incl/k3/rG1007/ctl-usage,1007,usage,3,472,6.513510983931155
main/E_lab/code_leaning_hard/D_code/tau0.1/ones/incl/k3/rG1007/ctl-usage,1007,usage,3,473,5.990761717744249
main/E_lab/code_leaning_hard/D_code/tau0.1/ones/incl/k3/rG1007/ctl-usage,1007,usage,3,474,8.624750140163087
main/E_lab/code_leaning_hard/D_code/tau0.1/ones/incl/k3/rG1007/ctl-usage,1007,usage,3,475,8.01179357475803
main/E_lab/code_leaning_hard/D_code/tau0.1/ones/incl/k3/rG1007/ctl-usage,1007,usage,3,476,7.147195017529157
main/E_lab/code_leaning_hard/D_code/tau0.1/ones/incl/k3/rG1007/ctl-usage,1007,usage,3,477,9.922608947895924
main/E_lab/code_leaning_hard/D_code/tau0.1/ones/incl/k3/rG1007/ctl-usage,1007,usage,3,478,11.622950702651906
main/E_lab/code_leaning_hard/D_code/tau0.1/ones/incl/k3/rG1007/ctl-usage,1007,usage,3,479,9.10017829440585
main/E_lab/code_leaning_hard/D_code/tau0.1/ones/incl/k3/rG1007/ctl-usage,1007,usage,3,480,9.837827004608243
main/E_lab/code_leaning_hard/D_code/tau0.1/ones/incl/k3/rG1007/ctl-usage,1007,usage,3,481,8.941658067398748
main/E_lab/code_leaning_hard/D_code/tau0.1/ones/incl/k3/rG1007/ctl-usage,1007,usage,3,482,10.339245897127512
main/E_lab/code_leaning_hard/D_code/tau0.1/ones/incl/k3/rG1007/ctl-usage,1007,usage,3,483,11.202264750973427
main/E_lab/code_leaning_hard/D_code/tau0.1/ones/incl/k3/rG1007/ctl-usage,1007,usage,3,484,10.155534767623749
main/E_lab/code_leaning_hard/D_code/tau0.1/ones/incl/k3/rG1007/ctl-usage,1007,usage,3,485,10.450925035635919
main/E_lab/code_leaning_hard/D_code/tau0.1/ones/incl/k3/rG1007/ctl-usage,1007,usage,3,486,10.88134637023586
main/E_lab/code_leaning_hard/D_code/tau0.1/ones/incl/k3/rG1007/ctl-usage,1007,usage,3,487,10.37224083849992
main/E_lab/code_leaning_hard/D_code/tau0.1/ones/incl/k3/rG1007/ctl-usage,1007,usage,3,488,8.465623705727694
main/E_lab/code_leaning_hard/D_code/tau0.1/ones/incl/k3/rG1007/ctl-usage,1007,usage,3,489,8.599549064191706
main/E_lab/code_leaning_hard/D_code/tau0.1/ones/incl/k3/rG1007/ctl-usage,1007,usage,3,490,10.833769636816214
main/E_lab/code_leaning_hard/D_code/tau0.1/ones/incl/k3/rG1007/ctl-usage,1007,usage,3,491,10.619723627960866
main/E_lab/code_leaning_hard/D_code/tau0.1/ones/incl/k3/rG1007/ctl-usage,1007,usage,3,492,10.059939331712712
main/E_lab/code_leaning_hard/D_code/tau0.1/ones/incl/k3/rG1007/ctl-usage,1007,usage,3,493,10.00678861820802
main/E_lab/code_leaning_hard/D_code/tau0.1/ones/incl/k3/rG1007/ctl-usage,1007,usage,3,494,9.046724138456739
main/E_lab/code_leaning_hard/D_code/tau0.1/ones/incl/k3/rG1007/ctl-usage,1007,usage,3,495,6.008116928981735
main/E_lab/code_leaning_hard/D_code/tau0.1/ones/incl/k3/rG1007/ctl-usage,1007,usage,3,496,9.838652418944093
main/E_lab/code_leaning_hard/D_code/tau0.1/ones/incl/k3/rG1007/ctl-usage,1007,usage,3,497,8.874125634574966
main/E_lab/code_leaning_hard/D_code/tau0.1/ones/incl/k3/rG1007/ctl-usage,1007,usage,3,498,7.923541623149049
main/E_lab/code_leaning_hard/D_code/tau0.1/ones/incl/k3/rG1007/ctl-usage,1007,usage,3,499,9.097199982366874
main/E_lab/code_leaning_hard/D_code/tau0.1/ones/incl/k3/rG1007/ctl-usage,1007,usage,3,500,7.132503456358791
main/E_lab/code_leaning_hard/D_code/tau0.1/ones/incl/k3/rG1007/ctl-usage,1007,usage,3,501,6.216560573800848
main/E_lab/code_leaning_hard/D_code/tau0.1/ones/incl/k3/rG1007/ctl-usage,1007,usage,3,502,8.132061338013273
main/E_lab/code_leaning_hard/D_code/tau0.1/ones/incl/k3/rG1007/ctl-usage,1007,usage,3,503,8.080546123424483
main/E_lab/code_leaning_hard/D_code/tau0.1/ones/incl/k3/rG1007/ctl-usage,1007,usage,3,504,9.165111498986334
main/E_lab/code_leaning_hard/D_code/tau0.1/ones/incl/k3/rG1007/ctl-usage,1007,usage,3,505,9.282018735193105
main/E_lab/code_leaning_hard/D_code/tau0.1/ones/incl/k3/rG1007/ctl-usage,1007,usage,3,506,8.985967265412455
main/E_lab/code_leaning_hard/D_code/tau0.1/ones/incl/k3/rG1007/ctl-usage,1007,usage,3,507,10.086599980282926
main/E_lab/code_leaning_hard/D_code/tau0.1/ones/incl/k3/rG1007/ctl-usage,1007,usage,3,508,9.023124112875394
main/E_lab/code_leaning_hard/D_code/tau0.1/ones/incl/k3/rG1007/ctl-usage,1007,usage,3,509,9.844932484522815
main/E_lab/code_leaning_hard/D_code/tau0.1/ones/incl/k3/rG1007/ctl-usage,1007,usage,3,510,10.124106214919266
main/E_lab/code_leaning_hard/D_code/tau0.1/ones/incl/k3/rG1007/ctl-usage,1007,usage,3,511,7.974695152103777
main/E_lab/code_leaning_hard/D_code/tau0.1/ones/incl/k4/rG1007/ctl-usage,1007,usage,4,0,5.722318185202312
main/E_lab/code_leaning_hard/D_code/tau0.1/ones/incl/k4/rG1007/ctl-usage,1007,usage,4,1,5.947719388248515
main/E_lab/code_leaning_hard/D_code/tau0.1/ones/incl/k4/rG1007/ctl-usage,1007,usage,4,2,6.4066930623548615
main/E_lab/code_leaning_hard/D_code/tau0.1/ones/incl/k4/rG1007/ctl-usage,1007,usage,4,3,6.158682843149563
main/E_lab/code_leaning_hard/D_code/tau0.1/ones/incl/k4/rG1007/ctl-usage,1007,usage,4,4,4.482635620543078
main/E_lab/code_leaning_hard/D_code/tau0.1/ones/incl/k4/rG1007/ctl-usage,1007,usage,4,5,6.5694067224835635
main/E_lab/code_leaning_hard/D_code/tau0.1/ones/incl/k4/rG1007/ctl-usage,1007,usage,4,6,7.814910295964637
main/E_lab/code_leaning_hard/D_code/tau0.1/ones/incl/k4/rG1007/ctl-usage,1007,usage,4,7,6.94561565460117
main/E_lab/code_leaning_hard/D_code/tau0.1/ones/incl/k4/rG1007/ctl-usage,1007,usage,4,8,8.158640431211097
main/E_lab/code_leaning_hard/D_code/tau0.1/ones/incl/k4/rG1007/ctl-usage,1007,usage,4,9,7.477721840798495
main/E_lab/code_leaning_hard/D_code/tau0.1/ones/incl/k4/rG1007/ctl-usage,1007,usage,4,10,5.717929068657213
main/E_lab/code_leaning_hard/D_code/tau0.1/ones/incl/k4/rG1007/ctl-usage,1007,usage,4,11,4.304078822599649
main/E_lab/code_leaning_hard/D_code/tau0.1/ones/incl/k4/rG1007/ctl-usage,1007,usage,4,12,4.798942393297693
main/E_lab/code_leaning_hard/D_code/tau0.1/ones/incl/k4/rG1007/ctl-usage,1007,usage,4,13,5.583108521726899
main/E_lab/code_leaning_hard/D_code/tau0.1/ones/incl/k4/rG1007/ctl-usage,1007,usage,4,14,6.239924735867589
main/E_lab/code_leaning_hard/D_code/tau0.1/ones/incl/k4/rG1007/ctl-usage,1007,usage,4,15,5.3092274155982295
main/E_lab/code_leaning_hard/D_code/tau0.1/ones/incl/k4/rG1007/ctl-usage,1007,usage,4,16,5.489939179597513
main/E_lab/code_leaning_hard/D_code/tau0.1/ones/incl/k4/rG1007/ctl-usage,1007,usage,4,17,6.102026727352495
main/E_lab/code_leaning_hard/D_code/tau0.1/ones/incl/k4/rG1007/ctl-usage,1007,usage,4,18,5.539940939066582
main/E_lab/code_leaning_hard/D_code/tau0.1/ones/incl/k4/rG1007/ctl-usage,1007,usage,4,19,5.474519443277131
main/E_lab/code_leaning_hard/D_code/tau0.1/ones/incl/k4/rG1007/ctl-usage,1007,usage,4,20,5.959611237549552
main/E_lab/code_leaning_hard/D_code/tau0.1/ones/incl/k4/rG1007/ctl-usage,1007,usage,4,21,5.270324146537405
main/E_lab/code_leaning_hard/D_code/tau0.1/ones/incl/k4/rG1007/ctl-usage,1007,usage,4,22,5.913337567564213
main/E_lab/code_leaning_hard/D_code/tau0.1/ones/incl/k4/rG1007/ctl-usage,1007,usage,4,23,6.323574245455347
main/E_lab/code_leaning_hard/D_code/tau0.1/ones/incl/k4/rG1007/ctl-usage,1007,usage,4,24,5.839911655441028
main/E_lab/code_leaning_hard/D_code/tau0.1/ones/incl/k4/rG1007/ctl-usage,1007,usage,4,25,5.884265510176874
main/E_lab/code_leaning_hard/D_code/tau0.1/ones/incl/k4/rG1007/ctl-usage,1007,usage,4,26,8.282549771162849
main/E_lab/code_leaning_hard/D_code/tau0.1/ones/incl/k4/rG1007/ctl-usage,1007,usage,4,27,8.885466596370861
main/E_lab/code_leaning_hard/D_code/tau0.1/ones/incl/k4/rG1007/ctl-usage,1007,usage,4,28,7.703967895083224
main/E_lab/code_leaning_hard/D_code/tau0.1/ones/incl/k4/rG1007/ctl-usage,1007,usage,4,29,6.989845581877489
main/E_lab/code_leaning_hard/D_code/tau0.1/ones/incl/k4/rG1007/ctl-usage,1007,usage,4,30,6.0051085971222165
main/E_lab/code_leaning_hard/D_code/tau0.1/ones/incl/k4/rG1007/ctl-usage,1007,usage,4,31,6.993580689757437
main/E_lab/code_leaning_hard/D_code/tau0.1/ones/incl/k4/rG1007/ctl-usage,1007,usage,4,32,6.327494437410678
main/E_lab/code_leaning_hard/D_code/tau0.1/ones/incl/k4/rG1007/ctl-usage,1007,usage,4,33,7.571376627745167
main/E_lab/code_leaning_hard/D_code/tau0.1/ones/incl/k4/rG1007/ctl-usage,1007,usage,4,34,8.564119950197437
main/E_lab/code_leaning_hard/D_code/tau0.1/ones/incl/k4/rG1007/ctl-usage,1007,usage,4,35,5.271076534917938
main/E_lab/code_leaning_hard/D_code/tau0.1/ones/incl/k4/rG1007/ctl-usage,1007,usage,4,36,7.245957948591695
main/E_lab/code_leaning_hard/D_code/tau0.1/ones/incl/k4/rG1007/ctl-usage,1007,usage,4,37,5.1670881690201895
main/E_lab/code_leaning_hard/D_code/tau0.1/ones/incl/k4/rG1007/ctl-usage,1007,usage,4,38,7.0357507667768004
main/E_lab/code_leaning_hard/D_code/tau0.1/ones/incl/k4/rG1007/ctl-usage,1007,usage,4,39,9.950209937194359
main/E_lab/code_leaning_hard/D_code/tau0.1/ones/incl/k4/rG1007/ctl-usage,1007,usage,4,40,9.78647594863196
main/E_lab/code_leaning_hard/D_code/tau0.1/ones/incl/k4/rG1007/ctl-usage,1007,usage,4,41,15.879047960009416
main/E_lab/code_leaning_hard/D_code/tau0.1/ones/incl/k4/rG1007/ctl-usage,1007,usage,4,42,8.911887788057584
main/E_lab/code_leaning_hard/D_code/tau0.1/ones/incl/k4/rG1007/ctl-usage,1007,usage,4,43,6.165702634596528
main/E_lab/code_leaning_hard/D_code/tau0.1/ones/incl/k4/rG1007/ctl-usage,1007,usage,4,44,5.140471913033252
main/E_lab/code_leaning_hard/D_code/tau0.1/ones/incl/k4/rG1007/ctl-usage,1007,usage,4,45,5.700441479039
main/E_lab/code_leaning_hard/D_code/tau0.1/ones/incl/k4/rG1007/ctl-usage,1007,usage,4,46,6.469937200326626
main/E_lab/code_leaning_hard/D_code/tau0.1/ones/incl/k4/rG1007/ctl-usage,1007,usage,4,47,6.41630290745411
main/E_lab/code_leaning_hard/D_code/tau0.1/ones/incl/k4/rG1007/ctl-usage,1007,usage,4,48,5.981642189600279
main/E_lab/code_leaning_hard/D_code/tau0.1/ones/incl/k4/rG1007/ctl-usage,1007,usage,4,49,6.2441366708162604
main/E_lab/code_leaning_hard/D_code/tau0.1/ones/incl/k4/rG1007/ctl-usage,1007,usage,4,50,7.060707823064831
main/E_lab/code_leaning_hard/D_code/tau0.1/ones/incl/k4/rG1007/ctl-usage,1007,usage,4,51,8.989990329911961
main/E_lab/code_leaning_hard/D_code/tau0.1/ones/incl/k4/rG1007/ctl-usage,1007,usage,4,52,6.695229266557135
main/E_lab/code_leaning_hard/D_code/tau0.1/ones/incl/k4/rG1007/ctl-usage,1007,usage,4,53,6.850668019731074
main/E_lab/code_leaning_hard/D_code/tau0.1/ones/incl/k4/rG1007/ctl-usage,1007,usage,4,54,5.385922910359113
main/E_lab/code_leaning_hard/D_code/tau0.1/ones/incl/k4/rG1007/ctl-usage,1007,usage,4,55,6.545399538910033
main/E_lab/code_leaning_hard/D_code/tau0.1/ones/incl/k4/rG1007/ctl-usage,1007,usage,4,56,5.3189331270668845
main/E_lab/code_leaning_hard/D_code/tau0.1/ones/incl/k4/rG1007/ctl-usage,1007,usage,4,57,5.874449579036764
main/E_lab/code_leaning_hard/D_code/tau0.1/ones/incl/k4/rG1007/ctl-usage,1007,usage,4,58,4.822062283185005
main/E_lab/code_leaning_hard/D_code/tau0.1/ones/incl/k4/rG1007/ctl-usage,1007,usage,4,59,5.348885996866784
main/E_lab/code_leaning_hard/D_code/tau0.1/ones/incl/k4/rG1007/ctl-usage,1007,usage,4,60,6.640557782775431
main/E_lab/code_leaning_hard/D_code/tau0.1/ones/incl/k4/rG1007/ctl-usage,1007,usage,4,61,5.532778634977149
main/E_lab/code_leaning_hard/D_code/tau0.1/ones/incl/k4/rG1007/ctl-usage,1007,usage,4,62,5.369037392493283
main/E_lab/code_leaning_hard/D_code/tau0.1/ones/incl/k4/rG1007/ctl-usage,1007,usage,4,63,5.0432836241993755
main/E_lab/code_leaning_hard/D_code/tau0.1/ones/incl/k4/rG1007/ctl-usage,1007,usage,4,64,6.556672478377095
main/E_lab/code_leaning_hard/D_code/tau0.1/ones/incl/k4/rG1007/ctl-usage,1007,usage,4,65,6.36182985940718
main/E_lab/code_leaning_hard/D_code/tau0.1/ones/incl/k4/rG1007/ctl-usage,1007,usage,4,66,9.668063165747299
main/E_lab/code_leaning_hard/D_code/tau0.1/ones/incl/k4/rG1007/ctl-usage,1007,usage,4,67,12.634685639473389
main/E_lab/code_leaning_hard/D_code/tau0.1/ones/incl/k4/rG1007/ctl-usage,1007,usage,4,68,13.118831014172201
main/E_lab/code_leaning_hard/D_code/tau0.1/ones/incl/k4/rG1007/ctl-usage,1007,usage,4,69,10.418582476056713
main/E_lab/code_leaning_hard/D_code/tau0.1/ones/incl/k4/rG1007/ctl-usage,1007,usage,4,70,17.477500462300668
main/E_lab/code_leaning_hard/D_code/tau0.1/ones/incl/k4/rG1007/ctl-usage,1007,usage,4,71,17.276743145464593
main/E_lab/code_leaning_hard/D_code/tau0.1/ones/incl/k4/rG1007/ctl-usage,1007,usage,4,72,16.919898917936166
main/E_lab/code_leaning_hard/D_code/tau0.1/ones/incl/k4/rG1007/ctl-usage,1007,usage,4,73,16.446571602595895
main/E_lab/code_leaning_hard/D_code/tau0.1/ones/incl/k4/rG1007/ctl-usage,1007,usage,4,74,11.795406783245198
main/E_lab/code_leaning_hard/D_code/tau0.1/ones/incl/k4/rG1007/ctl-usage,1007,usage,4,75,15.208010548820539
main/E_lab/code_leaning_hard/D_code/tau0.1/ones/incl/k4/rG1007/ctl-usage,1007,usage,4,76,15.769980993158242
main/E_lab/code_leaning_hard/D_code/tau0.1/ones/incl/k4/rG1007/ctl-usage,1007,usage,4,77,15.644617053958086
main/E_lab/code_leaning_hard/D_code/tau0.1/ones/incl/k4/rG1007/ctl-usage,1007,usage,4,78,16.092519495529245
main/E_lab/code_leaning_hard/D_code/tau0.1/ones/incl/k4/rG1007/ctl-usage,1007,usage,4,79,13.275185519118281
main/E_lab/code_leaning_hard/D_code/tau0.1/ones/incl/k4/rG1007/ctl-usage,1007,usage,4,80,17.000936745649028
main/E_lab/code_leaning_hard/D_code/tau0.1/ones/incl/k4/rG1007/ctl-usage,1007,usage,4,81,16.041977645291126
main/E_lab/code_leaning_hard/D_code/tau0.1/ones/incl/k4/rG1007/ctl-usage,1007,usage,4,82,16.364428189642695
main/E_lab/code_leaning_hard/D_code/tau0.1/ones/incl/k4/rG1007/ctl-usage,1007,usage,4,83,16.371792352254943
main/E_lab/code_leaning_hard/D_code/tau0.1/ones/incl/k4/rG1007/ctl-usage,1007,usage,4,84,16.384675017722202
main/E_lab/code_leaning_hard/D_code/tau0.1/ones/incl/k4/rG1007/ctl-usage,1007,usage,4,85,16.883063648293955
main/E_lab/code_leaning_hard/D_code/tau0.1/ones/incl/k4/rG1007/ctl-usage,1007,usage,4,86,17.322850487992696
main/E_lab/code_leaning_hard/D_code/tau0.1/ones/incl/k4/rG1007/ctl-usage,1007,usage,4,87,16.641680525940274
main/E_lab/code_leaning_hard/D_code/tau0.1/ones/incl/k4/rG1007/ctl-usage,1007,usage,4,88,17.607210025261452
main/E_lab/code_leaning_hard/D_code/tau0.1/ones/incl/k4/rG1007/ctl-usage,1007,usage,4,89,9.362999863029927
main/E_lab/code_leaning_hard/D_code/tau0.1/ones/incl/k4/rG1007/ctl-usage,1007,usage,4,90,6.948372665949137
main/E_lab/code_leaning_hard/D_code/tau0.1/ones/incl/k4/rG1007/ctl-usage,1007,usage,4,91,5.792490626964536
main/E_lab/code_leaning_hard/D_code/tau0.1/ones/incl/k4/rG1007/ctl-usage,1007,usage,4,92,9.179726799212858
main/E_lab/code_leaning_hard/D_code/tau0.1/ones/incl/k4/rG1007/ctl-usage,1007,usage,4,93,7.537350106255758
main/E_lab/code_leaning_hard/D_code/tau0.1/ones/incl/k4/rG1007/ctl-usage,1007,usage,4,94,6.17526793887555
main/E_lab/code_leaning_hard/D_code/tau0.1/ones/incl/k4/rG1007/ctl-usage,1007,usage,4,95,5.677925943463379
main/E_lab/code_leaning_hard/D_code/tau0.1/ones/incl/k4/rG1007/ctl-usage,1007,usage,4,96,6.212761533087246
main/E_lab/code_leaning_hard/D_code/tau0.1/ones/incl/k4/rG1007/ctl-usage,1007,usage,4,97,5.9449450303545746
main/E_lab/code_leaning_hard/D_code/tau0.1/ones/incl/k4/rG1007/ctl-usage,1007,usage,4,98,6.715830842151263
main/E_lab/code_leaning_hard/D_code/tau0.1/ones/incl/k4/rG1007/ctl-usage,1007,usage,4,99,6.524840246348049
main/E_lab/code_leaning_hard/D_code/tau0.1/ones/incl/k4/rG1007/ctl-usage,1007,usage,4,100,6.948371723280616
main/E_lab/code_leaning_hard/D_code/tau0.1/ones/incl/k4/rG1007/ctl-usage,1007,usage,4,101,5.404298945313258
main/E_lab/code_leaning_hard/D_code/tau0.1/ones/incl/k4/rG1007/ctl-usage,1007,usage,4,102,6.7279499260996545
main/E_lab/code_leaning_hard/D_code/tau0.1/ones/incl/k4/rG1007/ctl-usage,1007,usage,4,103,7.581763230886281
main/E_lab/code_leaning_hard/D_code/tau0.1/ones/incl/k4/rG1007/ctl-usage,1007,usage,4,104,6.233140047163943
main/E_lab/code_leaning_hard/D_code/tau0.1/ones/incl/k4/rG1007/ctl-usage,1007,usage,4,105,7.287285793762635
main/E_lab/code_leaning_hard/D_code/tau0.1/ones/incl/k4/rG1007/ctl-usage,1007,usage,4,106,7.005570157469265
main/E_lab/code_leaning_hard/D_code/tau0.1/ones/incl/k4/rG1007/ctl-usage,1007,usage,4,107,7.790989717189859
main/E_lab/code_leaning_hard/D_code/tau0.1/ones/incl/k4/rG1007/ctl-usage,1007,usage,4,108,6.930832625354924
main/E_lab/code_leaning_hard/D_code/tau0.1/ones/incl/k4/rG1007/ctl-usage,1007,usage,4,109,7.56841897986169
main/E_lab/code_leaning_hard/D_code/tau0.1/ones/incl/k4/rG1007/ctl-usage,1007,usage,4,110,8.024113994305935
main/E_lab/code_leaning_hard/D_code/tau0.1/ones/incl/k4/rG1007/ctl-usage,1007,usage,4,111,7.545141604389755
main/E_lab/code_leaning_hard/D_code/tau0.1/ones/incl/k4/rG1007/ctl-usage,1007,usage,4,112,7.328343112455514
main/E_lab/code_leaning_hard/D_code/tau0.1/ones/incl/k4/rG1007/ctl-usage,1007,usage,4,113,8.071398314854605
main/E_lab/code_leaning_hard/D_code/tau0.1/ones/incl/k4/rG1007/ctl-usage,1007,usage,4,114,7.225626097466602
main/E_lab/code_leaning_hard/D_code/tau0.1/ones/incl/k4/rG1007/ctl-usage,1007,usage,4,115,7.286101956959101
main/E_lab/code_leaning_hard/D_code/tau0.1/ones/incl/k4/rG1007/ctl-usage,1007,usage,4,116,5.2414005225778055
main/E_lab/code_leaning_hard/D_code/tau0.1/ones/incl/k4/rG1007/ctl-usage,1007,usage,4,117,6.0919530551850585
main/E_lab/code_leaning_hard/D_code/tau0.1/ones/incl/k4/rG1007/ctl-usage,1007,usage,4,118,5.668223323775237
main/E_lab/code_leaning_hard/D_code/tau0.1/ones/incl/k4/rG1007/ctl-usage,1007,usage,4,119,6.005850587507666
main/E_lab/code_leaning_hard/D_code/tau0.1/ones/incl/k4/rG1007/ctl-usage,1007,usage,4,120,4.951456753555249
main/E_lab/code_leaning_hard/D_code/tau0.1/ones/incl/k4/rG1007/ctl-usage,1007,usage,4,121,6.39703720110856
main/E_lab/code_leaning_hard/D_code/tau0.1/ones/incl/k4/rG1007/ctl-usage,1007,usage,4,122,8.737835342072913
main/E_lab/code_leaning_hard/D_code/tau0.1/ones/incl/k4/rG1007/ctl-usage,1007,usage,4,123,10.97745745962186
main/E_lab/code_leaning_hard/D_code/tau0.1/ones/incl/k4/rG1007/ctl-usage,1007,usage,4,124,8.963050181429253
main/E_lab/code_leaning_hard/D_code/tau0.1/ones/incl/k4/rG1007/ctl-usage,1007,usage,4,125,5.745464398857621
main/E_lab/code_leaning_hard/D_code/tau0.1/ones/incl/k4/rG1007/ctl-usage,1007,usage,4,126,6.981233419925957
main/E_lab/code_leaning_hard/D_code/tau0.1/ones/incl/k4/rG1007/ctl-usage,1007,usage,4,127,6.6114124443165565
main/E_lab/code_leaning_hard/D_code/tau0.1/ones/incl/k4/rG1007/ctl-usage,1007,usage,4,128,6.122884258352315
main/E_lab/code_leaning_hard/D_code/tau0.1/ones/incl/k4/rG1007/ctl-usage,1007,usage,4,129,6.844848648950574
main/E_lab/code_leaning_hard/D_code/tau0.1/ones/incl/k4/rG1007/ctl-usage,1007,usage,4,130,6.439677794525778
main/E_lab/code_leaning_hard/D_code/tau0.1/ones/incl/k4/rG1007/ctl-usage,1007,usage,4,131,6.320610416469606
main/E_lab/code_leaning_hard/D_code/tau0.1/ones/incl/k4/rG1007/ctl-usage,1007,usage,4,132,7.159999200403945
main/E_lab/code_leaning_hard/D_code/tau0.1/ones/incl/k4/rG1007/ctl-usage,1007,usage,4,133,7.796444875039924
main/E_lab/code_leaning_hard/D_code/tau0.1/ones/incl/k4/rG1007/ctl-usage,1007,usage,4,134,5.641582224305239
main/E_lab/code_leaning_hard/D_code/tau0.1/ones/incl/k4/rG1007/ctl-usage,1007,usage,4,135,5.355960240556215
main/E_lab/code_leaning_hard/D_code/tau0.1/ones/incl/k4/rG1007/ctl-usage,1007,usage,4,136,8.154060884301089
main/E_lab/code_leaning_hard/D_code/tau0.1/ones/incl/k4/rG1007/ctl-usage,1007,usage,4,137,7.3644188072767065
main/E_lab/code_leaning_hard/D_code/tau0.1/ones/incl/k4/rG1007/ctl-usage,1007,usage,4,138,6.822478283860619
main/E_lab/code_leaning_hard/D_code/tau0.1/ones/incl/k4/rG1007/ctl-usage,1007,usage,4,139,6.974440783746104
main/E_lab/code_leaning_hard/D_code/tau0.1/ones/incl/k4/rG1007/ctl-usage,1007,usage,4,140,8.163698301856584
main/E_lab/code_leaning_hard/D_code/tau0.1/ones/incl/k4/rG1007/ctl-usage,1007,usage,4,141,8.034816892976778
main/E_lab/code_leaning_hard/D_code/tau0.1/ones/incl/k4/rG1007/ctl-usage,1007,usage,4,142,7.909542122436051
main/E_lab/code_leaning_hard/D_code/tau0.1/ones/incl/k4/rG1007/ctl-usage,1007,usage,4,143,7.834276489381409
main/E_lab/code_leaning_hard/D_code/tau0.1/ones/incl/k4/rG1007/ctl-usage,1007,usage,4,144,7.971967665546799
main/E_lab/code_leaning_hard/D_code/tau0.1/ones/incl/k4/rG1007/ctl-usage,1007,usage,4,145,7.775583519110569
main/E_lab/code_leaning_hard/D_code/tau0.1/ones/incl/k4/rG1007/ctl-usage,1007,usage,4,146,9.947687961828251
main/E_lab/code_leaning_hard/D_code/tau0.1/ones/incl/k4/rG1007/ctl-usage,1007,usage,4,147,6.541182683831721
main/E_lab/code_leaning_hard/D_code/tau0.1/ones/incl/k4/rG1007/ctl-usage,1007,usage,4,148,11.71504061117571
main/E_lab/code_leaning_hard/D_code/tau0.1/ones/incl/k4/rG1007/ctl-usage,1007,usage,4,149,13.745191857121881
main/E_lab/code_leaning_hard/D_code/tau0.1/ones/incl/k4/rG1007/ctl-usage,1007,usage,4,150,11.501663522233684
main/E_lab/code_leaning_hard/D_code/tau0.1/ones/incl/k4/rG1007/ctl-usage,1007,usage,4,151,12.01002094943783
main/E_lab/code_leaning_hard/D_code/tau0.1/ones/incl/k4/rG1007/ctl-usage,1007,usage,4,152,11.95769389215775
main/E_lab/code_leaning_hard/D_code/tau0.1/ones/incl/k4/rG1007/ctl-usage,1007,usage,4,153,10.570976966501803
main/E_lab/code_leaning_hard/D_code/tau0.1/ones/incl/k4/rG1007/ctl-usage,1007,usage,4,154,13.392634747064676
main/E_lab/code_leaning_hard/D_code/tau0.1/ones/incl/k4/rG1007/ctl-usage,1007,usage,4,155,15.487851177177959
main/E_lab/code_leaning_hard/D_code/tau0.1/ones/incl/k4/rG1007/ctl-usage,1007,usage,4,156,14.652820927930975
main/E_lab/code_leaning_hard/D_code/tau0.1/ones/incl/k4/rG1007/ctl-usage,1007,usage,4,157,15.677837395255324
main/E_lab/code_leaning_hard/D_code/tau0.1/ones/incl/k4/rG1007/ctl-usage,1007,usage,4,158,8.917857069963247
main/E_lab/code_leaning_hard/D_code/tau0.1/ones/incl/k4/rG1007/ctl-usage,1007,usage,4,159,7.470062909492526
main/E_lab/code_leaning_hard/D_code/tau0.1/ones/incl/k4/rG1007/ctl-usage,1007,usage,4,160,9.586496730823455
main/E_lab/code_leaning_hard/D_code/tau0.1/ones/incl/k4/rG1007/ctl-usage,1007,usage,4,161,10.778806417268697
main/E_lab/code_leaning_hard/D_code/tau0.1/ones/incl/k4/rG1007/ctl-usage,1007,usage,4,162,7.198036555774934
main/E_lab/code_leaning_hard/D_code/tau0.1/ones/incl/k4/rG1007/ctl-usage,1007,usage,4,163,5.656885186898762
main/E_lab/code_leaning_hard/D_code/tau0.1/ones/incl/k4/rG1007/ctl-usage,1007,usage,4,164,4.430897227911828
main/E_lab/code_leaning_hard/D_code/tau0.1/ones/incl/k4/rG1007/ctl-usage,1007,usage,4,165,4.033024177280367
main/E_lab/code_leaning_hard/D_code/tau0.1/ones/incl/k4/rG1007/ctl-usage,1007,usage,4,166,4.80987094086322
main/E_lab/code_leaning_hard/D_code/tau0.1/ones/incl/k4/rG1007/ctl-usage,1007,usage,4,167,5.043046677068105
main/E_lab/code_leaning_hard/D_code/tau0.1/ones/incl/k4/rG1007/ctl-usage,1007,usage,4,168,5.405380236974906
main/E_lab/code_leaning_hard/D_code/tau0.1/ones/incl/k4/rG1007/ctl-usage,1007,usage,4,169,6.2916683290534365
main/E_lab/code_leaning_hard/D_code/tau0.1/ones/incl/k4/rG1007/ctl-usage,1007,usage,4,170,6.379515955615602
main/E_lab/code_leaning_hard/D_code/tau0.1/ones/incl/k4/rG1007/ctl-usage,1007,usage,4,171,4.404244127044876
main/E_lab/code_leaning_hard/D_code/tau0.1/ones/incl/k4/rG1007/ctl-usage,1007,usage,4,172,6.352034353799354
main/E_lab/code_leaning_hard/D_code/tau0.1/ones/incl/k4/rG1007/ctl-usage,1007,usage,4,173,7.700034127949948
main/E_lab/code_leaning_hard/D_code/tau0.1/ones/incl/k4/rG1007/ctl-usage,1007,usage,4,174,10.29976882381743
main/E_lab/code_leaning_hard/D_code/tau0.1/ones/incl/k4/rG1007/ctl-usage,1007,usage,4,175,8.079928443924928
main/E_lab/code_leaning_hard/D_code/tau0.1/ones/incl/k4/rG1007/ctl-usage,1007,usage,4,176,8.370875545983836
main/E_lab/code_leaning_hard/D_code/tau0.1/ones/incl/k4/rG1007/ctl-usage,1007,usage,4,177,8.226594802196473
main/E_lab/code_leaning_hard/D_code/tau0.1/ones/incl/k4/rG1007/ctl-usage,1007,usage,4,178,8.898247468707723
main/E_lab/code_leaning_hard/D_code/tau0.1/ones/incl/k4/rG1007/ctl-usage,1007,usage,4,179,8.010038596327377
main/E_lab/code_leaning_hard/D_code/tau0.1/ones/incl/k4/rG1007/ctl-usage,1007,usage,4,180,6.312833732207764
main/E_lab/code_leaning_hard/D_code/tau0.1/ones/incl/k4/rG1007/ctl-usage,1007,usage,4,181,5.833457689334864
main/E_lab/code_leaning_hard/D_code/tau0.1/ones/incl/k4/rG1007/ctl-usage,1007,usage,4,182,6.989258128321353
main/E_lab/code_leaning_hard/D_code/tau0.1/ones/incl/k4/rG1007/ctl-usage,1007,usage,4,183,6.14327691845665
main/E_lab/code_leaning_hard/D_code/tau0.1/ones/incl/k4/rG1007/ctl-usage,1007,usage,4,184,6.290695803611015
main/E_lab/code_leaning_hard/D_code/tau0.1/ones/incl/k4/rG1007/ctl-usage,1007,usage,4,185,5.8744493320336915
main/E_lab/code_leaning_hard/D_code/tau0.1/ones/incl/k4/rG1007/ctl-usage,1007,usage,4,186,4.6232976776746
main/E_lab/code_leaning_hard/D_code/tau0.1/ones/incl/k4/rG1007/ctl-usage,1007,usage,4,187,5.412641605421868
main/E_lab/code_leaning_hard/D_code/tau0.1/ones/incl/k4/rG1007/ctl-usage,1007,usage,4,188,4.9461190898487075
main/E_lab/code_leaning_hard/D_code/tau0.1/ones/incl/k4/rG1007/ctl-usage,1007,usage,4,189,6.641414834661418
main/E_lab/code_leaning_hard/D_code/tau0.1/ones/incl/k4/rG1007/ctl-usage,1007,usage,4,190,7.947848857168992
main/E_lab/code_leaning_hard/D_code/tau0.1/ones/incl/k4/rG1007/ctl-usage,1007,usage,4,191,5.67927914348752
main/E_lab/code_leaning_hard/D_code/tau0.1/ones/incl/k4/rG1007/ctl-usage,1007,usage,4,192,5.7751222421011335
main/E_lab/code_leaning_hard/D_code/tau0.1/ones/incl/k4/rG1007/ctl-usage,1007,usage,4,193,8.751761913136306
main/E_lab/code_leaning_hard/D_code/tau0.1/ones/incl/k4/rG1007/ctl-usage,1007,usage,4,194,8.471180824881685
main/E_lab/code_leaning_hard/D_code/tau0.1/ones/incl/k4/rG1007/ctl-usage,1007,usage,4,195,7.601366738098022
main/E_lab/code_leaning_hard/D_code/tau0.1/ones/incl/k4/rG1007/ctl-usage,1007,usage,4,196,7.2999715686614195
main/E_lab/code_leaning_hard/D_code/tau0.1/ones/incl/k4/rG1007/ctl-usage,1007,usage,4,197,6.650338492996525
main/E_lab/code_leaning_hard/D_code/tau0.1/ones/incl/k4/rG1007/ctl-usage,1007,usage,4,198,6.165574506826488
main/E_lab/code_leaning_hard/D_code/tau0.1/ones/incl/k4/rG1007/ctl-usage,1007,usage,4,199,9.21730717943774
main/E_lab/code_leaning_hard/D_code/tau0.1/ones/incl/k4/rG1007/ctl-usage,1007,usage,4,200,6.143500971190406
main/E_lab/code_leaning_hard/D_code/tau0.1/ones/incl/k4/rG1007/ctl-usage,1007,usage,4,201,6.693419766761053
main/E_lab/code_leaning_hard/D_code/tau0.1/ones/incl/k4/rG1007/ctl-usage,1007,usage,4,202,7.062977604166463
main/E_lab/code_leaning_hard/D_code/tau0.1/ones/incl/k4/rG1007/ctl-usage,1007,usage,4,203,4.744688795696675
main/E_lab/code_leaning_hard/D_code/tau0.1/ones/incl/k4/rG1007/ctl-usage,1007,usage,4,204,4.499959859197588
main/E_lab/code_leaning_hard/D_code/tau0.1/ones/incl/k4/rG1007/ctl-usage,1007,usage,4,205,5.222217594388894
main/E_lab/code_leaning_hard/D_code/tau0.1/ones/incl/k4/rG1007/ctl-usage,1007,usage,4,206,5.229865602248992
main/E_lab/code_leaning_hard/D_code/tau0.1/ones/incl/k4/rG1007/ctl-usage,1007,usage,4,207,4.805205403022683
main/E_lab/code_leaning_hard/D_code/tau0.1/ones/incl/k4/rG1007/ctl-usage,1007,usage,4,208,4.444408490207934
main/E_lab/code_leaning_hard/D_code/tau0.1/ones/incl/k4/rG1007/ctl-usage,1007,usage,4,209,5.594602709204537
main/E_lab/code_leaning_hard/D_code/tau0.1/ones/incl/k4/rG1007/ctl-usage,1007,usage,4,210,14.74168241963207
main/E_lab/code_leaning_hard/D_code/tau0.1/ones/incl/k4/rG1007/ctl-usage,1007,usage,4,211,17.266584256394708
main/E_lab/code_leaning_hard/D_code/tau0.1/ones/incl/k4/rG1007/ctl-usage,1007,usage,4,212,13.05766613452488
main/E_lab/code_leaning_hard/D_code/tau0.1/ones/incl/k4/rG1007/ctl-usage,1007,usage,4,213,6.234745512584141
main/E_lab/code_leaning_hard/D_code/tau0.1/ones/incl/k4/rG1007/ctl-usage,1007,usage,4,214,6.731522949137798
main/E_lab/code_leaning_hard/D_code/tau0.1/ones/incl/k4/rG1007/ctl-usage,1007,usage,4,215,9.532078027787975
main/E_lab/code_leaning_hard/D_code/tau0.1/ones/incl/k4/rG1007/ctl-usage,1007,usage,4,216,10.269019856050704
main/E_lab/code_leaning_hard/D_code/tau0.1/ones/incl/k4/rG1007/ctl-usage,1007,usage,4,217,8.397818980299235
main/E_lab/code_leaning_hard/D_code/tau0.1/ones/incl/k4/rG1007/ctl-usage,1007,usage,4,218,8.191109429273638
main/E_lab/code_leaning_hard/D_code/tau0.1/ones/incl/k4/rG1007/ctl-usage,1007,usage,4,219,9.170416955591463
main/E_lab/code_leaning_hard/D_code/tau0.1/ones/incl/k4/rG1007/ctl-usage,1007,usage,4,220,9.111150131008344
main/E_lab/code_leaning_hard/D_code/tau0.1/ones/incl/k4/rG1007/ctl-usage,1007,usage,4,221,9.30620759345129
main/E_lab/code_leaning_hard/D_code/tau0.1/ones/incl/k4/rG1007/ctl-usage,1007,usage,4,222,7.586073249045512
main/E_lab/code_leaning_hard/D_code/tau0.1/ones/incl/k4/rG1007/ctl-usage,1007,usage,4,223,8.335231134768947
main/E_lab/code_leaning_hard/D_code/tau0.1/ones/incl/k4/rG1007/ctl-usage,1007,usage,4,224,6.5254363168178315
main/E_lab/code_leaning_hard/D_code/tau0.1/ones/incl/k4/rG1007/ctl-usage,1007,usage,4,225,16.274544044325467
main/E_lab/code_leaning_hard/D_code/tau0.1/ones/incl/k4/rG1007/ctl-usage,1007,usage,4,226,11.833723800259577
main/E_lab/code_leaning_hard/D_code/tau0.1/ones/incl/k4/rG1007/ctl-usage,1007,usage,4,227,7.49090286152159
main/E_lab/code_leaning_hard/D_code/tau0.1/ones/incl/k4/rG1007/ctl-usage,1007,usage,4,228,6.568917412359951
main/E_lab/code_leaning_hard/D_code/tau0.1/ones/incl/k4/rG1007/ctl-usage,1007,usage,4,229,5.9501397877661475
main/E_lab/code_leaning_hard/D_code/tau0.1/ones/incl/k4/rG1007/ctl-usage,1007,usage,4,230,6.140587728827541
main/E_lab/code_leaning_hard/D_code/tau0.1/ones/incl/k4/rG1007/ctl-usage,1007,usage,4,231,6.024624197349425
main/E_lab/code_leaning_hard/D_code/tau0.1/ones/incl/k4/rG1007/ctl-usage,1007,usage,4,232,6.092083034454845
main/E_lab/code_leaning_hard/D_code/tau0.1/ones/incl/k4/rG1007/ctl-usage,1007,usage,4,233,10.013087330945837
main/E_lab/code_leaning_hard/D_code/tau0.1/ones/incl/k4/rG1007/ctl-usage,1007,usage,4,234,9.579715944179952
main/E_lab/code_leaning_hard/D_code/tau0.1/ones/incl/k4/rG1007/ctl-usage,1007,usage,4,235,6.601469992471721
main/E_lab/code_leaning_hard/D_code/tau0.1/ones/incl/k4/rG1007/ctl-usage,1007,usage,4,236,12.225906858917597
main/E_lab/code_leaning_hard/D_code/tau0.1/ones/incl/k4/rG1007/ctl-usage,1007,usage,4,237,8.689281372859114
main/E_lab/code_leaning_hard/D_code/tau0.1/ones/incl/k4/rG1007/ctl-usage,1007,usage,4,238,5.424097099769369
main/E_lab/code_leaning_hard/D_code/tau0.1/ones/incl/k4/rG1007/ctl-usage,1007,usage,4,239,5.534335205225943
main/E_lab/code_leaning_hard/D_code/tau0.1/ones/incl/k4/rG1007/ctl-usage,1007,usage,4,240,5.1103469539232265
main/E_lab/code_leaning_hard/D_code/tau0.1/ones/incl/k4/rG1007/ctl-usage,1007,usage,4,241,4.986276210729784
main/E_lab/code_leaning_hard/D_code/tau0.1/ones/incl/k4/rG1007/ctl-usage,1007,usage,4,242,5.364123484496304
main/E_lab/code_leaning_hard/D_code/tau0.1/ones/incl/k4/rG1007/ctl-usage,1007,usage,4,243,4.872455882650684
main/E_lab/code_leaning_hard/D_code/tau0.1/ones/incl/k4/rG1007/ctl-usage,1007,usage,4,244,4.720616625727416
main/E_lab/code_leaning_hard/D_code/tau0.1/ones/incl/k4/rG1007/ctl-usage,1007,usage,4,245,5.594776523202654
main/E_lab/code_leaning_hard/D_code/tau0.1/ones/incl/k4/rG1007/ctl-usage,1007,usage,4,246,5.04294331629535
main/E_lab/code_leaning_hard/D_code/tau0.1/ones/incl/k4/rG1007/ctl-usage,1007,usage,4,247,5.128631809480794
main/E_lab/code_leaning_hard/D_code/tau0.1/ones/incl/k4/rG1007/ctl-usage,1007,usage,4,248,5.13555105375417
main/E_lab/code_leaning_hard/D_code/tau0.1/ones/incl/k4/rG1007/ctl-usage,1007,usage,4,249,4.338050551889864
main/E_lab/code_leaning_hard/D_code/tau0.1/ones/incl/k4/rG1007/ctl-usage,1007,usage,4,250,5.116424196031403
main/E_lab/code_leaning_hard/D_code/tau0.1/ones/incl/k4/rG1007/ctl-usage,1007,usage,4,251,5.462212768155041
main/E_lab/code_leaning_hard/D_code/tau0.1/ones/incl/k4/rG1007/ctl-usage,1007,usage,4,252,4.8370720142584105
main/E_lab/code_leaning_hard/D_code/tau0.1/ones/incl/k4/rG1007/ctl-usage,1007,usage,4,253,5.469116529887742
main/E_lab/code_leaning_hard/D_code/tau0.1/ones/incl/k4/rG1007/ctl-usage,1007,usage,4,254,4.860116692518204
main/E_lab/code_leaning_hard/D_code/tau0.1/ones/incl/k4/rG1007/ctl-usage,1007,usage,4,255,4.61016523366834
main/E_lab/code_leaning_hard/D_code/tau0.1/ones/incl/k4/rG1007/ctl-usage,1007,usage,4,256,13.416389756746867
main/E_lab/code_leaning_hard/D_code/tau0.1/ones/incl/k4/rG1007/ctl-usage,1007,usage,4,257,14.706125977646181
main/E_lab/code_leaning_hard/D_code/tau0.1/ones/incl/k4/rG1007/ctl-usage,1007,usage,4,258,14.46170185697838
main/E_lab/code_leaning_hard/D_code/tau0.1/ones/incl/k4/rG1007/ctl-usage,1007,usage,4,259,14.167045123868661
main/E_lab/code_leaning_hard/D_code/tau0.1/ones/incl/k4/rG1007/ctl-usage,1007,usage,4,260,13.548319549155622
main/E_lab/code_leaning_hard/D_code/tau0.1/ones/incl/k4/rG1007/ctl-usage,1007,usage,4,261,13.855935696682081
main/E_lab/code_leaning_hard/D_code/tau0.1/ones/incl/k4/rG1007/ctl-usage,1007,usage,4,262,12.49673667524985
main/E_lab/code_leaning_hard/D_code/tau0.1/ones/incl/k4/rG1007/ctl-usage,1007,usage,4,263,15.492129440660165
main/E_lab/code_leaning_hard/D_code/tau0.1/ones/incl/k4/rG1007/ctl-usage,1007,usage,4,264,14.650440520170605
main/E_lab/code_leaning_hard/D_code/tau0.1/ones/incl/k4/rG1007/ctl-usage,1007,usage,4,265,15.052078376094869
main/E_lab/code_leaning_hard/D_code/tau0.1/ones/incl/k4/rG1007/ctl-usage,1007,usage,4,266,14.793641379423207
main/E_lab/code_leaning_hard/D_code/tau0.1/ones/incl/k4/rG1007/ctl-usage,1007,usage,4,267,14.159808096279448
main/E_lab/code_leaning_hard/D_code/tau0.1/ones/incl/k4/rG1007/ctl-usage,1007,usage,4,268,14.402519516335815
main/E_lab/code_leaning_hard/D_code/tau0.1/ones/incl/k4/rG1007/ctl-usage,1007,usage,4,269,14.262789227205758
main/E_lab/code_leaning_hard/D_code/tau0.1/ones/incl/k4/rG1007/ctl-usage,1007,usage,4,270,13.415481378428012
main/E_lab/code_leaning_hard/D_code/tau0.1/ones/incl/k4/rG1007/ctl-usage,1007,usage,4,271,13.793748053405125
main/E_lab/code_leaning_hard/D_code/tau0.1/ones/incl/k4/rG1007/ctl-usage,1007,usage,4,272,12.750862494921876
main/E_lab/code_leaning_hard/D_code/tau0.1/ones/incl/k4/rG1007/ctl-usage,1007,usage,4,273,13.130798718902952
main/E_lab/code_leaning_hard/D_code/tau0.1/ones/incl/k4/rG1007/ctl-usage,1007,usage,4,274,14.099937532814579
main/E_lab/code_leaning_hard/D_code/tau0.1/ones/incl/k4/rG1007/ctl-usage,1007,usage,4,275,12.281772154320151
main/E_lab/code_leaning_hard/D_code/tau0.1/ones/incl/k4/rG1007/ctl-usage,1007,usage,4,276,13.637133733046085
main/E_lab/code_leaning_hard/D_code/tau0.1/ones/incl/k4/rG1007/ctl-usage,1007,usage,4,277,12.892667555871412
main/E_lab/code_leaning_hard/D_code/tau0.1/ones/incl/k4/rG1007/ctl-usage,1007,usage,4,278,12.86245229938595
main/E_lab/code_leaning_hard/D_code/tau0.1/ones/incl/k4/rG1007/ctl-usage,1007,usage,4,279,12.484020839919367
main/E_lab/code_leaning_hard/D_code/tau0.1/ones/incl/k4/rG1007/ctl-usage,1007,usage,4,280,11.724289798331483
main/E_lab/code_leaning_hard/D_code/tau0.1/ones/incl/k4/rG1007/ctl-usage,1007,usage,4,281,15.186389202379814
main/E_lab/code_leaning_hard/D_code/tau0.1/ones/incl/k4/rG1007/ctl-usage,1007,usage,4,282,13.618551092860798
main/E_lab/code_leaning_hard/D_code/tau0.1/ones/incl/k4/rG1007/ctl-usage,1007,usage,4,283,14.019295134535241
main/E_lab/code_leaning_hard/D_code/tau0.1/ones/incl/k4/rG1007/ctl-usage,1007,usage,4,284,13.305856283608819
main/E_lab/code_leaning_hard/D_code/tau0.1/ones/incl/k4/rG1007/ctl-usage,1007,usage,4,285,13.03150459139124
main/E_lab/code_leaning_hard/D_code/tau0.1/ones/incl/k4/rG1007/ctl-usage,1007,usage,4,286,13.339208505772831
main/E_lab/code_leaning_hard/D_code/tau0.1/ones/incl/k4/rG1007/ctl-usage,1007,usage,4,287,13.158292836524652
main/E_lab/code_leaning_hard/D_code/tau0.1/ones/incl/k4/rG1007/ctl-usage,1007,usage,4,288,12.98333382986948
main/E_lab/code_leaning_hard/D_code/tau0.1/ones/incl/k4/rG1007/ctl-usage,1007,usage,4,289,12.898631673948557
main/E_lab/code_leaning_hard/D_code/tau0.1/ones/incl/k4/rG1007/ctl-usage,1007,usage,4,290,13.254329007412252
main/E_lab/code_leaning_hard/D_code/tau0.1/ones/incl/k4/rG1007/ctl-usage,1007,usage,4,291,13.027914098101633
main/E_lab/code_leaning_hard/D_code/tau0.1/ones/incl/k4/rG1007/ctl-usage,1007,usage,4,292,12.68911409160728
main/E_lab/code_leaning_hard/D_code/tau0.1/ones/incl/k4/rG1007/ctl-usage,1007,usage,4,293,13.364746606001518
main/E_lab/code_leaning_hard/D_code/tau0.1/ones/incl/k4/rG1007/ctl-usage,1007,usage,4,294,13.333178145357124
main/E_lab/code_leaning_hard/D_code/tau0.1/ones/incl/k4/rG1007/ctl-usage,1007,usage,4,295,12.798771655083328
main/E_lab/code_leaning_hard/D_code/tau0.1/ones/incl/k4/rG1007/ctl-usage,1007,usage,4,296,12.673765539565466
main/E_lab/code_leaning_hard/D_code/tau0.1/ones/incl/k4/rG1007/ctl-usage,1007,usage,4,297,12.529673938376163
main/E_lab/code_leaning_hard/D_code/tau0.1/ones/incl/k4/rG1007/ctl-usage,1007,usage,4,298,15.273662285001592
main/E_lab/code_leaning_hard/D_code/tau0.1/ones/incl/k4/rG1007/ctl-usage,1007,usage,4,299,13.568337289900228
main/E_lab/code_leaning_hard/D_code/tau0.1/ones/incl/k4/rG1007/ctl-usage,1007,usage,4,300,12.85327109546688
main/E_lab/code_leaning_hard/D_code/tau0.1/ones/incl/k4/rG1007/ctl-usage,1007,usage,4,301,12.182870097380373
main/E_lab/code_leaning_hard/D_code/tau0.1/ones/incl/k4/rG1007/ctl-usage,1007,usage,4,302,11.510598349205793
main/E_lab/code_leaning_hard/D_code/tau0.1/ones/incl/k4/rG1007/ctl-usage,1007,usage,4,303,13.443019750968688
main/E_lab/code_leaning_hard/D_code/tau0.1/ones/incl/k4/rG1007/ctl-usage,1007,usage,4,304,13.89980783886358
main/E_lab/code_leaning_hard/D_code/tau0.1/ones/incl/k4/rG1007/ctl-usage,1007,usage,4,305,14.584326927195434
main/E_lab/code_leaning_hard/D_code/tau0.1/ones/incl/k4/rG1007/ctl-usage,1007,usage,4,306,14.565235624580737
main/E_lab/code_leaning_hard/D_code/tau0.1/ones/incl/k4/rG1007/ctl-usage,1007,usage,4,307,12.977431748597382
main/E_lab/code_leaning_hard/D_code/tau0.1/ones/incl/k4/rG1007/ctl-usage,1007,usage,4,308,14.099351203394917
main/E_lab/code_leaning_hard/D_code/tau0.1/ones/incl/k4/rG1007/ctl-usage,1007,usage,4,309,14.091160949653386
main/E_lab/code_leaning_hard/D_code/tau0.1/ones/incl/k4/rG1007/ctl-usage,1007,usage,4,310,13.61088275878592
main/E_lab/code_leaning_hard/D_code/tau0.1/ones/incl/k4/rG1007/ctl-usage,1007,usage,4,311,12.449583292658644
main/E_lab/code_leaning_hard/D_code/tau0.1/ones/incl/k4/rG1007/ctl-usage,1007,usage,4,312,12.718632347148741
main/E_lab/code_leaning_hard/D_code/tau0.1/ones/incl/k4/rG1007/ctl-usage,1007,usage,4,313,12.576389286481572
main/E_lab/code_leaning_hard/D_code/tau0.1/ones/incl/k4/rG1007/ctl-usage,1007,usage,4,314,12.821515468714097
main/E_lab/code_leaning_hard/D_code/tau0.1/ones/incl/k4/rG1007/ctl-usage,1007,usage,4,315,13.062143228134573
main/E_lab/code_leaning_hard/D_code/tau0.1/ones/incl/k4/rG1007/ctl-usage,1007,usage,4,316,13.379593301920295
main/E_lab/code_leaning_hard/D_code/tau0.1/ones/incl/k4/rG1007/ctl-usage,1007,usage,4,317,13.271154327233035
main/E_lab/code_leaning_hard/D_code/tau0.1/ones/incl/k4/rG1007/ctl-usage,1007,usage,4,318,13.068450029159067
main/E_lab/code_leaning_hard/D_code/tau0.1/ones/incl/k4/rG1007/ctl-usage,1007,usage,4,319,12.408554475597839
main/E_lab/code_leaning_hard/D_code/tau0.1/ones/incl/k4/rG1007/ctl-usage,1007,usage,4,320,16.192625609346578
main/E_lab/code_leaning_hard/D_code/tau0.1/ones/incl/k4/rG1007/ctl-usage,1007,usage,4,321,15.380275082036405
main/E_lab/code_leaning_hard/D_code/tau0.1/ones/incl/k4/rG1007/ctl-usage,1007,usage,4,322,16.741818466910445
main/E_lab/code_leaning_hard/D_code/tau0.1/ones/incl/k4/rG1007/ctl-usage,1007,usage,4,323,15.382641491567938
main/E_lab/code_leaning_hard/D_code/tau0.1/ones/incl/k4/rG1007/ctl-usage,1007,usage,4,324,15.159116299840207
main/E_lab/code_leaning_hard/D_code/tau0.1/ones/incl/k4/rG1007/ctl-usage,1007,usage,4,325,15.861698869651946
main/E_lab/code_leaning_hard/D_code/tau0.1/ones/incl/k4/rG1007/ctl-usage,1007,usage,4,326,16.56340757597718
main/E_lab/code_leaning_hard/D_code/tau0.1/ones/incl/k4/rG1007/ctl-usage,1007,usage,4,327,15.350584108095063
main/E_lab/code_leaning_hard/D_code/tau0.1/ones/incl/k4/rG1007/ctl-usage,1007,usage,4,328,16.421126981578254
main/E_lab/code_leaning_hard/D_code/tau0.1/ones/incl/k4/rG1007/ctl-usage,1007,usage,4,329,16.94871667103962
main/E_lab/code_leaning_hard/D_code/tau0.1/ones/incl/k4/rG1007/ctl-usage,1007,usage,4,330,16.221637935842182
main/E_lab/code_leaning_hard/D_code/tau0.1/ones/incl/k4/rG1007/ctl-usage,1007,usage,4,331,15.493736920463107
main/E_lab/code_leaning_hard/D_code/tau0.1/ones/incl/k4/rG1007/ctl-usage,1007,usage,4,332,17.762798186496184
main/E_lab/code_leaning_hard/D_code/tau0.1/ones/incl/k4/rG1007/ctl-usage,1007,usage,4,333,15.184151007272703
main/E_lab/code_leaning_hard/D_code/tau0.1/ones/incl/k4/rG1007/ctl-usage,1007,usage,4,334,15.605242711545998
main/E_lab/code_leaning_hard/D_code/tau0.1/ones/incl/k4/rG1007/ctl-usage,1007,usage,4,335,16.199916951756677
main/E_lab/code_leaning_hard/D_code/tau0.1/ones/incl/k4/rG1007/ctl-usage,1007,usage,4,336,15.695729251168814
main/E_lab/code_leaning_hard/D_code/tau0.1/ones/incl/k4/rG1007/ctl-usage,1007,usage,4,337,12.581340433726382
main/E_lab/code_leaning_hard/D_code/tau0.1/ones/incl/k4/rG1007/ctl-usage,1007,usage,4,338,14.689338557343945
main/E_lab/code_leaning_hard/D_code/tau0.1/ones/incl/k4/rG1007/ctl-usage,1007,usage,4,339,13.625041297098505
main/E_lab/code_leaning_hard/D_code/tau0.1/ones/incl/k4/rG1007/ctl-usage,1007,usage,4,340,16.057833295079945
main/E_lab/code_leaning_hard/D_code/tau0.1/ones/incl/k4/rG1007/ctl-usage,1007,usage,4,341,15.782055661955837
main/E_lab/code_leaning_hard/D_code/tau0.1/ones/incl/k4/rG1007/ctl-usage,1007,usage,4,342,15.652810091457695
main/E_lab/code_leaning_hard/D_code/tau0.1/ones/incl/k4/rG1007/ctl-usage,1007,usage,4,343,16.138101139900755
main/E_lab/code_leaning_hard/D_code/tau0.1/ones/incl/k4/rG1007/ctl-usage,1007,usage,4,344,14.982047011281338
main/E_lab/code_leaning_hard/D_code/tau0.1/ones/incl/k4/rG1007/ctl-usage,1007,usage,4,345,16.415221034704246
main/E_lab/code_leaning_hard/D_code/tau0.1/ones/incl/k4/rG1007/ctl-usage,1007,usage,4,346,15.347051849772697
main/E_lab/code_leaning_hard/D_code/tau0.1/ones/incl/k4/rG1007/ctl-usage,1007,usage,4,347,16.65707229554664
main/E_lab/code_leaning_hard/D_code/tau0.1/ones/incl/k4/rG1007/ctl-usage,1007,usage,4,348,15.714152307248469
main/E_lab/code_leaning_hard/D_code/tau0.1/ones/incl/k4/rG1007/ctl-usage,1007,usage,4,349,16.000029495428407
main/E_lab/code_leaning_hard/D_code/tau0.1/ones/incl/k4/rG1007/ctl-usage,1007,usage,4,350,15.218570724627853
main/E_lab/code_leaning_hard/D_code/tau0.1/ones/incl/k4/rG1007/ctl-usage,1007,usage,4,351,15.625284531844954
main/E_lab/code_leaning_hard/D_code/tau0.1/ones/incl/k4/rG1007/ctl-usage,1007,usage,4,352,12.799615137682395
main/E_lab/code_leaning_hard/D_code/tau0.1/ones/incl/k4/rG1007/ctl-usage,1007,usage,4,353,17.174626282898316
main/E_lab/code_leaning_hard/D_code/tau0.1/ones/incl/k4/rG1007/ctl-usage,1007,usage,4,354,14.047498918995188
main/E_lab/code_leaning_hard/D_code/tau0.1/ones/incl/k4/rG1007/ctl-usage,1007,usage,4,355,16.82420138596808
main/E_lab/code_leaning_hard/D_code/tau0.1/ones/incl/k4/rG1007/ctl-usage,1007,usage,4,356,15.316928896682839
main/E_lab/code_leaning_hard/D_code/tau0.1/ones/incl/k4/rG1007/ctl-usage,1007,usage,4,357,14.707587666333438
main/E_lab/code_leaning_hard/D_code/tau0.1/ones/incl/k4/rG1007/ctl-usage,1007,usage,4,358,14.797405000671006
main/E_lab/code_leaning_hard/D_code/tau0.1/ones/incl/k4/rG1007/ctl-usage,1007,usage,4,359,14.172792503891628
main/E_lab/code_leaning_hard/D_code/tau0.1/ones/incl/k4/rG1007/ctl-usage,1007,usage,4,360,14.359313765875413
main/E_lab/code_leaning_hard/D_code/tau0.1/ones/incl/k4/rG1007/ctl-usage,1007,usage,4,361,15.974555719266391
main/E_lab/code_leaning_hard/D_code/tau0.1/ones/incl/k4/rG1007/ctl-usage,1007,usage,4,362,16.27284654475079
main/E_lab/code_leaning_hard/D_code/tau0.1/ones/incl/k4/rG1007/ctl-usage,1007,usage,4,363,13.24307647979822
main/E_lab/code_leaning_hard/D_code/tau0.1/ones/incl/k4/rG1007/ctl-usage,1007,usage,4,364,15.474769455826163
main/E_lab/code_leaning_hard/D_code/tau0.1/ones/incl/k4/rG1007/ctl-usage,1007,usage,4,365,15.28664417788957
main/E_lab/code_leaning_hard/D_code/tau0.1/ones/incl/k4/rG1007/ctl-usage,1007,usage,4,366,13.481090015775862
main/E_lab/code_leaning_hard/D_code/tau0.1/ones/incl/k4/rG1007/ctl-usage,1007,usage,4,367,15.170798736693996
main/E_lab/code_leaning_hard/D_code/tau0.1/ones/incl/k4/rG1007/ctl-usage,1007,usage,4,368,14.030984218879894
main/E_lab/code_leaning_hard/D_code/tau0.1/ones/incl/k4/rG1007/ctl-usage,1007,usage,4,369,13.835425504062187
main/E_lab/code_leaning_hard/D_code/tau0.1/ones/incl/k4/rG1007/ctl-usage,1007,usage,4,370,14.579389255618821
main/E_lab/code_leaning_hard/D_code/tau0.1/ones/incl/k4/rG1007/ctl-usage,1007,usage,4,371,14.45160699467624
main/E_lab/code_leaning_hard/D_code/tau0.1/ones/incl/k4/rG1007/ctl-usage,1007,usage,4,372,15.80571003752243
main/E_lab/code_leaning_hard/D_code/tau0.1/ones/incl/k4/rG1007/ctl-usage,1007,usage,4,373,14.427186732526934
main/E_lab/code_leaning_hard/D_code/tau0.1/ones/incl/k4/rG1007/ctl-usage,1007,usage,4,374,13.192786686558975
main/E_lab/code_leaning_hard/D_code/tau0.1/ones/incl/k4/rG1007/ctl-usage,1007,usage,4,375,14.610237204714167
main/E_lab/code_leaning_hard/D_code/tau0.1/ones/incl/k4/rG1007/ctl-usage,1007,usage,4,376,17.22793793351184
main/E_lab/code_leaning_hard/D_code/tau0.1/ones/incl/k4/rG1007/ctl-usage,1007,usage,4,377,14.507858122457947
main/E_lab/code_leaning_hard/D_code/tau0.1/ones/incl/k4/rG1007/ctl-usage,1007,usage,4,378,15.320015128707837
main/E_lab/code_leaning_hard/D_code/tau0.1/ones/incl/k4/rG1007/ctl-usage,1007,usage,4,379,15.133864809724173
main/E_lab/code_leaning_hard/D_code/tau0.1/ones/incl/k4/rG1007/ctl-usage,1007,usage,4,380,13.929434975068034
main/E_lab/code_leaning_hard/D_code/tau0.1/ones/incl/k4/rG1007/ctl-usage,1007,usage,4,381,15.15375963578208
main/E_lab/code_leaning_hard/D_code/tau0.1/ones/incl/k4/rG1007/ctl-usage,1007,usage,4,382,14.131228023149333
main/E_lab/code_leaning_hard/D_code/tau0.1/ones/incl/k4/rG1007/ctl-usage,1007,usage,4,383,14.580911121473491
main/E_lab/code_leaning_hard/D_code/tau0.1/ones/incl/k4/rG1007/ctl-usage,1007,usage,4,384,13.837298528213978
main/E_lab/code_leaning_hard/D_code/tau0.1/ones/incl/k4/rG1007/ctl-usage,1007,usage,4,385,8.009126882668397
main/E_lab/code_leaning_hard/D_code/tau0.1/ones/incl/k4/rG1007/ctl-usage,1007,usage,4,386,8.521199702239755
main/E_lab/code_leaning_hard/D_code/tau0.1/ones/incl/k4/rG1007/ctl-usage,1007,usage,4,387,9.654065942737361
main/E_lab/code_leaning_hard/D_code/tau0.1/ones/incl/k4/rG1007/ctl-usage,1007,usage,4,388,6.7886990499628155
main/E_lab/code_leaning_hard/D_code/tau0.1/ones/incl/k4/rG1007/ctl-usage,1007,usage,4,389,7.676407597917205
main/E_lab/code_leaning_hard/D_code/tau0.1/ones/incl/k4/rG1007/ctl-usage,1007,usage,4,390,7.040906448270107
main/E_lab/code_leaning_hard/D_code/tau0.1/ones/incl/k4/rG1007/ctl-usage,1007,usage,4,391,5.981211674233464
main/E_lab/code_leaning_hard/D_code/tau0.1/ones/incl/k4/rG1007/ctl-usage,1007,usage,4,392,8.325852383516974
main/E_lab/code_leaning_hard/D_code/tau0.1/ones/incl/k4/rG1007/ctl-usage,1007,usage,4,393,7.28732041267358
main/E_lab/code_leaning_hard/D_code/tau0.1/ones/incl/k4/rG1007/ctl-usage,1007,usage,4,394,10.766687774418642
main/E_lab/code_leaning_hard/D_code/tau0.1/ones/incl/k4/rG1007/ctl-usage,1007,usage,4,395,9.431167283708874
main/E_lab/code_leaning_hard/D_code/tau0.1/ones/incl/k4/rG1007/ctl-usage,1007,usage,4,396,9.46706782851561
main/E_lab/code_leaning_hard/D_code/tau0.1/ones/incl/k4/rG1007/ctl-usage,1007,usage,4,397,8.367785897084104
main/E_lab/code_leaning_hard/D_code/tau0.1/ones/incl/k4/rG1007/ctl-usage,1007,usage,4,398,11.380959098165249
main/E_lab/code_leaning_hard/D_code/tau0.1/ones/incl/k4/rG1007/ctl-usage,1007,usage,4,399,8.435357645802924
main/E_lab/code_leaning_hard/D_code/tau0.1/ones/incl/k4/rG1007/ctl-usage,1007,usage,4,400,4.592560820435665
main/E_lab/code_leaning_hard/D_code/tau0.1/ones/incl/k4/rG1007/ctl-usage,1007,usage,4,401,5.49927334849076
main/E_lab/code_leaning_hard/D_code/tau0.1/ones/incl/k4/rG1007/ctl-usage,1007,usage,4,402,8.397585093044654
main/E_lab/code_leaning_hard/D_code/tau0.1/ones/incl/k4/rG1007/ctl-usage,1007,usage,4,403,10.090050181908339
main/E_lab/code_leaning_hard/D_code/tau0.1/ones/incl/k4/rG1007/ctl-usage,1007,usage,4,404,7.756151849598382
main/E_lab/code_leaning_hard/D_code/tau0.1/ones/incl/k4/rG1007/ctl-usage,1007,usage,4,405,9.546209066445954
main/E_lab/code_leaning_hard/D_code/tau0.1/ones/incl/k4/rG1007/ctl-usage,1007,usage,4,406,9.071704072495095
main/E_lab/code_leaning_hard/D_code/tau0.1/ones/incl/k4/rG1007/ctl-usage,1007,usage,4,407,7.169117346189523
main/E_lab/code_leaning_hard/D_code/tau0.1/ones/incl/k4/rG1007/ctl-usage,1007,usage,4,408,7.164032014295572
main/E_lab/code_leaning_hard/D_code/tau0.1/ones/incl/k4/rG1007/ctl-usage,1007,usage,4,409,9.466999955628125
main/E_lab/code_leaning_hard/D_code/tau0.1/ones/incl/k4/rG1007/ctl-usage,1007,usage,4,410,9.264041696800632
main/E_lab/code_leaning_hard/D_code/tau0.1/ones/incl/k4/rG1007/ctl-usage,1007,usage,4,411,10.53470593626298
main/E_lab/code_leaning_hard/D_code/tau0.1/ones/incl/k4/rG1007/ctl-usage,1007,usage,4,412,8.389577714707684
main/E_lab/code_leaning_hard/D_code/tau0.1/ones/incl/k4/rG1007/ctl-usage,1007,usage,4,413,9.945373186262714
main/E_lab/code_leaning_hard/D_code/tau0.1/ones/incl/k4/rG1007/ctl-usage,1007,usage,4,414,10.54056749125175
main/E_lab/code_leaning_hard/D_code/tau0.1/ones/incl/k4/rG1007/ctl-usage,1007,usage,4,415,8.033285113566308
main/E_lab/code_leaning_hard/D_code/tau0.1/ones/incl/k4/rG1007/ctl-usage,1007,usage,4,416,8.838528079772914
main/E_lab/code_leaning_hard/D_code/tau0.1/ones/incl/k4/rG1007/ctl-usage,1007,usage,4,417,9.010486813531315
main/E_lab/code_leaning_hard/D_code/tau0.1/ones/incl/k4/rG1007/ctl-usage,1007,usage,4,418,9.613681273081056
main/E_lab/code_leaning_hard/D_code/tau0.1/ones/incl/k4/rG1007/ctl-usage,1007,usage,4,419,9.453596032493351
main/E_lab/code_leaning_hard/D_code/tau0.1/ones/incl/k4/rG1007/ctl-usage,1007,usage,4,420,10.144103314388758
main/E_lab/code_leaning_hard/D_code/tau0.1/ones/incl/k4/rG1007/ctl-usage,1007,usage,4,421,9.040156211206522
main/E_lab/code_leaning_hard/D_code/tau0.1/ones/incl/k4/rG1007/ctl-usage,1007,usage,4,422,7.528626521831029
main/E_lab/code_leaning_hard/D_code/tau0.1/ones/incl/k4/rG1007/ctl-usage,1007,usage,4,423,9.286067127539354
main/E_lab/code_leaning_hard/D_code/tau0.1/ones/incl/k4/rG1007/ctl-usage,1007,usage,4,424,6.330421450057656
main/E_lab/code_leaning_hard/D_code/tau0.1/ones/incl/k4/rG1007/ctl-usage,1007,usage,4,425,5.715225860774808
main/E_lab/code_leaning_hard/D_code/tau0.1/ones/incl/k4/rG1007/ctl-usage,1007,usage,4,426,8.29002265417148
main/E_lab/code_leaning_hard/D_code/tau0.1/ones/incl/k4/rG1007/ctl-usage,1007,usage,4,427,14.847674359706161
main/E_lab/code_leaning_hard/D_code/tau0.1/ones/incl/k4/rG1007/ctl-usage,1007,usage,4,428,10.284374028129093
main/E_lab/code_leaning_hard/D_code/tau0.1/ones/incl/k4/rG1007/ctl-usage,1007,usage,4,429,9.859503243611812
main/E_lab/code_leaning_hard/D_code/tau0.1/ones/incl/k4/rG1007/ctl-usage,1007,usage,4,430,7.904428589195277
main/E_lab/code_leaning_hard/D_code/tau0.1/ones/incl/k4/rG1007/ctl-usage,1007,usage,4,431,7.484351754620548
main/E_lab/code_leaning_hard/D_code/tau0.1/ones/incl/k4/rG1007/ctl-usage,1007,usage,4,432,9.404556133004007
main/E_lab/code_leaning_hard/D_code/tau0.1/ones/incl/k4/rG1007/ctl-usage,1007,usage,4,433,7.109984889916177
main/E_lab/code_leaning_hard/D_code/tau0.1/ones/incl/k4/rG1007/ctl-usage,1007,usage,4,434,6.301108448940795
main/E_lab/code_leaning_hard/D_code/tau0.1/ones/incl/k4/rG1007/ctl-usage,1007,usage,4,435,9.778197392579386
main/E_lab/code_leaning_hard/D_code/tau0.1/ones/incl/k4/rG1007/ctl-usage,1007,usage,4,436,10.082470314502643
main/E_lab/code_leaning_hard/D_code/tau0.1/ones/incl/k4/rG1007/ctl-usage,1007,usage,4,437,6.546344285095529
main/E_lab/code_leaning_hard/D_code/tau0.1/ones/incl/k4/rG1007/ctl-usage,1007,usage,4,438,6.663398611799494
main/E_lab/code_leaning_hard/D_code/tau0.1/ones/incl/k4/rG1007/ctl-usage,1007,usage,4,439,8.31887746999746
main/E_lab/code_leaning_hard/D_code/tau0.1/ones/incl/k4/rG1007/ctl-usage,1007,usage,4,440,9.706071572703422
main/E_lab/code_leaning_hard/D_code/tau0.1/ones/incl/k4/rG1007/ctl-usage,1007,usage,4,441,8.015186805268058
main/E_lab/code_leaning_hard/D_code/tau0.1/ones/incl/k4/rG1007/ctl-usage,1007,usage,4,442,8.894810045221902
main/E_lab/code_leaning_hard/D_code/tau0.1/ones/incl/k4/rG1007/ctl-usage,1007,usage,4,443,11.846241796112963
main/E_lab/code_leaning_hard/D_code/tau0.1/ones/incl/k4/rG1007/ctl-usage,1007,usage,4,444,13.63700854284798
main/E_lab/code_leaning_hard/D_code/tau0.1/ones/incl/k4/rG1007/ctl-usage,1007,usage,4,445,12.483847694358019
main/E_lab/code_leaning_hard/D_code/tau0.1/ones/incl/k4/rG1007/ctl-usage,1007,usage,4,446,10.605904582315816
main/E_lab/code_leaning_hard/D_code/tau0.1/ones/incl/k4/rG1007/ctl-usage,1007,usage,4,447,10.662634853320014
main/E_lab/code_leaning_hard/D_code/tau0.1/ones/incl/k4/rG1007/ctl-usage,1007,usage,4,448,11.637882193069345
main/E_lab/code_leaning_hard/D_code/tau0.1/ones/incl/k4/rG1007/ctl-usage,1007,usage,4,449,11.385251060193468
main/E_lab/code_leaning_hard/D_code/tau0.1/ones/incl/k4/rG1007/ctl-usage,1007,usage,4,450,11.878652604755189
main/E_lab/code_leaning_hard/D_code/tau0.1/ones/incl/k4/rG1007/ctl-usage,1007,usage,4,451,11.76677676461918
main/E_lab/code_leaning_hard/D_code/tau0.1/ones/incl/k4/rG1007/ctl-usage,1007,usage,4,452,9.846967304126906
main/E_lab/code_leaning_hard/D_code/tau0.1/ones/incl/k4/rG1007/ctl-usage,1007,usage,4,453,9.520625977968393
main/E_lab/code_leaning_hard/D_code/tau0.1/ones/incl/k4/rG1007/ctl-usage,1007,usage,4,454,11.040409620339233
main/E_lab/code_leaning_hard/D_code/tau0.1/ones/incl/k4/rG1007/ctl-usage,1007,usage,4,455,10.724049819807988
main/E_lab/code_leaning_hard/D_code/tau0.1/ones/incl/k4/rG1007/ctl-usage,1007,usage,4,456,11.414799549399504
main/E_lab/code_leaning_hard/D_code/tau0.1/ones/incl/k4/rG1007/ctl-usage,1007,usage,4,457,12.346761921381358
main/E_lab/code_leaning_hard/D_code/tau0.1/ones/incl/k4/rG1007/ctl-usage,1007,usage,4,458,8.997463135041471
main/E_lab/code_leaning_hard/D_code/tau0.1/ones/incl/k4/rG1007/ctl-usage,1007,usage,4,459,8.866759267780253
main/E_lab/code_leaning_hard/D_code/tau0.1/ones/incl/k4/rG1007/ctl-usage,1007,usage,4,460,12.33250718481213
main/E_lab/code_leaning_hard/D_code/tau0.1/ones/incl/k4/rG1007/ctl-usage,1007,usage,4,461,12.747945255391642
main/E_lab/code_leaning_hard/D_code/tau0.1/ones/incl/k4/rG1007/ctl-usage,1007,usage,4,462,10.682414770933974
main/E_lab/code_leaning_hard/D_code/tau0.1/ones/incl/k4/rG1007/ctl-usage,1007,usage,4,463,10.561971905156042
main/E_lab/code_leaning_hard/D_code/tau0.1/ones/incl/k4/rG1007/ctl-usage,1007,usage,4,464,9.339686551147679
main/E_lab/code_leaning_hard/D_code/tau0.1/ones/incl/k4/rG1007/ctl-usage,1007,usage,4,465,10.118009632887379
main/E_lab/code_leaning_hard/D_code/tau0.1/ones/incl/k4/rG1007/ctl-usage,1007,usage,4,466,12.042995142541258
main/E_lab/code_leaning_hard/D_code/tau0.1/ones/incl/k4/rG1007/ctl-usage,1007,usage,4,467,10.515858813125533
main/E_lab/code_leaning_hard/D_code/tau0.1/ones/incl/k4/rG1007/ctl-usage,1007,usage,4,468,11.303121667268897
main/E_lab/code_leaning_hard/D_code/tau0.1/ones/incl/k4/rG1007/ctl-usage,1007,usage,4,469,11.809909299084211
main/E_lab/code_leaning_hard/D_code/tau0.1/ones/incl/k4/rG1007/ctl-usage,1007,usage,4,470,9.607566443791711
main/E_lab/code_leaning_hard/D_code/tau0.1/ones/incl/k4/rG1007/ctl-usage,1007,usage,4,471,10.028414776808859
main/E_lab/code_leaning_hard/D_code/tau0.1/ones/incl/k4/rG1007/ctl-usage,1007,usage,4,472,8.496743802862511
main/E_lab/code_leaning_hard/D_code/tau0.1/ones/incl/k4/rG1007/ctl-usage,1007,usage,4,473,8.144654390103824
main/E_lab/code_leaning_hard/D_code/tau0.1/ones/incl/k4/rG1007/ctl-usage,1007,usage,4,474,9.90789396854143
main/E_lab/code_leaning_hard/D_code/tau0.1/ones/incl/k4/rG1007/ctl-usage,1007,usage,4,475,9.459880402563158
main/E_lab/code_leaning_hard/D_code/tau0.1/ones/incl/k4/rG1007/ctl-usage,1007,usage,4,476,8.918118980575855
main/E_lab/code_leaning_hard/D_code/tau0.1/ones/incl/k4/rG1007/ctl-usage,1007,usage,4,477,11.162776205794671
main/E_lab/code_leaning_hard/D_code/tau0.1/ones/incl/k4/rG1007/ctl-usage,1007,usage,4,478,13.507443886865985
main/E_lab/code_leaning_hard/D_code/tau0.1/ones/incl/k4/rG1007/ctl-usage,1007,usage,4,479,11.169372958348049
main/E_lab/code_leaning_hard/D_code/tau0.1/ones/incl/k4/rG1007/ctl-usage,1007,usage,4,480,12.051231406222996
main/E_lab/code_leaning_hard/D_code/tau0.1/ones/incl/k4/rG1007/ctl-usage,1007,usage,4,481,11.316103183895393
main/E_lab/code_leaning_hard/D_code/tau0.1/ones/incl/k4/rG1007/ctl-usage,1007,usage,4,482,12.449715085855814
main/E_lab/code_leaning_hard/D_code/tau0.1/ones/incl/k4/rG1007/ctl-usage,1007,usage,4,483,12.72489560182612
main/E_lab/code_leaning_hard/D_code/tau0.1/ones/incl/k4/rG1007/ctl-usage,1007,usage,4,484,10.981354392982666
main/E_lab/code_leaning_hard/D_code/tau0.1/ones/incl/k4/rG1007/ctl-usage,1007,usage,4,485,11.417631935648842
main/E_lab/code_leaning_hard/D_code/tau0.1/ones/incl/k4/rG1007/ctl-usage,1007,usage,4,486,11.472819407456882
main/E_lab/code_leaning_hard/D_code/tau0.1/ones/incl/k4/rG1007/ctl-usage,1007,usage,4,487,11.249453144429935
main/E_lab/code_leaning_hard/D_code/tau0.1/ones/incl/k4/rG1007/ctl-usage,1007,usage,4,488,9.986554486631121
main/E_lab/code_leaning_hard/D_code/tau0.1/ones/incl/k4/rG1007/ctl-usage,1007,usage,4,489,9.92079091865844
main/E_lab/code_leaning_hard/D_code/tau0.1/ones/incl/k4/rG1007/ctl-usage,1007,usage,4,490,11.564417885219882
main/E_lab/code_leaning_hard/D_code/tau0.1/ones/incl/k4/rG1007/ctl-usage,1007,usage,4,491,11.079195756447461
main/E_lab/code_leaning_hard/D_code/tau0.1/ones/incl/k4/rG1007/ctl-usage,1007,usage,4,492,10.743607691340003
main/E_lab/code_leaning_hard/D_code/tau0.1/ones/incl/k4/rG1007/ctl-usage,1007,usage,4,493,10.648589232097038
main/E_lab/code_leaning_hard/D_code/tau0.1/ones/incl/k4/rG1007/ctl-usage,1007,usage,4,494,9.86211594408087
main/E_lab/code_leaning_hard/D_code/tau0.1/ones/incl/k4/rG1007/ctl-usage,1007,usage,4,495,7.969063147917268
main/E_lab/code_leaning_hard/D_code/tau0.1/ones/incl/k4/rG1007/ctl-usage,1007,usage,4,496,10.25314841577324
main/E_lab/code_leaning_hard/D_code/tau0.1/ones/incl/k4/rG1007/ctl-usage,1007,usage,4,497,9.872636530324826
main/E_lab/code_leaning_hard/D_code/tau0.1/ones/incl/k4/rG1007/ctl-usage,1007,usage,4,498,9.232502029774878
main/E_lab/code_leaning_hard/D_code/tau0.1/ones/incl/k4/rG1007/ctl-usage,1007,usage,4,499,10.432767603870161
main/E_lab/code_leaning_hard/D_code/tau0.1/ones/incl/k4/rG1007/ctl-usage,1007,usage,4,500,8.68765166418325
main/E_lab/code_leaning_hard/D_code/tau0.1/ones/incl/k4/rG1007/ctl-usage,1007,usage,4,501,7.729513195975073
main/E_lab/code_leaning_hard/D_code/tau0.1/ones/incl/k4/rG1007/ctl-usage,1007,usage,4,502,9.628308530624963
main/E_lab/code_leaning_hard/D_code/tau0.1/ones/incl/k4/rG1007/ctl-usage,1007,usage,4,503,9.912726058691078
main/E_lab/code_leaning_hard/D_code/tau0.1/ones/incl/k4/rG1007/ctl-usage,1007,usage,4,504,10.266490181719746
main/E_lab/code_leaning_hard/D_code/tau0.1/ones/incl/k4/rG1007/ctl-usage,1007,usage,4,505,10.534564346099387
main/E_lab/code_leaning_hard/D_code/tau0.1/ones/incl/k4/rG1007/ctl-usage,1007,usage,4,506,9.97821636376193
main/E_lab/code_leaning_hard/D_code/tau0.1/ones/incl/k4/rG1007/ctl-usage,1007,usage,4,507,10.753930937997211
main/E_lab/code_leaning_hard/D_code/tau0.1/ones/incl/k4/rG1007/ctl-usage,1007,usage,4,508,10.863415606637773
main/E_lab/code_leaning_hard/D_code/tau0.1/ones/incl/k4/rG1007/ctl-usage,1007,usage,4,509,10.41013775940246
main/E_lab/code_leaning_hard/D_code/tau0.1/ones/incl/k4/rG1007/ctl-usage,1007,usage,4,510,10.825978894579293
main/E_lab/code_leaning_hard/D_code/tau0.1/ones/incl/k4/rG1007/ctl-usage,1007,usage,4,511,9.37953141849357
main/E_lab/code_leaning_hard/D_code/tau0.1/ones/incl/k5/rG1007/ctl-usage,1007,usage,5,0,5.260529910041555
main/E_lab/code_leaning_hard/D_code/tau0.1/ones/incl/k5/rG1007/ctl-usage,1007,usage,5,1,5.490465507546105
main/E_lab/code_leaning_hard/D_code/tau0.1/ones/incl/k5/rG1007/ctl-usage,1007,usage,5,2,6.307465637005407
main/E_lab/code_leaning_hard/D_code/tau0.1/ones/incl/k5/rG1007/ctl-usage,1007,usage,5,3,5.944962198024314
main/E_lab/code_leaning_hard/D_code/tau0.1/ones/incl/k5/rG1007/ctl-usage,1007,usage,5,4,3.93579402360956
main/E_lab/code_leaning_hard/D_code/tau0.1/ones/incl/k5/rG1007/ctl-usage,1007,usage,5,5,6.040305060857008
main/E_lab/code_leaning_hard/D_code/tau0.1/ones/incl/k5/rG1007/ctl-usage,1007,usage,5,6,6.798145707110962
main/E_lab/code_leaning_hard/D_code/tau0.1/ones/incl/k5/rG1007/ctl-usage,1007,usage,5,7,5.550753127421558
main/E_lab/code_leaning_hard/D_code/tau0.1/ones/incl/k5/rG1007/ctl-usage,1007,usage,5,8,8.396250882331742
main/E_lab/code_leaning_hard/D_code/tau0.1/ones/incl/k5/rG1007/ctl-usage,1007,usage,5,9,6.379609602509845
main/E_lab/code_leaning_hard/D_code/tau0.1/ones/incl/k5/rG1007/ctl-usage,1007,usage,5,10,5.282112135085299
main/E_lab/code_leaning_hard/D_code/tau0.1/ones/incl/k5/rG1007/ctl-usage,1007,usage,5,11,3.297932152196381
main/E_lab/code_leaning_hard/D_code/tau0.1/ones/incl/k5/rG1007/ctl-usage,1007,usage,5,12,3.8775339335679746
main/E_lab/code_leaning_hard/D_code/tau0.1/ones/incl/k5/rG1007/ctl-usage,1007,usage,5,13,4.5037185379460425
main/E_lab/code_leaning_hard/D_code/tau0.1/ones/incl/k5/rG1007/ctl-usage,1007,usage,5,14,5.205117363508634
main/E_lab/code_leaning_hard/D_code/tau0.1/ones/incl/k5/rG1007/ctl-usage,1007,usage,5,15,4.644004109553407
main/E_lab/code_leaning_hard/D_code/tau0.1/ones/incl/k5/rG1007/ctl-usage,1007,usage,5,16,4.461067546923459
main/E_lab/code_leaning_hard/D_code/tau0.1/ones/incl/k5/rG1007/ctl-usage,1007,usage,5,17,5.353006864220788
main/E_lab/code_leaning_hard/D_code/tau0.1/ones/incl/k5/rG1007/ctl-usage,1007,usage,5,18,4.964315526432074
main/E_lab/code_leaning_hard/D_code/tau0.1/ones/incl/k5/rG1007/ctl-usage,1007,usage,5,19,4.7320316518539585
main/E_lab/code_leaning_hard/D_code/tau0.1/ones/incl/k5/rG1007/ctl-usage,1007,usage,5,20,5.007387209158196
main/E_lab/code_leaning_hard/D_code/tau0.1/ones/incl/k5/rG1007/ctl-usage,1007,usage,5,21,4.456175896248169
main/E_lab/code_leaning_hard/D_code/tau0.1/ones/incl/k5/rG1007/ctl-usage,1007,usage,5,22,5.122070242369318
main/E_lab/code_leaning_hard/D_code/tau0.1/ones/incl/k5/rG1007/ctl-usage,1007,usage,5,23,5.653683791345429
main/E_lab/code_leaning_hard/D_code/tau0.1/ones/incl/k5/rG1007/ctl-usage,1007,usage,5,24,4.782150951574295
main/E_lab/code_leaning_hard/D_code/tau0.1/ones/incl/k5/rG1007/ctl-usage,1007,usage,5,25,4.767764069204304
main/E_lab/code_leaning_hard/D_code/tau0.1/ones/incl/k5/rG1007/ctl-usage,1007,usage,5,26,7.348380718062799
main/E_lab/code_leaning_hard/D_code/tau0.1/ones/incl/k5/rG1007/ctl-usage,1007,usage,5,27,7.915978138220112
main/E_lab/code_leaning_hard/D_code/tau0.1/ones/incl/k5/rG1007/ctl-usage,1007,usage,5,28,6.653660709745623
main/E_lab/code_leaning_hard/D_code/tau0.1/ones/incl/k5/rG1007/ctl-usage,1007,usage,5,29,5.758723001254111
main/E_lab/code_leaning_hard/D_code/tau0.1/ones/incl/k5/rG1007/ctl-usage,1007,usage,5,30,5.16850071183751
main/E_lab/code_leaning_hard/D_code/tau0.1/ones/incl/k5/rG1007/ctl-usage,1007,usage,5,31,6.255312576169672
main/E_lab/code_leaning_hard/D_code/tau0.1/ones/incl/k5/rG1007/ctl-usage,1007,usage,5,32,5.273239846695105
main/E_lab/code_leaning_hard/D_code/tau0.1/ones/incl/k5/rG1007/ctl-usage,1007,usage,5,33,6.801150521245745
main/E_lab/code_leaning_hard/D_code/tau0.1/ones/incl/k5/rG1007/ctl-usage,1007,usage,5,34,7.304950128414021
main/E_lab/code_leaning_hard/D_code/tau0.1/ones/incl/k5/rG1007/ctl-usage,1007,usage,5,35,4.525945058347588
main/E_lab/code_leaning_hard/D_code/tau0.1/ones/incl/k5/rG1007/ctl-usage,1007,usage,5,36,6.0431036305417365
main/E_lab/code_leaning_hard/D_code/tau0.1/ones/incl/k5/rG1007/ctl-usage,1007,usage,5,37,3.989555301235214
main/E_lab/code_leaning_hard/D_code/tau0.1/ones/incl/k5/rG1007/ctl-usage,1007,usage,5,38,5.623072147154289
main/E_lab/code_leaning_hard/D_code/tau0.1/ones/incl/k5/rG1007/ctl-usage,1007,usage,5,39,9.293191927458793
main/E_lab/code_leaning_hard/D_code/tau0.1/ones/incl/k5/rG1007/ctl-usage,1007,usage,5,40,8.876071200381716
main/E_lab/code_leaning_hard/D_code/tau0.1/ones/incl/k5/rG1007/ctl-usage,1007,usage,5,41,14.431537891294852
main/E_lab/code_leaning_hard/D_code/tau0.1/ones/incl/k5/rG1007/ctl-usage,1007,usage,5,42,8.241612994364232
main/E_lab/code_leaning_hard/D_code/tau0.1/ones/incl/k5/rG1007/ctl-usage,1007,usage,5,43,5.754969607210114
main/E_lab/code_leaning_hard/D_code/tau0.1/ones/incl/k5/rG1007/ctl-usage,1007,usage,5,44,4.446949973264964
main/E_lab/code_leaning_hard/D_code/tau0.1/ones/incl/k5/rG1007/ctl-usage,1007,usage,5,45,5.152001750698332
main/E_lab/code_leaning_hard/D_code/tau0.1/ones/incl/k5/rG1007/ctl-usage,1007,usage,5,46,6.133254853536073
main/E_lab/code_leaning_hard/D_code/tau0.1/ones/incl/k5/rG1007/ctl-usage,1007,usage,5,47,6.1343046175497875
main/E_lab/code_leaning_hard/D_code/tau0.1/ones/incl/k5/rG1007/ctl-usage,1007,usage,5,48,5.506272096104112
main/E_lab/code_leaning_hard/D_code/tau0.1/ones/incl/k5/rG1007/ctl-usage,1007,usage,5,49,5.3367892580267835
main/E_lab/code_leaning_hard/D_code/tau0.1/ones/incl/k5/rG1007/ctl-usage,1007,usage,5,50,5.787176732771513
main/E_lab/code_leaning_hard/D_code/tau0.1/ones/incl/k5/rG1007/ctl-usage,1007,usage,5,51,7.58432754628393
main/E_lab/code_leaning_hard/D_code/tau0.1/ones/incl/k5/rG1007/ctl-usage,1007,usage,5,52,5.6967156688763225
main/E_lab/code_leaning_hard/D_code/tau0.1/ones/incl/k5/rG1007/ctl-usage,1007,usage,5,53,5.834327110716913
main/E_lab/code_leaning_hard/D_code/tau0.1/ones/incl/k5/rG1007/ctl-usage,1007,usage,5,54,4.809471667885646
main/E_lab/code_leaning_hard/D_code/tau0.1/ones/incl/k5/rG1007/ctl-usage,1007,usage,5,55,5.969386478997194
main/E_lab/code_leaning_hard/D_code/tau0.1/ones/incl/k5/rG1007/ctl-usage,1007,usage,5,56,4.655980474063199
main/E_lab/code_leaning_hard/D_code/tau0.1/ones/incl/k5/rG1007/ctl-usage,1007,usage,5,57,5.227177879249439
main/E_lab/code_leaning_hard/D_code/tau0.1/ones/incl/k5/rG1007/ctl-usage,1007,usage,5,58,4.410751795325268
main/E_lab/code_leaning_hard/D_code/tau0.1/ones/incl/k5/rG1007/ctl-usage,1007,usage,5,59,4.740116521012851
main/E_lab/code_leaning_hard/D_code/tau0.1/ones/incl/k5/rG1007/ctl-usage,1007,usage,5,60,6.271508559806534
main/E_lab/code_leaning_hard/D_code/tau0.1/ones/incl/k5/rG1007/ctl-usage,1007,usage,5,61,5.082866620883578
main/E_lab/code_leaning_hard/D_code/tau0.1/ones/incl/k5/rG1007/ctl-usage,1007,usage,5,62,5.14813590600852
main/E_lab/code_leaning_hard/D_code/tau0.1/ones/incl/k5/rG1007/ctl-usage,1007,usage,5,63,4.677715425522479
main/E_lab/code_leaning_hard/D_code/tau0.1/ones/incl/k5/rG1007/ctl-usage,1007,usage,5,64,6.101047129201561
main/E_lab/code_leaning_hard/D_code/tau0.1/ones/incl/k5/rG1007/ctl-usage,1007,usage,5,65,5.926745137737271
main/E_lab/code_leaning_hard/D_code/tau0.1/ones/incl/k5/rG1007/ctl-usage,1007,usage,5,66,10.348977405412143
main/E_lab/code_leaning_hard/D_code/tau0.1/ones/incl/k5/rG1007/ctl-usage,1007,usage,5,67,15.264409998037877
main/E_lab/code_leaning_hard/D_code/tau0.1/ones/incl/k5/rG1007/ctl-usage,1007,usage,5,68,15.594521800326447
main/E_lab/code_leaning_hard/D_code/tau0.1/ones/incl/k5/rG1007/ctl-usage,1007,usage,5,69,10.148026312532124
main/E_lab/code_leaning_hard/D_code/tau0.1/ones/incl/k5/rG1007/ctl-usage,1007,usage,5,70,18.060949776517646
main/E_lab/code_leaning_hard/D_code/tau0.1/ones/incl/k5/rG1007/ctl-usage,1007,usage,5,71,17.939237715875834
main/E_lab/code_leaning_hard/D_code/tau0.1/ones/incl/k5/rG1007/ctl-usage,1007,usage,5,72,17.306102605410047
main/E_lab/code_leaning_hard/D_code/tau0.1/ones/incl/k5/rG1007/ctl-usage,1007,usage,5,73,17.220638174666192
main/E_lab/code_leaning_hard/D_code/tau0.1/ones/incl/k5/rG1007/ctl-usage,1007,usage,5,74,12.23549684174327
main/E_lab/code_leaning_hard/D_code/tau0.1/ones/incl/k5/rG1007/ctl-usage,1007,usage,5,75,15.742926849391324
main/E_lab/code_leaning_hard/D_code/tau0.1/ones/incl/k5/rG1007/ctl-usage,1007,usage,5,76,16.398150677821377
main/E_lab/code_leaning_hard/D_code/tau0.1/ones/incl/k5/rG1007/ctl-usage,1007,usage,5,77,16.85583305669536
main/E_lab/code_leaning_hard/D_code/tau0.1/ones/incl/k5/rG1007/ctl-usage,1007,usage,5,78,17.107573249342863
main/E_lab/code_leaning_hard/D_code/tau0.1/ones/incl/k5/rG1007/ctl-usage,1007,usage,5,79,13.33961794715708
main/E_lab/code_leaning_hard/D_code/tau0.1/ones/incl/k5/rG1007/ctl-usage,1007,usage,5,80,17.350177295576827
main/E_lab/code_leaning_hard/D_code/tau0.1/ones/incl/k5/rG1007/ctl-usage,1007,usage,5,81,17.027609039731715
main/E_lab/code_leaning_hard/D_code/tau0.1/ones/incl/k5/rG1007/ctl-usage,1007,usage,5,82,17.069528617297806
main/E_lab/code_leaning_hard/D_code/tau0.1/ones/incl/k5/rG1007/ctl-usage,1007,usage,5,83,16.98989000206882
main/E_lab/code_leaning_hard/D_code/tau0.1/ones/incl/k5/rG1007/ctl-usage,1007,usage,5,84,16.98561069108655
main/E_lab/code_leaning_hard/D_code/tau0.1/ones/incl/k5/rG1007/ctl-usage,1007,usage,5,85,17.333723152971857
main/E_lab/code_leaning_hard/D_code/tau0.1/ones/incl/k5/rG1007/ctl-usage,1007,usage,5,86,17.67965740769307
main/E_lab/code_leaning_hard/D_code/tau0.1/ones/incl/k5/rG1007/ctl-usage,1007,usage,5,87,17.21451522309951
main/E_lab/code_leaning_hard/D_code/tau0.1/ones/incl/k5/rG1007/ctl-usage,1007,usage,5,88,17.581643593500644
main/E_lab/code_leaning_hard/D_code/tau0.1/ones/incl/k5/rG1007/ctl-usage,1007,usage,5,89,8.751160172086202
main/E_lab/code_leaning_hard/D_code/tau0.1/ones/incl/k5/rG1007/ctl-usage,1007,usage,5,90,5.827696452035525
main/E_lab/code_leaning_hard/D_code/tau0.1/ones/incl/k5/rG1007/ctl-usage,1007,usage,5,91,4.335443174436023
main/E_lab/code_leaning_hard/D_code/tau0.1/ones/incl/k5/rG1007/ctl-usage,1007,usage,5,92,7.5793267531712445
main/E_lab/code_leaning_hard/D_code/tau0.1/ones/incl/k5/rG1007/ctl-usage,1007,usage,5,93,6.199415777966351
main/E_lab/code_leaning_hard/D_code/tau0.1/ones/incl/k5/rG1007/ctl-usage,1007,usage,5,94,4.814611932657499
main/E_lab/code_leaning_hard/D_code/tau0.1/ones/incl/k5/rG1007/ctl-usage,1007,usage,5,95,4.966141990469168
main/E_lab/code_leaning_hard/D_code/tau0.1/ones/incl/k5/rG1007/ctl-usage,1007,usage,5,96,5.029239157230222
main/E_lab/code_leaning_hard/D_code/tau0.1/ones/incl/k5/rG1007/ctl-usage,1007,usage,5,97,4.844236698687155
main/E_lab/code_leaning_hard/D_code/tau0.1/ones/incl/k5/rG1007/ctl-usage,1007,usage,5,98,5.427076127358305
main/E_lab/code_leaning_hard/D_code/tau0.1/ones/incl/k5/rG1007/ctl-usage,1007,usage,5,99,5.698722690610339
main/E_lab/code_leaning_hard/D_code/tau0.1/ones/incl/k5/rG1007/ctl-usage,1007,usage,5,100,6.155222047221287
main/E_lab/code_leaning_hard/D_code/tau0.1/ones/incl/k5/rG1007/ctl-usage,1007,usage,5,101,4.4116616517248985
main/E_lab/code_leaning_hard/D_code/tau0.1/ones/incl/k5/rG1007/ctl-usage,1007,usage,5,102,5.743180826014395
main/E_lab/code_leaning_hard/D_code/tau0.1/ones/incl/k5/rG1007/ctl-usage,1007,usage,5,103,6.785220601705532
main/E_lab/code_leaning_hard/D_code/tau0.1/ones/incl/k5/rG1007/ctl-usage,1007,usage,5,104,5.0000085552082965
main/E_lab/code_leaning_hard/D_code/tau0.1/ones/incl/k5/rG1007/ctl-usage,1007,usage,5,105,6.349732748131487
main/E_lab/code_leaning_hard/D_code/tau0.1/ones/incl/k5/rG1007/ctl-usage,1007,usage,5,106,5.8495823561206635
main/E_lab/code_leaning_hard/D_code/tau0.1/ones/incl/k5/rG1007/ctl-usage,1007,usage,5,107,6.099717199164388
main/E_lab/code_leaning_hard/D_code/tau0.1/ones/incl/k5/rG1007/ctl-usage,1007,usage,5,108,5.663954154808948
main/E_lab/code_leaning_hard/D_code/tau0.1/ones/incl/k5/rG1007/ctl-usage,1007,usage,5,109,5.861004809239603
main/E_lab/code_leaning_hard/D_code/tau0.1/ones/incl/k5/rG1007/ctl-usage,1007,usage,5,110,6.664288316751026
main/E_lab/code_leaning_hard/D_code/tau0.1/ones/incl/k5/rG1007/ctl-usage,1007,usage,5,111,6.582714177121488
main/E_lab/code_leaning_hard/D_code/tau0.1/ones/incl/k5/rG1007/ctl-usage,1007,usage,5,112,6.154151058347452
main/E_lab/code_leaning_hard/D_code/tau0.1/ones/incl/k5/rG1007/ctl-usage,1007,usage,5,113,7.320826097196232
main/E_lab/code_leaning_hard/D_code/tau0.1/ones/incl/k5/rG1007/ctl-usage,1007,usage,5,114,6.103567684185009
main/E_lab/code_leaning_hard/D_code/tau0.1/ones/incl/k5/rG1007/ctl-usage,1007,usage,5,115,6.1936568483952215
main/E_lab/code_leaning_hard/D_code/tau0.1/ones/incl/k5/rG1007/ctl-usage,1007,usage,5,116,3.9574603913488318
main/E_lab/code_leaning_hard/D_code/tau0.1/ones/incl/k5/rG1007/ctl-usage,1007,usage,5,117,5.066172728841593
main/E_lab/code_leaning_hard/D_code/tau0.1/ones/incl/k5/rG1007/ctl-usage,1007,usage,5,118,4.319889238754513
main/E_lab/code_leaning_hard/D_code/tau0.1/ones/incl/k5/rG1007/ctl-usage,1007,usage,5,119,4.6089852391301065
main/E_lab/code_leaning_hard/D_code/tau0.1/ones/incl/k5/rG1007/ctl-usage,1007,usage,5,120,3.479782823024834
main/E_lab/code_leaning_hard/D_code/tau0.1/ones/incl/k5/rG1007/ctl-usage,1007,usage,5,121,5.957903344979172
main/E_lab/code_leaning_hard/D_code/tau0.1/ones/incl/k5/rG1007/ctl-usage,1007,usage,5,122,7.820587508033441
main/E_lab/code_leaning_hard/D_code/tau0.1/ones/incl/k5/rG1007/ctl-usage,1007,usage,5,123,10.111527249448045
main/E_lab/code_leaning_hard/D_code/tau0.1/ones/incl/k5/rG1007/ctl-usage,1007,usage,5,124,7.9852315612727125
main/E_lab/code_leaning_hard/D_code/tau0.1/ones/incl/k5/rG1007/ctl-usage,1007,usage,5,125,4.275047966845705
main/E_lab/code_leaning_hard/D_code/tau0.1/ones/incl/k5/rG1007/ctl-usage,1007,usage,5,126,5.661658355176769
main/E_lab/code_leaning_hard/D_code/tau0.1/ones/incl/k5/rG1007/ctl-usage,1007,usage,5,127,5.878626939033438
main/E_lab/code_leaning_hard/D_code/tau0.1/ones/incl/k5/rG1007/ctl-usage,1007,usage,5,128,4.583115907410502
main/E_lab/code_leaning_hard/D_code/tau0.1/ones/incl/k5/rG1007/ctl-usage,1007,usage,5,129,5.468679717817395
main/E_lab/code_leaning_hard/D_code/tau0.1/ones/incl/k5/rG1007/ctl-usage,1007,usage,5,130,5.446541753814472
main/E_lab/code_leaning_hard/D_code/tau0.1/ones/incl/k5/rG1007/ctl-usage,1007,usage,5,131,5.753692194539326
main/E_lab/code_leaning_hard/D_code/tau0.1/ones/incl/k5/rG1007/ctl-usage,1007,usage,5,132,6.710797645752336
main/E_lab/code_leaning_hard/D_code/tau0.1/ones/incl/k5/rG1007/ctl-usage,1007,usage,5,133,7.21423321401528
main/E_lab/code_leaning_hard/D_code/tau0.1/ones/incl/k5/rG1007/ctl-usage,1007,usage,5,134,5.135960397166855
main/E_lab/code_leaning_hard/D_code/tau0.1/ones/incl/k5/rG1007/ctl-usage,1007,usage,5,135,4.846952669485745
main/E_lab/code_leaning_hard/D_code/tau0.1/ones/incl/k5/rG1007/ctl-usage,1007,usage,5,136,7.025225149222479
main/E_lab/code_leaning_hard/D_code/tau0.1/ones/incl/k5/rG1007/ctl-usage,1007,usage,5,137,6.274556355854656
main/E_lab/code_leaning_hard/D_code/tau0.1/ones/incl/k5/rG1007/ctl-usage,1007,usage,5,138,5.874767936355056
main/E_lab/code_leaning_hard/D_code/tau0.1/ones/incl/k5/rG1007/ctl-usage,1007,usage,5,139,6.0465819139485575
main/E_lab/code_leaning_hard/D_code/tau0.1/ones/incl/k5/rG1007/ctl-usage,1007,usage,5,140,7.161050269754924
main/E_lab/code_leaning_hard/D_code/tau0.1/ones/incl/k5/rG1007/ctl-usage,1007,usage,5,141,7.083134243072891
main/E_lab/code_leaning_hard/D_code/tau0.1/ones/incl/k5/rG1007/ctl-usage,1007,usage,5,142,7.532783470174309
main/E_lab/code_leaning_hard/D_code/tau0.1/ones/incl/k5/rG1007/ctl-usage,1007,usage,5,143,7.560877638371267
main/E_lab/code_leaning_hard/D_code/tau0.1/ones/incl/k5/rG1007/ctl-usage,1007,usage,5,144,7.622325007169366
main/E_lab/code_leaning_hard/D_code/tau0.1/ones/incl/k5/rG1007/ctl-usage,1007,usage,5,145,7.53141872126389
main/E_lab/code_leaning_hard/D_code/tau0.1/ones/incl/k5/rG1007/ctl-usage,1007,usage,5,146,9.335304599053188
main/E_lab/code_leaning_hard/D_code/tau0.1/ones/incl/k5/rG1007/ctl-usage,1007,usage,5,147,5.799709784005813
main/E_lab/code_leaning_hard/D_code/tau0.1/ones/incl/k5/rG1007/ctl-usage,1007,usage,5,148,10.682232084412135
main/E_lab/code_leaning_hard/D_code/tau0.1/ones/incl/k5/rG1007/ctl-usage,1007,usage,5,149,12.84783060536813
main/E_lab/code_leaning_hard/D_code/tau0.1/ones/incl/k5/rG1007/ctl-usage,1007,usage,5,150,10.448441879213533
main/E_lab/code_leaning_hard/D_code/tau0.1/ones/incl/k5/rG1007/ctl-usage,1007,usage,5,151,10.290766214677205
main/E_lab/code_leaning_hard/D_code/tau0.1/ones/incl/k5/rG1007/ctl-usage,1007,usage,5,152,10.605778261446176
main/E_lab/code_leaning_hard/D_code/tau0.1/ones/incl/k5/rG1007/ctl-usage,1007,usage,5,153,8.899541578062895
main/E_lab/code_leaning_hard/D_code/tau0.1/ones/incl/k5/rG1007/ctl-usage,1007,usage,5,154,12.732973713081265
main/E_lab/code_leaning_hard/D_code/tau0.1/ones/incl/k5/rG1007/ctl-usage,1007,usage,5,155,15.947496810803955
main/E_lab/code_leaning_hard/D_code/tau0.1/ones/incl/k5/rG1007/ctl-usage,1007,usage,5,156,14.539841001933496
main/E_lab/code_leaning_hard/D_code/tau0.1/ones/incl/k5/rG1007/ctl-usage,1007,usage,5,157,15.219725381027501
main/E_lab/code_leaning_hard/D_code/tau0.1/ones/incl/k5/rG1007/ctl-usage,1007,usage,5,158,8.811502081607614
main/E_lab/code_leaning_hard/D_code/tau0.1/ones/incl/k5/rG1007/ctl-usage,1007,usage,5,159,6.938838401935072
main/E_lab/code_leaning_hard/D_code/tau0.1/ones/incl/k5/rG1007/ctl-usage,1007,usage,5,160,8.60014698186069
main/E_lab/code_leaning_hard/D_code/tau0.1/ones/incl/k5/rG1007/ctl-usage,1007,usage,5,161,9.252229940478173
main/E_lab/code_leaning_hard/D_code/tau0.1/ones/incl/k5/rG1007/ctl-usage,1007,usage,5,162,6.240128352936381
main/E_lab/code_leaning_hard/D_code/tau0.1/ones/incl/k5/rG1007/ctl-usage,1007,usage,5,163,4.615092056395952
main/E_lab/code_leaning_hard/D_code/tau0.1/ones/incl/k5/rG1007/ctl-usage,1007,usage,5,164,3.857815126000787
main/E_lab/code_leaning_hard/D_code/tau0.1/ones/incl/k5/rG1007/ctl-usage,1007,usage,5,165,3.386076784452598
main/E_lab/code_leaning_hard/D_code/tau0.1/ones/incl/k5/rG1007/ctl-usage,1007,usage,5,166,3.9012101281869036
main/E_lab/code_leaning_hard/D_code/tau0.1/ones/incl/k5/rG1007/ctl-usage,1007,usage,5,167,4.277203641269352
main/E_lab/code_leaning_hard/D_code/tau0.1/ones/incl/k5/rG1007/ctl-usage,1007,usage,5,168,4.58950775639596
main/E_lab/code_leaning_hard/D_code/tau0.1/ones/incl/k5/rG1007/ctl-usage,1007,usage,5,169,5.067701989641137
main/E_lab/code_leaning_hard/D_code/tau0.1/ones/incl/k5/rG1007/ctl-usage,1007,usage,5,170,5.033667601527895
main/E_lab/code_leaning_hard/D_code/tau0.1/ones/incl/k5/rG1007/ctl-usage,1007,usage,5,171,3.332477064301088
main/E_lab/code_leaning_hard/D_code/tau0.1/ones/incl/k5/rG1007/ctl-usage,1007,usage,5,172,5.568523376539815
main/E_lab/code_leaning_hard/D_code/tau0.1/ones/incl/k5/rG1007/ctl-usage,1007,usage,5,173,6.526243492044159
main/E_lab/code_leaning_hard/D_code/tau0.1/ones/incl/k5/rG1007/ctl-usage,1007,usage,5,174,9.290461896701345
main/E_lab/code_leaning_hard/D_code/tau0.1/ones/incl/k5/rG1007/ctl-usage,1007,usage,5,175,6.73509714718648
main/E_lab/code_leaning_hard/D_code/tau0.1/ones/incl/k5/rG1007/ctl-usage,1007,usage,5,176,7.423722441719292
main/E_lab/code_leaning_hard/D_code/tau0.1/ones/incl/k5/rG1007/ctl-usage,1007,usage,5,177,6.938763320524231
main/E_lab/code_leaning_hard/D_code/tau0.1/ones/incl/k5/rG1007/ctl-usage,1007,usage,5,178,7.1126730021360345
main/E_lab/code_leaning_hard/D_code/tau0.1/ones/incl/k5/rG1007/ctl-usage,1007,usage,5,179,6.74035564195492
main/E_lab/code_leaning_hard/D_code/tau0.1/ones/incl/k5/rG1007/ctl-usage,1007,usage,5,180,5.983613112396142
main/E_lab/code_leaning_hard/D_code/tau0.1/ones/incl/k5/rG1007/ctl-usage,1007,usage,5,181,5.499238686754325
main/E_lab/code_leaning_hard/D_code/tau0.1/ones/incl/k5/rG1007/ctl-usage,1007,usage,5,182,6.6682829730093545
main/E_lab/code_leaning_hard/D_code/tau0.1/ones/incl/k5/rG1007/ctl-usage,1007,usage,5,183,6.224588798419063
main/E_lab/code_leaning_hard/D_code/tau0.1/ones/incl/k5/rG1007/ctl-usage,1007,usage,5,184,6.067755225651581
main/E_lab/code_leaning_hard/D_code/tau0.1/ones/incl/k5/rG1007/ctl-usage,1007,usage,5,185,5.977558452779249
main/E_lab/code_leaning_hard/D_code/tau0.1/ones/incl/k5/rG1007/ctl-usage,1007,usage,5,186,4.17849363943742
main/E_lab/code_leaning_hard/D_code/tau0.1/ones/incl/k5/rG1007/ctl-usage,1007,usage,5,187,4.80760672383667
main/E_lab/code_leaning_hard/D_code/tau0.1/ones/incl/k5/rG1007/ctl-usage,1007,usage,5,188,4.3568550914005755
main/E_lab/code_leaning_hard/D_code/tau0.1/ones/incl/k5/rG1007/ctl-usage,1007,usage,5,189,5.8798750030161955
main/E_lab/code_leaning_hard/D_code/tau0.1/ones/incl/k5/rG1007/ctl-usage,1007,usage,5,190,6.683195046810397
main/E_lab/code_leaning_hard/D_code/tau0.1/ones/incl/k5/rG1007/ctl-usage,1007,usage,5,191,5.1453227746451375
main/E_lab/code_leaning_hard/D_code/tau0.1/ones/incl/k5/rG1007/ctl-usage,1007,usage,5,192,5.049847271692215
main/E_lab/code_leaning_hard/D_code/tau0.1/ones/incl/k5/rG1007/ctl-usage,1007,usage,5,193,8.183772534796844
main/E_lab/code_leaning_hard/D_code/tau0.1/ones/incl/k5/rG1007/ctl-usage,1007,usage,5,194,7.920490450832858
main/E_lab/code_leaning_hard/D_code/tau0.1/ones/incl/k5/rG1007/ctl-usage,1007,usage,5,195,6.7683147307539
main/E_lab/code_leaning_hard/D_code/tau0.1/ones/incl/k5/rG1007/ctl-usage,1007,usage,5,196,5.728917581098415
main/E_lab/code_leaning_hard/D_code/tau0.1/ones/incl/k5/rG1007/ctl-usage,1007,usage,5,197,5.288598603348419
main/E_lab/code_leaning_hard/D_code/tau0.1/ones/incl/k5/rG1007/ctl-usage,1007,usage,5,198,4.721534037350466
main/E_lab/code_leaning_hard/D_code/tau0.1/ones/incl/k5/rG1007/ctl-usage,1007,usage,5,199,7.362510812972346
main/E_lab/code_leaning_hard/D_code/tau0.1/ones/incl/k5/rG1007/ctl-usage,1007,usage,5,200,5.606646094303869
main/E_lab/code_leaning_hard/D_code/tau0.1/ones/incl/k5/rG1007/ctl-usage,1007,usage,5,201,5.78997987686671
main/E_lab/code_leaning_hard/D_code/tau0.1/ones/incl/k5/rG1007/ctl-usage,1007,usage,5,202,5.765378506631805
main/E_lab/code_leaning_hard/D_code/tau0.1/ones/incl/k5/rG1007/ctl-usage,1007,usage,5,203,3.515864029965087
main/E_lab/code_leaning_hard/D_code/tau0.1/ones/incl/k5/rG1007/ctl-usage,1007,usage,5,204,3.283461771623479
main/E_lab/code_leaning_hard/D_code/tau0.1/ones/incl/k5/rG1007/ctl-usage,1007,usage,5,205,4.196789253503994
main/E_lab/code_leaning_hard/D_code/tau0.1/ones/incl/k5/rG1007/ctl-usage,1007,usage,5,206,4.066645022894477
main/E_lab/code_leaning_hard/D_code/tau0.1/ones/incl/k5/rG1007/ctl-usage,1007,usage,5,207,3.6029470797648173
main/E_lab/code_leaning_hard/D_code/tau0.1/ones/incl/k5/rG1007/ctl-usage,1007,usage,5,208,3.2088920500486893
main/E_lab/code_leaning_hard/D_code/tau0.1/ones/incl/k5/rG1007/ctl-usage,1007,usage,5,209,4.134592394292213
main/E_lab/code_leaning_hard/D_code/tau0.1/ones/incl/k5/rG1007/ctl-usage,1007,usage,5,210,14.459656578876093
main/E_lab/code_leaning_hard/D_code/tau0.1/ones/incl/k5/rG1007/ctl-usage,1007,usage,5,211,16.920084587333577
main/E_lab/code_leaning_hard/D_code/tau0.1/ones/incl/k5/rG1007/ctl-usage,1007,usage,5,212,12.663545993973457
main/E_lab/code_leaning_hard/D_code/tau0.1/ones/incl/k5/rG1007/ctl-usage,1007,usage,5,213,5.397143575258724
main/E_lab/code_leaning_hard/D_code/tau0.1/ones/incl/k5/rG1007/ctl-usage,1007,usage,5,214,5.702450416499687
main/E_lab/code_leaning_hard/D_code/tau0.1/ones/incl/k5/rG1007/ctl-usage,1007,usage,5,215,8.088146390507518
main/E_lab/code_leaning_hard/D_code/tau0.1/ones/incl/k5/rG1007/ctl-usage,1007,usage,5,216,10.65326347995449
main/E_lab/code_leaning_hard/D_code/tau0.1/ones/incl/k5/rG1007/ctl-usage,1007,usage,5,217,7.3685194798611064
main/E_lab/code_leaning_hard/D_code/tau0.1/ones/incl/k5/rG1007/ctl-usage,1007,usage,5,218,7.1915672086847735
main/E_lab/code_leaning_hard/D_code/tau0.1/ones/incl/k5/rG1007/ctl-usage,1007,usage,5,219,7.985601941334153
main/E_lab/code_leaning_hard/D_code/tau0.1/ones/incl/k5/rG1007/ctl-usage,1007,usage,5,220,7.5109363385272445
main/E_lab/code_leaning_hard/D_code/tau0.1/ones/incl/k5/rG1007/ctl-usage,1007,usage,5,221,8.113473637679022
main/E_lab/code_leaning_hard/D_code/tau0.1/ones/incl/k5/rG1007/ctl-usage,1007,usage,5,222,6.469140779730537
main/E_lab/code_leaning_hard/D_code/tau0.1/ones/incl/k5/rG1007/ctl-usage,1007,usage,5,223,7.376634519881918
main/E_lab/code_leaning_hard/D_code/tau0.1/ones/incl/k5/rG1007/ctl-usage,1007,usage,5,224,5.548670154667889
main/E_lab/code_leaning_hard/D_code/tau0.1/ones/incl/k5/rG1007/ctl-usage,1007,usage,5,225,16.115342610452444
main/E_lab/code_leaning_hard/D_code/tau0.1/ones/incl/k5/rG1007/ctl-usage,1007,usage,5,226,11.122782744364486
main/E_lab/code_leaning_hard/D_code/tau0.1/ones/incl/k5/rG1007/ctl-usage,1007,usage,5,227,6.349086527030067
main/E_lab/code_leaning_hard/D_code/tau0.1/ones/incl/k5/rG1007/ctl-usage,1007,usage,5,228,5.6837753161826186
main/E_lab/code_leaning_hard/D_code/tau0.1/ones/incl/k5/rG1007/ctl-usage,1007,usage,5,229,5.296884812070857
main/E_lab/code_leaning_hard/D_code/tau0.1/ones/incl/k5/rG1007/ctl-usage,1007,usage,5,230,5.605861332433506
main/E_lab/code_leaning_hard/D_code/tau0.1/ones/incl/k5/rG1007/ctl-usage,1007,usage,5,231,5.800296434015223
main/E_lab/code_leaning_hard/D_code/tau0.1/ones/incl/k5/rG1007/ctl-usage,1007,usage,5,232,5.705427228736994
main/E_lab/code_leaning_hard/D_code/tau0.1/ones/incl/k5/rG1007/ctl-usage,1007,usage,5,233,8.528229033357547
main/E_lab/code_leaning_hard/D_code/tau0.1/ones/incl/k5/rG1007/ctl-usage,1007,usage,5,234,8.194102749112972
main/E_lab/code_leaning_hard/D_code/tau0.1/ones/incl/k5/rG1007/ctl-usage,1007,usage,5,235,4.756935184729542
main/E_lab/code_leaning_hard/D_code/tau0.1/ones/incl/k5/rG1007/ctl-usage,1007,usage,5,236,10.740122716963697
main/E_lab/code_leaning_hard/D_code/tau0.1/ones/incl/k5/rG1007/ctl-usage,1007,usage,5,237,7.192164662456435
main/E_lab/code_leaning_hard/D_code/tau0.1/ones/incl/k5/rG1007/ctl-usage,1007,usage,5,238,4.100528947999464
main/E_lab/code_leaning_hard/D_code/tau0.1/ones/incl/k5/rG1007/ctl-usage,1007,usage,5,239,4.162609556266034
main/E_lab/code_leaning_hard/D_code/tau0.1/ones/incl/k5/rG1007/ctl-usage,1007,usage,5,240,3.7026373459052593
main/E_lab/code_leaning_hard/D_code/tau0.1/ones/incl/k5/rG1007/ctl-usage,1007,usage,5,241,3.7511364891654466
main/E_lab/code_leaning_hard/D_code/tau0.1/ones/incl/k5/rG1007/ctl-usage,1007,usage,5,242,3.796107293841942
main/E_lab/code_leaning_hard/D_code/tau0.1/ones/incl/k5/rG1007/ctl-usage,1007,usage,5,243,3.3793467471623444
main/E_lab/code_leaning_hard/D_code/tau0.1/ones/incl/k5/rG1007/ctl-usage,1007,usage,5,244,3.291677459759285
main/E_lab/code_leaning_hard/D_code/tau0.1/ones/incl/k5/rG1007/ctl-usage,1007,usage,5,245,4.157423191997623
main/E_lab/code_leaning_hard/D_code/tau0.1/ones/incl/k5/rG1007/ctl-usage,1007,usage,5,246,3.482539705143836
main/E_lab/code_leaning_hard/D_code/tau0.1/ones/incl/k5/rG1007/ctl-usage,1007,usage,5,247,3.747497484981068
main/E_lab/code_leaning_hard/D_code/tau0.1/ones/incl/k5/rG1007/ctl-usage,1007,usage,5,248,3.490244771532616
main/E_lab/code_leaning_hard/D_code/tau0.1/ones/incl/k5/rG1007/ctl-usage,1007,usage,5,249,3.134537438802454
main/E_lab/code_leaning_hard/D_code/tau0.1/ones/incl/k5/rG1007/ctl-usage,1007,usage,5,250,3.6839273659752507
main/E_lab/code_leaning_hard/D_code/tau0.1/ones/incl/k5/rG1007/ctl-usage,1007,usage,5,251,3.977657694733807
main/E_lab/code_leaning_hard/D_code/tau0.1/ones/incl/k5/rG1007/ctl-usage,1007,usage,5,252,3.5812712364904655
main/E_lab/code_leaning_hard/D_code/tau0.1/ones/incl/k5/rG1007/ctl-usage,1007,usage,5,253,4.084935802773998
main/E_lab/code_leaning_hard/D_code/tau0.1/ones/incl/k5/rG1007/ctl-usage,1007,usage,5,254,3.435333304293181
main/E_lab/code_leaning_hard/D_code/tau0.1/ones/incl/k5/rG1007/ctl-usage,1007,usage,5,255,3.7348304907660577
main/E_lab/code_leaning_hard/D_code/tau0.1/ones/incl/k5/rG1007/ctl-usage,1007,usage,5,256,12.175481738674534
main/E_lab/code_leaning_hard/D_code/tau0.1/ones/incl/k5/rG1007/ctl-usage,1007,usage,5,257,13.218146919204628
main/E_lab/code_leaning_hard/D_code/tau0.1/ones/incl/k5/rG1007/ctl-usage,1007,usage,5,258,13.309296866509385
main/E_lab/code_leaning_hard/D_code/tau0.1/ones/incl/k5/rG1007/ctl-usage,1007,usage,5,259,12.434048910521597
main/E_lab/code_leaning_hard/D_code/tau0.1/ones/incl/k5/rG1007/ctl-usage,1007,usage,5,260,11.446692654677008
main/E_lab/code_leaning_hard/D_code/tau0.1/ones/incl/k5/rG1007/ctl-usage,1007,usage,5,261,12.883000493081909
main/E_lab/code_leaning_hard/D_code/tau0.1/ones/incl/k5/rG1007/ctl-usage,1007,usage,5,262,13.052631537222283
main/E_lab/code_leaning_hard/D_code/tau0.1/ones/incl/k5/rG1007/ctl-usage,1007,usage,5,263,16.030255769407404
main/E_lab/code_leaning_hard/D_code/tau0.1/ones/incl/k5/rG1007/ctl-usage,1007,usage,5,264,15.470830910966242
main/E_lab/code_leaning_hard/D_code/tau0.1/ones/incl/k5/rG1007/ctl-usage,1007,usage,5,265,13.914123801125356
main/E_lab/code_leaning_hard/D_code/tau0.1/ones/incl/k5/rG1007/ctl-usage,1007,usage,5,266,13.227930532564187
main/E_lab/code_leaning_hard/D_code/tau0.1/ones/incl/k5/rG1007/ctl-usage,1007,usage,5,267,12.39845418146433
main/E_lab/code_leaning_hard/D_code/tau0.1/ones/incl/k5/rG1007/ctl-usage,1007,usage,5,268,12.399028705896058
main/E_lab/code_leaning_hard/D_code/tau0.1/ones/incl/k5/rG1007/ctl-usage,1007,usage,5,269,12.029545158172368
main/E_lab/code_leaning_hard/D_code/tau0.1/ones/incl/k5/rG1007/ctl-usage,1007,usage,5,270,11.992022391926639
main/E_lab/code_leaning_hard/D_code/tau0.1/ones/incl/k5/rG1007/ctl-usage,1007,usage,5,271,12.014990349313393
main/E_lab/code_leaning_hard/D_code/tau0.1/ones/incl/k5/rG1007/ctl-usage,1007,usage,5,272,11.042451162686007
main/E_lab/code_leaning_hard/D_code/tau0.1/ones/incl/k5/rG1007/ctl-usage,1007,usage,5,273,12.481797134943008
main/E_lab/code_leaning_hard/D_code/tau0.1/ones/incl/k5/rG1007/ctl-usage,1007,usage,5,274,14.34826999843142
main/E_lab/code_leaning_hard/D_code/tau0.1/ones/incl/k5/rG1007/ctl-usage,1007,usage,5,275,11.65840516987339
main/E_lab/code_leaning_hard/D_code/tau0.1/ones/incl/k5/rG1007/ctl-usage,1007,usage,5,276,12.877793656712129
main/E_lab/code_leaning_hard/D_code/tau0.1/ones/incl/k5/rG1007/ctl-usage,1007,usage,5,277,11.305556111072292
main/E_lab/code_leaning_hard/D_code/tau0.1/ones/incl/k5/rG1007/ctl-usage,1007,usage,5,278,11.9727433811413
main/E_lab/code_leaning_hard/D_code/tau0.1/ones/incl/k5/rG1007/ctl-usage,1007,usage,5,279,11.982384719749007
main/E_lab/code_leaning_hard/D_code/tau0.1/ones/incl/k5/rG1007/ctl-usage,1007,usage,5,280,10.962445085715217
main/E_lab/code_leaning_hard/D_code/tau0.1/ones/incl/k5/rG1007/ctl-usage,1007,usage,5,281,13.189566719507638
main/E_lab/code_leaning_hard/D_code/tau0.1/ones/incl/k5/rG1007/ctl-usage,1007,usage,5,282,12.292220558127383
main/E_lab/code_leaning_hard/D_code/tau0.1/ones/incl/k5/rG1007/ctl-usage,1007,usage,5,283,13.980760872121209
main/E_lab/code_leaning_hard/D_code/tau0.1/ones/incl/k5/rG1007/ctl-usage,1007,usage,5,284,12.06949903876648
main/E_lab/code_leaning_hard/D_code/tau0.1/ones/incl/k5/rG1007/ctl-usage,1007,usage,5,285,11.94990543638778
main/E_lab/code_leaning_hard/D_code/tau0.1/ones/incl/k5/rG1007/ctl-usage,1007,usage,5,286,12.51286443286665
main/E_lab/code_leaning_hard/D_code/tau0.1/ones/incl/k5/rG1007/ctl-usage,1007,usage,5,287,12.382633922291689
main/E_lab/code_leaning_hard/D_code/tau0.1/ones/incl/k5/rG1007/ctl-usage,1007,usage,5,288,12.221882121504223
main/E_lab/code_leaning_hard/D_code/tau0.1/ones/incl/k5/rG1007/ctl-usage,1007,usage,5,289,11.924940250357395
main/E_lab/code_leaning_hard/D_code/tau0.1/ones/incl/k5/rG1007/ctl-usage,1007,usage,5,290,11.901730595873232
main/E_lab/code_leaning_hard/D_code/tau0.1/ones/incl/k5/rG1007/ctl-usage,1007,usage,5,291,12.232520359126283
main/E_lab/code_leaning_hard/D_code/tau0.1/ones/incl/k5/rG1007/ctl-usage,1007,usage,5,292,11.519941800133665
main/E_lab/code_leaning_hard/D_code/tau0.1/ones/incl/k5/rG1007/ctl-usage,1007,usage,5,293,12.174053155435104
main/E_lab/code_leaning_hard/D_code/tau0.1/ones/incl/k5/rG1007/ctl-usage,1007,usage,5,294,12.25910737013146
main/E_lab/code_leaning_hard/D_code/tau0.1/ones/incl/k5/rG1007/ctl-usage,1007,usage,5,295,11.982940300827067
main/E_lab/code_leaning_hard/D_code/tau0.1/ones/incl/k5/rG1007/ctl-usage,1007,usage,5,296,11.7205893193468
main/E_lab/code_leaning_hard/D_code/tau0.1/ones/incl/k5/rG1007/ctl-usage,1007,usage,5,297,11.23598606885389
main/E_lab/code_leaning_hard/D_code/tau0.1/ones/incl/k5/rG1007/ctl-usage,1007,usage,5,298,13.116605721396809
main/E_lab/code_leaning_hard/D_code/tau0.1/ones/incl/k5/rG1007/ctl-usage,1007,usage,5,299,10.573477110292515
main/E_lab/code_leaning_hard/D_code/tau0.1/ones/incl/k5/rG1007/ctl-usage,1007,usage,5,300,10.141782902186605
main/E_lab/code_leaning_hard/D_code/tau0.1/ones/incl/k5/rG1007/ctl-usage,1007,usage,5,301,9.921589972738502
main/E_lab/code_leaning_hard/D_code/tau0.1/ones/incl/k5/rG1007/ctl-usage,1007,usage,5,302,9.100165249409656
main/E_lab/code_leaning_hard/D_code/tau0.1/ones/incl/k5/rG1007/ctl-usage,1007,usage,5,303,12.043265970541597
main/E_lab/code_leaning_hard/D_code/tau0.1/ones/incl/k5/rG1007/ctl-usage,1007,usage,5,304,12.683484716556222
main/E_lab/code_leaning_hard/D_code/tau0.1/ones/incl/k5/rG1007/ctl-usage,1007,usage,5,305,12.723356848291587
main/E_lab/code_leaning_hard/D_code/tau0.1/ones/incl/k5/rG1007/ctl-usage,1007,usage,5,306,14.250158034443757
main/E_lab/code_leaning_hard/D_code/tau0.1/ones/incl/k5/rG1007/ctl-usage,1007,usage,5,307,12.050305866856661
main/E_lab/code_leaning_hard/D_code/tau0.1/ones/incl/k5/rG1007/ctl-usage,1007,usage,5,308,12.217936467173786
main/E_lab/code_leaning_hard/D_code/tau0.1/ones/incl/k5/rG1007/ctl-usage,1007,usage,5,309,12.365537532331473
main/E_lab/code_leaning_hard/D_code/tau0.1/ones/incl/k5/rG1007/ctl-usage,1007,usage,5,310,12.421167223636985
main/E_lab/code_leaning_hard/D_code/tau0.1/ones/incl/k5/rG1007/ctl-usage,1007,usage,5,311,11.641194836780414
main/E_lab/code_leaning_hard/D_code/tau0.1/ones/incl/k5/rG1007/ctl-usage,1007,usage,5,312,12.066773704740172
main/E_lab/code_leaning_hard/D_code/tau0.1/ones/incl/k5/rG1007/ctl-usage,1007,usage,5,313,11.614034319631173
main/E_lab/code_leaning_hard/D_code/tau0.1/ones/incl/k5/rG1007/ctl-usage,1007,usage,5,314,11.562135625812061
main/E_lab/code_leaning_hard/D_code/tau0.1/ones/incl/k5/rG1007/ctl-usage,1007,usage,5,315,11.555288041787207
main/E_lab/code_leaning_hard/D_code/tau0.1/ones/incl/k5/rG1007/ctl-usage,1007,usage,5,316,12.011593217672157
main/E_lab/code_leaning_hard/D_code/tau0.1/ones/incl/k5/rG1007/ctl-usage,1007,usage,5,317,11.948635451466089
main/E_lab/code_leaning_hard/D_code/tau0.1/ones/incl/k5/rG1007/ctl-usage,1007,usage,5,318,11.834091276439722
main/E_lab/code_leaning_hard/D_code/tau0.1/ones/incl/k5/rG1007/ctl-usage,1007,usage,5,319,11.448015547860336
main/E_lab/code_leaning_hard/D_code/tau0.1/ones/incl/k5/rG1007/ctl-usage,1007,usage,5,320,14.796316765919073
main/E_lab/code_leaning_hard/D_code/tau0.1/ones/incl/k5/rG1007/ctl-usage,1007,usage,5,321,14.113206837385064
main/E_lab/code_leaning_hard/D_code/tau0.1/ones/incl/k5/rG1007/ctl-usage,1007,usage,5,322,15.593975667819905
main/E_lab/code_leaning_hard/D_code/tau0.1/ones/incl/k5/rG1007/ctl-usage,1007,usage,5,323,14.121789394108418
main/E_lab/code_leaning_hard/D_code/tau0.1/ones/incl/k5/rG1007/ctl-usage,1007,usage,5,324,13.214289542559754
main/E_lab/code_leaning_hard/D_code/tau0.1/ones/incl/k5/rG1007/ctl-usage,1007,usage,5,325,14.733591399191482
main/E_lab/code_leaning_hard/D_code/tau0.1/ones/incl/k5/rG1007/ctl-usage,1007,usage,5,326,15.973376919079783
main/E_lab/code_leaning_hard/D_code/tau0.1/ones/incl/k5/rG1007/ctl-usage,1007,usage,5,327,14.282333268325146
main/E_lab/code_leaning_hard/D_code/tau0.1/ones/incl/k5/rG1007/ctl-usage,1007,usage,5,328,14.683437975944798
main/E_lab/code_leaning_hard/D_code/tau0.1/ones/incl/k5/rG1007/ctl-usage,1007,usage,5,329,14.530196232404705
main/E_lab/code_leaning_hard/D_code/tau0.1/ones/incl/k5/rG1007/ctl-usage,1007,usage,5,330,14.887780822384457
main/E_lab/code_leaning_hard/D_code/tau0.1/ones/incl/k5/rG1007/ctl-usage,1007,usage,5,331,14.079882947115038
main/E_lab/code_leaning_hard/D_code/tau0.1/ones/incl/k5/rG1007/ctl-usage,1007,usage,5,332,16.27278542750446
main/E_lab/code_leaning_hard/D_code/tau0.1/ones/incl/k5/rG1007/ctl-usage,1007,usage,5,333,13.200580919298773
main/E_lab/code_leaning_hard/D_code/tau0.1/ones/incl/k5/rG1007/ctl-usage,1007,usage,5,334,13.66063656904771
main/E_lab/code_leaning_hard/D_code/tau0.1/ones/incl/k5/rG1007/ctl-usage,1007,usage,5,335,14.242630911201104
main/E_lab/code_leaning_hard/D_code/tau0.1/ones/incl/k5/rG1007/ctl-usage,1007,usage,5,336,13.74773241636558
main/E_lab/code_leaning_hard/D_code/tau0.1/ones/incl/k5/rG1007/ctl-usage,1007,usage,5,337,11.491428712916786
main/E_lab/code_leaning_hard/D_code/tau0.1/ones/incl/k5/rG1007/ctl-usage,1007,usage,5,338,13.377692427923648
main/E_lab/code_leaning_hard/D_code/tau0.1/ones/incl/k5/rG1007/ctl-usage,1007,usage,5,339,12.19582057231662
main/E_lab/code_leaning_hard/D_code/tau0.1/ones/incl/k5/rG1007/ctl-usage,1007,usage,5,340,14.598204663867364
main/E_lab/code_leaning_hard/D_code/tau0.1/ones/incl/k5/rG1007/ctl-usage,1007,usage,5,341,14.35108556063642
main/E_lab/code_leaning_hard/D_code/tau0.1/ones/incl/k5/rG1007/ctl-usage,1007,usage,5,342,14.989327197083867
main/E_lab/code_leaning_hard/D_code/tau0.1/ones/incl/k5/rG1007/ctl-usage,1007,usage,5,343,14.637548629185403
main/E_lab/code_leaning_hard/D_code/tau0.1/ones/incl/k5/rG1007/ctl-usage,1007,usage,5,344,13.079795573998581
main/E_lab/code_leaning_hard/D_code/tau0.1/ones/incl/k5/rG1007/ctl-usage,1007,usage,5,345,14.653983590478504
main/E_lab/code_leaning_hard/D_code/tau0.1/ones/incl/k5/rG1007/ctl-usage,1007,usage,5,346,14.464422759352601
main/E_lab/code_leaning_hard/D_code/tau0.1/ones/incl/k5/rG1007/ctl-usage,1007,usage,5,347,14.390411360610415
main/E_lab/code_leaning_hard/D_code/tau0.1/ones/incl/k5/rG1007/ctl-usage,1007,usage,5,348,13.467022909361503
main/E_lab/code_leaning_hard/D_code/tau0.1/ones/incl/k5/rG1007/ctl-usage,1007,usage,5,349,14.463739744295708
main/E_lab/code_leaning_hard/D_code/tau0.1/ones/incl/k5/rG1007/ctl-usage,1007,usage,5,350,13.98674924189686
main/E_lab/code_leaning_hard/D_code/tau0.1/ones/incl/k5/rG1007/ctl-usage,1007,usage,5,351,14.121757603282731
main/E_lab/code_leaning_hard/D_code/tau0.1/ones/incl/k5/rG1007/ctl-usage,1007,usage,5,352,11.626503811913835
main/E_lab/code_leaning_hard/D_code/tau0.1/ones/incl/k5/rG1007/ctl-usage,1007,usage,5,353,15.855137674017897
main/E_lab/code_leaning_hard/D_code/tau0.1/ones/incl/k5/rG1007/ctl-usage,1007,usage,5,354,13.805498130717865
main/E_lab/code_leaning_hard/D_code/tau0.1/ones/incl/k5/rG1007/ctl-usage,1007,usage,5,355,16.492925577602364
main/E_lab/code_leaning_hard/D_code/tau0.1/ones/incl/k5/rG1007/ctl-usage,1007,usage,5,356,13.053696142153512
main/E_lab/code_leaning_hard/D_code/tau0.1/ones/incl/k5/rG1007/ctl-usage,1007,usage,5,357,11.958960016375386
main/E_lab/code_leaning_hard/D_code/tau0.1/ones/incl/k5/rG1007/ctl-usage,1007,usage,5,358,12.889499326853638
main/E_lab/code_leaning_hard/D_code/tau0.1/ones/incl/k5/rG1007/ctl-usage,1007,usage,5,359,12.505011324870338
main/E_lab/code_leaning_hard/D_code/tau0.1/ones/incl/k5/rG1007/ctl-usage,1007,usage,5,360,12.510589586577225
main/E_lab/code_leaning_hard/D_code/tau0.1/ones/incl/k5/rG1007/ctl-usage,1007,usage,5,361,14.661906932034299
main/E_lab/code_leaning_hard/D_code/tau0.1/ones/incl/k5/rG1007/ctl-usage,1007,usage,5,362,15.726314200491515
main/E_lab/code_leaning_hard/D_code/tau0.1/ones/incl/k5/rG1007/ctl-usage,1007,usage,5,363,11.887278196404623
main/E_lab/code_leaning_hard/D_code/tau0.1/ones/incl/k5/rG1007/ctl-usage,1007,usage,5,364,14.791782047371044
main/E_lab/code_leaning_hard/D_code/tau0.1/ones/incl/k5/rG1007/ctl-usage,1007,usage,5,365,16.143066489547323
main/E_lab/code_leaning_hard/D_code/tau0.1/ones/incl/k5/rG1007/ctl-usage,1007,usage,5,366,14.878179352949473
main/E_lab/code_leaning_hard/D_code/tau0.1/ones/incl/k5/rG1007/ctl-usage,1007,usage,5,367,12.91126928592712
main/E_lab/code_leaning_hard/D_code/tau0.1/ones/incl/k5/rG1007/ctl-usage,1007,usage,5,368,13.247882492345298
main/E_lab/code_leaning_hard/D_code/tau0.1/ones/incl/k5/rG1007/ctl-usage,1007,usage,5,369,14.11124499331072
main/E_lab/code_leaning_hard/D_code/tau0.1/ones/incl/k5/rG1007/ctl-usage,1007,usage,5,370,13.986832211803176
main/E_lab/code_leaning_hard/D_code/tau0.1/ones/incl/k5/rG1007/ctl-usage,1007,usage,5,371,12.964584476350865
main/E_lab/code_leaning_hard/D_code/tau0.1/ones/incl/k5/rG1007/ctl-usage,1007,usage,5,372,14.045164217227239
main/E_lab/code_leaning_hard/D_code/tau0.1/ones/incl/k5/rG1007/ctl-usage,1007,usage,5,373,12.68874670642731
main/E_lab/code_leaning_hard/D_code/tau0.1/ones/incl/k5/rG1007/ctl-usage,1007,usage,5,374,11.428872681219673
main/E_lab/code_leaning_hard/D_code/tau0.1/ones/incl/k5/rG1007/ctl-usage,1007,usage,5,375,12.749461240809524
main/E_lab/code_leaning_hard/D_code/tau0.1/ones/incl/k5/rG1007/ctl-usage,1007,usage,5,376,15.719140005538293
main/E_lab/code_leaning_hard/D_code/tau0.1/ones/incl/k5/rG1007/ctl-usage,1007,usage,5,377,13.463856968016444
main/E_lab/code_leaning_hard/D_code/tau0.1/ones/incl/k5/rG1007/ctl-usage,1007,usage,5,378,13.24462967792897
main/E_lab/code_leaning_hard/D_code/tau0.1/ones/incl/k5/rG1007/ctl-usage,1007,usage,5,379,13.19192855101619
main/E_lab/code_leaning_hard/D_code/tau0.1/ones/incl/k5/rG1007/ctl-usage,1007,usage,5,380,12.202330141748462
main/E_lab/code_leaning_hard/D_code/tau0.1/ones/incl/k5/rG1007/ctl-usage,1007,usage,5,381,13.471759353887137
main/E_lab/code_leaning_hard/D_code/tau0.1/ones/incl/k5/rG1007/ctl-usage,1007,usage,5,382,12.947459782827082
main/E_lab/code_leaning_hard/D_code/tau0.1/ones/incl/k5/rG1007/ctl-usage,1007,usage,5,383,13.047161435723865
main/E_lab/code_leaning_hard/D_code/tau0.1/ones/incl/k5/rG1007/ctl-usage,1007,usage,5,384,12.191543134747008
main/E_lab/code_leaning_hard/D_code/tau0.1/ones/incl/k5/rG1007/ctl-usage,1007,usage,5,385,6.4788832021588405
main/E_lab/code_leaning_hard/D_code/tau0.1/ones/incl/k5/rG1007/ctl-usage,1007,usage,5,386,7.800528228998701
main/E_lab/code_leaning_hard/D_code/tau0.1/ones/incl/k5/rG1007/ctl-usage,1007,usage,5,387,9.112875764914861
main/E_lab/code_leaning_hard/D_code/tau0.1/ones/incl/k5/rG1007/ctl-usage,1007,usage,5,388,5.542053240176301
main/E_lab/code_leaning_hard/D_code/tau0.1/ones/incl/k5/rG1007/ctl-usage,1007,usage,5,389,6.571192777163333
main/E_lab/code_leaning_hard/D_code/tau0.1/ones/incl/k5/rG1007/ctl-usage,1007,usage,5,390,6.067079928136991
main/E_lab/code_leaning_hard/D_code/tau0.1/ones/incl/k5/rG1007/ctl-usage,1007,usage,5,391,4.956949229104794
main/E_lab/code_leaning_hard/D_code/tau0.1/ones/incl/k5/rG1007/ctl-usage,1007,usage,5,392,7.3358549903700805
main/E_lab/code_leaning_hard/D_code/tau0.1/ones/incl/k5/rG1007/ctl-usage,1007,usage,5,393,6.413216197883685
main/E_lab/code_leaning_hard/D_code/tau0.1/ones/incl/k5/rG1007/ctl-usage,1007,usage,5,394,9.080022652123262
main/E_lab/code_leaning_hard/D_code/tau0.1/ones/incl/k5/rG1007/ctl-usage,1007,usage,5,395,7.9917062277741024
main/E_lab/code_leaning_hard/D_code/tau0.1/ones/incl/k5/rG1007/ctl-usage,1007,usage,5,396,8.1536693443677
main/E_lab/code_leaning_hard/D_code/tau0.1/ones/incl/k5/rG1007/ctl-usage,1007,usage,5,397,6.86902842150721
main/E_lab/code_leaning_hard/D_code/tau0.1/ones/incl/k5/rG1007/ctl-usage,1007,usage,5,398,11.359596286373062
main/E_lab/code_leaning_hard/D_code/tau0.1/ones/incl/k5/rG1007/ctl-usage,1007,usage,5,399,7.869653922208272
main/E_lab/code_leaning_hard/D_code/tau0.1/ones/incl/k5/rG1007/ctl-usage,1007,usage,5,400,3.635875697231313
main/E_lab/code_leaning_hard/D_code/tau0.1/ones/incl/k5/rG1007/ctl-usage,1007,usage,5,401,4.395068693240773
main/E_lab/code_leaning_hard/D_code/tau0.1/ones/incl/k5/rG1007/ctl-usage,1007,usage,5,402,7.487969403026909
main/E_lab/code_leaning_hard/D_code/tau0.1/ones/incl/k5/rG1007/ctl-usage,1007,usage,5,403,8.49657462913143
main/E_lab/code_leaning_hard/D_code/tau0.1/ones/incl/k5/rG1007/ctl-usage,1007,usage,5,404,6.58494244997587
main/E_lab/code_leaning_hard/D_code/tau0.1/ones/incl/k5/rG1007/ctl-usage,1007,usage,5,405,8.457233681429443
main/E_lab/code_leaning_hard/D_code/tau0.1/ones/incl/k5/rG1007/ctl-usage,1007,usage,5,406,7.537438146089926
main/E_lab/code_leaning_hard/D_code/tau0.1/ones/incl/k5/rG1007/ctl-usage,1007,usage,5,407,6.5845337841928995
main/E_lab/code_leaning_hard/D_code/tau0.1/ones/incl/k5/rG1007/ctl-usage,1007,usage,5,408,5.906515711165866
main/E_lab/code_leaning_hard/D_code/tau0.1/ones/incl/k5/rG1007/ctl-usage,1007,usage,5,409,8.768804565313985
main/E_lab/code_leaning_hard/D_code/tau0.1/ones/incl/k5/rG1007/ctl-usage,1007,usage,5,410,7.780403582545318
main/E_lab/code_leaning_hard/D_code/tau0.1/ones/incl/k5/rG1007/ctl-usage,1007,usage,5,411,9.680909465651894
main/E_lab/code_leaning_hard/D_code/tau0.1/ones/incl/k5/rG1007/ctl-usage,1007,usage,5,412,7.300110072339976
main/E_lab/code_leaning_hard/D_code/tau0.1/ones/incl/k5/rG1007/ctl-usage,1007,usage,5,413,9.180721282179547
main/E_lab/code_leaning_hard/D_code/tau0.1/ones/incl/k5/rG1007/ctl-usage,1007,usage,5,414,9.101738221945197
main/E_lab/code_leaning_hard/D_code/tau0.1/ones/incl/k5/rG1007/ctl-usage,1007,usage,5,415,6.2325101392407305
main/E_lab/code_leaning_hard/D_code/tau0.1/ones/incl/k5/rG1007/ctl-usage,1007,usage,5,416,7.269633166308267
main/E_lab/code_leaning_hard/D_code/tau0.1/ones/incl/k5/rG1007/ctl-usage,1007,usage,5,417,7.451386191370148
main/E_lab/code_leaning_hard/D_code/tau0.1/ones/incl/k5/rG1007/ctl-usage,1007,usage,5,418,8.380748451152613
main/E_lab/code_leaning_hard/D_code/tau0.1/ones/incl/k5/rG1007/ctl-usage,1007,usage,5,419,9.14393293321882
main/E_lab/code_leaning_hard/D_code/tau0.1/ones/incl/k5/rG1007/ctl-usage,1007,usage,5,420,8.586867707331294
main/E_lab/code_leaning_hard/D_code/tau0.1/ones/incl/k5/rG1007/ctl-usage,1007,usage,5,421,7.714212794559444
main/E_lab/code_leaning_hard/D_code/tau0.1/ones/incl/k5/rG1007/ctl-usage,1007,usage,5,422,6.69817582899941
main/E_lab/code_leaning_hard/D_code/tau0.1/ones/incl/k5/rG1007/ctl-usage,1007,usage,5,423,8.072755071722895
main/E_lab/code_leaning_hard/D_code/tau0.1/ones/incl/k5/rG1007/ctl-usage,1007,usage,5,424,5.07456252972861
main/E_lab/code_leaning_hard/D_code/tau0.1/ones/incl/k5/rG1007/ctl-usage,1007,usage,5,425,5.352955319294779
main/E_lab/code_leaning_hard/D_code/tau0.1/ones/incl/k5/rG1007/ctl-usage,1007,usage,5,426,7.479515075344352
main/E_lab/code_leaning_hard/D_code/tau0.1/ones/incl/k5/rG1007/ctl-usage,1007,usage,5,427,13.050100495409424
main/E_lab/code_leaning_hard/D_code/tau0.1/ones/incl/k5/rG1007/ctl-usage,1007,usage,5,428,8.930485374085038
main/E_lab/code_leaning_hard/D_code/tau0.1/ones/incl/k5/rG1007/ctl-usage,1007,usage,5,429,8.024855131125491
main/E_lab/code_leaning_hard/D_code/tau0.1/ones/incl/k5/rG1007/ctl-usage,1007,usage,5,430,6.296375197264069
main/E_lab/code_leaning_hard/D_code/tau0.1/ones/incl/k5/rG1007/ctl-usage,1007,usage,5,431,6.246039908753119
main/E_lab/code_leaning_hard/D_code/tau0.1/ones/incl/k5/rG1007/ctl-usage,1007,usage,5,432,7.916800445621448
main/E_lab/code_leaning_hard/D_code/tau0.1/ones/incl/k5/rG1007/ctl-usage,1007,usage,5,433,6.054903790695221
main/E_lab/code_leaning_hard/D_code/tau0.1/ones/incl/k5/rG1007/ctl-usage,1007,usage,5,434,5.071108054371507
main/E_lab/code_leaning_hard/D_code/tau0.1/ones/incl/k5/rG1007/ctl-usage,1007,usage,5,435,8.536960876750527
main/E_lab/code_leaning_hard/D_code/tau0.1/ones/incl/k5/rG1007/ctl-usage,1007,usage,5,436,8.473779906635627
main/E_lab/code_leaning_hard/D_code/tau0.1/ones/incl/k5/rG1007/ctl-usage,1007,usage,5,437,5.4803930710718305
main/E_lab/code_leaning_hard/D_code/tau0.1/ones/incl/k5/rG1007/ctl-usage,1007,usage,5,438,5.7445493954810445
main/E_lab/code_leaning_hard/D_code/tau0.1/ones/incl/k5/rG1007/ctl-usage,1007,usage,5,439,7.171532701264368
main/E_lab/code_leaning_hard/D_code/tau0.1/ones/incl/k5/rG1007/ctl-usage,1007,usage,5,440,8.613578764598515
main/E_lab/code_leaning_hard/D_code/tau0.1/ones/incl/k5/rG1007/ctl-usage,1007,usage,5,441,7.3069058600067365
main/E_lab/code_leaning_hard/D_code/tau0.1/ones/incl/k5/rG1007/ctl-usage,1007,usage,5,442,7.705523041602646
main/E_lab/code_leaning_hard/D_code/tau0.1/ones/incl/k5/rG1007/ctl-usage,1007,usage,5,443,13.772520071480926
main/E_lab/code_leaning_hard/D_code/tau0.1/ones/incl/k5/rG1007/ctl-usage,1007,usage,5,444,17.034962599945402
main/E_lab/code_leaning_hard/D_code/tau0.1/ones/incl/k5/rG1007/ctl-usage,1007,usage,5,445,15.02372513618593
main/E_lab/code_leaning_hard/D_code/tau0.1/ones/incl/k5/rG1007/ctl-usage,1007,usage,5,446,9.921612302157428
main/E_lab/code_leaning_hard/D_code/tau0.1/ones/incl/k5/rG1007/ctl-usage,1007,usage,5,447,9.84338168119666
main/E_lab/code_leaning_hard/D_code/tau0.1/ones/incl/k5/rG1007/ctl-usage,1007,usage,5,448,10.244812548482514
main/E_lab/code_leaning_hard/D_code/tau0.1/ones/incl/k5/rG1007/ctl-usage,1007,usage,5,449,10.865551574682286
main/E_lab/code_leaning_hard/D_code/tau0.1/ones/incl/k5/rG1007/ctl-usage,1007,usage,5,450,10.79447823574128
main/E_lab/code_leaning_hard/D_code/tau0.1/ones/incl/k5/rG1007/ctl-usage,1007,usage,5,451,10.34703099559556
main/E_lab/code_leaning_hard/D_code/tau0.1/ones/incl/k5/rG1007/ctl-usage,1007,usage,5,452,8.770722245060824
main/E_lab/code_leaning_hard/D_code/tau0.1/ones/incl/k5/rG1007/ctl-usage,1007,usage,5,453,8.990344847987217
main/E_lab/code_leaning_hard/D_code/tau0.1/ones/incl/k5/rG1007/ctl-usage,1007,usage,5,454,10.081477525302034
main/E_lab/code_leaning_hard/D_code/tau0.1/ones/incl/k5/rG1007/ctl-usage,1007,usage,5,455,9.785790359298517
main/E_lab/code_leaning_hard/D_code/tau0.1/ones/incl/k5/rG1007/ctl-usage,1007,usage,5,456,10.137000339026827
main/E_lab/code_leaning_hard/D_code/tau0.1/ones/incl/k5/rG1007/ctl-usage,1007,usage,5,457,10.843367034544372
main/E_lab/code_leaning_hard/D_code/tau0.1/ones/incl/k5/rG1007/ctl-usage,1007,usage,5,458,8.408801904432039
main/E_lab/code_leaning_hard/D_code/tau0.1/ones/incl/k5/rG1007/ctl-usage,1007,usage,5,459,8.348552999741514
main/E_lab/code_leaning_hard/D_code/tau0.1/ones/incl/k5/rG1007/ctl-usage,1007,usage,5,460,11.464403373826826
main/E_lab/code_leaning_hard/D_code/tau0.1/ones/incl/k5/rG1007/ctl-usage,1007,usage,5,461,12.772852851094285
main/E_lab/code_leaning_hard/D_code/tau0.1/ones/incl/k5/rG1007/ctl-usage,1007,usage,5,462,9.724146667940659
main/E_lab/code_leaning_hard/D_code/tau0.1/ones/incl/k5/rG1007/ctl-usage,1007,usage,5,463,10.273086350451194
main/E_lab/code_leaning_hard/D_code/tau0.1/ones/incl/k5/rG1007/ctl-usage,1007,usage,5,464,9.173966489372333
main/E_lab/code_leaning_hard/D_code/tau0.1/ones/incl/k5/rG1007/ctl-usage,1007,usage,5,465,9.72051925595838
main/E_lab/code_leaning_hard/D_code/tau0.1/ones/incl/k5/rG1007/ctl-usage,1007,usage,5,466,11.08385665232936
main/E_lab/code_leaning_hard/D_code/tau0.1/ones/incl/k5/rG1007/ctl-usage,1007,usage,5,467,9.983573315676722
main/E_lab/code_leaning_hard/D_code/tau0.1/ones/incl/k5/rG1007/ctl-usage,1007,usage,5,468,10.599515709636307
main/E_lab/code_leaning_hard/D_code/tau0.1/ones/incl/k5/rG1007/ctl-usage,1007,usage,5,469,11.404078635410315
main/E_lab/code_leaning_hard/D_code/tau0.1/ones/incl/k5/rG1007/ctl-usage,1007,usage,5,470,8.961576664371023
main/E_lab/code_leaning_hard/D_code/tau0.1/ones/incl/k5/rG1007/ctl-usage,1007,usage,5,471,9.336156377235511
main/E_lab/code_leaning_hard/D_code/tau0.1/ones/incl/k5/rG1007/ctl-usage,1007,usage,5,472,8.14037947744373
main/E_lab/code_leaning_hard/D_code/tau0.1/ones/incl/k5/rG1007/ctl-usage,1007,usage,5,473,7.554025630648084
main/E_lab/code_leaning_hard/D_code/tau0.1/ones/incl/k5/rG1007/ctl-usage,1007,usage,5,474,9.83962186342842
main/E_lab/code_leaning_hard/D_code/tau0.1/ones/incl/k5/rG1007/ctl-usage,1007,usage,5,475,9.253810480290667
main/E_lab/code_leaning_hard/D_code/tau0.1/ones/incl/k5/rG1007/ctl-usage,1007,usage,5,476,8.50063630817749
main/E_lab/code_leaning_hard/D_code/tau0.1/ones/incl/k5/rG1007/ctl-usage,1007,usage,5,477,10.90329450340414
main/E_lab/code_leaning_hard/D_code/tau0.1/ones/incl/k5/rG1007/ctl-usage,1007,usage,5,478,14.160713184350243
main/E_lab/code_leaning_hard/D_code/tau0.1/ones/incl/k5/rG1007/ctl-usage,1007,usage,5,479,11.871759174542603
main/E_lab/code_leaning_hard/D_code/tau0.1/ones/incl/k5/rG1007/ctl-usage,1007,usage,5,480,12.659402448950686
main/E_lab/code_leaning_hard/D_code/tau0.1/ones/incl/k5/rG1007/ctl-usage,1007,usage,5,481,11.62357115267696
main/E_lab/code_leaning_hard/D_code/tau0.1/ones/incl/k5/rG1007/ctl-usage,1007,usage,5,482,12.218164993990968
main/E_lab/code_leaning_hard/D_code/tau0.1/ones/incl/k5/rG1007/ctl-usage,1007,usage,5,483,11.718948191915388
main/E_lab/code_leaning_hard/D_code/tau0.1/ones/incl/k5/rG1007/ctl-usage,1007,usage,5,484,9.992183440611825
main/E_lab/code_leaning_hard/D_code/tau0.1/ones/incl/k5/rG1007/ctl-usage,1007,usage,5,485,10.91210978969184
main/E_lab/code_leaning_hard/D_code/tau0.1/ones/incl/k5/rG1007/ctl-usage,1007,usage,5,486,10.766770450034528
main/E_lab/code_leaning_hard/D_code/tau0.1/ones/incl/k5/rG1007/ctl-usage,1007,usage,5,487,10.330236843234388
main/E_lab/code_leaning_hard/D_code/tau0.1/ones/incl/k5/rG1007/ctl-usage,1007,usage,5,488,9.669223693764252
main/E_lab/code_leaning_hard/D_code/tau0.1/ones/incl/k5/rG1007/ctl-usage,1007,usage,5,489,9.277603317502326
main/E_lab/code_leaning_hard/D_code/tau0.1/ones/incl/k5/rG1007/ctl-usage,1007,usage,5,490,10.813806317991293
main/E_lab/code_leaning_hard/D_code/tau0.1/ones/incl/k5/rG1007/ctl-usage,1007,usage,5,491,9.918995714679795
main/E_lab/code_leaning_hard/D_code/tau0.1/ones/incl/k5/rG1007/ctl-usage,1007,usage,5,492,9.726819472379702
main/E_lab/code_leaning_hard/D_code/tau0.1/ones/incl/k5/rG1007/ctl-usage,1007,usage,5,493,9.673992259334796
main/E_lab/code_leaning_hard/D_code/tau0.1/ones/incl/k5/rG1007/ctl-usage,1007,usage,5,494,9.180543936741287
main/E_lab/code_leaning_hard/D_code/tau0.1/ones/incl/k5/rG1007/ctl-usage,1007,usage,5,495,7.4205010802950255
main/E_lab/code_leaning_hard/D_code/tau0.1/ones/incl/k5/rG1007/ctl-usage,1007,usage,5,496,9.22550583042721
main/E_lab/code_leaning_hard/D_code/tau0.1/ones/incl/k5/rG1007/ctl-usage,1007,usage,5,497,8.578257768385583
main/E_lab/code_leaning_hard/D_code/tau0.1/ones/incl/k5/rG1007/ctl-usage,1007,usage,5,498,8.526984800752416
main/E_lab/code_leaning_hard/D_code/tau0.1/ones/incl/k5/rG1007/ctl-usage,1007,usage,5,499,9.525080810470172
main/E_lab/code_leaning_hard/D_code/tau0.1/ones/incl/k5/rG1007/ctl-usage,1007,usage,5,500,8.196848814129226
main/E_lab/code_leaning_hard/D_code/tau0.1/ones/incl/k5/rG1007/ctl-usage,1007,usage,5,501,6.924334148170715
main/E_lab/code_leaning_hard/D_code/tau0.1/ones/incl/k5/rG1007/ctl-usage,1007,usage,5,502,8.919196972824693
main/E_lab/code_leaning_hard/D_code/tau0.1/ones/incl/k5/rG1007/ctl-usage,1007,usage,5,503,10.127254672709114
main/E_lab/code_leaning_hard/D_code/tau0.1/ones/incl/k5/rG1007/ctl-usage,1007,usage,5,504,10.057637875865112
main/E_lab/code_leaning_hard/D_code/tau0.1/ones/incl/k5/rG1007/ctl-usage,1007,usage,5,505,9.782329482394516
main/E_lab/code_leaning_hard/D_code/tau0.1/ones/incl/k5/rG1007/ctl-usage,1007,usage,5,506,9.61960596606059
main/E_lab/code_leaning_hard/D_code/tau0.1/ones/incl/k5/rG1007/ctl-usage,1007,usage,5,507,10.00967536298026
main/E_lab/code_leaning_hard/D_code/tau0.1/ones/incl/k5/rG1007/ctl-usage,1007,usage,5,508,10.005413965600155
main/E_lab/code_leaning_hard/D_code/tau0.1/ones/incl/k5/rG1007/ctl-usage,1007,usage,5,509,10.038625757147656
main/E_lab/code_leaning_hard/D_code/tau0.1/ones/incl/k5/rG1007/ctl-usage,1007,usage,5,510,10.08908869872539
main/E_lab/code_leaning_hard/D_code/tau0.1/ones/incl/k5/rG1007/ctl-usage,1007,usage,5,511,8.815061133289419
main/E_lab/code_leaning_hard/D_code/tau0.1/ones/incl/k6/rG1007/ctl-usage,1007,usage,6,0,6.18493369300063
main/E_lab/code_leaning_hard/D_code/tau0.1/ones/incl/k6/rG1007/ctl-usage,1007,usage,6,1,6.857511664043159
main/E_lab/code_leaning_hard/D_code/tau0.1/ones/incl/k6/rG1007/ctl-usage,1007,usage,6,2,7.447413164153431
main/E_lab/code_leaning_hard/D_code/tau0.1/ones/incl/k6/rG1007/ctl-usage,1007,usage,6,3,7.153305897617884
main/E_lab/code_leaning_hard/D_code/tau0.1/ones/incl/k6/rG1007/ctl-usage,1007,usage,6,4,5.171707027893717
main/E_lab/code_leaning_hard/D_code/tau0.1/ones/incl/k6/rG1007/ctl-usage,1007,usage,6,5,6.770394179487084
main/E_lab/code_leaning_hard/D_code/tau0.1/ones/incl/k6/rG1007/ctl-usage,1007,usage,6,6,7.489750600360367
main/E_lab/code_leaning_hard/D_code/tau0.1/ones/incl/k6/rG1007/ctl-usage,1007,usage,6,7,7.198464232355036
main/E_lab/code_leaning_hard/D_code/tau0.1/ones/incl/k6/rG1007/ctl-usage,1007,usage,6,8,8.991053565517177
main/E_lab/code_leaning_hard/D_code/tau0.1/ones/incl/k6/rG1007/ctl-usage,1007,usage,6,9,7.106269127590622
main/E_lab/code_leaning_hard/D_code/tau0.1/ones/incl/k6/rG1007/ctl-usage,1007,usage,6,10,6.326367484407456
main/E_lab/code_leaning_hard/D_code/tau0.1/ones/incl/k6/rG1007/ctl-usage,1007,usage,6,11,4.481371080330973
main/E_lab/code_leaning_hard/D_code/tau0.1/ones/incl/k6/rG1007/ctl-usage,1007,usage,6,12,4.875340527024946
main/E_lab/code_leaning_hard/D_code/tau0.1/ones/incl/k6/rG1007/ctl-usage,1007,usage,6,13,5.564818959619515
main/E_lab/code_leaning_hard/D_code/tau0.1/ones/incl/k6/rG1007/ctl-usage,1007,usage,6,14,6.351521555663567
main/E_lab/code_leaning_hard/D_code/tau0.1/ones/incl/k6/rG1007/ctl-usage,1007,usage,6,15,5.56381417387729
main/E_lab/code_leaning_hard/D_code/tau0.1/ones/incl/k6/rG1007/ctl-usage,1007,usage,6,16,5.608257124051761
main/E_lab/code_leaning_hard/D_code/tau0.1/ones/incl/k6/rG1007/ctl-usage,1007,usage,6,17,6.683937341678757
main/E_lab/code_leaning_hard/D_code/tau0.1/ones/incl/k6/rG1007/ctl-usage,1007,usage,6,18,5.955942952660962
main/E_lab/code_leaning_hard/D_code/tau0.1/ones/incl/k6/rG1007/ctl-usage,1007,usage,6,19,5.712309410887428
main/E_lab/code_leaning_hard/D_code/tau0.1/ones/incl/k6/rG1007/ctl-usage,1007,usage,6,20,6.228317147815687
main/E_lab/code_leaning_hard/D_code/tau0.1/ones/incl/k6/rG1007/ctl-usage,1007,usage,6,21,5.521702000191908
main/E_lab/code_leaning_hard/D_code/tau0.1/ones/incl/k6/rG1007/ctl-usage,1007,usage,6,22,6.042952018339292
main/E_lab/code_leaning_hard/D_code/tau0.1/ones/incl/k6/rG1007/ctl-usage,1007,usage,6,23,6.669374481115938
main/E_lab/code_leaning_hard/D_code/tau0.1/ones/incl/k6/rG1007/ctl-usage,1007,usage,6,24,5.923355548213976
main/E_lab/code_leaning_hard/D_code/tau0.1/ones/incl/k6/rG1007/ctl-usage,1007,usage,6,25,6.159356752779786
main/E_lab/code_leaning_hard/D_code/tau0.1/ones/incl/k6/rG1007/ctl-usage,1007,usage,6,26,8.778579114359673
main/E_lab/code_leaning_hard/D_code/tau0.1/ones/incl/k6/rG1007/ctl-usage,1007,usage,6,27,9.712197604965695
main/E_lab/code_leaning_hard/D_code/tau0.1/ones/incl/k6/rG1007/ctl-usage,1007,usage,6,28,8.052492149513
main/E_lab/code_leaning_hard/D_code/tau0.1/ones/incl/k6/rG1007/ctl-usage,1007,usage,6,29,7.107474562134939
main/E_lab/code_leaning_hard/D_code/tau0.1/ones/incl/k6/rG1007/ctl-usage,1007,usage,6,30,6.460911050804384
main/E_lab/code_leaning_hard/D_code/tau0.1/ones/incl/k6/rG1007/ctl-usage,1007,usage,6,31,7.301415089515558
main/E_lab/code_leaning_hard/D_code/tau0.1/ones/incl/k6/rG1007/ctl-usage,1007,usage,6,32,6.543625403844089
main/E_lab/code_leaning_hard/D_code/tau0.1/ones/incl/k6/rG1007/ctl-usage,1007,usage,6,33,8.050808871919571
main/E_lab/code_leaning_hard/D_code/tau0.1/ones/incl/k6/rG1007/ctl-usage,1007,usage,6,34,8.285213464885146
main/E_lab/code_leaning_hard/D_code/tau0.1/ones/incl/k6/rG1007/ctl-usage,1007,usage,6,35,5.635118206998868
main/E_lab/code_leaning_hard/D_code/tau0.1/ones/incl/k6/rG1007/ctl-usage,1007,usage,6,36,7.214744717812209
main/E_lab/code_leaning_hard/D_code/tau0.1/ones/incl/k6/rG1007/ctl-usage,1007,usage,6,37,5.237393064016487
main/E_lab/code_leaning_hard/D_code/tau0.1/ones/incl/k6/rG1007/ctl-usage,1007,usage,6,38,6.649541919741296
main/E_lab/code_leaning_hard/D_code/tau0.1/ones/incl/k6/rG1007/ctl-usage,1007,usage,6,39,10.586208912922757
main/E_lab/code_leaning_hard/D_code/tau0.1/ones/incl/k6/rG1007/ctl-usage,1007,usage,6,40,10.484601568367907
main/E_lab/code_leaning_hard/D_code/tau0.1/ones/incl/k6/rG1007/ctl-usage,1007,usage,6,41,15.244307489503626
main/E_lab/code_leaning_hard/D_code/tau0.1/ones/incl/k6/rG1007/ctl-usage,1007,usage,6,42,9.336190809183336
main/E_lab/code_leaning_hard/D_code/tau0.1/ones/incl/k6/rG1007/ctl-usage,1007,usage,6,43,6.583220878447719
main/E_lab/code_leaning_hard/D_code/tau0.1/ones/incl/k6/rG1007/ctl-usage,1007,usage,6,44,5.1711634947560015
main/E_lab/code_leaning_hard/D_code/tau0.1/ones/incl/k6/rG1007/ctl-usage,1007,usage,6,45,5.989378899316762
main/E_lab/code_leaning_hard/D_code/tau0.1/ones/incl/k6/rG1007/ctl-usage,1007,usage,6,46,6.835451875336389
main/E_lab/code_leaning_hard/D_code/tau0.1/ones/incl/k6/rG1007/ctl-usage,1007,usage,6,47,6.875804828813443
main/E_lab/code_leaning_hard/D_code/tau0.1/ones/incl/k6/rG1007/ctl-usage,1007,usage,6,48,6.460086336293784
main/E_lab/code_leaning_hard/D_code/tau0.1/ones/incl/k6/rG1007/ctl-usage,1007,usage,6,49,6.131629165045979
main/E_lab/code_leaning_hard/D_code/tau0.1/ones/incl/k6/rG1007/ctl-usage,1007,usage,6,50,7.091801842389032
main/E_lab/code_leaning_hard/D_code/tau0.1/ones/incl/k6/rG1007/ctl-usage,1007,usage,6,51,8.721088543537007
main/E_lab/code_leaning_hard/D_code/tau0.1/ones/incl/k6/rG1007/ctl-usage,1007,usage,6,52,6.082542158929982
main/E_lab/code_leaning_hard/D_code/tau0.1/ones/incl/k6/rG1007/ctl-usage,1007,usage,6,53,6.53869124146604
main/E_lab/code_leaning_hard/D_code/tau0.1/ones/incl/k6/rG1007/ctl-usage,1007,usage,6,54,5.656554116363623
main/E_lab/code_leaning_hard/D_code/tau0.1/ones/incl/k6/rG1007/ctl-usage,1007,usage,6,55,6.99594589801427
main/E_lab/code_leaning_hard/D_code/tau0.1/ones/incl/k6/rG1007/ctl-usage,1007,usage,6,56,5.92122837420311
main/E_lab/code_leaning_hard/D_code/tau0.1/ones/incl/k6/rG1007/ctl-usage,1007,usage,6,57,6.304421233849553
main/E_lab/code_leaning_hard/D_code/tau0.1/ones/incl/k6/rG1007/ctl-usage,1007,usage,6,58,5.075599240555675
main/E_lab/code_leaning_hard/D_code/tau0.1/ones/incl/k6/rG1007/ctl-usage,1007,usage,6,59,5.459972613583659
main/E_lab/code_leaning_hard/D_code/tau0.1/ones/incl/k6/rG1007/ctl-usage,1007,usage,6,60,6.909701580478213
main/E_lab/code_leaning_hard/D_code/tau0.1/ones/incl/k6/rG1007/ctl-usage,1007,usage,6,61,5.747377536647946
main/E_lab/code_leaning_hard/D_code/tau0.1/ones/incl/k6/rG1007/ctl-usage,1007,usage,6,62,5.705232452120981
main/E_lab/code_leaning_hard/D_code/tau0.1/ones/incl/k6/rG1007/ctl-usage,1007,usage,6,63,5.399754060742907
main/E_lab/code_leaning_hard/D_code/tau0.1/ones/incl/k6/rG1007/ctl-usage,1007,usage,6,64,6.637622899218059
main/E_lab/code_leaning_hard/D_code/tau0.1/ones/incl/k6/rG1007/ctl-usage,1007,usage,6,65,6.980021530060185
main/E_lab/code_leaning_hard/D_code/tau0.1/ones/incl/k6/rG1007/ctl-usage,1007,usage,6,66,11.913241051237037
main/E_lab/code_leaning_hard/D_code/tau0.1/ones/incl/k6/rG1007/ctl-usage,1007,usage,6,67,16.921203862596087
main/E_lab/code_leaning_hard/D_code/tau0.1/ones/incl/k6/rG1007/ctl-usage,1007,usage,6,68,17.006868971109043
main/E_lab/code_leaning_hard/D_code/tau0.1/ones/incl/k6/rG1007/ctl-usage,1007,usage,6,69,12.182938456753163
main/E_lab/code_leaning_hard/D_code/tau0.1/ones/incl/k6/rG1007/ctl-usage,1007,usage,6,70,21.76412663372912
main/E_lab/code_leaning_hard/D_code/tau0.1/ones/incl/k6/rG1007/ctl-usage,1007,usage,6,71,21.350248301554075
main/E_lab/code_leaning_hard/D_code/tau0.1/ones/incl/k6/rG1007/ctl-usage,1007,usage,6,72,20.6714274470354
main/E_lab/code_leaning_hard/D_code/tau0.1/ones/incl/k6/rG1007/ctl-usage,1007,usage,6,73,20.547417888677728
main/E_lab/code_leaning_hard/D_code/tau0.1/ones/incl/k6/rG1007/ctl-usage,1007,usage,6,74,13.884644918786535
main/E_lab/code_leaning_hard/D_code/tau0.1/ones/incl/k6/rG1007/ctl-usage,1007,usage,6,75,18.510939596507114
main/E_lab/code_leaning_hard/D_code/tau0.1/ones/incl/k6/rG1007/ctl-usage,1007,usage,6,76,19.09460023561985
main/E_lab/code_leaning_hard/D_code/tau0.1/ones/incl/k6/rG1007/ctl-usage,1007,usage,6,77,19.797197579630165
main/E_lab/code_leaning_hard/D_code/tau0.1/ones/incl/k6/rG1007/ctl-usage,1007,usage,6,78,19.992988529889317
main/E_lab/code_leaning_hard/D_code/tau0.1/ones/incl/k6/rG1007/ctl-usage,1007,usage,6,79,15.659658074238678
main/E_lab/code_leaning_hard/D_code/tau0.1/ones/incl/k6/rG1007/ctl-usage,1007,usage,6,80,20.663221111914254
main/E_lab/code_leaning_hard/D_code/tau0.1/ones/incl/k6/rG1007/ctl-usage,1007,usage,6,81,19.65765065103301
main/E_lab/code_leaning_hard/D_code/tau0.1/ones/incl/k6/rG1007/ctl-usage,1007,usage,6,82,20.372543414885627
main/E_lab/code_leaning_hard/D_code/tau0.1/ones/incl/k6/rG1007/ctl-usage,1007,usage,6,83,20.102332116873754
main/E_lab/code_leaning_hard/D_code/tau0.1/ones/incl/k6/rG1007/ctl-usage,1007,usage,6,84,20.00492277209605
main/E_lab/code_leaning_hard/D_code/tau0.1/ones/incl/k6/rG1007/ctl-usage,1007,usage,6,85,20.50377626894408
main/E_lab/code_leaning_hard/D_code/tau0.1/ones/incl/k6/rG1007/ctl-usage,1007,usage,6,86,20.953738005905052
main/E_lab/code_leaning_hard/D_code/tau0.1/ones/incl/k6/rG1007/ctl-usage,1007,usage,6,87,20.31144306724252
main/E_lab/code_leaning_hard/D_code/tau0.1/ones/incl/k6/rG1007/ctl-usage,1007,usage,6,88,21.261355424594285
main/E_lab/code_leaning_hard/D_code/tau0.1/ones/incl/k6/rG1007/ctl-usage,1007,usage,6,89,10.16203284004132
main/E_lab/code_leaning_hard/D_code/tau0.1/ones/incl/k6/rG1007/ctl-usage,1007,usage,6,90,6.711237602136862
main/E_lab/code_leaning_hard/D_code/tau0.1/ones/incl/k6/rG1007/ctl-usage,1007,usage,6,91,5.4856995911968625
main/E_lab/code_leaning_hard/D_code/tau0.1/ones/incl/k6/rG1007/ctl-usage,1007,usage,6,92,8.400589686531475
main/E_lab/code_leaning_hard/D_code/tau0.1/ones/incl/k6/rG1007/ctl-usage,1007,usage,6,93,7.67130978662999
main/E_lab/code_leaning_hard/D_code/tau0.1/ones/incl/k6/rG1007/ctl-usage,1007,usage,6,94,6.339825228196787
main/E_lab/code_leaning_hard/D_code/tau0.1/ones/incl/k6/rG1007/ctl-usage,1007,usage,6,95,5.929590451034528
main/E_lab/code_leaning_hard/D_code/tau0.1/ones/incl/k6/rG1007/ctl-usage,1007,usage,6,96,6.327794135290333
main/E_lab/code_leaning_hard/D_code/tau0.1/ones/incl/k6/rG1007/ctl-usage,1007,usage,6,97,6.103833587756981
main/E_lab/code_leaning_hard/D_code/tau0.1/ones/incl/k6/rG1007/ctl-usage,1007,usage,6,98,6.922269746434495
main/E_lab/code_leaning_hard/D_code/tau0.1/ones/incl/k6/rG1007/ctl-usage,1007,usage,6,99,6.705203614076709
main/E_lab/code_leaning_hard/D_code/tau0.1/ones/incl/k6/rG1007/ctl-usage,1007,usage,6,100,7.2497557107433295
main/E_lab/code_leaning_hard/D_code/tau0.1/ones/incl/k6/rG1007/ctl-usage,1007,usage,6,101,5.368047537462644
main/E_lab/code_leaning_hard/D_code/tau0.1/ones/incl/k6/rG1007/ctl-usage,1007,usage,6,102,7.129444258651347
main/E_lab/code_leaning_hard/D_code/tau0.1/ones/incl/k6/rG1007/ctl-usage,1007,usage,6,103,8.42191052075259
main/E_lab/code_leaning_hard/D_code/tau0.1/ones/incl/k6/rG1007/ctl-usage,1007,usage,6,104,6.411954142644845
main/E_lab/code_leaning_hard/D_code/tau0.1/ones/incl/k6/rG1007/ctl-usage,1007,usage,6,105,7.380701682186441
main/E_lab/code_leaning_hard/D_code/tau0.1/ones/incl/k6/rG1007/ctl-usage,1007,usage,6,106,6.9223726202608304
main/E_lab/code_leaning_hard/D_code/tau0.1/ones/incl/k6/rG1007/ctl-usage,1007,usage,6,107,7.585894550682042
main/E_lab/code_leaning_hard/D_code/tau0.1/ones/incl/k6/rG1007/ctl-usage,1007,usage,6,108,6.977615731424066
main/E_lab/code_leaning_hard/D_code/tau0.1/ones/incl/k6/rG1007/ctl-usage,1007,usage,6,109,7.570878900814478
main/E_lab/code_leaning_hard/D_code/tau0.1/ones/incl/k6/rG1007/ctl-usage,1007,usage,6,110,7.902723240756131
main/E_lab/code_leaning_hard/D_code/tau0.1/ones/incl/k6/rG1007/ctl-usage,1007,usage,6,111,7.758378387260564
main/E_lab/code_leaning_hard/D_code/tau0.1/ones/incl/k6/rG1007/ctl-usage,1007,usage,6,112,7.319710107176434
main/E_lab/code_leaning_hard/D_code/tau0.1/ones/incl/k6/rG1007/ctl-usage,1007,usage,6,113,7.813673781065745
main/E_lab/code_leaning_hard/D_code/tau0.1/ones/incl/k6/rG1007/ctl-usage,1007,usage,6,114,7.132162336484043
main/E_lab/code_leaning_hard/D_code/tau0.1/ones/incl/k6/rG1007/ctl-usage,1007,usage,6,115,7.397679267397507
main/E_lab/code_leaning_hard/D_code/tau0.1/ones/incl/k6/rG1007/ctl-usage,1007,usage,6,116,5.204390957542273
main/E_lab/code_leaning_hard/D_code/tau0.1/ones/incl/k6/rG1007/ctl-usage,1007,usage,6,117,6.36238255514354
main/E_lab/code_leaning_hard/D_code/tau0.1/ones/incl/k6/rG1007/ctl-usage,1007,usage,6,118,5.794941309629394
main/E_lab/code_leaning_hard/D_code/tau0.1/ones/incl/k6/rG1007/ctl-usage,1007,usage,6,119,6.115554371637245
main/E_lab/code_leaning_hard/D_code/tau0.1/ones/incl/k6/rG1007/ctl-usage,1007,usage,6,120,4.898039400482048
main/E_lab/code_leaning_hard/D_code/tau0.1/ones/incl/k6/rG1007/ctl-usage,1007,usage,6,121,6.870409711722914
main/E_lab/code_leaning_hard/D_code/tau0.1/ones/incl/k6/rG1007/ctl-usage,1007,usage,6,122,9.21613880850282
main/E_lab/code_leaning_hard/D_code/tau0.1/ones/incl/k6/rG1007/ctl-usage,1007,usage,6,123,11.642591250017972
main/E_lab/code_leaning_hard/D_code/tau0.1/ones/incl/k6/rG1007/ctl-usage,1007,usage,6,124,9.24291600626998
main/E_lab/code_leaning_hard/D_code/tau0.1/ones/incl/k6/rG1007/ctl-usage,1007,usage,6,125,5.569819129646021
main/E_lab/code_leaning_hard/D_code/tau0.1/ones/incl/k6/rG1007/ctl-usage,1007,usage,6,126,7.308446588437619
main/E_lab/code_leaning_hard/D_code/tau0.1/ones/incl/k6/rG1007/ctl-usage,1007,usage,6,127,6.885652314023446
main/E_lab/code_leaning_hard/D_code/tau0.1/ones/incl/k6/rG1007/ctl-usage,1007,usage,6,128,6.009283543962738
main/E_lab/code_leaning_hard/D_code/tau0.1/ones/incl/k6/rG1007/ctl-usage,1007,usage,6,129,6.475190410153118
main/E_lab/code_leaning_hard/D_code/tau0.1/ones/incl/k6/rG1007/ctl-usage,1007,usage,6,130,6.667495808417698
main/E_lab/code_leaning_hard/D_code/tau0.1/ones/incl/k6/rG1007/ctl-usage,1007,usage,6,131,6.766912666626013
main/E_lab/code_leaning_hard/D_code/tau0.1/ones/incl/k6/rG1007/ctl-usage,1007,usage,6,132,7.490245152965599
main/E_lab/code_leaning_hard/D_code/tau0.1/ones/incl/k6/rG1007/ctl-usage,1007,usage,6,133,8.001151214921038
main/E_lab/code_leaning_hard/D_code/tau0.1/ones/incl/k6/rG1007/ctl-usage,1007,usage,6,134,5.790868797366329
main/E_lab/code_leaning_hard/D_code/tau0.1/ones/incl/k6/rG1007/ctl-usage,1007,usage,6,135,5.448556219172588
main/E_lab/code_leaning_hard/D_code/tau0.1/ones/incl/k6/rG1007/ctl-usage,1007,usage,6,136,8.186763173319832
main/E_lab/code_leaning_hard/D_code/tau0.1/ones/incl/k6/rG1007/ctl-usage,1007,usage,6,137,7.1046522233800715
main/E_lab/code_leaning_hard/D_code/tau0.1/ones/incl/k6/rG1007/ctl-usage,1007,usage,6,138,7.131673292864889
main/E_lab/code_leaning_hard/D_code/tau0.1/ones/incl/k6/rG1007/ctl-usage,1007,usage,6,139,7.1029675710967695
main/E_lab/code_leaning_hard/D_code/tau0.1/ones/incl/k6/rG1007/ctl-usage,1007,usage,6,140,7.936303214268037
main/E_lab/code_leaning_hard/D_code/tau0.1/ones/incl/k6/rG1007/ctl-usage,1007,usage,6,141,7.865764749096343
main/E_lab/code_leaning_hard/D_code/tau0.1/ones/incl/k6/rG1007/ctl-usage,1007,usage,6,142,8.027348285458174
main/E_lab/code_leaning_hard/D_code/tau0.1/ones/incl/k6/rG1007/ctl-usage,1007,usage,6,143,7.990175452410767
main/E_lab/code_leaning_hard/D_code/tau0.1/ones/incl/k6/rG1007/ctl-usage,1007,usage,6,144,8.034348618012245
main/E_lab/code_leaning_hard/D_code/tau0.1/ones/incl/k6/rG1007/ctl-usage,1007,usage,6,145,7.977653630006898
main/E_lab/code_leaning_hard/D_code/tau0.1/ones/incl/k6/rG1007/ctl-usage,1007,usage,6,146,10.303193530994122
main/E_lab/code_leaning_hard/D_code/tau0.1/ones/incl/k6/rG1007/ctl-usage,1007,usage,6,147,7.2065808164825285
main/E_lab/code_leaning_hard/D_code/tau0.1/ones/incl/k6/rG1007/ctl-usage,1007,usage,6,148,11.969710036812103
main/E_lab/code_leaning_hard/D_code/tau0.1/ones/incl/k6/rG1007/ctl-usage,1007,usage,6,149,14.950195944530265
main/E_lab/code_leaning_hard/D_code/tau0.1/ones/incl/k6/rG1007/ctl-usage,1007,usage,6,150,12.479271310962076
main/E_lab/code_leaning_hard/D_code/tau0.1/ones/incl/k6/rG1007/ctl-usage,1007,usage,6,151,12.222568716646038
main/E_lab/code_leaning_hard/D_code/tau0.1/ones/incl/k6/rG1007/ctl-usage,1007,usage,6,152,12.59798207816516
main/E_lab/code_leaning_hard/D_code/tau0.1/ones/incl/k6/rG1007/ctl-usage,1007,usage,6,153,10.805057039698227
main/E_lab/code_leaning_hard/D_code/tau0.1/ones/incl/k6/rG1007/ctl-usage,1007,usage,6,154,14.764675490735954
main/E_lab/code_leaning_hard/D_code/tau0.1/ones/incl/k6/rG1007/ctl-usage,1007,usage,6,155,18.606800070674808
main/E_lab/code_leaning_hard/D_code/tau0.1/ones/incl/k6/rG1007/ctl-usage,1007,usage,6,156,17.10062353761259
main/E_lab/code_leaning_hard/D_code/tau0.1/ones/incl/k6/rG1007/ctl-usage,1007,usage,6,157,17.707757901619743
main/E_lab/code_leaning_hard/D_code/tau0.1/ones/incl/k6/rG1007/ctl-usage,1007,usage,6,158,9.118727775808111
main/E_lab/code_leaning_hard/D_code/tau0.1/ones/incl/k6/rG1007/ctl-usage,1007,usage,6,159,7.210819200954802
main/E_lab/code_leaning_hard/D_code/tau0.1/ones/incl/k6/rG1007/ctl-usage,1007,usage,6,160,9.804600833664608
main/E_lab/code_leaning_hard/D_code/tau0.1/ones/incl/k6/rG1007/ctl-usage,1007,usage,6,161,10.465200712692422
main/E_lab/code_leaning_hard/D_code/tau0.1/ones/incl/k6/rG1007/ctl-usage,1007,usage,6,162,7.040021859410672
main/E_lab/code_leaning_hard/D_code/tau0.1/ones/incl/k6/rG1007/ctl-usage,1007,usage,6,163,5.696520236899687
main/E_lab/code_leaning_hard/D_code/tau0.1/ones/incl/k6/rG1007/ctl-usage,1007,usage,6,164,4.764395083002
main/E_lab/code_leaning_hard/D_code/tau0.1/ones/incl/k6/rG1007/ctl-usage,1007,usage,6,165,4.32493968555309
main/E_lab/code_leaning_hard/D_code/tau0.1/ones/incl/k6/rG1007/ctl-usage,1007,usage,6,166,4.852514251438151
main/E_lab/code_leaning_hard/D_code/tau0.1/ones/incl/k6/rG1007/ctl-usage,1007,usage,6,167,5.257510898655255
main/E_lab/code_leaning_hard/D_code/tau0.1/ones/incl/k6/rG1007/ctl-usage,1007,usage,6,168,5.544916021154222
main/E_lab/code_leaning_hard/D_code/tau0.1/ones/incl/k6/rG1007/ctl-usage,1007,usage,6,169,6.141211680617744
main/E_lab/code_leaning_hard/D_code/tau0.1/ones/incl/k6/rG1007/ctl-usage,1007,usage,6,170,6.423169934217981
main/E_lab/code_leaning_hard/D_code/tau0.1/ones/incl/k6/rG1007/ctl-usage,1007,usage,6,171,4.3024330017451575
main/E_lab/code_leaning_hard/D_code/tau0.1/ones/incl/k6/rG1007/ctl-usage,1007,usage,6,172,6.745342141835408
main/E_lab/code_leaning_hard/D_code/tau0.1/ones/incl/k6/rG1007/ctl-usage,1007,usage,6,173,7.54658271588778
main/E_lab/code_leaning_hard/D_code/tau0.1/ones/incl/k6/rG1007/ctl-usage,1007,usage,6,174,10.976613506803915
main/E_lab/code_leaning_hard/D_code/tau0.1/ones/incl/k6/rG1007/ctl-usage,1007,usage,6,175,8.522650664682033
main/E_lab/code_leaning_hard/D_code/tau0.1/ones/incl/k6/rG1007/ctl-usage,1007,usage,6,176,9.523640962097943
main/E_lab/code_leaning_hard/D_code/tau0.1/ones/incl/k6/rG1007/ctl-usage,1007,usage,6,177,8.897197206692454
main/E_lab/code_leaning_hard/D_code/tau0.1/ones/incl/k6/rG1007/ctl-usage,1007,usage,6,178,8.673246451810428
main/E_lab/code_leaning_hard/D_code/tau0.1/ones/incl/k6/rG1007/ctl-usage,1007,usage,6,179,7.80208747499546
main/E_lab/code_leaning_hard/D_code/tau0.1/ones/incl/k6/rG1007/ctl-usage,1007,usage,6,180,7.003467580621418
main/E_lab/code_leaning_hard/D_code/tau0.1/ones/incl/k6/rG1007/ctl-usage,1007,usage,6,181,6.2540933673453765
main/E_lab/code_leaning_hard/D_code/tau0.1/ones/incl/k6/rG1007/ctl-usage,1007,usage,6,182,7.633047468429368
main/E_lab/code_leaning_hard/D_code/tau0.1/ones/incl/k6/rG1007/ctl-usage,1007,usage,6,183,7.054675992623743
main/E_lab/code_leaning_hard/D_code/tau0.1/ones/incl/k6/rG1007/ctl-usage,1007,usage,6,184,6.727935526279907
main/E_lab/code_leaning_hard/D_code/tau0.1/ones/incl/k6/rG1007/ctl-usage,1007,usage,6,185,6.881667746433777
main/E_lab/code_leaning_hard/D_code/tau0.1/ones/incl/k6/rG1007/ctl-usage,1007,usage,6,186,4.823161710344266
main/E_lab/code_leaning_hard/D_code/tau0.1/ones/incl/k6/rG1007/ctl-usage,1007,usage,6,187,5.97564577526623
main/E_lab/code_leaning_hard/D_code/tau0.1/ones/incl/k6/rG1007/ctl-usage,1007,usage,6,188,5.183163209280792
main/E_lab/code_leaning_hard/D_code/tau0.1/ones/incl/k6/rG1007/ctl-usage,1007,usage,6,189,7.295746102400926
main/E_lab/code_leaning_hard/D_code/tau0.1/ones/incl/k6/rG1007/ctl-usage,1007,usage,6,190,8.478724553760912
main/E_lab/code_leaning_hard/D_code/tau0.1/ones/incl/k6/rG1007/ctl-usage,1007,usage,6,191,5.325470844107258
main/E_lab/code_leaning_hard/D_code/tau0.1/ones/incl/k6/rG1007/ctl-usage,1007,usage,6,192,5.239099477423679
main/E_lab/code_leaning_hard/D_code/tau0.1/ones/incl/k6/rG1007/ctl-usage,1007,usage,6,193,8.249234296890336
main/E_lab/code_leaning_hard/D_code/tau0.1/ones/incl/k6/rG1007/ctl-usage,1007,usage,6,194,8.063837583662007
main/E_lab/code_leaning_hard/D_code/tau0.1/ones/incl/k6/rG1007/ctl-usage,1007,usage,6,195,7.504281103775156
main/E_lab/code_leaning_hard/D_code/tau0.1/ones/incl/k6/rG1007/ctl-usage,1007,usage,6,196,6.810048681938895
main/E_lab/code_leaning_hard/D_code/tau0.1/ones/incl/k6/rG1007/ctl-usage,1007,usage,6,197,6.4456105720923915
main/E_lab/code_leaning_hard/D_code/tau0.1/ones/incl/k6/rG1007/ctl-usage,1007,usage,6,198,5.958721449267614
main/E_lab/code_leaning_hard/D_code/tau0.1/ones/incl/k6/rG1007/ctl-usage,1007,usage,6,199,8.33457176715092
main/E_lab/code_leaning_hard/D_code/tau0.1/ones/incl/k6/rG1007/ctl-usage,1007,usage,6,200,6.464522597169889
main/E_lab/code_leaning_hard/D_code/tau0.1/ones/incl/k6/rG1007/ctl-usage,1007,usage,6,201,6.926531937604977
main/E_lab/code_leaning_hard/D_code/tau0.1/ones/incl/k6/rG1007/ctl-usage,1007,usage,6,202,6.8277186618165615
main/E_lab/code_leaning_hard/D_code/tau0.1/ones/incl/k6/rG1007/ctl-usage,1007,usage,6,203,4.982680436883356
main/E_lab/code_leaning_hard/D_code/tau0.1/ones/incl/k6/rG1007/ctl-usage,1007,usage,6,204,4.492496861040763
main/E_lab/code_leaning_hard/D_code/tau0.1/ones/incl/k6/rG1007/ctl-usage,1007,usage,6,205,5.323059175047774
main/E_lab/code_leaning_hard/D_code/tau0.1/ones/incl/k6/rG1007/ctl-usage,1007,usage,6,206,5.381423667421586
main/E_lab/code_leaning_hard/D_code/tau0.1/ones/incl/k6/rG1007/ctl-usage,1007,usage,6,207,4.963357480144168
main/E_lab/code_leaning_hard/D_code/tau0.1/ones/incl/k6/rG1007/ctl-usage,1007,usage,6,208,4.463273274385756
main/E_lab/code_leaning_hard/D_code/tau0.1/ones/incl/k6/rG1007/ctl-usage,1007,usage,6,209,5.719022329593372
main/E_lab/code_leaning_hard/D_code/tau0.1/ones/incl/k6/rG1007/ctl-usage,1007,usage,6,210,16.900500298452698
main/E_lab/code_leaning_hard/D_code/tau0.1/ones/incl/k6/rG1007/ctl-usage,1007,usage,6,211,19.555632304037772
main/E_lab/code_leaning_hard/D_code/tau0.1/ones/incl/k6/rG1007/ctl-usage,1007,usage,6,212,14.851008130427545
main/E_lab/code_leaning_hard/D_code/tau0.1/ones/incl/k6/rG1007/ctl-usage,1007,usage,6,213,6.489544754687813
main/E_lab/code_leaning_hard/D_code/tau0.1/ones/incl/k6/rG1007/ctl-usage,1007,usage,6,214,6.891860090735236
main/E_lab/code_leaning_hard/D_code/tau0.1/ones/incl/k6/rG1007/ctl-usage,1007,usage,6,215,8.929976480882488
main/E_lab/code_leaning_hard/D_code/tau0.1/ones/incl/k6/rG1007/ctl-usage,1007,usage,6,216,12.172707264740325
main/E_lab/code_leaning_hard/D_code/tau0.1/ones/incl/k6/rG1007/ctl-usage,1007,usage,6,217,8.264187648435382
main/E_lab/code_leaning_hard/D_code/tau0.1/ones/incl/k6/rG1007/ctl-usage,1007,usage,6,218,8.098394109778383
main/E_lab/code_leaning_hard/D_code/tau0.1/ones/incl/k6/rG1007/ctl-usage,1007,usage,6,219,8.996202834139694
main/E_lab/code_leaning_hard/D_code/tau0.1/ones/incl/k6/rG1007/ctl-usage,1007,usage,6,220,9.104985021707307
main/E_lab/code_leaning_hard/D_code/tau0.1/ones/incl/k6/rG1007/ctl-usage,1007,usage,6,221,9.018486595371087
main/E_lab/code_leaning_hard/D_code/tau0.1/ones/incl/k6/rG1007/ctl-usage,1007,usage,6,222,7.521853922539435
main/E_lab/code_leaning_hard/D_code/tau0.1/ones/incl/k6/rG1007/ctl-usage,1007,usage,6,223,7.815870240387994
main/E_lab/code_leaning_hard/D_code/tau0.1/ones/incl/k6/rG1007/ctl-usage,1007,usage,6,224,6.779335165389966
main/E_lab/code_leaning_hard/D_code/tau0.1/ones/incl/k6/rG1007/ctl-usage,1007,usage,6,225,19.116117102126736
main/E_lab/code_leaning_hard/D_code/tau0.1/ones/incl/k6/rG1007/ctl-usage,1007,usage,6,226,11.876608039212442
main/E_lab/code_leaning_hard/D_code/tau0.1/ones/incl/k6/rG1007/ctl-usage,1007,usage,6,227,7.377404562631455
main/E_lab/code_leaning_hard/D_code/tau0.1/ones/incl/k6/rG1007/ctl-usage,1007,usage,6,228,6.8376806982566904
main/E_lab/code_leaning_hard/D_code/tau0.1/ones/incl/k6/rG1007/ctl-usage,1007,usage,6,229,6.523782084567756
main/E_lab/code_leaning_hard/D_code/tau0.1/ones/incl/k6/rG1007/ctl-usage,1007,usage,6,230,7.045055388570745
main/E_lab/code_leaning_hard/D_code/tau0.1/ones/incl/k6/rG1007/ctl-usage,1007,usage,6,231,6.845178210985836
main/E_lab/code_leaning_hard/D_code/tau0.1/ones/incl/k6/rG1007/ctl-usage,1007,usage,6,232,6.8369496746927325
main/E_lab/code_leaning_hard/D_code/tau0.1/ones/incl/k6/rG1007/ctl-usage,1007,usage,6,233,9.186992591402486
main/E_lab/code_leaning_hard/D_code/tau0.1/ones/incl/k6/rG1007/ctl-usage,1007,usage,6,234,9.351907687340372
main/E_lab/code_leaning_hard/D_code/tau0.1/ones/incl/k6/rG1007/ctl-usage,1007,usage,6,235,5.534428190497366
main/E_lab/code_leaning_hard/D_code/tau0.1/ones/incl/k6/rG1007/ctl-usage,1007,usage,6,236,12.031420540939052
main/E_lab/code_leaning_hard/D_code/tau0.1/ones/incl/k6/rG1007/ctl-usage,1007,usage,6,237,9.017193084588143
main/E_lab/code_leaning_hard/D_code/tau0.1/ones/incl/k6/rG1007/ctl-usage,1007,usage,6,238,5.704448442548255
main/E_lab/code_leaning_hard/D_code/tau0.1/ones/incl/k6/rG1007/ctl-usage,1007,usage,6,239,5.592843813808258
main/E_lab/code_leaning_hard/D_code/tau0.1/ones/incl/k6/rG1007/ctl-usage,1007,usage,6,240,5.253880192288307
main/E_lab/code_leaning_hard/D_code/tau0.1/ones/incl/k6/rG1007/ctl-usage,1007,usage,6,241,4.7880667116369295
main/E_lab/code_leaning_hard/D_code/tau0.1/ones/incl/k6/rG1007/ctl-usage,1007,usage,6,242,5.264808934470921
main/E_lab/code_leaning_hard/D_code/tau0.1/ones/incl/k6/rG1007/ctl-usage,1007,usage,6,243,5.011444273797679
main/E_lab/code_leaning_hard/D_code/tau0.1/ones/incl/k6/rG1007/ctl-usage,1007,usage,6,244,4.791710468362908
main/E_lab/code_leaning_hard/D_code/tau0.1/ones/incl/k6/rG1007/ctl-usage,1007,usage,6,245,5.696379360332685
main/E_lab/code_leaning_hard/D_code/tau0.1/ones/incl/k6/rG1007/ctl-usage,1007,usage,6,246,5.062156857635273
main/E_lab/code_leaning_hard/D_code/tau0.1/ones/incl/k6/rG1007/ctl-usage,1007,usage,6,247,5.184781280916241
main/E_lab/code_leaning_hard/D_code/tau0.1/ones/incl/k6/rG1007/ctl-usage,1007,usage,6,248,5.089807739548178
main/E_lab/code_leaning_hard/D_code/tau0.1/ones/incl/k6/rG1007/ctl-usage,1007,usage,6,249,4.503640366680884
main/E_lab/code_leaning_hard/D_code/tau0.1/ones/incl/k6/rG1007/ctl-usage,1007,usage,6,250,5.059042671367024
main/E_lab/code_leaning_hard/D_code/tau0.1/ones/incl/k6/rG1007/ctl-usage,1007,usage,6,251,5.824087336121465
main/E_lab/code_leaning_hard/D_code/tau0.1/ones/incl/k6/rG1007/ctl-usage,1007,usage,6,252,4.952204014664858
main/E_lab/code_leaning_hard/D_code/tau0.1/ones/incl/k6/rG1007/ctl-usage,1007,usage,6,253,5.75529181189404
main/E_lab/code_leaning_hard/D_code/tau0.1/ones/incl/k6/rG1007/ctl-usage,1007,usage,6,254,4.8932049911506965
main/E_lab/code_leaning_hard/D_code/tau0.1/ones/incl/k6/rG1007/ctl-usage,1007,usage,6,255,4.45893010300972
main/E_lab/code_leaning_hard/D_code/tau0.1/ones/incl/k6/rG1007/ctl-usage,1007,usage,6,256,13.716315790971748
main/E_lab/code_leaning_hard/D_code/tau0.1/ones/incl/k6/rG1007/ctl-usage,1007,usage,6,257,14.304635695532554
main/E_lab/code_leaning_hard/D_code/tau0.1/ones/incl/k6/rG1007/ctl-usage,1007,usage,6,258,15.15590541832944
main/E_lab/code_leaning_hard/D_code/tau0.1/ones/incl/k6/rG1007/ctl-usage,1007,usage,6,259,13.64583380786928
main/E_lab/code_leaning_hard/D_code/tau0.1/ones/incl/k6/rG1007/ctl-usage,1007,usage,6,260,14.803176366909156
main/E_lab/code_leaning_hard/D_code/tau0.1/ones/incl/k6/rG1007/ctl-usage,1007,usage,6,261,15.220386949920908
main/E_lab/code_leaning_hard/D_code/tau0.1/ones/incl/k6/rG1007/ctl-usage,1007,usage,6,262,14.975749142844165
main/E_lab/code_leaning_hard/D_code/tau0.1/ones/incl/k6/rG1007/ctl-usage,1007,usage,6,263,17.740324435707862
main/E_lab/code_leaning_hard/D_code/tau0.1/ones/incl/k6/rG1007/ctl-usage,1007,usage,6,264,17.92658207032332
main/E_lab/code_leaning_hard/D_code/tau0.1/ones/incl/k6/rG1007/ctl-usage,1007,usage,6,265,15.303517776117587
main/E_lab/code_leaning_hard/D_code/tau0.1/ones/incl/k6/rG1007/ctl-usage,1007,usage,6,266,13.787481681906684
main/E_lab/code_leaning_hard/D_code/tau0.1/ones/incl/k6/rG1007/ctl-usage,1007,usage,6,267,14.847780613716168
main/E_lab/code_leaning_hard/D_code/tau0.1/ones/incl/k6/rG1007/ctl-usage,1007,usage,6,268,14.38243241895509
main/E_lab/code_leaning_hard/D_code/tau0.1/ones/incl/k6/rG1007/ctl-usage,1007,usage,6,269,14.344339300075262
main/E_lab/code_leaning_hard/D_code/tau0.1/ones/incl/k6/rG1007/ctl-usage,1007,usage,6,270,14.260152847748031
main/E_lab/code_leaning_hard/D_code/tau0.1/ones/incl/k6/rG1007/ctl-usage,1007,usage,6,271,14.178175011798885
main/E_lab/code_leaning_hard/D_code/tau0.1/ones/incl/k6/rG1007/ctl-usage,1007,usage,6,272,12.81416576513493
main/E_lab/code_leaning_hard/D_code/tau0.1/ones/incl/k6/rG1007/ctl-usage,1007,usage,6,273,14.661461053441144
main/E_lab/code_leaning_hard/D_code/tau0.1/ones/incl/k6/rG1007/ctl-usage,1007,usage,6,274,16.648485815612844
main/E_lab/code_leaning_hard/D_code/tau0.1/ones/incl/k6/rG1007/ctl-usage,1007,usage,6,275,13.149729413985824
main/E_lab/code_leaning_hard/D_code/tau0.1/ones/incl/k6/rG1007/ctl-usage,1007,usage,6,276,14.189043832172501
main/E_lab/code_leaning_hard/D_code/tau0.1/ones/incl/k6/rG1007/ctl-usage,1007,usage,6,277,13.124974216455712
main/E_lab/code_leaning_hard/D_code/tau0.1/ones/incl/k6/rG1007/ctl-usage,1007,usage,6,278,13.332354292830132
main/E_lab/code_leaning_hard/D_code/tau0.1/ones/incl/k6/rG1007/ctl-usage,1007,usage,6,279,13.746610702610269
main/E_lab/code_leaning_hard/D_code/tau0.1/ones/incl/k6/rG1007/ctl-usage,1007,usage,6,280,13.367279967181275
main/E_lab/code_leaning_hard/D_code/tau0.1/ones/incl/k6/rG1007/ctl-usage,1007,usage,6,281,14.011225723576445
main/E_lab/code_leaning_hard/D_code/tau0.1/ones/incl/k6/rG1007/ctl-usage,1007,usage,6,282,14.803388083221307
main/E_lab/code_leaning_hard/D_code/tau0.1/ones/incl/k6/rG1007/ctl-usage,1007,usage,6,283,14.938743645165232
main/E_lab/code_leaning_hard/D_code/tau0.1/ones/incl/k6/rG1007/ctl-usage,1007,usage,6,284,14.245712541578541
main/E_lab/code_leaning_hard/D_code/tau0.1/ones/incl/k6/rG1007/ctl-usage,1007,usage,6,285,12.90922347889591
main/E_lab/code_leaning_hard/D_code/tau0.1/ones/incl/k6/rG1007/ctl-usage,1007,usage,6,286,13.147074704271063
main/E_lab/code_leaning_hard/D_code/tau0.1/ones/incl/k6/rG1007/ctl-usage,1007,usage,6,287,13.31188610370873
main/E_lab/code_leaning_hard/D_code/tau0.1/ones/incl/k6/rG1007/ctl-usage,1007,usage,6,288,13.007941343629682
main/E_lab/code_leaning_hard/D_code/tau0.1/ones/incl/k6/rG1007/ctl-usage,1007,usage,6,289,13.042554545088478
main/E_lab/code_leaning_hard/D_code/tau0.1/ones/incl/k6/rG1007/ctl-usage,1007,usage,6,290,12.952752445876513
main/E_lab/code_leaning_hard/D_code/tau0.1/ones/incl/k6/rG1007/ctl-usage,1007,usage,6,291,13.107049843592904
main/E_lab/code_leaning_hard/D_code/tau0.1/ones/incl/k6/rG1007/ctl-usage,1007,usage,6,292,12.517450341774293
main/E_lab/code_leaning_hard/D_code/tau0.1/ones/incl/k6/rG1007/ctl-usage,1007,usage,6,293,12.814935052026613
main/E_lab/code_leaning_hard/D_code/tau0.1/ones/incl/k6/rG1007/ctl-usage,1007,usage,6,294,13.598895769988758
main/E_lab/code_leaning_hard/D_code/tau0.1/ones/incl/k6/rG1007/ctl-usage,1007,usage,6,295,13.059722911959398
main/E_lab/code_leaning_hard/D_code/tau0.1/ones/incl/k6/rG1007/ctl-usage,1007,usage,6,296,13.08805761057738
main/E_lab/code_leaning_hard/D_code/tau0.1/ones/incl/k6/rG1007/ctl-usage,1007,usage,6,297,13.021293474812865
main/E_lab/code_leaning_hard/D_code/tau0.1/ones/incl/k6/rG1007/ctl-usage,1007,usage,6,298,14.687904586767672
main/E_lab/code_leaning_hard/D_code/tau0.1/ones/incl/k6/rG1007/ctl-usage,1007,usage,6,299,12.308218964671141
main/E_lab/code_leaning_hard/D_code/tau0.1/ones/incl/k6/rG1007/ctl-usage,1007,usage,6,300,12.362318615923414
main/E_lab/code_leaning_hard/D_code/tau0.1/ones/incl/k6/rG1007/ctl-usage,1007,usage,6,301,12.305457142550722
main/E_lab/code_leaning_hard/D_code/tau0.1/ones/incl/k6/rG1007/ctl-usage,1007,usage,6,302,10.707391735376405
main/E_lab/code_leaning_hard/D_code/tau0.1/ones/incl/k6/rG1007/ctl-usage,1007,usage,6,303,13.580565009852307
main/E_lab/code_leaning_hard/D_code/tau0.1/ones/incl/k6/rG1007/ctl-usage,1007,usage,6,304,14.006067727949585
main/E_lab/code_leaning_hard/D_code/tau0.1/ones/incl/k6/rG1007/ctl-usage,1007,usage,6,305,14.41513415213285
main/E_lab/code_leaning_hard/D_code/tau0.1/ones/incl/k6/rG1007/ctl-usage,1007,usage,6,306,16.53161746859587
main/E_lab/code_leaning_hard/D_code/tau0.1/ones/incl/k6/rG1007/ctl-usage,1007,usage,6,307,13.964854587789205
main/E_lab/code_leaning_hard/D_code/tau0.1/ones/incl/k6/rG1007/ctl-usage,1007,usage,6,308,13.080925278715313
main/E_lab/code_leaning_hard/D_code/tau0.1/ones/incl/k6/rG1007/ctl-usage,1007,usage,6,309,14.122706001872984
main/E_lab/code_leaning_hard/D_code/tau0.1/ones/incl/k6/rG1007/ctl-usage,1007,usage,6,310,13.040121046090121
main/E_lab/code_leaning_hard/D_code/tau0.1/ones/incl/k6/rG1007/ctl-usage,1007,usage,6,311,12.496129403958548
main/E_lab/code_leaning_hard/D_code/tau0.1/ones/incl/k6/rG1007/ctl-usage,1007,usage,6,312,13.022082074012587
main/E_lab/code_leaning_hard/D_code/tau0.1/ones/incl/k6/rG1007/ctl-usage,1007,usage,6,313,12.506455549690486
main/E_lab/code_leaning_hard/D_code/tau0.1/ones/incl/k6/rG1007/ctl-usage,1007,usage,6,314,12.900994117300343
main/E_lab/code_leaning_hard/D_code/tau0.1/ones/incl/k6/rG1007/ctl-usage,1007,usage,6,315,13.294370782666192
main/E_lab/code_leaning_hard/D_code/tau0.1/ones/incl/k6/rG1007/ctl-usage,1007,usage,6,316,13.21176153388933
main/E_lab/code_leaning_hard/D_code/tau0.1/ones/incl/k6/rG1007/ctl-usage,1007,usage,6,317,13.770081054527509
main/E_lab/code_leaning_hard/D_code/tau0.1/ones/incl/k6/rG1007/ctl-usage,1007,usage,6,318,14.203763994542328
main/E_lab/code_leaning_hard/D_code/tau0.1/ones/incl/k6/rG1007/ctl-usage,1007,usage,6,319,14.034187183784866
main/E_lab/code_leaning_hard/D_code/tau0.1/ones/incl/k6/rG1007/ctl-usage,1007,usage,6,320,15.041674038186557
main/E_lab/code_leaning_hard/D_code/tau0.1/ones/incl/k6/rG1007/ctl-usage,1007,usage,6,321,14.06755364962828
main/E_lab/code_leaning_hard/D_code/tau0.1/ones/incl/k6/rG1007/ctl-usage,1007,usage,6,322,15.953038707172254
main/E_lab/code_leaning_hard/D_code/tau0.1/ones/incl/k6/rG1007/ctl-usage,1007,usage,6,323,16.994192461206694
main/E_lab/code_leaning_hard/D_code/tau0.1/ones/incl/k6/rG1007/ctl-usage,1007,usage,6,324,13.710848708933554
main/E_lab/code_leaning_hard/D_code/tau0.1/ones/incl/k6/rG1007/ctl-usage,1007,usage,6,325,15.038097893059103
main/E_lab/code_leaning_hard/D_code/tau0.1/ones/incl/k6/rG1007/ctl-usage,1007,usage,6,326,17.304309690599894
main/E_lab/code_leaning_hard/D_code/tau0.1/ones/incl/k6/rG1007/ctl-usage,1007,usage,6,327,15.404776155195123
main/E_lab/code_leaning_hard/D_code/tau0.1/ones/incl/k6/rG1007/ctl-usage,1007,usage,6,328,15.5425819503389
main/E_lab/code_leaning_hard/D_code/tau0.1/ones/incl/k6/rG1007/ctl-usage,1007,usage,6,329,14.878655155161141
main/E_lab/code_leaning_hard/D_code/tau0.1/ones/incl/k6/rG1007/ctl-usage,1007,usage,6,330,15.711026047571522
main/E_lab/code_leaning_hard/D_code/tau0.1/ones/incl/k6/rG1007/ctl-usage,1007,usage,6,331,14.649503716290383
main/E_lab/code_leaning_hard/D_code/tau0.1/ones/incl/k6/rG1007/ctl-usage,1007,usage,6,332,16.07058995093908
main/E_lab/code_leaning_hard/D_code/tau0.1/ones/incl/k6/rG1007/ctl-usage,1007,usage,6,333,15.060721967271093
main/E_lab/code_leaning_hard/D_code/tau0.1/ones/incl/k6/rG1007/ctl-usage,1007,usage,6,334,14.578939047436506
main/E_lab/code_leaning_hard/D_code/tau0.1/ones/incl/k6/rG1007/ctl-usage,1007,usage,6,335,16.40193693665674
main/E_lab/code_leaning_hard/D_code/tau0.1/ones/incl/k6/rG1007/ctl-usage,1007,usage,6,336,16.567508659846453
main/E_lab/code_leaning_hard/D_code/tau0.1/ones/incl/k6/rG1007/ctl-usage,1007,usage,6,337,14.14584425568637
main/E_lab/code_leaning_hard/D_code/tau0.1/ones/incl/k6/rG1007/ctl-usage,1007,usage,6,338,15.586627370491442
main/E_lab/code_leaning_hard/D_code/tau0.1/ones/incl/k6/rG1007/ctl-usage,1007,usage,6,339,13.484923473853883
main/E_lab/code_leaning_hard/D_code/tau0.1/ones/incl/k6/rG1007/ctl-usage,1007,usage,6,340,16.018141773328807
main/E_lab/code_leaning_hard/D_code/tau0.1/ones/incl/k6/rG1007/ctl-usage,1007,usage,6,341,15.55218106892653
main/E_lab/code_leaning_hard/D_code/tau0.1/ones/incl/k6/rG1007/ctl-usage,1007,usage,6,342,16.76266788105454
main/E_lab/code_leaning_hard/D_code/tau0.1/ones/incl/k6/rG1007/ctl-usage,1007,usage,6,343,15.24889637612796
main/E_lab/code_leaning_hard/D_code/tau0.1/ones/incl/k6/rG1007/ctl-usage,1007,usage,6,344,13.966765991669035
main/E_lab/code_leaning_hard/D_code/tau0.1/ones/incl/k6/rG1007/ctl-usage,1007,usage,6,345,15.82527305845798
main/E_lab/code_leaning_hard/D_code/tau0.1/ones/incl/k6/rG1007/ctl-usage,1007,usage,6,346,15.259919018040137
main/E_lab/code_leaning_hard/D_code/tau0.1/ones/incl/k6/rG1007/ctl-usage,1007,usage,6,347,15.11951393203617
main/E_lab/code_leaning_hard/D_code/tau0.1/ones/incl/k6/rG1007/ctl-usage,1007,usage,6,348,15.476520769583885
main/E_lab/code_leaning_hard/D_code/tau0.1/ones/incl/k6/rG1007/ctl-usage,1007,usage,6,349,15.156962557620318
main/E_lab/code_leaning_hard/D_code/tau0.1/ones/incl/k6/rG1007/ctl-usage,1007,usage,6,350,14.74293697365465
main/E_lab/code_leaning_hard/D_code/tau0.1/ones/incl/k6/rG1007/ctl-usage,1007,usage,6,351,15.251445980849894
main/E_lab/code_leaning_hard/D_code/tau0.1/ones/incl/k6/rG1007/ctl-usage,1007,usage,6,352,12.575908534317932
main/E_lab/code_leaning_hard/D_code/tau0.1/ones/incl/k6/rG1007/ctl-usage,1007,usage,6,353,17.04107337807727
main/E_lab/code_leaning_hard/D_code/tau0.1/ones/incl/k6/rG1007/ctl-usage,1007,usage,6,354,15.084669107235413
main/E_lab/code_leaning_hard/D_code/tau0.1/ones/incl/k6/rG1007/ctl-usage,1007,usage,6,355,17.91047541244643
main/E_lab/code_leaning_hard/D_code/tau0.1/ones/incl/k6/rG1007/ctl-usage,1007,usage,6,356,14.212455745196166
main/E_lab/code_leaning_hard/D_code/tau0.1/ones/incl/k6/rG1007/ctl-usage,1007,usage,6,357,12.920704843964131
main/E_lab/code_leaning_hard/D_code/tau0.1/ones/incl/k6/rG1007/ctl-usage,1007,usage,6,358,13.87827337020326
main/E_lab/code_leaning_hard/D_code/tau0.1/ones/incl/k6/rG1007/ctl-usage,1007,usage,6,359,13.56538542261967
main/E_lab/code_leaning_hard/D_code/tau0.1/ones/incl/k6/rG1007/ctl-usage,1007,usage,6,360,14.00099232135517
main/E_lab/code_leaning_hard/D_code/tau0.1/ones/incl/k6/rG1007/ctl-usage,1007,usage,6,361,15.539856189105194
main/E_lab/code_leaning_hard/D_code/tau0.1/ones/incl/k6/rG1007/ctl-usage,1007,usage,6,362,16.428776746911353
main/E_lab/code_leaning_hard/D_code/tau0.1/ones/incl/k6/rG1007/ctl-usage,1007,usage,6,363,13.007387600352558
main/E_lab/code_leaning_hard/D_code/tau0.1/ones/incl/k6/rG1007/ctl-usage,1007,usage,6,364,16.39946543861197
main/E_lab/code_leaning_hard/D_code/tau0.1/ones/incl/k6/rG1007/ctl-usage,1007,usage,6,365,19.035543971738548
main/E_lab/code_leaning_hard/D_code/tau0.1/ones/incl/k6/rG1007/ctl-usage,1007,usage,6,366,18.52533698563002
main/E_lab/code_leaning_hard/D_code/tau0.1/ones/incl/k6/rG1007/ctl-usage,1007,usage,6,367,16.283086583000113
main/E_lab/code_leaning_hard/D_code/tau0.1/ones/incl/k6/rG1007/ctl-usage,1007,usage,6,368,16.146684192932526
main/E_lab/code_leaning_hard/D_code/tau0.1/ones/incl/k6/rG1007/ctl-usage,1007,usage,6,369,16.3754502241095
main/E_lab/code_leaning_hard/D_code/tau0.1/ones/incl/k6/rG1007/ctl-usage,1007,usage,6,370,15.694610532579532
main/E_lab/code_leaning_hard/D_code/tau0.1/ones/incl/k6/rG1007/ctl-usage,1007,usage,6,371,14.418747355787673
main/E_lab/code_leaning_hard/D_code/tau0.1/ones/incl/k6/rG1007/ctl-usage,1007,usage,6,372,15.458251336125159
main/E_lab/code_leaning_hard/D_code/tau0.1/ones/incl/k6/rG1007/ctl-usage,1007,usage,6,373,13.10759105156194
main/E_lab/code_leaning_hard/D_code/tau0.1/ones/incl/k6/rG1007/ctl-usage,1007,usage,6,374,11.97024730796852
main/E_lab/code_leaning_hard/D_code/tau0.1/ones/incl/k6/rG1007/ctl-usage,1007,usage,6,375,13.143134301885766
main/E_lab/code_leaning_hard/D_code/tau0.1/ones/incl/k6/rG1007/ctl-usage,1007,usage,6,376,16.610939927118693
main/E_lab/code_leaning_hard/D_code/tau0.1/ones/incl/k6/rG1007/ctl-usage,1007,usage,6,377,15.846721132118091
main/E_lab/code_leaning_hard/D_code/tau0.1/ones/incl/k6/rG1007/ctl-usage,1007,usage,6,378,14.94692164381604
main/E_lab/code_leaning_hard/D_code/tau0.1/ones/incl/k6/rG1007/ctl-usage,1007,usage,6,379,14.903656179412792
main/E_lab/code_leaning_hard/D_code/tau0.1/ones/incl/k6/rG1007/ctl-usage,1007,usage,6,380,13.44130695892818
main/E_lab/code_leaning_hard/D_code/tau0.1/ones/incl/k6/rG1007/ctl-usage,1007,usage,6,381,14.671915053686462
main/E_lab/code_leaning_hard/D_code/tau0.1/ones/incl/k6/rG1007/ctl-usage,1007,usage,6,382,14.029018560102486
main/E_lab/code_leaning_hard/D_code/tau0.1/ones/incl/k6/rG1007/ctl-usage,1007,usage,6,383,14.666520318309722
main/E_lab/code_leaning_hard/D_code/tau0.1/ones/incl/k6/rG1007/ctl-usage,1007,usage,6,384,13.458519281452027
main/E_lab/code_leaning_hard/D_code/tau0.1/ones/incl/k6/rG1007/ctl-usage,1007,usage,6,385,8.342744776914742
main/E_lab/code_leaning_hard/D_code/tau0.1/ones/incl/k6/rG1007/ctl-usage,1007,usage,6,386,9.446597242382722
main/E_lab/code_leaning_hard/D_code/tau0.1/ones/incl/k6/rG1007/ctl-usage,1007,usage,6,387,11.01109539589197
main/E_lab/code_leaning_hard/D_code/tau0.1/ones/incl/k6/rG1007/ctl-usage,1007,usage,6,388,6.942753385008018
main/E_lab/code_leaning_hard/D_code/tau0.1/ones/incl/k6/rG1007/ctl-usage,1007,usage,6,389,7.907735348926963
main/E_lab/code_leaning_hard/D_code/tau0.1/ones/incl/k6/rG1007/ctl-usage,1007,usage,6,390,7.414665436866926
main/E_lab/code_leaning_hard/D_code/tau0.1/ones/incl/k6/rG1007/ctl-usage,1007,usage,6,391,5.829005623684225
main/E_lab/code_leaning_hard/D_code/tau0.1/ones/incl/k6/rG1007/ctl-usage,1007,usage,6,392,7.9514509071318
main/E_lab/code_leaning_hard/D_code/tau0.1/ones/incl/k6/rG1007/ctl-usage,1007,usage,6,393,7.283501075602089
main/E_lab/code_leaning_hard/D_code/tau0.1/ones/incl/k6/rG1007/ctl-usage,1007,usage,6,394,10.444734778743168
main/E_lab/code_leaning_hard/D_code/tau0.1/ones/incl/k6/rG1007/ctl-usage,1007,usage,6,395,9.747372153433844
main/E_lab/code_leaning_hard/D_code/tau0.1/ones/incl/k6/rG1007/ctl-usage,1007,usage,6,396,9.668281744452543
main/E_lab/code_leaning_hard/D_code/tau0.1/ones/incl/k6/rG1007/ctl-usage,1007,usage,6,397,8.20138799502206
main/E_lab/code_leaning_hard/D_code/tau0.1/ones/incl/k6/rG1007/ctl-usage,1007,usage,6,398,12.883523287870503
main/E_lab/code_leaning_hard/D_code/tau0.1/ones/incl/k6/rG1007/ctl-usage,1007,usage,6,399,9.198334450203674
main/E_lab/code_leaning_hard/D_code/tau0.1/ones/incl/k6/rG1007/ctl-usage,1007,usage,6,400,4.803640374891984
main/E_lab/code_leaning_hard/D_code/tau0.1/ones/incl/k6/rG1007/ctl-usage,1007,usage,6,401,5.791335993946632
main/E_lab/code_leaning_hard/D_code/tau0.1/ones/incl/k6/rG1007/ctl-usage,1007,usage,6,402,9.014116231780008
main/E_lab/code_leaning_hard/D_code/tau0.1/ones/incl/k6/rG1007/ctl-usage,1007,usage,6,403,9.909080716572191
main/E_lab/code_leaning_hard/D_code/tau0.1/ones/incl/k6/rG1007/ctl-usage,1007,usage,6,404,7.908622404997459
main/E_lab/code_leaning_hard/D_code/tau0.1/ones/incl/k6/rG1007/ctl-usage,1007,usage,6,405,8.806112365308309
main/E_lab/code_leaning_hard/D_code/tau0.1/ones/incl/k6/rG1007/ctl-usage,1007,usage,6,406,8.42061709203142
main/E_lab/code_leaning_hard/D_code/tau0.1/ones/incl/k6/rG1007/ctl-usage,1007,usage,6,407,7.1182923822643716
main/E_lab/code_leaning_hard/D_code/tau0.1/ones/incl/k6/rG1007/ctl-usage,1007,usage,6,408,7.139469798305527
main/E_lab/code_leaning_hard/D_code/tau0.1/ones/incl/k6/rG1007/ctl-usage,1007,usage,6,409,10.212943075853218
main/E_lab/code_leaning_hard/D_code/tau0.1/ones/incl/k6/rG1007/ctl-usage,1007,usage,6,410,9.096952064779543
main/E_lab/code_leaning_hard/D_code/tau0.1/ones/incl/k6/rG1007/ctl-usage,1007,usage,6,411,10.372986010049317
main/E_lab/code_leaning_hard/D_code/tau0.1/ones/incl/k6/rG1007/ctl-usage,1007,usage,6,412,8.794513502125938
main/E_lab/code_leaning_hard/D_code/tau0.1/ones/incl/k6/rG1007/ctl-usage,1007,usage,6,413,10.38776302453698
main/E_lab/code_leaning_hard/D_code/tau0.1/ones/incl/k6/rG1007/ctl-usage,1007,usage,6,414,10.751675467758105
main/E_lab/code_leaning_hard/D_code/tau0.1/ones/incl/k6/rG1007/ctl-usage,1007,usage,6,415,7.807627192033351
main/E_lab/code_leaning_hard/D_code/tau0.1/ones/incl/k6/rG1007/ctl-usage,1007,usage,6,416,8.661206420674716
main/E_lab/code_leaning_hard/D_code/tau0.1/ones/incl/k6/rG1007/ctl-usage,1007,usage,6,417,8.744584029785983
main/E_lab/code_leaning_hard/D_code/tau0.1/ones/incl/k6/rG1007/ctl-usage,1007,usage,6,418,10.27264459777507
main/E_lab/code_leaning_hard/D_code/tau0.1/ones/incl/k6/rG1007/ctl-usage,1007,usage,6,419,10.268046910987323
main/E_lab/code_leaning_hard/D_code/tau0.1/ones/incl/k6/rG1007/ctl-usage,1007,usage,6,420,10.26620316039805
main/E_lab/code_leaning_hard/D_code/tau0.1/ones/incl/k6/rG1007/ctl-usage,1007,usage,6,421,9.399672170803115
main/E_lab/code_leaning_hard/D_code/tau0.1/ones/incl/k6/rG1007/ctl-usage,1007,usage,6,422,8.095350266694368
main/E_lab/code_leaning_hard/D_code/tau0.1/ones/incl/k6/rG1007/ctl-usage,1007,usage,6,423,9.597648396005752
main/E_lab/code_leaning_hard/D_code/tau0.1/ones/incl/k6/rG1007/ctl-usage,1007,usage,6,424,6.4365288692551985
main/E_lab/code_leaning_hard/D_code/tau0.1/ones/incl/k6/rG1007/ctl-usage,1007,usage,6,425,5.830319221974605
main/E_lab/code_leaning_hard/D_code/tau0.1/ones/incl/k6/rG1007/ctl-usage,1007,usage,6,426,8.488118168599613
main/E_lab/code_leaning_hard/D_code/tau0.1/ones/incl/k6/rG1007/ctl-usage,1007,usage,6,427,14.930498024417375
main/E_lab/code_leaning_hard/D_code/tau0.1/ones/incl/k6/rG1007/ctl-usage,1007,usage,6,428,9.93535219431709
main/E_lab/code_leaning_hard/D_code/tau0.1/ones/incl/k6/rG1007/ctl-usage,1007,usage,6,429,9.778809947596102
main/E_lab/code_leaning_hard/D_code/tau0.1/ones/incl/k6/rG1007/ctl-usage,1007,usage,6,430,8.338018438116023
main/E_lab/code_leaning_hard/D_code/tau0.1/ones/incl/k6/rG1007/ctl-usage,1007,usage,6,431,7.586231238063192
main/E_lab/code_leaning_hard/D_code/tau0.1/ones/incl/k6/rG1007/ctl-usage,1007,usage,6,432,9.618607987551968
main/E_lab/code_leaning_hard/D_code/tau0.1/ones/incl/k6/rG1007/ctl-usage,1007,usage,6,433,7.088787283848433
main/E_lab/code_leaning_hard/D_code/tau0.1/ones/incl/k6/rG1007/ctl-usage,1007,usage,6,434,5.875809956270132
main/E_lab/code_leaning_hard/D_code/tau0.1/ones/incl/k6/rG1007/ctl-usage,1007,usage,6,435,9.685026311106412
main/E_lab/code_leaning_hard/D_code/tau0.1/ones/incl/k6/rG1007/ctl-usage,1007,usage,6,436,9.763750653100033
main/E_lab/code_leaning_hard/D_code/tau0.1/ones/incl/k6/rG1007/ctl-usage,1007,usage,6,437,6.740628877417748
main/E_lab/code_leaning_hard/D_code/tau0.1/ones/incl/k6/rG1007/ctl-usage,1007,usage,6,438,6.775288708305197
main/E_lab/code_leaning_hard/D_code/tau0.1/ones/incl/k6/rG1007/ctl-usage,1007,usage,6,439,8.184932518447567
main/E_lab/code_leaning_hard/D_code/tau0.1/ones/incl/k6/rG1007/ctl-usage,1007,usage,6,440,9.768618210181103
main/E_lab/code_leaning_hard/D_code/tau0.1/ones/incl/k6/rG1007/ctl-usage,1007,usage,6,441,8.485486126768592
main/E_lab/code_leaning_hard/D_code/tau0.1/ones/incl/k6/rG1007/ctl-usage,1007,usage,6,442,9.11316640222276
main/E_lab/code_leaning_hard/D_code/tau0.1/ones/incl/k6/rG1007/ctl-usage,1007,usage,6,443,15.02142369029491
main/E_lab/code_leaning_hard/D_code/tau0.1/ones/incl/k6/rG1007/ctl-usage,1007,usage,6,444,19.2752199662541
main/E_lab/code_leaning_hard/D_code/tau0.1/ones/incl/k6/rG1007/ctl-usage,1007,usage,6,445,17.12347599843997
main/E_lab/code_leaning_hard/D_code/tau0.1/ones/incl/k6/rG1007/ctl-usage,1007,usage,6,446,10.490804253757233
main/E_lab/code_leaning_hard/D_code/tau0.1/ones/incl/k6/rG1007/ctl-usage,1007,usage,6,447,9.924157700921569
main/E_lab/code_leaning_hard/D_code/tau0.1/ones/incl/k6/rG1007/ctl-usage,1007,usage,6,448,10.868641802477214
main/E_lab/code_leaning_hard/D_code/tau0.1/ones/incl/k6/rG1007/ctl-usage,1007,usage,6,449,10.58965590582784
main/E_lab/code_leaning_hard/D_code/tau0.1/ones/incl/k6/rG1007/ctl-usage,1007,usage,6,450,11.484223035529794
main/E_lab/code_leaning_hard/D_code/tau0.1/ones/incl/k6/rG1007/ctl-usage,1007,usage,6,451,11.509105915161854
main/E_lab/code_leaning_hard/D_code/tau0.1/ones/incl/k6/rG1007/ctl-usage,1007,usage,6,452,8.942159272380195
main/E_lab/code_leaning_hard/D_code/tau0.1/ones/incl/k6/rG1007/ctl-usage,1007,usage,6,453,8.80452329024456
main/E_lab/code_leaning_hard/D_code/tau0.1/ones/incl/k6/rG1007/ctl-usage,1007,usage,6,454,10.592465891953907
main/E_lab/code_leaning_hard/D_code/tau0.1/ones/incl/k6/rG1007/ctl-usage,1007,usage,6,455,10.473483402365673
main/E_lab/code_leaning_hard/D_code/tau0.1/ones/incl/k6/rG1007/ctl-usage,1007,usage,6,456,11.03945164788729
main/E_lab/code_leaning_hard/D_code/tau0.1/ones/incl/k6/rG1007/ctl-usage,1007,usage,6,457,11.68184063251988
main/E_lab/code_leaning_hard/D_code/tau0.1/ones/incl/k6/rG1007/ctl-usage,1007,usage,6,458,7.429653461008002
main/E_lab/code_leaning_hard/D_code/tau0.1/ones/incl/k6/rG1007/ctl-usage,1007,usage,6,459,7.32886038294555
main/E_lab/code_leaning_hard/D_code/tau0.1/ones/incl/k6/rG1007/ctl-usage,1007,usage,6,460,11.522320352709812
main/E_lab/code_leaning_hard/D_code/tau0.1/ones/incl/k6/rG1007/ctl-usage,1007,usage,6,461,12.425182888843665
main/E_lab/code_leaning_hard/D_code/tau0.1/ones/incl/k6/rG1007/ctl-usage,1007,usage,6,462,9.759911323466895
main/E_lab/code_leaning_hard/D_code/tau0.1/ones/incl/k6/rG1007/ctl-usage,1007,usage,6,463,9.407038164361438
main/E_lab/code_leaning_hard/D_code/tau0.1/ones/incl/k6/rG1007/ctl-usage,1007,usage,6,464,7.894421977530328
main/E_lab/code_leaning_hard/D_code/tau0.1/ones/incl/k6/rG1007/ctl-usage,1007,usage,6,465,8.875280849354795
main/E_lab/code_leaning_hard/D_code/tau0.1/ones/incl/k6/rG1007/ctl-usage,1007,usage,6,466,11.218981636497574
main/E_lab/code_leaning_hard/D_code/tau0.1/ones/incl/k6/rG1007/ctl-usage,1007,usage,6,467,9.21312962182742
main/E_lab/code_leaning_hard/D_code/tau0.1/ones/incl/k6/rG1007/ctl-usage,1007,usage,6,468,9.962997918062229
main/E_lab/code_leaning_hard/D_code/tau0.1/ones/incl/k6/rG1007/ctl-usage,1007,usage,6,469,10.921635542427794
main/E_lab/code_leaning_hard/D_code/tau0.1/ones/incl/k6/rG1007/ctl-usage,1007,usage,6,470,8.176712029066493
main/E_lab/code_leaning_hard/D_code/tau0.1/ones/incl/k6/rG1007/ctl-usage,1007,usage,6,471,8.003609898632021
main/E_lab/code_leaning_hard/D_code/tau0.1/ones/incl/k6/rG1007/ctl-usage,1007,usage,6,472,6.537998777023859
main/E_lab/code_leaning_hard/D_code/tau0.1/ones/incl/k6/rG1007/ctl-usage,1007,usage,6,473,6.112345151218619
main/E_lab/code_leaning_hard/D_code/tau0.1/ones/incl/k6/rG1007/ctl-usage,1007,usage,6,474,8.75313315791027
main/E_lab/code_leaning_hard/D_code/tau0.1/ones/incl/k6/rG1007/ctl-usage,1007,usage,6,475,7.766386750507081
main/E_lab/code_leaning_hard/D_code/tau0.1/ones/incl/k6/rG1007/ctl-usage,1007,usage,6,476,7.059585714569039
main/E_lab/code_leaning_hard/D_code/tau0.1/ones/incl/k6/rG1007/ctl-usage,1007,usage,6,477,10.120713162827542
main/E_lab/code_leaning_hard/D_code/tau0.1/ones/incl/k6/rG1007/ctl-usage,1007,usage,6,478,13.793060170615263
main/E_lab/code_leaning_hard/D_code/tau0.1/ones/incl/k6/rG1007/ctl-usage,1007,usage,6,479,11.437300232506459
main/E_lab/code_leaning_hard/D_code/tau0.1/ones/incl/k6/rG1007/ctl-usage,1007,usage,6,480,12.267738119153364
main/E_lab/code_leaning_hard/D_code/tau0.1/ones/incl/k6/rG1007/ctl-usage,1007,usage,6,481,11.606766765159591
main/E_lab/code_leaning_hard/D_code/tau0.1/ones/incl/k6/rG1007/ctl-usage,1007,usage,6,482,12.14208438005312
main/E_lab/code_leaning_hard/D_code/tau0.1/ones/incl/k6/rG1007/ctl-usage,1007,usage,6,483,12.331130016930729
main/E_lab/code_leaning_hard/D_code/tau0.1/ones/incl/k6/rG1007/ctl-usage,1007,usage,6,484,11.044635134663395
main/E_lab/code_leaning_hard/D_code/tau0.1/ones/incl/k6/rG1007/ctl-usage,1007,usage,6,485,11.466451591930308
main/E_lab/code_leaning_hard/D_code/tau0.1/ones/incl/k6/rG1007/ctl-usage,1007,usage,6,486,11.695128961417595
main/E_lab/code_leaning_hard/D_code/tau0.1/ones/incl/k6/rG1007/ctl-usage,1007,usage,6,487,11.311451148326796
main/E_lab/code_leaning_hard/D_code/tau0.1/ones/incl/k6/rG1007/ctl-usage,1007,usage,6,488,9.564648234538708
main/E_lab/code_leaning_hard/D_code/tau0.1/ones/incl/k6/rG1007/ctl-usage,1007,usage,6,489,9.120952533318814
main/E_lab/code_leaning_hard/D_code/tau0.1/ones/incl/k6/rG1007/ctl-usage,1007,usage,6,490,11.613974200372468
main/E_lab/code_leaning_hard/D_code/tau0.1/ones/incl/k6/rG1007/ctl-usage,1007,usage,6,491,10.911206876389315
main/E_lab/code_leaning_hard/D_code/tau0.1/ones/incl/k6/rG1007/ctl-usage,1007,usage,6,492,10.776182319381178
main/E_lab/code_leaning_hard/D_code/tau0.1/ones/incl/k6/rG1007/ctl-usage,1007,usage,6,493,10.776447180730429
main/E_lab/code_leaning_hard/D_code/tau0.1/ones/incl/k6/rG1007/ctl-usage,1007,usage,6,494,9.763438084088648
main/E_lab/code_leaning_hard/D_code/tau0.1/ones/incl/k6/rG1007/ctl-usage,1007,usage,6,495,6.697120003471582
main/E_lab/code_leaning_hard/D_code/tau0.1/ones/incl/k6/rG1007/ctl-usage,1007,usage,6,496,10.268418474001464
main/E_lab/code_leaning_hard/D_code/tau0.1/ones/incl/k6/rG1007/ctl-usage,1007,usage,6,497,9.755520128071339
main/E_lab/code_leaning_hard/D_code/tau0.1/ones/incl/k6/rG1007/ctl-usage,1007,usage,6,498,8.289818698853196
main/E_lab/code_leaning_hard/D_code/tau0.1/ones/incl/k6/rG1007/ctl-usage,1007,usage,6,499,9.841647523154279
main/E_lab/code_leaning_hard/D_code/tau0.1/ones/incl/k6/rG1007/ctl-usage,1007,usage,6,500,7.7802274372106694
main/E_lab/code_leaning_hard/D_code/tau0.1/ones/incl/k6/rG1007/ctl-usage,1007,usage,6,501,6.424649070859687
main/E_lab/code_leaning_hard/D_code/tau0.1/ones/incl/k6/rG1007/ctl-usage,1007,usage,6,502,8.949196211259732
main/E_lab/code_leaning_hard/D_code/tau0.1/ones/incl/k6/rG1007/ctl-usage,1007,usage,6,503,9.214735732937697
main/E_lab/code_leaning_hard/D_code/tau0.1/ones/incl/k6/rG1007/ctl-usage,1007,usage,6,504,10.060266770159615
main/E_lab/code_leaning_hard/D_code/tau0.1/ones/incl/k6/rG1007/ctl-usage,1007,usage,6,505,10.42046798795593
main/E_lab/code_leaning_hard/D_code/tau0.1/ones/incl/k6/rG1007/ctl-usage,1007,usage,6,506,9.485389050728827
main/E_lab/code_leaning_hard/D_code/tau0.1/ones/incl/k6/rG1007/ctl-usage,1007,usage,6,507,10.427554430549208
main/E_lab/code_leaning_hard/D_code/tau0.1/ones/incl/k6/rG1007/ctl-usage,1007,usage,6,508,10.219637843915734
main/E_lab/code_leaning_hard/D_code/tau0.1/ones/incl/k6/rG1007/ctl-usage,1007,usage,6,509,10.120648291524958
main/E_lab/code_leaning_hard/D_code/tau0.1/ones/incl/k6/rG1007/ctl-usage,1007,usage,6,510,9.990421196493571
main/E_lab/code_leaning_hard/D_code/tau0.1/ones/incl/k6/rG1007/ctl-usage,1007,usage,6,511,8.419166746351948
main/E_lab/code_leaning_hard/D_code/tau0.1/ones/incl/k7/rG1007/ctl-usage,1007,usage,7,0,4.970204959799048
main/E_lab/code_leaning_hard/D_code/tau0.1/ones/incl/k7/rG1007/ctl-usage,1007,usage,7,1,5.189161976352807
main/E_lab/code_leaning_hard/D_code/tau0.1/ones/incl/k7/rG1007/ctl-usage,1007,usage,7,2,6.0075635791031345
main/E_lab/code_leaning_hard/D_code/tau0.1/ones/incl/k7/rG1007/ctl-usage,1007,usage,7,3,5.06102563361992
main/E_lab/code_leaning_hard/D_code/tau0.1/ones/incl/k7/rG1007/ctl-usage,1007,usage,7,4,3.66693082304414
main/E_lab/code_leaning_hard/D_code/tau0.1/ones/incl/k7/rG1007/ctl-usage,1007,usage,7,5,6.069659330933973
main/E_lab/code_leaning_hard/D_code/tau0.1/ones/incl/k7/rG1007/ctl-usage,1007,usage,7,6,7.379178886687441
main/E_lab/code_leaning_hard/D_code/tau0.1/ones/incl/k7/rG1007/ctl-usage,1007,usage,7,7,6.0214148658351405
main/E_lab/code_leaning_hard/D_code/tau0.1/ones/incl/k7/rG1007/ctl-usage,1007,usage,7,8,7.902340426965111
main/E_lab/code_leaning_hard/D_code/tau0.1/ones/incl/k7/rG1007/ctl-usage,1007,usage,7,9,6.976847764339254
main/E_lab/code_leaning_hard/D_code/tau0.1/ones/incl/k7/rG1007/ctl-usage,1007,usage,7,10,5.524033106586103
main/E_lab/code_leaning_hard/D_code/tau0.1/ones/incl/k7/rG1007/ctl-usage,1007,usage,7,11,3.6571117509138276
main/E_lab/code_leaning_hard/D_code/tau0.1/ones/incl/k7/rG1007/ctl-usage,1007,usage,7,12,3.9892809626767303
main/E_lab/code_leaning_hard/D_code/tau0.1/ones/incl/k7/rG1007/ctl-usage,1007,usage,7,13,5.045749730848911
main/E_lab/code_leaning_hard/D_code/tau0.1/ones/incl/k7/rG1007/ctl-usage,1007,usage,7,14,5.865817087324558
main/E_lab/code_leaning_hard/D_code/tau0.1/ones/incl/k7/rG1007/ctl-usage,1007,usage,7,15,5.11364972309093
main/E_lab/code_leaning_hard/D_code/tau0.1/ones/incl/k7/rG1007/ctl-usage,1007,usage,7,16,4.923014004444667
main/E_lab/code_leaning_hard/D_code/tau0.1/ones/incl/k7/rG1007/ctl-usage,1007,usage,7,17,5.800236476553891
main/E_lab/code_leaning_hard/D_code/tau0.1/ones/incl/k7/rG1007/ctl-usage,1007,usage,7,18,5.185160378801584
main/E_lab/code_leaning_hard/D_code/tau0.1/ones/incl/k7/rG1007/ctl-usage,1007,usage,7,19,4.94810621967099
main/E_lab/code_leaning_hard/D_code/tau0.1/ones/incl/k7/rG1007/ctl-usage,1007,usage,7,20,5.574157988436127
main/E_lab/code_leaning_hard/D_code/tau0.1/ones/incl/k7/rG1007/ctl-usage,1007,usage,7,21,4.5662149610525375
main/E_lab/code_leaning_hard/D_code/tau0.1/ones/incl/k7/rG1007/ctl-usage,1007,usage,7,22,5.201273440688965
main/E_lab/code_leaning_hard/D_code/tau0.1/ones/incl/k7/rG1007/ctl-usage,1007,usage,7,23,6.004987314690425
main/E_lab/code_leaning_hard/D_code/tau0.1/ones/incl/k7/rG1007/ctl-usage,1007,usage,7,24,5.2218128144495495
main/E_lab/code_leaning_hard/D_code/tau0.1/ones/incl/k7/rG1007/ctl-usage,1007,usage,7,25,5.556276316591266
main/E_lab/code_leaning_hard/D_code/tau0.1/ones/incl/k7/rG1007/ctl-usage,1007,usage,7,26,8.469052367090853
main/E_lab/code_leaning_hard/D_code/tau0.1/ones/incl/k7/rG1007/ctl-usage,1007,usage,7,27,9.323260377095266
main/E_lab/code_leaning_hard/D_code/tau0.1/ones/incl/k7/rG1007/ctl-usage,1007,usage,7,28,7.432401483765716
main/E_lab/code_leaning_hard/D_code/tau0.1/ones/incl/k7/rG1007/ctl-usage,1007,usage,7,29,6.3617103089136435
main/E_lab/code_leaning_hard/D_code/tau0.1/ones/incl/k7/rG1007/ctl-usage,1007,usage,7,30,5.394525518092792
main/E_lab/code_leaning_hard/D_code/tau0.1/ones/incl/k7/rG1007/ctl-usage,1007,usage,7,31,6.252644381880145
main/E_lab/code_leaning_hard/D_code/tau0.1/ones/incl/k7/rG1007/ctl-usage,1007,usage,7,32,5.772297512033219
main/E_lab/code_leaning_hard/D_code/tau0.1/ones/incl/k7/rG1007/ctl-usage,1007,usage,7,33,7.557806362066458
main/E_lab/code_leaning_hard/D_code/tau0.1/ones/incl/k7/rG1007/ctl-usage,1007,usage,7,34,8.432255437107415
main/E_lab/code_leaning_hard/D_code/tau0.1/ones/incl/k7/rG1007/ctl-usage,1007,usage,7,35,5.083377868885236
main/E_lab/code_leaning_hard/D_code/tau0.1/ones/incl/k7/rG1007/ctl-usage,1007,usage,7,36,6.922680582582416
main/E_lab/code_leaning_hard/D_code/tau0.1/ones/incl/k7/rG1007/ctl-usage,1007,usage,7,37,4.523902056231236
main/E_lab/code_leaning_hard/D_code/tau0.1/ones/incl/k7/rG1007/ctl-usage,1007,usage,7,38,6.578005569473589
main/E_lab/code_leaning_hard/D_code/tau0.1/ones/incl/k7/rG1007/ctl-usage,1007,usage,7,39,8.995263082379552
main/E_lab/code_leaning_hard/D_code/tau0.1/ones/incl/k7/rG1007/ctl-usage,1007,usage,7,40,9.137720316739887
main/E_lab/code_leaning_hard/D_code/tau0.1/ones/incl/k7/rG1007/ctl-usage,1007,usage,7,41,16.713338466178925
main/E_lab/code_leaning_hard/D_code/tau0.1/ones/incl/k7/rG1007/ctl-usage,1007,usage,7,42,9.09823081469085
main/E_lab/code_leaning_hard/D_code/tau0.1/ones/incl/k7/rG1007/ctl-usage,1007,usage,7,43,5.833460266398106
main/E_lab/code_leaning_hard/D_code/tau0.1/ones/incl/k7/rG1007/ctl-usage,1007,usage,7,44,4.415794194134605
main/E_lab/code_leaning_hard/D_code/tau0.1/ones/incl/k7/rG1007/ctl-usage,1007,usage,7,45,5.215322317627852
main/E_lab/code_leaning_hard/D_code/tau0.1/ones/incl/k7/rG1007/ctl-usage,1007,usage,7,46,5.5861875098571545
main/E_lab/code_leaning_hard/D_code/tau0.1/ones/incl/k7/rG1007/ctl-usage,1007,usage,7,47,6.215011572739968
main/E_lab/code_leaning_hard/D_code/tau0.1/ones/incl/k7/rG1007/ctl-usage,1007,usage,7,48,5.526247436628182
main/E_lab/code_leaning_hard/D_code/tau0.1/ones/incl/k7/rG1007/ctl-usage,1007,usage,7,49,5.778674862148819
main/E_lab/code_leaning_hard/D_code/tau0.1/ones/incl/k7/rG1007/ctl-usage,1007,usage,7,50,6.520312641737291
main/E_lab/code_leaning_hard/D_code/tau0.1/ones/incl/k7/rG1007/ctl-usage,1007,usage,7,51,8.329320299052824
main/E_lab/code_leaning_hard/D_code/tau0.1/ones/incl/k7/rG1007/ctl-usage,1007,usage,7,52,6.749013623100836
main/E_lab/code_leaning_hard/D_code/tau0.1/ones/incl/k7/rG1007/ctl-usage,1007,usage,7,53,6.208354269753727
main/E_lab/code_leaning_hard/D_code/tau0.1/ones/incl/k7/rG1007/ctl-usage,1007,usage,7,54,4.526296529953925
main/E_lab/code_leaning_hard/D_code/tau0.1/ones/incl/k7/rG1007/ctl-usage,1007,usage,7,55,5.613297611250346
main/E_lab/code_leaning_hard/D_code/tau0.1/ones/incl/k7/rG1007/ctl-usage,1007,usage,7,56,4.800752390455727
main/E_lab/code_leaning_hard/D_code/tau0.1/ones/incl/k7/rG1007/ctl-usage,1007,usage,7,57,5.150219142873993
main/E_lab/code_leaning_hard/D_code/tau0.1/ones/incl/k7/rG1007/ctl-usage,1007,usage,7,58,4.219841393708521
main/E_lab/code_leaning_hard/D_code/tau0.1/ones/incl/k7/rG1007/ctl-usage,1007,usage,7,59,4.216611023411133
main/E_lab/code_leaning_hard/D_code/tau0.1/ones/incl/k7/rG1007/ctl-usage,1007,usage,7,60,5.426888336295633
main/E_lab/code_leaning_hard/D_code/tau0.1/ones/incl/k7/rG1007/ctl-usage,1007,usage,7,61,4.479132792034761
main/E_lab/code_leaning_hard/D_code/tau0.1/ones/incl/k7/rG1007/ctl-usage,1007,usage,7,62,4.6254277652769815
main/E_lab/code_leaning_hard/D_code/tau0.1/ones/incl/k7/rG1007/ctl-usage,1007,usage,7,63,4.106858632847434
main/E_lab/code_leaning_hard/D_code/tau0.1/ones/incl/k7/rG1007/ctl-usage,1007,usage,7,64,5.8250189947843865
main/E_lab/code_leaning_hard/D_code/tau0.1/ones/incl/k7/rG1007/ctl-usage,1007,usage,7,65,6.20426559486441
main/E_lab/code_leaning_hard/D_code/tau0.1/ones/incl/k7/rG1007/ctl-usage,1007,usage,7,66,9.610184981260318
main/E_lab/code_leaning_hard/D_code/tau0.1/ones/incl/k7/rG1007/ctl-usage,1007,usage,7,67,13.321298336062682
main/E_lab/code_leaning_hard/D_code/tau0.1/ones/incl/k7/rG1007/ctl-usage,1007,usage,7,68,13.84664840979417
main/E_lab/code_leaning_hard/D_code/tau0.1/ones/incl/k7/rG1007/ctl-usage,1007,usage,7,69,9.596110804045566
main/E_lab/code_leaning_hard/D_code/tau0.1/ones/incl/k7/rG1007/ctl-usage,1007,usage,7,70,18.38297470978887
main/E_lab/code_leaning_hard/D_code/tau0.1/ones/incl/k7/rG1007/ctl-usage,1007,usage,7,71,18.02476969615509
main/E_lab/code_leaning_hard/D_code/tau0.1/ones/incl/k7/rG1007/ctl-usage,1007,usage,7,72,17.92526428524104
main/E_lab/code_leaning_hard/D_code/tau0.1/ones/incl/k7/rG1007/ctl-usage,1007,usage,7,73,17.41347642113783
main/E_lab/code_leaning_hard/D_code/tau0.1/ones/incl/k7/rG1007/ctl-usage,1007,usage,7,74,12.184403988449958
main/E_lab/code_leaning_hard/D_code/tau0.1/ones/incl/k7/rG1007/ctl-usage,1007,usage,7,75,16.142257275825614
main/E_lab/code_leaning_hard/D_code/tau0.1/ones/incl/k7/rG1007/ctl-usage,1007,usage,7,76,17.07537303556262
main/E_lab/code_leaning_hard/D_code/tau0.1/ones/incl/k7/rG1007/ctl-usage,1007,usage,7,77,17.256012783170945
main/E_lab/code_leaning_hard/D_code/tau0.1/ones/incl/k7/rG1007/ctl-usage,1007,usage,7,78,17.547552334484294
main/E_lab/code_leaning_hard/D_code/tau0.1/ones/incl/k7/rG1007/ctl-usage,1007,usage,7,79,13.993821010275951
main/E_lab/code_leaning_hard/D_code/tau0.1/ones/incl/k7/rG1007/ctl-usage,1007,usage,7,80,18.719820299768116
main/E_lab/code_leaning_hard/D_code/tau0.1/ones/incl/k7/rG1007/ctl-usage,1007,usage,7,81,17.322500750773315
main/E_lab/code_leaning_hard/D_code/tau0.1/ones/incl/k7/rG1007/ctl-usage,1007,usage,7,82,17.814602931842728
main/E_lab/code_leaning_hard/D_code/tau0.1/ones/incl/k7/rG1007/ctl-usage,1007,usage,7,83,17.55745955806799
main/E_lab/code_leaning_hard/D_code/tau0.1/ones/incl/k7/rG1007/ctl-usage,1007,usage,7,84,17.5650026056378
main/E_lab/code_leaning_hard/D_code/tau0.1/ones/incl/k7/rG1007/ctl-usage,1007,usage,7,85,18.042415477597388
main/E_lab/code_leaning_hard/D_code/tau0.1/ones/incl/k7/rG1007/ctl-usage,1007,usage,7,86,18.00239875400166
main/E_lab/code_leaning_hard/D_code/tau0.1/ones/incl/k7/rG1007/ctl-usage,1007,usage,7,87,18.114585259718524
main/E_lab/code_leaning_hard/D_code/tau0.1/ones/incl/k7/rG1007/ctl-usage,1007,usage,7,88,17.81424044260359
main/E_lab/code_leaning_hard/D_code/tau0.1/ones/incl/k7/rG1007/ctl-usage,1007,usage,7,89,9.041698869217726
main/E_lab/code_leaning_hard/D_code/tau0.1/ones/incl/k7/rG1007/ctl-usage,1007,usage,7,90,6.254955712177434
main/E_lab/code_leaning_hard/D_code/tau0.1/ones/incl/k7/rG1007/ctl-usage,1007,usage,7,91,5.2624645110331585
main/E_lab/code_leaning_hard/D_code/tau0.1/ones/incl/k7/rG1007/ctl-usage,1007,usage,7,92,8.758241688034559
main/E_lab/code_leaning_hard/D_code/tau0.1/ones/incl/k7/rG1007/ctl-usage,1007,usage,7,93,6.456495079661636
main/E_lab/code_leaning_hard/D_code/tau0.1/ones/incl/k7/rG1007/ctl-usage,1007,usage,7,94,5.090674547309391
main/E_lab/code_leaning_hard/D_code/tau0.1/ones/incl/k7/rG1007/ctl-usage,1007,usage,7,95,4.898097576583041
main/E_lab/code_leaning_hard/D_code/tau0.1/ones/incl/k7/rG1007/ctl-usage,1007,usage,7,96,5.210820672799855
main/E_lab/code_leaning_hard/D_code/tau0.1/ones/incl/k7/rG1007/ctl-usage,1007,usage,7,97,4.9701693006998084
main/E_lab/code_leaning_hard/D_code/tau0.1/ones/incl/k7/rG1007/ctl-usage,1007,usage,7,98,5.809451862033711
main/E_lab/code_leaning_hard/D_code/tau0.1/ones/incl/k7/rG1007/ctl-usage,1007,usage,7,99,5.596383586675984
main/E_lab/code_leaning_hard/D_code/tau0.1/ones/incl/k7/rG1007/ctl-usage,1007,usage,7,100,5.983793845316541
main/E_lab/code_leaning_hard/D_code/tau0.1/ones/incl/k7/rG1007/ctl-usage,1007,usage,7,101,4.903624457841715
main/E_lab/code_leaning_hard/D_code/tau0.1/ones/incl/k7/rG1007/ctl-usage,1007,usage,7,102,5.914880140900095
main/E_lab/code_leaning_hard/D_code/tau0.1/ones/incl/k7/rG1007/ctl-usage,1007,usage,7,103,6.486475478041484
main/E_lab/code_leaning_hard/D_code/tau0.1/ones/incl/k7/rG1007/ctl-usage,1007,usage,7,104,5.40482556904044
main/E_lab/code_leaning_hard/D_code/tau0.1/ones/incl/k7/rG1007/ctl-usage,1007,usage,7,105,7.025317551599869
main/E_lab/code_leaning_hard/D_code/tau0.1/ones/incl/k7/rG1007/ctl-usage,1007,usage,7,106,6.925388384705457
main/E_lab/code_leaning_hard/D_code/tau0.1/ones/incl/k7/rG1007/ctl-usage,1007,usage,7,107,7.542640127560389
main/E_lab/code_leaning_hard/D_code/tau0.1/ones/incl/k7/rG1007/ctl-usage,1007,usage,7,108,6.509242732537587
main/E_lab/code_leaning_hard/D_code/tau0.1/ones/incl/k7/rG1007/ctl-usage,1007,usage,7,109,7.134144546211246
main/E_lab/code_leaning_hard/D_code/tau0.1/ones/incl/k7/rG1007/ctl-usage,1007,usage,7,110,7.66292040191729
main/E_lab/code_leaning_hard/D_code/tau0.1/ones/incl/k7/rG1007/ctl-usage,1007,usage,7,111,7.275863132795621
main/E_lab/code_leaning_hard/D_code/tau0.1/ones/incl/k7/rG1007/ctl-usage,1007,usage,7,112,6.960752962525021
main/E_lab/code_leaning_hard/D_code/tau0.1/ones/incl/k7/rG1007/ctl-usage,1007,usage,7,113,8.091791639111989
main/E_lab/code_leaning_hard/D_code/tau0.1/ones/incl/k7/rG1007/ctl-usage,1007,usage,7,114,7.152696569764657
main/E_lab/code_leaning_hard/D_code/tau0.1/ones/incl/k7/rG1007/ctl-usage,1007,usage,7,115,6.897051185217151
main/E_lab/code_leaning_hard/D_code/tau0.1/ones/incl/k7/rG1007/ctl-usage,1007,usage,7,116,4.6831139583691765
main/E_lab/code_leaning_hard/D_code/tau0.1/ones/incl/k7/rG1007/ctl-usage,1007,usage,7,117,5.6770282120291995
main/E_lab/code_leaning_hard/D_code/tau0.1/ones/incl/k7/rG1007/ctl-usage,1007,usage,7,118,4.952633098689148
main/E_lab/code_leaning_hard/D_code/tau0.1/ones/incl/k7/rG1007/ctl-usage,1007,usage,7,119,5.357500513067407
main/E_lab/code_leaning_hard/D_code/tau0.1/ones/incl/k7/rG1007/ctl-usage,1007,usage,7,120,4.262672209109951
main/E_lab/code_leaning_hard/D_code/tau0.1/ones/incl/k7/rG1007/ctl-usage,1007,usage,7,121,5.550124684599723
main/E_lab/code_leaning_hard/D_code/tau0.1/ones/incl/k7/rG1007/ctl-usage,1007,usage,7,122,7.824507918161089
main/E_lab/code_leaning_hard/D_code/tau0.1/ones/incl/k7/rG1007/ctl-usage,1007,usage,7,123,10.007115491188188
main/E_lab/code_leaning_hard/D_code/tau0.1/ones/incl/k7/rG1007/ctl-usage,1007,usage,7,124,7.8878025614176295
main/E_lab/code_leaning_hard/D_code/tau0.1/ones/incl/k7/rG1007/ctl-usage,1007,usage,7,125,4.2524460865238325
main/E_lab/code_leaning_hard/D_code/tau0.1/ones/incl/k7/rG1007/ctl-usage,1007,usage,7,126,5.950488353182209
main/E_lab/code_leaning_hard/D_code/tau0.1/ones/incl/k7/rG1007/ctl-usage,1007,usage,7,127,5.683911886811529
main/E_lab/code_leaning_hard/D_code/tau0.1/ones/incl/k7/rG1007/ctl-usage,1007,usage,7,128,5.501334133452019
main/E_lab/code_leaning_hard/D_code/tau0.1/ones/incl/k7/rG1007/ctl-usage,1007,usage,7,129,5.761714186633071
main/E_lab/code_leaning_hard/D_code/tau0.1/ones/incl/k7/rG1007/ctl-usage,1007,usage,7,130,5.648379122623737
main/E_lab/code_leaning_hard/D_code/tau0.1/ones/incl/k7/rG1007/ctl-usage,1007,usage,7,131,6.074082874830708
main/E_lab/code_leaning_hard/D_code/tau0.1/ones/incl/k7/rG1007/ctl-usage,1007,usage,7,132,6.975338416254544
main/E_lab/code_leaning_hard/D_code/tau0.1/ones/incl/k7/rG1007/ctl-usage,1007,usage,7,133,7.2524289042889905
main/E_lab/code_leaning_hard/D_code/tau0.1/ones/incl/k7/rG1007/ctl-usage,1007,usage,7,134,4.830229564685396
main/E_lab/code_leaning_hard/D_code/tau0.1/ones/incl/k7/rG1007/ctl-usage,1007,usage,7,135,4.6764044679162
main/E_lab/code_leaning_hard/D_code/tau0.1/ones/incl/k7/rG1007/ctl-usage,1007,usage,7,136,7.788802056954864
main/E_lab/code_leaning_hard/D_code/tau0.1/ones/incl/k7/rG1007/ctl-usage,1007,usage,7,137,6.688498296431135
main/E_lab/code_leaning_hard/D_code/tau0.1/ones/incl/k7/rG1007/ctl-usage,1007,usage,7,138,5.607860861513473
main/E_lab/code_leaning_hard/D_code/tau0.1/ones/incl/k7/rG1007/ctl-usage,1007,usage,7,139,5.675897020626735
main/E_lab/code_leaning_hard/D_code/tau0.1/ones/incl/k7/rG1007/ctl-usage,1007,usage,7,140,6.657607513930316
main/E_lab/code_leaning_hard/D_code/tau0.1/ones/incl/k7/rG1007/ctl-usage,1007,usage,7,141,7.423475048834007
main/E_lab/code_leaning_hard/D_code/tau0.1/ones/incl/k7/rG1007/ctl-usage,1007,usage,7,142,7.291652903051727
main/E_lab/code_leaning_hard/D_code/tau0.1/ones/incl/k7/rG1007/ctl-usage,1007,usage,7,143,7.282506404510286
main/E_lab/code_leaning_hard/D_code/tau0.1/ones/incl/k7/rG1007/ctl-usage,1007,usage,7,144,7.375772612826495
main/E_lab/code_leaning_hard/D_code/tau0.1/ones/incl/k7/rG1007/ctl-usage,1007,usage,7,145,7.347404292507235
main/E_lab/code_leaning_hard/D_code/tau0.1/ones/incl/k7/rG1007/ctl-usage,1007,usage,7,146,8.864710763629319
main/E_lab/code_leaning_hard/D_code/tau0.1/ones/incl/k7/rG1007/ctl-usage,1007,usage,7,147,6.062639797383326
main/E_lab/code_leaning_hard/D_code/tau0.1/ones/incl/k7/rG1007/ctl-usage,1007,usage,7,148,11.152836605559969
main/E_lab/code_leaning_hard/D_code/tau0.1/ones/incl/k7/rG1007/ctl-usage,1007,usage,7,149,13.743318400594148
main/E_lab/code_leaning_hard/D_code/tau0.1/ones/incl/k7/rG1007/ctl-usage,1007,usage,7,150,11.578489009480563
main/E_lab/code_leaning_hard/D_code/tau0.1/ones/incl/k7/rG1007/ctl-usage,1007,usage,7,151,11.795854296480229
main/E_lab/code_leaning_hard/D_code/tau0.1/ones/incl/k7/rG1007/ctl-usage,1007,usage,7,152,11.246898903794317
main/E_lab/code_leaning_hard/D_code/tau0.1/ones/incl/k7/rG1007/ctl-usage,1007,usage,7,153,9.587301931561456
main/E_lab/code_leaning_hard/D_code/tau0.1/ones/incl/k7/rG1007/ctl-usage,1007,usage,7,154,12.57155565575249
main/E_lab/code_leaning_hard/D_code/tau0.1/ones/incl/k7/rG1007/ctl-usage,1007,usage,7,155,16.39675510606844
main/E_lab/code_leaning_hard/D_code/tau0.1/ones/incl/k7/rG1007/ctl-usage,1007,usage,7,156,14.939504235331242
main/E_lab/code_leaning_hard/D_code/tau0.1/ones/incl/k7/rG1007/ctl-usage,1007,usage,7,157,16.272564798923327
main/E_lab/code_leaning_hard/D_code/tau0.1/ones/incl/k7/rG1007/ctl-usage,1007,usage,7,158,9.17728882675442
main/E_lab/code_leaning_hard/D_code/tau0.1/ones/incl/k7/rG1007/ctl-usage,1007,usage,7,159,7.565854268606017
main/E_lab/code_leaning_hard/D_code/tau0.1/ones/incl/k7/rG1007/ctl-usage,1007,usage,7,160,8.849890331442111
main/E_lab/code_leaning_hard/D_code/tau0.1/ones/incl/k7/rG1007/ctl-usage,1007,usage,7,161,9.93502755067766
main/E_lab/code_leaning_hard/D_code/tau0.1/ones/incl/k7/rG1007/ctl-usage,1007,usage,7,162,7.120020780847426
main/E_lab/code_leaning_hard/D_code/tau0.1/ones/incl/k7/rG1007/ctl-usage,1007,usage,7,163,5.147959022836403
main/E_lab/code_leaning_hard/D_code/tau0.1/ones/incl/k7/rG1007/ctl-usage,1007,usage,7,164,4.003843044385576
main/E_lab/code_leaning_hard/D_code/tau0.1/ones/incl/k7/rG1007/ctl-usage,1007,usage,7,165,3.562175668545933
main/E_lab/code_leaning_hard/D_code/tau0.1/ones/incl/k7/rG1007/ctl-usage,1007,usage,7,166,4.256821529954323
main/E_lab/code_leaning_hard/D_code/tau0.1/ones/incl/k7/rG1007/ctl-usage,1007,usage,7,167,4.465880100532559
main/E_lab/code_leaning_hard/D_code/tau0.1/ones/incl/k7/rG1007/ctl-usage,1007,usage,7,168,5.094454407598278
main/E_lab/code_leaning_hard/D_code/tau0.1/ones/incl/k7/rG1007/ctl-usage,1007,usage,7,169,5.569006872892032
main/E_lab/code_leaning_hard/D_code/tau0.1/ones/incl/k7/rG1007/ctl-usage,1007,usage,7,170,5.856704790678009
main/E_lab/code_leaning_hard/D_code/tau0.1/ones/incl/k7/rG1007/ctl-usage,1007,usage,7,171,3.794981157609982
main/E_lab/code_leaning_hard/D_code/tau0.1/ones/incl/k7/rG1007/ctl-usage,1007,usage,7,172,5.788629494053566
main/E_lab/code_leaning_hard/D_code/tau0.1/ones/incl/k7/rG1007/ctl-usage,1007,usage,7,173,7.083545486158982
main/E_lab/code_leaning_hard/D_code/tau0.1/ones/incl/k7/rG1007/ctl-usage,1007,usage,7,174,10.596368716424877
main/E_lab/code_leaning_hard/D_code/tau0.1/ones/incl/k7/rG1007/ctl-usage,1007,usage,7,175,8.161889855547088
main/E_lab/code_leaning_hard/D_code/tau0.1/ones/incl/k7/rG1007/ctl-usage,1007,usage,7,176,8.236938797329913
main/E_lab/code_leaning_hard/D_code/tau0.1/ones/incl/k7/rG1007/ctl-usage,1007,usage,7,177,7.994341377567707
main/E_lab/code_leaning_hard/D_code/tau0.1/ones/incl/k7/rG1007/ctl-usage,1007,usage,7,178,7.686882431970389
main/E_lab/code_leaning_hard/D_code/tau0.1/ones/incl/k7/rG1007/ctl-usage,1007,usage,7,179,7.282085701350752
main/E_lab/code_leaning_hard/D_code/tau0.1/ones/incl/k7/rG1007/ctl-usage,1007,usage,7,180,6.067200839014731
main/E_lab/code_leaning_hard/D_code/tau0.1/ones/incl/k7/rG1007/ctl-usage,1007,usage,7,181,5.851960449001126
main/E_lab/code_leaning_hard/D_code/tau0.1/ones/incl/k7/rG1007/ctl-usage,1007,usage,7,182,6.714041180686536
main/E_lab/code_leaning_hard/D_code/tau0.1/ones/incl/k7/rG1007/ctl-usage,1007,usage,7,183,6.2175212676888805
main/E_lab/code_leaning_hard/D_code/tau0.1/ones/incl/k7/rG1007/ctl-usage,1007,usage,7,184,5.992901058039934
main/E_lab/code_leaning_hard/D_code/tau0.1/ones/incl/k7/rG1007/ctl-usage,1007,usage,7,185,5.527088735690995
main/E_lab/code_leaning_hard/D_code/tau0.1/ones/incl/k7/rG1007/ctl-usage,1007,usage,7,186,3.9068887719699887
main/E_lab/code_leaning_hard/D_code/tau0.1/ones/incl/k7/rG1007/ctl-usage,1007,usage,7,187,4.596696228445353
main/E_lab/code_leaning_hard/D_code/tau0.1/ones/incl/k7/rG1007/ctl-usage,1007,usage,7,188,4.365661256470958
main/E_lab/code_leaning_hard/D_code/tau0.1/ones/incl/k7/rG1007/ctl-usage,1007,usage,7,189,5.515382135558639
main/E_lab/code_leaning_hard/D_code/tau0.1/ones/incl/k7/rG1007/ctl-usage,1007,usage,7,190,6.591660544998376
main/E_lab/code_leaning_hard/D_code/tau0.1/ones/incl/k7/rG1007/ctl-usage,1007,usage,7,191,5.16522143691418
main/E_lab/code_leaning_hard/D_code/tau0.1/ones/incl/k7/rG1007/ctl-usage,1007,usage,7,192,5.623878017296647
main/E_lab/code_leaning_hard/D_code/tau0.1/ones/incl/k7/rG1007/ctl-usage,1007,usage,7,193,8.592730367879994
main/E_lab/code_leaning_hard/D_code/tau0.1/ones/incl/k7/rG1007/ctl-usage,1007,usage,7,194,8.264938766873456
main/E_lab/code_leaning_hard/D_code/tau0.1/ones/incl/k7/rG1007/ctl-usage,1007,usage,7,195,7.3697960730328305
main/E_lab/code_leaning_hard/D_code/tau0.1/ones/incl/k7/rG1007/ctl-usage,1007,usage,7,196,6.2096682164769845
main/E_lab/code_leaning_hard/D_code/tau0.1/ones/incl/k7/rG1007/ctl-usage,1007,usage,7,197,5.869179522817376
main/E_lab/code_leaning_hard/D_code/tau0.1/ones/incl/k7/rG1007/ctl-usage,1007,usage,7,198,5.464524257967923
main/E_lab/code_leaning_hard/D_code/tau0.1/ones/incl/k7/rG1007/ctl-usage,1007,usage,7,199,8.481005001471203
main/E_lab/code_leaning_hard/D_code/tau0.1/ones/incl/k7/rG1007/ctl-usage,1007,usage,7,200,5.8456689884383195
main/E_lab/code_leaning_hard/D_code/tau0.1/ones/incl/k7/rG1007/ctl-usage,1007,usage,7,201,6.168961762581148
main/E_lab/code_leaning_hard/D_code/tau0.1/ones/incl/k7/rG1007/ctl-usage,1007,usage,7,202,6.659287442083041
main/E_lab/code_leaning_hard/D_code/tau0.1/ones/incl/k7/rG1007/ctl-usage,1007,usage,7,203,4.102852328917834
main/E_lab/code_leaning_hard/D_code/tau0.1/ones/incl/k7/rG1007/ctl-usage,1007,usage,7,204,4.04419650783484
main/E_lab/code_leaning_hard/D_code/tau0.1/ones/incl/k7/rG1007/ctl-usage,1007,usage,7,205,4.7633112575331324
main/E_lab/code_leaning_hard/D_code/tau0.1/ones/incl/k7/rG1007/ctl-usage,1007,usage,7,206,4.799651644440814
main/E_lab/code_leaning_hard/D_code/tau0.1/ones/incl/k7/rG1007/ctl-usage,1007,usage,7,207,4.385497704200134
main/E_lab/code_leaning_hard/D_code/tau0.1/ones/incl/k7/rG1007/ctl-usage,1007,usage,7,208,4.067569799059129
main/E_lab/code_leaning_hard/D_code/tau0.1/ones/incl/k7/rG1007/ctl-usage,1007,usage,7,209,5.075105510329422
main/E_lab/code_leaning_hard/D_code/tau0.1/ones/incl/k7/rG1007/ctl-usage,1007,usage,7,210,14.130271797380829
main/E_lab/code_leaning_hard/D_code/tau0.1/ones/incl/k7/rG1007/ctl-usage,1007,usage,7,211,16.944791504508885
main/E_lab/code_leaning_hard/D_code/tau0.1/ones/incl/k7/rG1007/ctl-usage,1007,usage,7,212,12.73459139649276
main/E_lab/code_leaning_hard/D_code/tau0.1/ones/incl/k7/rG1007/ctl-usage,1007,usage,7,213,5.793908033287607
main/E_lab/code_leaning_hard/D_code/tau0.1/ones/incl/k7/rG1007/ctl-usage,1007,usage,7,214,6.192163634039844
main/E_lab/code_leaning_hard/D_code/tau0.1/ones/incl/k7/rG1007/ctl-usage,1007,usage,7,215,9.062801432974084
main/E_lab/code_leaning_hard/D_code/tau0.1/ones/incl/k7/rG1007/ctl-usage,1007,usage,7,216,9.918263603975788
main/E_lab/code_leaning_hard/D_code/tau0.1/ones/incl/k7/rG1007/ctl-usage,1007,usage,7,217,8.12848447342003
main/E_lab/code_leaning_hard/D_code/tau0.1/ones/incl/k7/rG1007/ctl-usage,1007,usage,7,218,8.186731127499115
main/E_lab/code_leaning_hard/D_code/tau0.1/ones/incl/k7/rG1007/ctl-usage,1007,usage,7,219,8.722402658716419
main/E_lab/code_leaning_hard/D_code/tau0.1/ones/incl/k7/rG1007/ctl-usage,1007,usage,7,220,8.779684538394577
main/E_lab/code_leaning_hard/D_code/tau0.1/ones/incl/k7/rG1007/ctl-usage,1007,usage,7,221,9.152208455935579
main/E_lab/code_leaning_hard/D_code/tau0.1/ones/incl/k7/rG1007/ctl-usage,1007,usage,7,222,7.1339827124538715
main/E_lab/code_leaning_hard/D_code/tau0.1/ones/incl/k7/rG1007/ctl-usage,1007,usage,7,223,7.965653246222246
main/E_lab/code_leaning_hard/D_code/tau0.1/ones/incl/k7/rG1007/ctl-usage,1007,usage,7,224,6.374892982817983
main/E_lab/code_leaning_hard/D_code/tau0.1/ones/incl/k7/rG1007/ctl-usage,1007,usage,7,225,17.750792563720097
main/E_lab/code_leaning_hard/D_code/tau0.1/ones/incl/k7/rG1007/ctl-usage,1007,usage,7,226,12.682779692374424
main/E_lab/code_leaning_hard/D_code/tau0.1/ones/incl/k7/rG1007/ctl-usage,1007,usage,7,227,6.840668481080229
main/E_lab/code_leaning_hard/D_code/tau0.1/ones/incl/k7/rG1007/ctl-usage,1007,usage,7,228,5.788251357308582
main/E_lab/code_leaning_hard/D_code/tau0.1/ones/incl/k7/rG1007/ctl-usage,1007,usage,7,229,5.192109190273186
main/E_lab/code_leaning_hard/D_code/tau0.1/ones/incl/k7/rG1007/ctl-usage,1007,usage,7,230,5.314713492723058
main/E_lab/code_leaning_hard/D_code/tau0.1/ones/incl/k7/rG1007/ctl-usage,1007,usage,7,231,5.915817982432742
main/E_lab/code_leaning_hard/D_code/tau0.1/ones/incl/k7/rG1007/ctl-usage,1007,usage,7,232,5.8065558081343625
main/E_lab/code_leaning_hard/D_code/tau0.1/ones/incl/k7/rG1007/ctl-usage,1007,usage,7,233,9.579097532852302
main/E_lab/code_leaning_hard/D_code/tau0.1/ones/incl/k7/rG1007/ctl-usage,1007,usage,7,234,9.059672520032564
main/E_lab/code_leaning_hard/D_code/tau0.1/ones/incl/k7/rG1007/ctl-usage,1007,usage,7,235,5.191412575523742
main/E_lab/code_leaning_hard/D_code/tau0.1/ones/incl/k7/rG1007/ctl-usage,1007,usage,7,236,11.97677837155561
main/E_lab/code_leaning_hard/D_code/tau0.1/ones/incl/k7/rG1007/ctl-usage,1007,usage,7,237,7.8355491715226435
main/E_lab/code_leaning_hard/D_code/tau0.1/ones/incl/k7/rG1007/ctl-usage,1007,usage,7,238,3.9699923130806383
main/E_lab/code_leaning_hard/D_code/tau0.1/ones/incl/k7/rG1007/ctl-usage,1007,usage,7,239,4.067219064519804
main/E_lab/code_leaning_hard/D_code/tau0.1/ones/incl/k7/rG1007/ctl-usage,1007,usage,7,240,3.4509398718978446
main/E_lab/code_leaning_hard/D_code/tau0.1/ones/incl/k7/rG1007/ctl-usage,1007,usage,7,241,3.4218087863600886
main/E_lab/code_leaning_hard/D_code/tau0.1/ones/incl/k7/rG1007/ctl-usage,1007,usage,7,242,3.898297147361518
main/E_lab/code_leaning_hard/D_code/tau0.1/ones/incl/k7/rG1007/ctl-usage,1007,usage,7,243,3.2095933418351024
main/E_lab/code_leaning_hard/D_code/tau0.1/ones/incl/k7/rG1007/ctl-usage,1007,usage,7,244,2.947717677766377
main/E_lab/code_leaning_hard/D_code/tau0.1/ones/incl/k7/rG1007/ctl-usage,1007,usage,7,245,4.2169138746969566
main/E_lab/code_leaning_hard/D_code/tau0.1/ones/incl/k7/rG1007/ctl-usage,1007,usage,7,246,3.412211022318843
main/E_lab/code_leaning_hard/D_code/tau0.1/ones/incl/k7/rG1007/ctl-usage,1007,usage,7,247,3.6296656862091368
main/E_lab/code_leaning_hard/D_code/tau0.1/ones/incl/k7/rG1007/ctl-usage,1007,usage,7,248,3.6575884897397373
main/E_lab/code_leaning_hard/D_code/tau0.1/ones/incl/k7/rG1007/ctl-usage,1007,usage,7,249,2.61993207312662
main/E_lab/code_leaning_hard/D_code/tau0.1/ones/incl/k7/rG1007/ctl-usage,1007,usage,7,250,3.446632851256254
main/E_lab/code_leaning_hard/D_code/tau0.1/ones/incl/k7/rG1007/ctl-usage,1007,usage,7,251,3.886983793726017
main/E_lab/code_leaning_hard/D_code/tau0.1/ones/incl/k7/rG1007/ctl-usage,1007,usage,7,252,3.4461562953574685
main/E_lab/code_leaning_hard/D_code/tau0.1/ones/incl/k7/rG1007/ctl-usage,1007,usage,7,253,4.073611700359834
main/E_lab/code_leaning_hard/D_code/tau0.1/ones/incl/k7/rG1007/ctl-usage,1007,usage,7,254,3.410140757458521
main/E_lab/code_leaning_hard/D_code/tau0.1/ones/incl/k7/rG1007/ctl-usage,1007,usage,7,255,3.264075068999432
main/E_lab/code_leaning_hard/D_code/tau0.1/ones/incl/k7/rG1007/ctl-usage,1007,usage,7,256,12.930979343224863
main/E_lab/code_leaning_hard/D_code/tau0.1/ones/incl/k7/rG1007/ctl-usage,1007,usage,7,257,13.416697809760535
main/E_lab/code_leaning_hard/D_code/tau0.1/ones/incl/k7/rG1007/ctl-usage,1007,usage,7,258,13.50840735441443
main/E_lab/code_leaning_hard/D_code/tau0.1/ones/incl/k7/rG1007/ctl-usage,1007,usage,7,259,13.173217294960864
main/E_lab/code_leaning_hard/D_code/tau0.1/ones/incl/k7/rG1007/ctl-usage,1007,usage,7,260,12.770523316537492
main/E_lab/code_leaning_hard/D_code/tau0.1/ones/incl/k7/rG1007/ctl-usage,1007,usage,7,261,13.319575532287786
main/E_lab/code_leaning_hard/D_code/tau0.1/ones/incl/k7/rG1007/ctl-usage,1007,usage,7,262,12.579966961253945
main/E_lab/code_leaning_hard/D_code/tau0.1/ones/incl/k7/rG1007/ctl-usage,1007,usage,7,263,15.119607189468752
main/E_lab/code_leaning_hard/D_code/tau0.1/ones/incl/k7/rG1007/ctl-usage,1007,usage,7,264,14.843610745203478
main/E_lab/code_leaning_hard/D_code/tau0.1/ones/incl/k7/rG1007/ctl-usage,1007,usage,7,265,14.082257059925723
main/E_lab/code_leaning_hard/D_code/tau0.1/ones/incl/k7/rG1007/ctl-usage,1007,usage,7,266,14.698517999888281
main/E_lab/code_leaning_hard/D_code/tau0.1/ones/incl/k7/rG1007/ctl-usage,1007,usage,7,267,12.370105204515767
main/E_lab/code_leaning_hard/D_code/tau0.1/ones/incl/k7/rG1007/ctl-usage,1007,usage,7,268,12.150100473063048
main/E_lab/code_leaning_hard/D_code/tau0.1/ones/incl/k7/rG1007/ctl-usage,1007,usage,7,269,12.088472771446504
main/E_lab/code_leaning_hard/D_code/tau0.1/ones/incl/k7/rG1007/ctl-usage,1007,usage,7,270,11.726581653535504
main/E_lab/code_leaning_hard/D_code/tau0.1/ones/incl/k7/rG1007/ctl-usage,1007,usage,7,271,11.514815277367688
main/E_lab/code_leaning_hard/D_code/tau0.1/ones/incl/k7/rG1007/ctl-usage,1007,usage,7,272,11.145877141560959
main/E_lab/code_leaning_hard/D_code/tau0.1/ones/incl/k7/rG1007/ctl-usage,1007,usage,7,273,12.861245316704753
main/E_lab/code_leaning_hard/D_code/tau0.1/ones/incl/k7/rG1007/ctl-usage,1007,usage,7,274,14.130953778042453
main/E_lab/code_leaning_hard/D_code/tau0.1/ones/incl/k7/rG1007/ctl-usage,1007,usage,7,275,12.552018638151367
main/E_lab/code_leaning_hard/D_code/tau0.1/ones/incl/k7/rG1007/ctl-usage,1007,usage,7,276,13.946785776350225
main/E_lab/code_leaning_hard/D_code/tau0.1/ones/incl/k7/rG1007/ctl-usage,1007,usage,7,277,12.435146117494014
main/E_lab/code_leaning_hard/D_code/tau0.1/ones/incl/k7/rG1007/ctl-usage,1007,usage,7,278,12.637709458379277
main/E_lab/code_leaning_hard/D_code/tau0.1/ones/incl/k7/rG1007/ctl-usage,1007,usage,7,279,12.710520915669349
main/E_lab/code_leaning_hard/D_code/tau0.1/ones/incl/k7/rG1007/ctl-usage,1007,usage,7,280,11.312466236514865
main/E_lab/code_leaning_hard/D_code/tau0.1/ones/incl/k7/rG1007/ctl-usage,1007,usage,7,281,13.99512565873738
main/E_lab/code_leaning_hard/D_code/tau0.1/ones/incl/k7/rG1007/ctl-usage,1007,usage,7,282,12.836191151980984
main/E_lab/code_leaning_hard/D_code/tau0.1/ones/incl/k7/rG1007/ctl-usage,1007,usage,7,283,13.477463342087503
main/E_lab/code_leaning_hard/D_code/tau0.1/ones/incl/k7/rG1007/ctl-usage,1007,usage,7,284,12.78645071098208
main/E_lab/code_leaning_hard/D_code/tau0.1/ones/incl/k7/rG1007/ctl-usage,1007,usage,7,285,12.741292700518898
main/E_lab/code_leaning_hard/D_code/tau0.1/ones/incl/k7/rG1007/ctl-usage,1007,usage,7,286,13.168648969702986
main/E_lab/code_leaning_hard/D_code/tau0.1/ones/incl/k7/rG1007/ctl-usage,1007,usage,7,287,12.74514058233126
main/E_lab/code_leaning_hard/D_code/tau0.1/ones/incl/k7/rG1007/ctl-usage,1007,usage,7,288,12.667481494964704
main/E_lab/code_leaning_hard/D_code/tau0.1/ones/incl/k7/rG1007/ctl-usage,1007,usage,7,289,12.524625648178699
main/E_lab/code_leaning_hard/D_code/tau0.1/ones/incl/k7/rG1007/ctl-usage,1007,usage,7,290,12.621656334645195
main/E_lab/code_leaning_hard/D_code/tau0.1/ones/incl/k7/rG1007/ctl-usage,1007,usage,7,291,12.694419576169366
main/E_lab/code_leaning_hard/D_code/tau0.1/ones/incl/k7/rG1007/ctl-usage,1007,usage,7,292,12.481484483326767
main/E_lab/code_leaning_hard/D_code/tau0.1/ones/incl/k7/rG1007/ctl-usage,1007,usage,7,293,12.757374594965313
main/E_lab/code_leaning_hard/D_code/tau0.1/ones/incl/k7/rG1007/ctl-usage,1007,usage,7,294,12.911147269611774
main/E_lab/code_leaning_hard/D_code/tau0.1/ones/incl/k7/rG1007/ctl-usage,1007,usage,7,295,12.124695126791721
main/E_lab/code_leaning_hard/D_code/tau0.1/ones/incl/k7/rG1007/ctl-usage,1007,usage,7,296,12.221710029493352
main/E_lab/code_leaning_hard/D_code/tau0.1/ones/incl/k7/rG1007/ctl-usage,1007,usage,7,297,11.404859133559285
main/E_lab/code_leaning_hard/D_code/tau0.1/ones/incl/k7/rG1007/ctl-usage,1007,usage,7,298,13.963801674306069
main/E_lab/code_leaning_hard/D_code/tau0.1/ones/incl/k7/rG1007/ctl-usage,1007,usage,7,299,12.2195585455961
main/E_lab/code_leaning_hard/D_code/tau0.1/ones/incl/k7/rG1007/ctl-usage,1007,usage,7,300,11.493553586973576
main/E_lab/code_leaning_hard/D_code/tau0.1/ones/incl/k7/rG1007/ctl-usage,1007,usage,7,301,10.694610344685543
main/E_lab/code_leaning_hard/D_code/tau0.1/ones/incl/k7/rG1007/ctl-usage,1007,usage,7,302,10.284793509943029
main/E_lab/code_leaning_hard/D_code/tau0.1/ones/incl/k7/rG1007/ctl-usage,1007,usage,7,303,11.578054258914108
main/E_lab/code_leaning_hard/D_code/tau0.1/ones/incl/k7/rG1007/ctl-usage,1007,usage,7,304,11.93882368568211
main/E_lab/code_leaning_hard/D_code/tau0.1/ones/incl/k7/rG1007/ctl-usage,1007,usage,7,305,12.524141567335391
main/E_lab/code_leaning_hard/D_code/tau0.1/ones/incl/k7/rG1007/ctl-usage,1007,usage,7,306,13.319546729343074
main/E_lab/code_leaning_hard/D_code/tau0.1/ones/incl/k7/rG1007/ctl-usage,1007,usage,7,307,12.385391514380899
main/E_lab/code_leaning_hard/D_code/tau0.1/ones/incl/k7/rG1007/ctl-usage,1007,usage,7,308,12.005816569640501
main/E_lab/code_leaning_hard/D_code/tau0.1/ones/incl/k7/rG1007/ctl-usage,1007,usage,7,309,12.396329308520762
main/E_lab/code_leaning_hard/D_code/tau0.1/ones/incl/k7/rG1007/ctl-usage,1007,usage,7,310,12.358486626279614
main/E_lab/code_leaning_hard/D_code/tau0.1/ones/incl/k7/rG1007/ctl-usage,1007,usage,7,311,13.191364794060064
main/E_lab/code_leaning_hard/D_code/tau0.1/ones/incl/k7/rG1007/ctl-usage,1007,usage,7,312,13.648150835811975
main/E_lab/code_leaning_hard/D_code/tau0.1/ones/incl/k7/rG1007/ctl-usage,1007,usage,7,313,13.383349004338015
main/E_lab/code_leaning_hard/D_code/tau0.1/ones/incl/k7/rG1007/ctl-usage,1007,usage,7,314,12.897027266630175
main/E_lab/code_leaning_hard/D_code/tau0.1/ones/incl/k7/rG1007/ctl-usage,1007,usage,7,315,12.218612077881971
main/E_lab/code_leaning_hard/D_code/tau0.1/ones/incl/k7/rG1007/ctl-usage,1007,usage,7,316,13.224860056312536
main/E_lab/code_leaning_hard/D_code/tau0.1/ones/incl/k7/rG1007/ctl-usage,1007,usage,7,317,12.810909440162959
main/E_lab/code_leaning_hard/D_code/tau0.1/ones/incl/k7/rG1007/ctl-usage,1007,usage,7,318,12.663030053775856
main/E_lab/code_leaning_hard/D_code/tau0.1/ones/incl/k7/rG1007/ctl-usage,1007,usage,7,319,12.537491653626489
main/E_lab/code_leaning_hard/D_code/tau0.1/ones/incl/k7/rG1007/ctl-usage,1007,usage,7,320,14.754073532279563
main/E_lab/code_leaning_hard/D_code/tau0.1/ones/incl/k7/rG1007/ctl-usage,1007,usage,7,321,13.84565669767153
main/E_lab/code_leaning_hard/D_code/tau0.1/ones/incl/k7/rG1007/ctl-usage,1007,usage,7,322,15.235580498257605
main/E_lab/code_leaning_hard/D_code/tau0.1/ones/incl/k7/rG1007/ctl-usage,1007,usage,7,323,13.321062921790599
main/E_lab/code_leaning_hard/D_code/tau0.1/ones/incl/k7/rG1007/ctl-usage,1007,usage,7,324,13.607437608519376
main/E_lab/code_leaning_hard/D_code/tau0.1/ones/incl/k7/rG1007/ctl-usage,1007,usage,7,325,13.76448583030242
main/E_lab/code_leaning_hard/D_code/tau0.1/ones/incl/k7/rG1007/ctl-usage,1007,usage,7,326,14.987214553973217
main/E_lab/code_leaning_hard/D_code/tau0.1/ones/incl/k7/rG1007/ctl-usage,1007,usage,7,327,14.146339938471101
main/E_lab/code_leaning_hard/D_code/tau0.1/ones/incl/k7/rG1007/ctl-usage,1007,usage,7,328,13.68975955593669
main/E_lab/code_leaning_hard/D_code/tau0.1/ones/incl/k7/rG1007/ctl-usage,1007,usage,7,329,13.8856468414358
main/E_lab/code_leaning_hard/D_code/tau0.1/ones/incl/k7/rG1007/ctl-usage,1007,usage,7,330,14.694583494274411
main/E_lab/code_leaning_hard/D_code/tau0.1/ones/incl/k7/rG1007/ctl-usage,1007,usage,7,331,15.467166064595403
main/E_lab/code_leaning_hard/D_code/tau0.1/ones/incl/k7/rG1007/ctl-usage,1007,usage,7,332,16.031287522802813
main/E_lab/code_leaning_hard/D_code/tau0.1/ones/incl/k7/rG1007/ctl-usage,1007,usage,7,333,13.192152353937672
main/E_lab/code_leaning_hard/D_code/tau0.1/ones/incl/k7/rG1007/ctl-usage,1007,usage,7,334,13.934144450683334
main/E_lab/code_leaning_hard/D_code/tau0.1/ones/incl/k7/rG1007/ctl-usage,1007,usage,7,335,14.246066527500261
main/E_lab/code_leaning_hard/D_code/tau0.1/ones/incl/k7/rG1007/ctl-usage,1007,usage,7,336,13.683594561070322
main/E_lab/code_leaning_hard/D_code/tau0.1/ones/incl/k7/rG1007/ctl-usage,1007,usage,7,337,11.409869320555572
main/E_lab/code_leaning_hard/D_code/tau0.1/ones/incl/k7/rG1007/ctl-usage,1007,usage,7,338,13.260042874091823
main/E_lab/code_leaning_hard/D_code/tau0.1/ones/incl/k7/rG1007/ctl-usage,1007,usage,7,339,13.074796275260724
main/E_lab/code_leaning_hard/D_code/tau0.1/ones/incl/k7/rG1007/ctl-usage,1007,usage,7,340,14.952614627826733
main/E_lab/code_leaning_hard/D_code/tau0.1/ones/incl/k7/rG1007/ctl-usage,1007,usage,7,341,14.433828867771808
main/E_lab/code_leaning_hard/D_code/tau0.1/ones/incl/k7/rG1007/ctl-usage,1007,usage,7,342,14.023985548144765
main/E_lab/code_leaning_hard/D_code/tau0.1/ones/incl/k7/rG1007/ctl-usage,1007,usage,7,343,15.63583950634984
main/E_lab/code_leaning_hard/D_code/tau0.1/ones/incl/k7/rG1007/ctl-usage,1007,usage,7,344,13.932442848006303
main/E_lab/code_leaning_hard/D_code/tau0.1/ones/incl/k7/rG1007/ctl-usage,1007,usage,7,345,15.13241024457443
main/E_lab/code_leaning_hard/D_code/tau0.1/ones/incl/k7/rG1007/ctl-usage,1007,usage,7,346,14.184306695987289
main/E_lab/code_leaning_hard/D_code/tau0.1/ones/incl/k7/rG1007/ctl-usage,1007,usage,7,347,14.302236248831832
main/E_lab/code_leaning_hard/D_code/tau0.1/ones/incl/k7/rG1007/ctl-usage,1007,usage,7,348,13.345013544377707
main/E_lab/code_leaning_hard/D_code/tau0.1/ones/incl/k7/rG1007/ctl-usage,1007,usage,7,349,14.711518444231388
main/E_lab/code_leaning_hard/D_code/tau0.1/ones/incl/k7/rG1007/ctl-usage,1007,usage,7,350,15.548710833239966
main/E_lab/code_leaning_hard/D_code/tau0.1/ones/incl/k7/rG1007/ctl-usage,1007,usage,7,351,15.911330269947712
main/E_lab/code_leaning_hard/D_code/tau0.1/ones/incl/k7/rG1007/ctl-usage,1007,usage,7,352,12.340686642657602
main/E_lab/code_leaning_hard/D_code/tau0.1/ones/incl/k7/rG1007/ctl-usage,1007,usage,7,353,16.328199305020007
main/E_lab/code_leaning_hard/D_code/tau0.1/ones/incl/k7/rG1007/ctl-usage,1007,usage,7,354,13.987106381498961
main/E_lab/code_leaning_hard/D_code/tau0.1/ones/incl/k7/rG1007/ctl-usage,1007,usage,7,355,14.978242487639818
main/E_lab/code_leaning_hard/D_code/tau0.1/ones/incl/k7/rG1007/ctl-usage,1007,usage,7,356,13.73578001816827
main/E_lab/code_leaning_hard/D_code/tau0.1/ones/incl/k7/rG1007/ctl-usage,1007,usage,7,357,14.624362956912137
main/E_lab/code_leaning_hard/D_code/tau0.1/ones/incl/k7/rG1007/ctl-usage,1007,usage,7,358,12.548776940016978
main/E_lab/code_leaning_hard/D_code/tau0.1/ones/incl/k7/rG1007/ctl-usage,1007,usage,7,359,12.642675052472327
main/E_lab/code_leaning_hard/D_code/tau0.1/ones/incl/k7/rG1007/ctl-usage,1007,usage,7,360,12.737113444178021
main/E_lab/code_leaning_hard/D_code/tau0.1/ones/incl/k7/rG1007/ctl-usage,1007,usage,7,361,13.790259940577926
main/E_lab/code_leaning_hard/D_code/tau0.1/ones/incl/k7/rG1007/ctl-usage,1007,usage,7,362,14.033156448666432
main/E_lab/code_leaning_hard/D_code/tau0.1/ones/incl/k7/rG1007/ctl-usage,1007,usage,7,363,12.339544875617776
main/E_lab/code_leaning_hard/D_code/tau0.1/ones/incl/k7/rG1007/ctl-usage,1007,usage,7,364,14.393752813994979
main/E_lab/code_leaning_hard/D_code/tau0.1/ones/incl/k7/rG1007/ctl-usage,1007,usage,7,365,13.870189538309091
main/E_lab/code_leaning_hard/D_code/tau0.1/ones/incl/k7/rG1007/ctl-usage,1007,usage,7,366,13.11273225197101
main/E_lab/code_leaning_hard/D_code/tau0.1/ones/incl/k7/rG1007/ctl-usage,1007,usage,7,367,12.871372920898011
main/E_lab/code_leaning_hard/D_code/tau0.1/ones/incl/k7/rG1007/ctl-usage,1007,usage,7,368,11.923082818345165
main/E_lab/code_leaning_hard/D_code/tau0.1/ones/incl/k7/rG1007/ctl-usage,1007,usage,7,369,12.099088470675724
main/E_lab/code_leaning_hard/D_code/tau0.1/ones/incl/k7/rG1007/ctl-usage,1007,usage,7,370,12.42051077154963
main/E_lab/code_leaning_hard/D_code/tau0.1/ones/incl/k7/rG1007/ctl-usage,1007,usage,7,371,13.297356618227695
main/E_lab/code_leaning_hard/D_code/tau0.1/ones/incl/k7/rG1007/ctl-usage,1007,usage,7,372,13.931377928334314
main/E_lab/code_leaning_hard/D_code/tau0.1/ones/incl/k7/rG1007/ctl-usage,1007,usage,7,373,13.86232115312123
main/E_lab/code_leaning_hard/D_code/tau0.1/ones/incl/k7/rG1007/ctl-usage,1007,usage,7,374,12.963498454349406
main/E_lab/code_leaning_hard/D_code/tau0.1/ones/incl/k7/rG1007/ctl-usage,1007,usage,7,375,13.578045335289971
main/E_lab/code_leaning_hard/D_code/tau0.1/ones/incl/k7/rG1007/ctl-usage,1007,usage,7,376,15.404429247812914
main/E_lab/code_leaning_hard/D_code/tau0.1/ones/incl/k7/rG1007/ctl-usage,1007,usage,7,377,12.769246258159455
main/E_lab/code_leaning_hard/D_code/tau0.1/ones/incl/k7/rG1007/ctl-usage,1007,usage,7,378,12.756475315973603
main/E_lab/code_leaning_hard/D_code/tau0.1/ones/incl/k7/rG1007/ctl-usage,1007,usage,7,379,12.953590641117444
main/E_lab/code_leaning_hard/D_code/tau0.1/ones/incl/k7/rG1007/ctl-usage,1007,usage,7,380,12.730475501280125
main/E_lab/code_leaning_hard/D_code/tau0.1/ones/incl/k7/rG1007/ctl-usage,1007,usage,7,381,13.33065204482591
main/E_lab/code_leaning_hard/D_code/tau0.1/ones/incl/k7/rG1007/ctl-usage,1007,usage,7,382,13.284137753106734
main/E_lab/code_leaning_hard/D_code/tau0.1/ones/incl/k7/rG1007/ctl-usage,1007,usage,7,383,12.629688163590345
main/E_lab/code_leaning_hard/D_code/tau0.1/ones/incl/k7/rG1007/ctl-usage,1007,usage,7,384,12.637293499411044
main/E_lab/code_leaning_hard/D_code/tau0.1/ones/incl/k7/rG1007/ctl-usage,1007,usage,7,385,7.620666006482907
main/E_lab/code_leaning_hard/D_code/tau0.1/ones/incl/k7/rG1007/ctl-usage,1007,usage,7,386,8.179299180921134
main/E_lab/code_leaning_hard/D_code/tau0.1/ones/incl/k7/rG1007/ctl-usage,1007,usage,7,387,9.61894714994287
main/E_lab/code_leaning_hard/D_code/tau0.1/ones/incl/k7/rG1007/ctl-usage,1007,usage,7,388,6.368766016211794
main/E_lab/code_leaning_hard/D_code/tau0.1/ones/incl/k7/rG1007/ctl-usage,1007,usage,7,389,7.1957053014853045
main/E_lab/code_leaning_hard/D_code/tau0.1/ones/incl/k7/rG1007/ctl-usage,1007,usage,7,390,6.709580551026647
main/E_lab/code_leaning_hard/D_code/tau0.1/ones/incl/k7/rG1007/ctl-usage,1007,usage,7,391,5.4697176255313025
main/E_lab/code_leaning_hard/D_code/tau0.1/ones/incl/k7/rG1007/ctl-usage,1007,usage,7,392,7.969879195692556
main/E_lab/code_leaning_hard/D_code/tau0.1/ones/incl/k7/rG1007/ctl-usage,1007,usage,7,393,6.571518632643347
main/E_lab/code_leaning_hard/D_code/tau0.1/ones/incl/k7/rG1007/ctl-usage,1007,usage,7,394,9.979361029774509
main/E_lab/code_leaning_hard/D_code/tau0.1/ones/incl/k7/rG1007/ctl-usage,1007,usage,7,395,9.164662567795403
main/E_lab/code_leaning_hard/D_code/tau0.1/ones/incl/k7/rG1007/ctl-usage,1007,usage,7,396,8.82300587477448
main/E_lab/code_leaning_hard/D_code/tau0.1/ones/incl/k7/rG1007/ctl-usage,1007,usage,7,397,7.784344761184002
main/E_lab/code_leaning_hard/D_code/tau0.1/ones/incl/k7/rG1007/ctl-usage,1007,usage,7,398,11.22110006461753
main/E_lab/code_leaning_hard/D_code/tau0.1/ones/incl/k7/rG1007/ctl-usage,1007,usage,7,399,7.970883874264246
main/E_lab/code_leaning_hard/D_code/tau0.1/ones/incl/k7/rG1007/ctl-usage,1007,usage,7,400,3.956825639193994
main/E_lab/code_leaning_hard/D_code/tau0.1/ones/incl/k7/rG1007/ctl-usage,1007,usage,7,401,4.94206612199946
main/E_lab/code_leaning_hard/D_code/tau0.1/ones/incl/k7/rG1007/ctl-usage,1007,usage,7,402,7.967187039344026
main/E_lab/code_leaning_hard/D_code/tau0.1/ones/incl/k7/rG1007/ctl-usage,1007,usage,7,403,9.250553945043066
main/E_lab/code_leaning_hard/D_code/tau0.1/ones/incl/k7/rG1007/ctl-usage,1007,usage,7,404,7.438535256867453
main/E_lab/code_leaning_hard/D_code/tau0.1/ones/incl/k7/rG1007/ctl-usage,1007,usage,7,405,9.141244197261813
main/E_lab/code_leaning_hard/D_code/tau0.1/ones/incl/k7/rG1007/ctl-usage,1007,usage,7,406,8.0541406136133
main/E_lab/code_leaning_hard/D_code/tau0.1/ones/incl/k7/rG1007/ctl-usage,1007,usage,7,407,6.158669648512614
main/E_lab/code_leaning_hard/D_code/tau0.1/ones/incl/k7/rG1007/ctl-usage,1007,usage,7,408,6.082824752606484
main/E_lab/code_leaning_hard/D_code/tau0.1/ones/incl/k7/rG1007/ctl-usage,1007,usage,7,409,9.324647649405051
main/E_lab/code_leaning_hard/D_code/tau0.1/ones/incl/k7/rG1007/ctl-usage,1007,usage,7,410,9.06572596584715
main/E_lab/code_leaning_hard/D_code/tau0.1/ones/incl/k7/rG1007/ctl-usage,1007,usage,7,411,10.75464123176448
main/E_lab/code_leaning_hard/D_code/tau0.1/ones/incl/k7/rG1007/ctl-usage,1007,usage,7,412,8.005272312919715
main/E_lab/code_leaning_hard/D_code/tau0.1/ones/incl/k7/rG1007/ctl-usage,1007,usage,7,413,9.728040131161833
main/E_lab/code_leaning_hard/D_code/tau0.1/ones/incl/k7/rG1007/ctl-usage,1007,usage,7,414,10.41215039011604
main/E_lab/code_leaning_hard/D_code/tau0.1/ones/incl/k7/rG1007/ctl-usage,1007,usage,7,415,7.144053442960512
main/E_lab/code_leaning_hard/D_code/tau0.1/ones/incl/k7/rG1007/ctl-usage,1007,usage,7,416,8.842095939047113
main/E_lab/code_leaning_hard/D_code/tau0.1/ones/incl/k7/rG1007/ctl-usage,1007,usage,7,417,8.764431720375796
main/E_lab/code_leaning_hard/D_code/tau0.1/ones/incl/k7/rG1007/ctl-usage,1007,usage,7,418,8.78632350621001
main/E_lab/code_leaning_hard/D_code/tau0.1/ones/incl/k7/rG1007/ctl-usage,1007,usage,7,419,7.68779122502383
main/E_lab/code_leaning_hard/D_code/tau0.1/ones/incl/k7/rG1007/ctl-usage,1007,usage,7,420,9.462969125588188
main/E_lab/code_leaning_hard/D_code/tau0.1/ones/incl/k7/rG1007/ctl-usage,1007,usage,7,421,8.13662678351966
main/E_lab/code_leaning_hard/D_code/tau0.1/ones/incl/k7/rG1007/ctl-usage,1007,usage,7,422,6.581319746995177
main/E_lab/code_leaning_hard/D_code/tau0.1/ones/incl/k7/rG1007/ctl-usage,1007,usage,7,423,8.5378314829386
main/E_lab/code_leaning_hard/D_code/tau0.1/ones/incl/k7/rG1007/ctl-usage,1007,usage,7,424,6.062653924150254
main/E_lab/code_leaning_hard/D_code/tau0.1/ones/incl/k7/rG1007/ctl-usage,1007,usage,7,425,5.197283728070943
main/E_lab/code_leaning_hard/D_code/tau0.1/ones/incl/k7/rG1007/ctl-usage,1007,usage,7,426,7.631124625059783
main/E_lab/code_leaning_hard/D_code/tau0.1/ones/incl/k7/rG1007/ctl-usage,1007,usage,7,427,12.714356275726232
main/E_lab/code_leaning_hard/D_code/tau0.1/ones/incl/k7/rG1007/ctl-usage,1007,usage,7,428,10.167247977596162
main/E_lab/code_leaning_hard/D_code/tau0.1/ones/incl/k7/rG1007/ctl-usage,1007,usage,7,429,9.360080413448827
main/E_lab/code_leaning_hard/D_code/tau0.1/ones/incl/k7/rG1007/ctl-usage,1007,usage,7,430,7.828734404251691
main/E_lab/code_leaning_hard/D_code/tau0.1/ones/incl/k7/rG1007/ctl-usage,1007,usage,7,431,6.949045911680969
main/E_lab/code_leaning_hard/D_code/tau0.1/ones/incl/k7/rG1007/ctl-usage,1007,usage,7,432,8.651152934906122
main/E_lab/code_leaning_hard/D_code/tau0.1/ones/incl/k7/rG1007/ctl-usage,1007,usage,7,433,6.438118679547529
main/E_lab/code_leaning_hard/D_code/tau0.1/ones/incl/k7/rG1007/ctl-usage,1007,usage,7,434,5.464779151079938
main/E_lab/code_leaning_hard/D_code/tau0.1/ones/incl/k7/rG1007/ctl-usage,1007,usage,7,435,8.86656436175872
main/E_lab/code_leaning_hard/D_code/tau0.1/ones/incl/k7/rG1007/ctl-usage,1007,usage,7,436,9.408277239354675
main/E_lab/code_leaning_hard/D_code/tau0.1/ones/incl/k7/rG1007/ctl-usage,1007,usage,7,437,6.499964502732382
main/E_lab/code_leaning_hard/D_code/tau0.1/ones/incl/k7/rG1007/ctl-usage,1007,usage,7,438,6.453295693922428
main/E_lab/code_leaning_hard/D_code/tau0.1/ones/incl/k7/rG1007/ctl-usage,1007,usage,7,439,7.885912244249312
main/E_lab/code_leaning_hard/D_code/tau0.1/ones/incl/k7/rG1007/ctl-usage,1007,usage,7,440,9.311055483486143
main/E_lab/code_leaning_hard/D_code/tau0.1/ones/incl/k7/rG1007/ctl-usage,1007,usage,7,441,7.585563238439136
main/E_lab/code_leaning_hard/D_code/tau0.1/ones/incl/k7/rG1007/ctl-usage,1007,usage,7,442,8.394599176618385
main/E_lab/code_leaning_hard/D_code/tau0.1/ones/incl/k7/rG1007/ctl-usage,1007,usage,7,443,12.607174101284727
main/E_lab/code_leaning_hard/D_code/tau0.1/ones/incl/k7/rG1007/ctl-usage,1007,usage,7,444,15.579238593605623
main/E_lab/code_leaning_hard/D_code/tau0.1/ones/incl/k7/rG1007/ctl-usage,1007,usage,7,445,14.122548011549497
main/E_lab/code_leaning_hard/D_code/tau0.1/ones/incl/k7/rG1007/ctl-usage,1007,usage,7,446,9.883529627750931
main/E_lab/code_leaning_hard/D_code/tau0.1/ones/incl/k7/rG1007/ctl-usage,1007,usage,7,447,9.447443797309916
main/E_lab/code_leaning_hard/D_code/tau0.1/ones/incl/k7/rG1007/ctl-usage,1007,usage,7,448,11.409987852633549
main/E_lab/code_leaning_hard/D_code/tau0.1/ones/incl/k7/rG1007/ctl-usage,1007,usage,7,449,11.244079252477832
main/E_lab/code_leaning_hard/D_code/tau0.1/ones/incl/k7/rG1007/ctl-usage,1007,usage,7,450,11.453470813476542
main/E_lab/code_leaning_hard/D_code/tau0.1/ones/incl/k7/rG1007/ctl-usage,1007,usage,7,451,11.985535203659083
main/E_lab/code_leaning_hard/D_code/tau0.1/ones/incl/k7/rG1007/ctl-usage,1007,usage,7,452,9.575717686904682
main/E_lab/code_leaning_hard/D_code/tau0.1/ones/incl/k7/rG1007/ctl-usage,1007,usage,7,453,8.903537895095724
main/E_lab/code_leaning_hard/D_code/tau0.1/ones/incl/k7/rG1007/ctl-usage,1007,usage,7,454,11.467813313325678
main/E_lab/code_leaning_hard/D_code/tau0.1/ones/incl/k7/rG1007/ctl-usage,1007,usage,7,455,11.473988344472673
main/E_lab/code_leaning_hard/D_code/tau0.1/ones/incl/k7/rG1007/ctl-usage,1007,usage,7,456,12.226472567615701
main/E_lab/code_leaning_hard/D_code/tau0.1/ones/incl/k7/rG1007/ctl-usage,1007,usage,7,457,12.519273042491932
main/E_lab/code_leaning_hard/D_code/tau0.1/ones/incl/k7/rG1007/ctl-usage,1007,usage,7,458,8.124405551795462
main/E_lab/code_leaning_hard/D_code/tau0.1/ones/incl/k7/rG1007/ctl-usage,1007,usage,7,459,7.751367160880363
main/E_lab/code_leaning_hard/D_code/tau0.1/ones/incl/k7/rG1007/ctl-usage,1007,usage,7,460,12.214366962286931
main/E_lab/code_leaning_hard/D_code/tau0.1/ones/incl/k7/rG1007/ctl-usage,1007,usage,7,461,13.269022292029149
main/E_lab/code_leaning_hard/D_code/tau0.1/ones/incl/k7/rG1007/ctl-usage,1007,usage,7,462,10.494736457927957
main/E_lab/code_leaning_hard/D_code/tau0.1/ones/incl/k7/rG1007/ctl-usage,1007,usage,7,463,10.300709569105038
main/E_lab/code_leaning_hard/D_code/tau0.1/ones/incl/k7/rG1007/ctl-usage,1007,usage,7,464,8.511709001595364
main/E_lab/code_leaning_hard/D_code/tau0.1/ones/incl/k7/rG1007/ctl-usage,1007,usage,7,465,9.372643384505636
main/E_lab/code_leaning_hard/D_code/tau0.1/ones/incl/k7/rG1007/ctl-usage,1007,usage,7,466,11.621224384177367
main/E_lab/code_leaning_hard/D_code/tau0.1/ones/incl/k7/rG1007/ctl-usage,1007,usage,7,467,9.874124064747548
main/E_lab/code_leaning_hard/D_code/tau0.1/ones/incl/k7/rG1007/ctl-usage,1007,usage,7,468,10.831028928100068
main/E_lab/code_leaning_hard/D_code/tau0.1/ones/incl/k7/rG1007/ctl-usage,1007,usage,7,469,11.713576019441462
main/E_lab/code_leaning_hard/D_code/tau0.1/ones/incl/k7/rG1007/ctl-usage,1007,usage,7,470,8.790332258414765
main/E_lab/code_leaning_hard/D_code/tau0.1/ones/incl/k7/rG1007/ctl-usage,1007,usage,7,471,8.976445050069742
main/E_lab/code_leaning_hard/D_code/tau0.1/ones/incl/k7/rG1007/ctl-usage,1007,usage,7,472,7.222665002053873
main/E_lab/code_leaning_hard/D_code/tau0.1/ones/incl/k7/rG1007/ctl-usage,1007,usage,7,473,6.728580396060806
main/E_lab/code_leaning_hard/D_code/tau0.1/ones/incl/k7/rG1007/ctl-usage,1007,usage,7,474,9.419575953548701
main/E_lab/code_leaning_hard/D_code/tau0.1/ones/incl/k7/rG1007/ctl-usage,1007,usage,7,475,8.814440328425007
main/E_lab/code_leaning_hard/D_code/tau0.1/ones/incl/k7/rG1007/ctl-usage,1007,usage,7,476,7.959928239655255
main/E_lab/code_leaning_hard/D_code/tau0.1/ones/incl/k7/rG1007/ctl-usage,1007,usage,7,477,10.951045580586651
main/E_lab/code_leaning_hard/D_code/tau0.1/ones/incl/k7/rG1007/ctl-usage,1007,usage,7,478,12.53106861508968
main/E_lab/code_leaning_hard/D_code/tau0.1/ones/incl/k7/rG1007/ctl-usage,1007,usage,7,479,9.616991595867148
main/E_lab/code_leaning_hard/D_code/tau0.1/ones/incl/k7/rG1007/ctl-usage,1007,usage,7,480,10.546110171564123
main/E_lab/code_leaning_hard/D_code/tau0.1/ones/incl/k7/rG1007/ctl-usage,1007,usage,7,481,9.539429016255554
main/E_lab/code_leaning_hard/D_code/tau0.1/ones/incl/k7/rG1007/ctl-usage,1007,usage,7,482,11.47777688772112
main/E_lab/code_leaning_hard/D_code/tau0.1/ones/incl/k7/rG1007/ctl-usage,1007,usage,7,483,13.041169270317823
main/E_lab/code_leaning_hard/D_code/tau0.1/ones/incl/k7/rG1007/ctl-usage,1007,usage,7,484,11.629490354044947
main/E_lab/code_leaning_hard/D_code/tau0.1/ones/incl/k7/rG1007/ctl-usage,1007,usage,7,485,12.074947720216187
main/E_lab/code_leaning_hard/D_code/tau0.1/ones/incl/k7/rG1007/ctl-usage,1007,usage,7,486,12.428472888548868
main/E_lab/code_leaning_hard/D_code/tau0.1/ones/incl/k7/rG1007/ctl-usage,1007,usage,7,487,11.971122148052473
main/E_lab/code_leaning_hard/D_code/tau0.1/ones/incl/k7/rG1007/ctl-usage,1007,usage,7,488,10.037471307368378
main/E_lab/code_leaning_hard/D_code/tau0.1/ones/incl/k7/rG1007/ctl-usage,1007,usage,7,489,9.703307400215635
main/E_lab/code_leaning_hard/D_code/tau0.1/ones/incl/k7/rG1007/ctl-usage,1007,usage,7,490,12.170699983355917
main/E_lab/code_leaning_hard/D_code/tau0.1/ones/incl/k7/rG1007/ctl-usage,1007,usage,7,491,11.866192381710334
main/E_lab/code_leaning_hard/D_code/tau0.1/ones/incl/k7/rG1007/ctl-usage,1007,usage,7,492,11.384061096748155
main/E_lab/code_leaning_hard/D_code/tau0.1/ones/incl/k7/rG1007/ctl-usage,1007,usage,7,493,11.56843850757491
main/E_lab/code_leaning_hard/D_code/tau0.1/ones/incl/k7/rG1007/ctl-usage,1007,usage,7,494,10.284477474483083
main/E_lab/code_leaning_hard/D_code/tau0.1/ones/incl/k7/rG1007/ctl-usage,1007,usage,7,495,7.200424093760603
main/E_lab/code_leaning_hard/D_code/tau0.1/ones/incl/k7/rG1007/ctl-usage,1007,usage,7,496,11.194174856311292
main/E_lab/code_leaning_hard/D_code/tau0.1/ones/incl/k7/rG1007/ctl-usage,1007,usage,7,497,10.279214016562719
main/E_lab/code_leaning_hard/D_code/tau0.1/ones/incl/k7/rG1007/ctl-usage,1007,usage,7,498,8.801843231922703
main/E_lab/code_leaning_hard/D_code/tau0.1/ones/incl/k7/rG1007/ctl-usage,1007,usage,7,499,10.212605793444709
main/E_lab/code_leaning_hard/D_code/tau0.1/ones/incl/k7/rG1007/ctl-usage,1007,usage,7,500,8.188182992038037
main/E_lab/code_leaning_hard/D_code/tau0.1/ones/incl/k7/rG1007/ctl-usage,1007,usage,7,501,6.7313719934525125
main/E_lab/code_leaning_hard/D_code/tau0.1/ones/incl/k7/rG1007/ctl-usage,1007,usage,7,502,9.087685446004798
main/E_lab/code_leaning_hard/D_code/tau0.1/ones/incl/k7/rG1007/ctl-usage,1007,usage,7,503,9.186745677066028
main/E_lab/code_leaning_hard/D_code/tau0.1/ones/incl/k7/rG1007/ctl-usage,1007,usage,7,504,10.311762658879843
main/E_lab/code_leaning_hard/D_code/tau0.1/ones/incl/k7/rG1007/ctl-usage,1007,usage,7,505,10.751768066124441
main/E_lab/code_leaning_hard/D_code/tau0.1/ones/incl/k7/rG1007/ctl-usage,1007,usage,7,506,10.001307455166625
main/E_lab/code_leaning_hard/D_code/tau0.1/ones/incl/k7/rG1007/ctl-usage,1007,usage,7,507,11.570509698831302
main/E_lab/code_leaning_hard/D_code/tau0.1/ones/incl/k7/rG1007/ctl-usage,1007,usage,7,508,10.611458966446207
main/E_lab/code_leaning_hard/D_code/tau0.1/ones/incl/k7/rG1007/ctl-usage,1007,usage,7,509,10.43094896447019
main/E_lab/code_leaning_hard/D_code/tau0.1/ones/incl/k7/rG1007/ctl-usage,1007,usage,7,510,10.66465043532844
main/E_lab/code_leaning_hard/D_code/tau0.1/ones/incl/k7/rG1007/ctl-usage,1007,usage,7,511,8.799927456965634
