panel,source,size,row,omega_group,omega_twins
panel_Github,Github,256,0,7.332932015093775,0.7273643333729751
panel_Github,Github,256,1,11.623359806627377,0.6716855068936809
panel_Github,Github,256,2,12.534526839962382,0.8603503495875202
panel_Github,Github,256,3,9.389164689488979,0.8074206134194242
panel_Github,Github,256,4,10.41307586740777,0.6658802853557404
panel_Github,Github,256,5,9.794939989293198,0.7072098249518604
panel_Github,Github,256,6,4.490632329048822,0.664473569579286
panel_Github,Github,256,7,14.590013216914485,0.5579366966452142
panel_Github,Github,256,8,13.999352094926053,0.579197097947258
panel_Github,Github,256,9,12.348370621485174,0.682831284873032
panel_Github,Github,256,10,2.908693840585329,1.244670487273595
panel_Github,Github,256,11,12.540686966753583,0.63113123515609
panel_Github,Github,256,12,11.173109155637576,0.4178890688795036
panel_Github,Github,256,13,2.569623543720809,2.359186551898233
panel_Github,Github,256,14,6.456543992935622,1.1787454751465702
panel_Github,Github,256,15,6.718778474255487,0.4287153672891577
panel_Github,Github,256,16,7.572408987779454,0.5718531565030389
panel_Github,Github,256,17,4.210290358168095,0.9513225268628105
panel_Github,Github,256,18,11.874301183475836,0.5639657331670378
panel_Github,Github,256,19,1.3856257390848157,0.8440240652263924
panel_Github,Github,256,20,10.193911198885075,0.7712221778899675
panel_Github,Github,256,21,9.09633824559478,0.4028038687119988
panel_Github,Github,256,22,11.547776275282558,0.7526259258287382
panel_Github,Github,256,23,14.273205631196106,0.7866376779405471
panel_Github,Github,256,24,9.90219746909213,0.9334025644183725
panel_Github,Github,256,25,12.369607229082249,0.471420149595815
panel_Github,Github,256,26,5.30788414044946,0.6020685509759005
panel_Github,Github,256,27,6.02629982436963,1.3625811713214944
panel_Github,Github,256,28,8.68418562804618,0.5058839096337806
panel_Github,Github,256,29,11.864273578718894,0.720554158970117
panel_Github,Github,256,30,3.0455855879840783,1.1040100485292896
panel_Github,Github,256,31,1.6112485107769317,1.346841755634614
panel_Github,Github,256,32,14.958427113824655,0.5366326706611062
panel_Github,Github,256,33,13.447196235048068,0.4510945013231549
panel_Github,Github,256,34,9.188864859749629,0.8089231979757585
panel_Github,Github,256,35,11.988196739112027,0.6012353370348364
panel_Github,Github,256,36,5.31129078297181,1.2217336566049397
panel_Github,Github,256,37,0.2718370794900693,1.9122539972377695
panel_Github,Github,256,38,0.009203050630276266,0.4397504249557187
panel_Github,Github,256,39,11.52266783541927,0.5109900157727907
panel_Github,Github,256,40,13.328040851021342,0.7481458778528349
panel_Github,Github,256,41,0.18238945266966766,2.0417207936605166
panel_Github,Github,256,42,10.559620773097777,0.4775823267391388
panel_Github,Github,256,43,2.412863511744945,1.4349375613939515
panel_Github,Github,256,44,10.44964559140135,0.89461092633411
panel_Github,Github,256,45,9.263798658210817,0.5114319037328414
panel_Github,Github,256,46,12.792488746131312,0.36829392416734663
panel_Github,Github,256,47,5.833407065702886,0.9237424655550512
panel_Github,Github,256,48,5.6326932748779655,0.9949087622973991
panel_Github,Github,256,49,10.947572071221657,0.6894165341710732
panel_Github,Github,256,50,3.9967476173997056,1.294888752457382
panel_Github,Github,256,51,17.50612468784948,0.3056410018865563
panel_Github,Github,256,52,1.7530799486739852,2.5511942854045344
panel_Github,Github,256,53,18.94360805984661,0.2981162971800586
panel_Github,Github,256,54,17.004377899859037,0.5092831749193465
panel_Github,Github,256,55,7.72121823363409,0.9348294061958882
panel_Github,Github,256,56,8.753177273653137,0.44290077631023905
panel_Github,Github,256,57,4.580888811279692,1.8441152714285067
panel_Github,Github,256,58,7.198178217317718,1.123112184046903
panel_Github,Github,256,59,7.670289796547877,0.19849229036265115
panel_Github,Github,256,60,6.185214535484306,1.373397217403351
panel_Github,Github,256,61,12.790872405692426,0.5153260948513321
panel_Github,Github,256,62,13.503880364295128,0.739396270955865
panel_Github,Github,256,63,5.257616170480105,0.8802910950448677
panel_Github,Github,256,64,6.705649375520807,0.4821566081552646
panel_Github,Github,256,65,6.0689845853362385,0.5662483198789232
panel_Github,Github,256,66,12.688311917274177,0.7128133055027774
panel_Github,Github,256,67,6.088560425799187,1.1524175607243592
panel_Github,Github,256,68,10.64185556553457,1.0669044187409327
panel_Github,Github,256,69,14.851124804184337,0.5707701726460073
panel_Github,Github,256,70,11.866755848848925,0.6102250945465357
panel_Github,Github,256,71,12.329899176394974,0.4681017468373767
panel_Github,Github,256,72,0.2749116875238542,1.7057839800534254
panel_Github,Github,256,73,8.500236795563978,0.8789815123318476
panel_Github,Github,256,74,4.60695555536131,0.6037564219091109
panel_Github,Github,256,75,9.558479346123931,1.1215391616512989
panel_Github,Github,256,76,8.522245284647738,0.49486692143455
panel_Github,Github,256,77,7.998415891012883,1.1817017208579728
panel_Github,Github,256,78,1.1394535776835255,0.8481400863983026
panel_Github,Github,256,79,11.354853763206847,0.6880433725830812
panel_Github,Github,256,80,14.829362367071553,0.51948476710092
panel_Github,Github,256,81,11.547105917828958,0.596649950661913
panel_Github,Github,256,82,1.2420092493957782,0.3809697898202842
panel_Github,Github,256,83,17.14860497739801,0.747873427579691
panel_Github,Github,256,84,16.724793861459148,0.5384634550561884
panel_Github,Github,256,85,14.387943878789201,0.6511913557037587
panel_Github,Github,256,86,8.177163539729008,0.7472704079739287
panel_Github,Github,256,87,11.266174654528186,0.7338494131762445
panel_Github,Github,256,88,7.92529088559877,0.4713993427734522
panel_Github,Github,256,89,5.510136371513909,0.7009899794572902
panel_Github,Github,256,90,14.200864856404678,0.6878027043007151
panel_Github,Github,256,91,7.957987603763286,0.6362671844010492
panel_Github,Github,256,92,6.400333444953503,0.7300626081511155
panel_Github,Github,256,93,6.097404983161596,0.925340538061846
panel_Github,Github,256,94,5.894977987201855,1.3429561294278756
panel_Github,Github,256,95,14.170543944958808,0.588661748690356
panel_Github,Github,256,96,12.829286893849371,0.8424504617778439
panel_Github,Github,256,97,9.698949694796283,0.8237733492453572
panel_Github,Github,256,98,12.050404788123842,0.8414856503280816
panel_Github,Github,256,99,12.111115360416534,0.6142338678970845
panel_Github,Github,256,100,13.372021900441041,0.5916417563852008
panel_Github,Github,256,101,8.633785369960833,1.1864179422980214
panel_Github,Github,256,102,11.414321452219156,0.34725821245183397
panel_Github,Github,256,103,16.603802096072286,0.4197957123873266
panel_Github,Github,256,104,7.576687428362675,0.9933811204597305
panel_Github,Github,256,105,9.868939499465341,0.8900691613501976
panel_Github,Github,256,106,13.434036368844772,0.664647092247435
panel_Github,Github,256,107,6.041882607324624,0.9042435569189138
panel_Github,Github,256,108,15.076671520429954,0.5573740263560012
panel_Github,Github,256,109,7.444512393435616,0.5747270305133725
panel_Github,Github,256,110,6.903614983725674,0.9899005856197505
panel_Github,Github,256,111,9.359386402746168,0.7478141776554708
panel_Github,Github,256,112,2.3925908998730847,0.6775580745152183
panel_Github,Github,256,113,9.604330563057374,0.6411279600758917
panel_Github,Github,256,114,0.8787468083346539,0.4130364885789959
panel_Github,Github,256,115,14.572942901915667,0.5231580202475925
panel_Github,Github,256,116,12.276894178628027,0.4749613969422626
panel_Github,Github,256,117,11.506503191122988,0.7305006013637012
panel_Github,Github,256,118,0.1652008011860744,2.008683286921894
panel_Github,Github,256,119,13.412799185784934,0.5943132666176609
panel_Github,Github,256,120,14.324758346718681,0.5268285835664983
panel_Github,Github,256,121,9.089860527607925,0.6936478725590689
panel_Github,Github,256,122,11.40159527229298,0.8155306867533909
panel_Github,Github,256,123,1.7312891114033846,0.6776388000422457
panel_Github,Github,256,124,12.127224621041023,0.7508233884062747
panel_Github,Github,256,125,12.886072958017394,0.7164439194926899
panel_Github,Github,256,126,12.042200377138215,0.4468909938228762
panel_Github,Github,256,127,6.397795678460625,1.5596063066365957
panel_Github,Github,256,128,13.578397539427897,0.41051362889447773
panel_Github,Github,256,129,12.550083055645018,0.5747647263764293
panel_Github,Github,256,130,15.894454533867247,0.5589659511016407
panel_Github,Github,256,131,14.068090256909727,0.6250852703912528
panel_Github,Github,256,132,10.273375322088214,0.5767660455423993
panel_Github,Github,256,133,7.539499367232565,0.8653702901237921
panel_Github,Github,256,134,2.2776907994966678,0.7025398406308341
panel_Github,Github,256,135,11.068076246343708,0.8372758358950421
panel_Github,Github,256,136,13.831114975931087,0.6769252882287446
panel_Github,Github,256,137,10.339539544413583,0.6374680458933994
panel_Github,Github,256,138,5.554812584050978,0.6021491776841685
panel_Github,Github,256,139,12.82194179666567,0.6455639639086144
panel_Github,Github,256,140,9.98419249956828,0.8573470095968787
panel_Github,Github,256,141,10.419446636298744,0.5704367883096211
panel_Github,Github,256,142,10.233603849697829,0.7189440355030001
panel_Github,Github,256,143,13.564515835541897,0.8074383143041359
panel_Github,Github,256,144,10.586083051187416,0.763055286801432
panel_Github,Github,256,145,3.5109715219196005,1.2322076439064062
panel_Github,Github,256,146,6.438439686827678,1.0671158989501919
panel_Github,Github,256,147,13.217773298046268,0.6394844440975476
panel_Github,Github,256,148,12.419932196408809,0.9068020863846584
panel_Github,Github,256,149,12.633736896497112,0.6342423712749223
panel_Github,Github,256,150,17.882459883048796,0.7268857783888052
panel_Github,Github,256,151,12.279705586347518,0.5146851808066231
panel_Github,Github,256,152,15.386024363967408,0.6936118169644487
panel_Github,Github,256,153,7.07916245026172,0.564355642218942
panel_Github,Github,256,154,12.61955461740581,0.6434167082892372
panel_Github,Github,256,155,13.351688335797917,0.7292543416944
panel_Github,Github,256,156,8.467532836714781,0.8538991542928329
panel_Github,Github,256,157,12.259928023981047,0.9177553359476178
panel_Github,Github,256,158,6.7471043169036875,1.1954024191244628
panel_Github,Github,256,159,6.911310777218205,1.1030135489288568
panel_Github,Github,256,160,7.946088371154019,1.150770471209853
panel_Github,Github,256,161,12.092492002471317,0.7838859875808737
panel_Github,Github,256,162,10.313718197993694,0.6259346703960773
panel_Github,Github,256,163,17.41437530683106,0.5815039646311675
panel_Github,Github,256,164,12.38497123171419,0.6055653457934227
panel_Github,Github,256,165,15.85287672350205,0.7717580268345046
panel_Github,Github,256,166,14.613272557641153,0.7308222886379667
panel_Github,Github,256,167,14.514108455541646,0.5429566243751651
panel_Github,Github,256,168,15.491886677295042,0.7768323860292696
panel_Github,Github,256,169,10.898154311018516,0.716267049411158
panel_Github,Github,256,170,9.774642656924243,0.5964356273151452
panel_Github,Github,256,171,17.153500325136974,0.5897999301206482
panel_Github,Github,256,172,10.426679070131513,0.9006925823495067
panel_Github,Github,256,173,3.441119449823418,0.6668721033458951
panel_Github,Github,256,174,13.519009434925465,0.551399420565474
panel_Github,Github,256,175,15.062640768840538,0.3837023835328637
panel_Github,Github,256,176,7.950027228875115,0.6612136420668548
panel_Github,Github,256,177,7.036443949818931,0.9503898645865547
panel_Github,Github,256,178,8.468580210754226,0.35507814438705054
panel_Github,Github,256,179,8.729349884852127,0.8246282818781765
panel_Github,Github,256,180,9.267864382643893,0.564712016551141
panel_Github,Github,256,181,11.868662858779317,0.6687328617895218
panel_Github,Github,256,182,7.283298655211183,1.1460728818777
panel_Github,Github,256,183,8.154879086879191,1.041360822363231
panel_Github,Github,256,184,12.344246628731526,0.5158057486274288
panel_Github,Github,256,185,7.807612680442162,0.980635571019377
panel_Github,Github,256,186,10.906228549250955,0.4075450920714161
panel_Github,Github,256,187,12.681163927239027,0.6840204928178082
panel_Github,Github,256,188,9.602545528490737,0.8074800787138656
panel_Github,Github,256,189,15.152347485965947,0.4525654705797706
panel_Github,Github,256,190,11.101939046810912,0.8583474025068654
panel_Github,Github,256,191,5.037617579539983,1.0952714313442016
panel_Github,Github,256,192,11.833409214577841,0.6292304689260959
panel_Github,Github,256,193,5.757783231339317,1.1522066745305324
panel_Github,Github,256,194,15.074800885783134,0.5307440965331125
panel_Github,Github,256,195,15.791950662302952,0.8754426365387928
panel_Github,Github,256,196,18.14692451688461,0.5735220106506063
panel_Github,Github,256,197,13.370389186397006,0.7410811111519706
panel_Github,Github,256,198,0.16630832332930368,2.9196161099596907
panel_Github,Github,256,199,5.467899673242755,1.0449438220165348
panel_Github,Github,1007,0,31.60671980513422,5.511038792332215
panel_Github,Github,1007,1,48.22937846070499,5.070528441985346
panel_Github,Github,1007,2,57.35116410366254,7.259354985732813
panel_Github,Github,1007,3,44.60702093313509,6.58911395442982
panel_Github,Github,1007,4,43.18222170061733,6.46293055274046
panel_Github,Github,1007,5,42.23618432216858,5.953925150944656
panel_Github,Github,1007,6,21.17837404843567,6.14343199283087
panel_Github,Github,1007,7,59.488602300141395,4.828631319294857
panel_Github,Github,1007,8,60.52301468727069,4.8365118261387465
panel_Github,Github,1007,9,55.12664544119082,5.403355100424051
panel_Github,Github,1007,10,18.744419725153648,9.64813833121434
panel_Github,Github,1007,11,47.6494725863447,5.933779125443422
panel_Github,Github,1007,12,44.59632939358403,3.996556076036029
panel_Github,Github,1007,13,18.946684717295284,20.14036405407515
panel_Github,Github,1007,14,34.4305483402909,9.448964366621198
panel_Github,Github,1007,15,33.580578589830566,3.2159969086937394
panel_Github,Github,1007,16,36.391654188757,4.82192482988188
panel_Github,Github,1007,17,28.522277781640923,8.33412227776735
panel_Github,Github,1007,18,55.212643052430394,4.880547918738159
panel_Github,Github,1007,19,9.883083496931675,6.095489673546297
panel_Github,Github,1007,20,45.09903038749178,5.826963151547034
panel_Github,Github,1007,21,47.12370448096158,3.790157229202066
panel_Github,Github,1007,22,53.39425857844594,6.089279196517978
panel_Github,Github,1007,23,58.43044515402926,5.933477367467418
panel_Github,Github,1007,24,40.7116793401766,6.87137947325175
panel_Github,Github,1007,25,51.00996997947067,4.194769535586971
panel_Github,Github,1007,26,23.536460217081412,5.479432207744253
panel_Github,Github,1007,27,37.08345559976772,10.206079560748293
panel_Github,Github,1007,28,45.218526720675015,4.473825445222474
panel_Github,Github,1007,29,49.52724916885444,5.901435153266448
panel_Github,Github,1007,30,17.97931424121873,7.6230693169054575
panel_Github,Github,1007,31,17.590124958211163,9.061346297823889
panel_Github,Github,1007,32,59.74882524877955,4.807310350530997
panel_Github,Github,1007,33,52.68568857166201,4.197085637426255
panel_Github,Github,1007,34,41.379576430858094,6.420101824679932
panel_Github,Github,1007,35,50.34902817269722,4.910471136914964
panel_Github,Github,1007,36,29.023496225438976,9.359541531428263
panel_Github,Github,1007,37,10.615469392156797,15.606671589165387
panel_Github,Github,1007,38,3.0224809477358576,3.213602859956211
panel_Github,Github,1007,39,45.19560513879878,5.124571957321166
panel_Github,Github,1007,40,61.12366136050309,6.265777531862
panel_Github,Github,1007,41,12.576254942933247,16.330225763559795
panel_Github,Github,1007,42,45.43187535083507,4.191472256471229
panel_Github,Github,1007,43,22.047886776982295,11.153894729555162
panel_Github,Github,1007,44,41.727525191968994,7.024827093778782
panel_Github,Github,1007,45,36.477193077212405,5.045615950114723
panel_Github,Github,1007,46,51.75209056984693,3.4873905717333287
panel_Github,Github,1007,47,32.195295980436526,7.11266003196755
panel_Github,Github,1007,48,31.471716590650885,7.4537334370861
panel_Github,Github,1007,49,49.38755561075584,5.7126218924183405
panel_Github,Github,1007,50,26.522353630343787,9.03739284749443
panel_Github,Github,1007,51,59.04151681017834,5.487613900784254
panel_Github,Github,1007,52,13.13057909204349,14.945767332907366
panel_Github,Github,1007,53,72.92339454500495,3.730092563282298
panel_Github,Github,1007,54,61.57279486819175,4.513898788463479
panel_Github,Github,1007,55,38.219515251767916,7.51045933030008
panel_Github,Github,1007,56,48.24965660002181,4.357835984493306
panel_Github,Github,1007,57,26.170789326365366,12.204902338005354
panel_Github,Github,1007,58,40.70917096041535,8.35781730626465
panel_Github,Github,1007,59,39.54735023290391,2.3635501917825934
panel_Github,Github,1007,60,33.31523460355595,9.301094313024066
panel_Github,Github,1007,61,56.760933495473864,4.900853832900495
panel_Github,Github,1007,62,53.26664906350925,6.007978537537525
panel_Github,Github,1007,63,28.741148812406664,6.765616952524624
panel_Github,Github,1007,64,35.569258017280845,4.732761257027505
panel_Github,Github,1007,65,32.7617409477391,4.897112426272997
panel_Github,Github,1007,66,63.94126168355285,6.196399847494092
panel_Github,Github,1007,67,29.271029324958135,8.0671952919472
panel_Github,Github,1007,68,43.69715786720349,7.516653626297511
panel_Github,Github,1007,69,61.392498105654454,5.023821082614404
panel_Github,Github,1007,70,44.33714105822378,5.130759580525876
panel_Github,Github,1007,71,45.410102177012504,4.451144533765316
panel_Github,Github,1007,72,6.21023523945928,12.891257687876617
panel_Github,Github,1007,73,42.91737803245405,6.79490127078617
panel_Github,Github,1007,74,29.67140324453885,5.213113889404099
panel_Github,Github,1007,75,45.22150348891091,8.73996114490312
panel_Github,Github,1007,76,46.72081795302381,4.403625015129052
panel_Github,Github,1007,77,36.23465718652892,8.122353063128799
panel_Github,Github,1007,78,6.688087865901252,5.618949124261405
panel_Github,Github,1007,79,53.047880911078835,6.0834192517270935
panel_Github,Github,1007,80,58.414849788011,4.724033770347546
panel_Github,Github,1007,81,51.28648651540402,5.620224760006067
panel_Github,Github,1007,82,8.679611070828514,4.083204920793293
panel_Github,Github,1007,83,65.89049073125852,7.3653201233894094
panel_Github,Github,1007,84,62.8396860714015,4.389699554633239
panel_Github,Github,1007,85,56.724255939913576,5.49765199006508
panel_Github,Github,1007,86,48.553766123322475,5.819084011315226
panel_Github,Github,1007,87,48.31361079583007,5.9159937869545445
panel_Github,Github,1007,88,43.496852276433856,3.998252355171303
panel_Github,Github,1007,89,25.37913215745698,6.431394322817425
panel_Github,Github,1007,90,56.36733050766702,5.9430003696431655
panel_Github,Github,1007,91,33.171374741730915,5.806773216859369
panel_Github,Github,1007,92,27.70277393899596,7.127975819875701
panel_Github,Github,1007,93,30.894100704343145,8.226534748680479
panel_Github,Github,1007,94,31.657396803663914,9.2326640825234
panel_Github,Github,1007,95,51.69068468787691,4.47324993041633
panel_Github,Github,1007,96,49.78168281913952,7.333454370417471
panel_Github,Github,1007,97,45.80884043210517,6.4061289179841765
panel_Github,Github,1007,98,54.44705676623994,7.594772557052693
panel_Github,Github,1007,99,50.36031117923051,5.705326292602123
panel_Github,Github,1007,100,55.994207457205675,4.680423288239439
panel_Github,Github,1007,101,38.121592879794434,9.42691975040077
panel_Github,Github,1007,102,46.69814125122389,3.292446523526962
panel_Github,Github,1007,103,64.49029520800161,4.173282246245549
panel_Github,Github,1007,104,39.28420108011892,7.6824221282618055
panel_Github,Github,1007,105,41.890832838885444,6.747826039111828
panel_Github,Github,1007,106,53.731544955736354,5.124040735244108
panel_Github,Github,1007,107,36.04034741261091,7.285120112386437
panel_Github,Github,1007,108,56.77178260926456,5.207906461468042
panel_Github,Github,1007,109,39.48368123309956,4.68054296015751
panel_Github,Github,1007,110,36.018772027767,6.782564284017454
panel_Github,Github,1007,111,43.81478061981045,6.237907304724445
panel_Github,Github,1007,112,18.162972805143,6.346211792451207
panel_Github,Github,1007,113,47.800587617288784,5.894406549374935
panel_Github,Github,1007,114,10.00957983108458,4.44353535500818
panel_Github,Github,1007,115,55.815603760652266,4.694778804345361
panel_Github,Github,1007,116,53.67551495521343,4.5700674633314975
panel_Github,Github,1007,117,42.8998908081561,6.114144919516775
panel_Github,Github,1007,118,8.988678173043354,17.800215427622874
panel_Github,Github,1007,119,53.826531188942,5.52881519169182
panel_Github,Github,1007,120,57.55174371947044,4.775882400929731
panel_Github,Github,1007,121,43.56980257866712,5.67376673725164
panel_Github,Github,1007,122,48.09927715285215,6.615424686596896
panel_Github,Github,1007,123,18.221022167563774,7.107158644900949
panel_Github,Github,1007,124,47.01446126482779,5.979245138000749
panel_Github,Github,1007,125,49.341761722912906,5.88294273140508
panel_Github,Github,1007,126,49.73848746379025,4.017986739652258
panel_Github,Github,1007,127,34.898870566843016,11.44849495989385
panel_Github,Github,1007,128,51.48930450206694,3.9083695749337153
panel_Github,Github,1007,129,48.97886612364732,5.351047848979931
panel_Github,Github,1007,130,60.794835456924204,4.928577676731841
panel_Github,Github,1007,131,57.95513564022758,5.135333365418603
panel_Github,Github,1007,132,40.635367407132435,5.763377644075291
panel_Github,Github,1007,133,35.85472993452197,7.134956056240583
panel_Github,Github,1007,134,17.883399357279814,5.6322701778178725
panel_Github,Github,1007,135,51.5607898528483,6.4680688937951345
panel_Github,Github,1007,136,53.57695121717347,4.88250411684696
panel_Github,Github,1007,137,48.746749396287214,4.927130747080298
panel_Github,Github,1007,138,23.69758865354629,5.285534981043952
panel_Github,Github,1007,139,56.763336546023766,4.788254650123349
panel_Github,Github,1007,140,46.0538435565029,7.665529478020261
panel_Github,Github,1007,141,50.19752511830279,5.040812456230299
panel_Github,Github,1007,142,40.4847793837655,6.274126711982632
panel_Github,Github,1007,143,55.70609773076467,6.774972649944459
panel_Github,Github,1007,144,47.73946954530652,6.089662893977341
panel_Github,Github,1007,145,22.977331351222006,9.598467885150967
panel_Github,Github,1007,146,32.39068358059512,7.93584145921551
panel_Github,Github,1007,147,50.36566306268992,5.229821073819153
panel_Github,Github,1007,148,51.828325006380055,7.055962528543603
panel_Github,Github,1007,149,51.34131291898461,5.2215810809206005
panel_Github,Github,1007,150,69.16887233962984,5.887309048964255
panel_Github,Github,1007,151,47.55234943785217,4.259712635711168
panel_Github,Github,1007,152,57.11515646905991,5.950326555151719
panel_Github,Github,1007,153,34.74908352120133,5.419667281369215
panel_Github,Github,1007,154,51.76417401037543,5.153126452012259
panel_Github,Github,1007,155,51.77827800002501,6.209483174533474
panel_Github,Github,1007,156,38.35889356474547,6.6970293657551565
panel_Github,Github,1007,157,48.36716769700399,7.579793187258701
panel_Github,Github,1007,158,35.304350064472146,8.97514596192596
panel_Github,Github,1007,159,40.09785238979953,8.25219094767776
panel_Github,Github,1007,160,39.797900535063945,8.189664131320797
panel_Github,Github,1007,161,50.649005514101646,6.279071591530709
panel_Github,Github,1007,162,47.330839500707214,5.174997513304447
panel_Github,Github,1007,163,61.715653121484365,4.854655723336407
panel_Github,Github,1007,164,52.158245689294745,5.255270080575372
panel_Github,Github,1007,165,61.108817675452656,5.18929687392864
panel_Github,Github,1007,166,52.28354512622411,5.9919773734810065
panel_Github,Github,1007,167,55.62494757900163,4.2684176775487686
panel_Github,Github,1007,168,61.875337869664236,6.995306972588395
panel_Github,Github,1007,169,44.02308700468416,6.096283985040259
panel_Github,Github,1007,170,43.97810016698668,5.256756578547993
panel_Github,Github,1007,171,61.553802010272875,4.810967255933235
panel_Github,Github,1007,172,41.926183781907866,7.256677561483514
panel_Github,Github,1007,173,22.381591490381652,6.099963095723197
panel_Github,Github,1007,174,52.61905263618473,5.033875201798878
panel_Github,Github,1007,175,55.62339727625067,3.947529702062866
panel_Github,Github,1007,176,35.50432736508765,6.351884638126307
panel_Github,Github,1007,177,40.61162944562102,7.353635407923832
panel_Github,Github,1007,178,32.91793259910355,3.653962149080087
panel_Github,Github,1007,179,36.01191162221005,6.919786192661093
panel_Github,Github,1007,180,49.36894267359503,4.834491165207282
panel_Github,Github,1007,181,45.60232739767707,5.6472217998297936
panel_Github,Github,1007,182,39.155323662187584,8.328729135079527
panel_Github,Github,1007,183,37.273637712846266,7.946701169090659
panel_Github,Github,1007,184,49.67893138436352,5.165072253736355
panel_Github,Github,1007,185,42.515202751247784,7.226991222817901
panel_Github,Github,1007,186,46.7115331269265,4.681923343206847
panel_Github,Github,1007,187,48.34128631538533,5.239765289390618
panel_Github,Github,1007,188,47.262293437539256,6.644900013953929
panel_Github,Github,1007,189,61.83766158089304,3.867727041031003
panel_Github,Github,1007,190,53.70317494129881,6.436009470671195
panel_Github,Github,1007,191,24.81807952990232,8.20491292544807
panel_Github,Github,1007,192,45.75304991086,5.1175053830505135
panel_Github,Github,1007,193,38.93999349032788,8.837882320674169
panel_Github,Github,1007,194,64.13268390381586,5.066353620494056
panel_Github,Github,1007,195,61.33562539731338,6.756971258594632
panel_Github,Github,1007,196,65.6290802216638,4.2446450209249065
panel_Github,Github,1007,197,55.696840078511286,6.504939099487245
panel_Github,Github,1007,198,6.960597575275642,16.62638655309513
panel_Github,Github,1007,199,30.2331106280526,7.6002476065707185
panel_StackExchange,StackExchange,256,0,0.01902439837112979,1.7234490955452202
panel_StackExchange,StackExchange,256,1,4.577990613083784,1.1176170901793512
panel_StackExchange,StackExchange,256,2,0.7217745064681367,1.8979099975859697
panel_StackExchange,StackExchange,256,3,9.744509421898329,0.5631799639936048
panel_StackExchange,StackExchange,256,4,4.259653241572778,1.1324885216484972
panel_StackExchange,StackExchange,256,5,7.410296696532896,0.7106017635569515
panel_StackExchange,StackExchange,256,6,7.607407684019563,0.9701521893311451
panel_StackExchange,StackExchange,256,7,1.8617085308860624,1.3292211378026195
panel_StackExchange,StackExchange,256,8,8.212691826062496,1.0366698889170038
panel_StackExchange,StackExchange,256,9,7.056758707358313,0.8789800296812018
panel_StackExchange,StackExchange,256,10,7.361280055324187,1.1167886970995369
panel_StackExchange,StackExchange,256,11,5.278526021006655,1.223322666280012
panel_StackExchange,StackExchange,256,12,2.175670177151005,1.356415370571824
panel_StackExchange,StackExchange,256,13,5.325332325905038,1.0279871219876782
panel_StackExchange,StackExchange,256,14,3.8554384960780226,1.3492874497802063
panel_StackExchange,StackExchange,256,15,10.250897538651316,0.6477366614105904
panel_StackExchange,StackExchange,256,16,4.225455978488753,1.0043388508532018
panel_StackExchange,StackExchange,256,17,0.5617660133302707,1.5720330240291105
panel_StackExchange,StackExchange,256,18,4.3203108899087965,0.9664940365449866
panel_StackExchange,StackExchange,256,19,2.7597171779452765,1.3350664896829585
panel_StackExchange,StackExchange,256,20,2.2521653043058905,1.42853972786952
panel_StackExchange,StackExchange,256,21,0.5412806940512382,1.8700762294076867
panel_StackExchange,StackExchange,256,22,12.780714127065949,0.6571226526017426
panel_StackExchange,StackExchange,256,23,1.8414311578599154,1.745279257634337
panel_StackExchange,StackExchange,256,24,2.619877183075914,0.9635672162553135
panel_StackExchange,StackExchange,256,25,1.0874322208019294,1.3492350519609602
panel_StackExchange,StackExchange,256,26,9.554430918901062,0.8602854321590456
panel_StackExchange,StackExchange,256,27,4.456926398600899,1.1543848444233618
panel_StackExchange,StackExchange,256,28,5.6353977692579065,1.0858545744872572
panel_StackExchange,StackExchange,256,29,9.428392021060972,0.9052549296013694
panel_StackExchange,StackExchange,256,30,12.261856852668643,0.8643661033761418
panel_StackExchange,StackExchange,256,31,7.0430474867075645,0.8777526551804158
panel_StackExchange,StackExchange,256,32,0.508560651605876,1.890206950205254
panel_StackExchange,StackExchange,256,33,5.246625666207365,1.102236048386203
panel_StackExchange,StackExchange,256,34,10.805759366763596,0.9204893418089739
panel_StackExchange,StackExchange,256,35,3.016386404449804,1.1913991423620018
panel_StackExchange,StackExchange,256,36,9.262981086581476,0.4769902764616063
panel_StackExchange,StackExchange,256,37,11.00698759395982,0.9369265924378851
panel_StackExchange,StackExchange,256,38,4.770138591096838,1.1268516118925618
panel_StackExchange,StackExchange,256,39,16.01732786154014,0.7641244756286909
panel_StackExchange,StackExchange,256,40,5.226743611454367,0.8618376740153053
panel_StackExchange,StackExchange,256,41,6.467216991045461,1.142572851984255
panel_StackExchange,StackExchange,256,42,8.16449560234014,0.8173837315800938
panel_StackExchange,StackExchange,256,43,1.695066296952973,2.4320075261466627
panel_StackExchange,StackExchange,256,44,4.100495261576725,1.2479993937931795
panel_StackExchange,StackExchange,256,45,2.146925241558165,1.6572023974524086
panel_StackExchange,StackExchange,256,46,7.306137791193123,0.7985310829378705
panel_StackExchange,StackExchange,256,47,7.992148055927828,0.8630807381258023
panel_StackExchange,StackExchange,256,48,13.350604588908936,0.9470376220783692
panel_StackExchange,StackExchange,256,49,8.359810864784777,0.9806654580728491
panel_StackExchange,StackExchange,256,50,2.5933234906415237,1.2023736745095448
panel_StackExchange,StackExchange,256,51,2.601646757007984,1.3419619003003618
panel_StackExchange,StackExchange,256,52,1.4549343968792527,1.4499975510934746
panel_StackExchange,StackExchange,256,53,2.029336419221636,1.2928299107898056
panel_StackExchange,StackExchange,256,54,0.0162022297445219,1.8283616138252228
panel_StackExchange,StackExchange,256,55,0.8469791444967996,1.379923209446332
panel_StackExchange,StackExchange,256,56,1.3397604666824918,1.3229750112008674
panel_StackExchange,StackExchange,256,57,6.636652265123303,1.1607569253018255
panel_StackExchange,StackExchange,256,58,5.9052836896930785,1.0701882149608082
panel_StackExchange,StackExchange,256,59,7.569666844262997,0.7996498951882813
panel_StackExchange,StackExchange,256,60,3.569187530732961,1.0740047388007952
panel_StackExchange,StackExchange,256,61,6.533798490524532,0.9457039931349982
panel_StackExchange,StackExchange,256,62,2.8115939051904206,1.1138655470917342
panel_StackExchange,StackExchange,256,63,4.498562115858476,1.2412196964671693
panel_StackExchange,StackExchange,256,64,0.6739500865605805,1.507365335382076
panel_StackExchange,StackExchange,256,65,15.133926300692565,0.3937764213532091
panel_StackExchange,StackExchange,256,66,15.283834590481092,0.5228699697163393
panel_StackExchange,StackExchange,256,67,5.194130847847191,1.2480011958542718
panel_StackExchange,StackExchange,256,68,6.493408875446221,0.902831668396658
panel_StackExchange,StackExchange,256,69,10.10589250314024,0.8110405227743058
panel_StackExchange,StackExchange,256,70,6.410778049946202,0.9739304336008558
panel_StackExchange,StackExchange,256,71,5.773412415933308,1.1084169191902902
panel_StackExchange,StackExchange,256,72,9.636134260385916,0.9069057537970764
panel_StackExchange,StackExchange,256,73,7.742528189056429,0.7465470599069022
panel_StackExchange,StackExchange,256,74,9.13905029468151,1.156644797742615
panel_StackExchange,StackExchange,256,75,3.06851729913069,1.0373246269403467
panel_StackExchange,StackExchange,256,76,9.649167254517124,1.0073868233534995
panel_StackExchange,StackExchange,256,77,3.604164424152259,1.2546793646075685
panel_StackExchange,StackExchange,256,78,1.1629155398095463,1.3939792179393748
panel_StackExchange,StackExchange,256,79,7.068044566381104,1.1610402690758974
panel_StackExchange,StackExchange,256,80,2.020848643202953,1.4835058169219337
panel_StackExchange,StackExchange,256,81,6.775696576411974,1.114332473818365
panel_StackExchange,StackExchange,256,82,2.2290790258059587,1.4676760651003633
panel_StackExchange,StackExchange,256,83,12.1859313196951,0.7109008662964698
panel_StackExchange,StackExchange,256,84,9.390043344263177,0.39788400417927505
panel_StackExchange,StackExchange,256,85,1.620949373658732,1.6398677041643168
panel_StackExchange,StackExchange,256,86,2.0392748628701156,1.3524134607584983
panel_StackExchange,StackExchange,256,87,5.15584696962469,1.0589704658647747
panel_StackExchange,StackExchange,256,88,4.827890065839711,1.1970694960456285
panel_StackExchange,StackExchange,256,89,1.4782677006060112,1.6071613858773333
panel_StackExchange,StackExchange,256,90,1.850788484138775,1.4146752892530685
panel_StackExchange,StackExchange,256,91,6.604413323494555,1.0345971001367502
panel_StackExchange,StackExchange,256,92,7.34451459057891,0.6988814409113502
panel_StackExchange,StackExchange,256,93,6.842255117498098,0.7451246776533225
panel_StackExchange,StackExchange,256,94,6.028924603281666,1.0773924735443643
panel_StackExchange,StackExchange,256,95,6.99045889840113,0.9349793301335012
panel_StackExchange,StackExchange,256,96,6.718126562498583,0.9413099113854742
panel_StackExchange,StackExchange,256,97,8.027919977025704,1.6031109547225952
panel_StackExchange,StackExchange,256,98,4.858667880206667,1.1575613931371151
panel_StackExchange,StackExchange,256,99,9.537626453507073,0.6594506717507613
panel_StackExchange,StackExchange,256,100,1.0453197663655374,1.8019495000469874
panel_StackExchange,StackExchange,256,101,7.094899916394297,1.4450834208041528
panel_StackExchange,StackExchange,256,102,0.22434188612123762,1.4980283254013784
panel_StackExchange,StackExchange,256,103,3.811540431703179,1.2108944538244515
panel_StackExchange,StackExchange,256,104,7.181135162913961,0.8164196860198558
panel_StackExchange,StackExchange,256,105,5.277415286487667,1.2238598782736858
panel_StackExchange,StackExchange,256,106,3.9438258218870033,1.3382022924848798
panel_StackExchange,StackExchange,256,107,7.077784808872366,0.9900693239518432
panel_StackExchange,StackExchange,256,108,9.632142744027078,0.8866417044599757
panel_StackExchange,StackExchange,256,109,2.274922161982431,1.3780904283836435
panel_StackExchange,StackExchange,256,110,9.45599826540274,0.6979221031878353
panel_StackExchange,StackExchange,256,111,4.625142779186717,1.0678755028027354
panel_StackExchange,StackExchange,256,112,0.8435936635505641,1.4467899899726149
panel_StackExchange,StackExchange,256,113,15.237691003880059,0.7457503755777566
panel_StackExchange,StackExchange,256,114,2.1021785581360746,1.8744694506975748
panel_StackExchange,StackExchange,256,115,15.415388450138835,0.6405705822559185
panel_StackExchange,StackExchange,256,116,6.901071141191096,1.103343419703208
panel_StackExchange,StackExchange,256,117,2.6151731231489066,0.8562200601708128
panel_StackExchange,StackExchange,256,118,6.43970763049947,1.0302441156937903
panel_StackExchange,StackExchange,256,119,2.5862071454866964,1.0591790406607515
panel_StackExchange,StackExchange,256,120,5.071775034053644,1.286716394390453
panel_StackExchange,StackExchange,256,121,4.2814102748370715,1.128650721879211
panel_StackExchange,StackExchange,256,122,3.563306089255093,1.1114808147417534
panel_StackExchange,StackExchange,256,123,8.601166240580824,0.9963795477744668
panel_StackExchange,StackExchange,256,124,4.489500438588948,1.0710785069215376
panel_StackExchange,StackExchange,256,125,1.170297395273792,1.5446174887913457
panel_StackExchange,StackExchange,256,126,3.6266919058380154,0.6982050595693181
panel_StackExchange,StackExchange,256,127,1.9137572142080899,1.4108424902391334
panel_StackExchange,StackExchange,256,128,0.8754693108758147,1.4426002521333885
panel_StackExchange,StackExchange,256,129,2.9124408363732073,1.3565922741756538
panel_StackExchange,StackExchange,256,130,5.982822469544772,1.1331243728760683
panel_StackExchange,StackExchange,256,131,8.135643063585576,0.841016741177782
panel_StackExchange,StackExchange,256,132,7.787226467501114,1.0962809026730156
panel_StackExchange,StackExchange,256,133,3.5391918973277825,1.3282361749161282
panel_StackExchange,StackExchange,256,134,3.709529602910152,1.2186373900831313
panel_StackExchange,StackExchange,256,135,7.0918605813460545,0.8096154712212069
panel_StackExchange,StackExchange,256,136,12.18399930117721,0.7081279233364626
panel_StackExchange,StackExchange,256,137,9.368444587761587,0.9313276439472702
panel_StackExchange,StackExchange,256,138,6.894508191469868,1.10045170904192
panel_StackExchange,StackExchange,256,139,8.764704801119478,0.931994773684437
panel_StackExchange,StackExchange,256,140,8.654620496214648,0.8395319912709738
panel_StackExchange,StackExchange,256,141,3.416589628609472,1.2248531676725634
panel_StackExchange,StackExchange,256,142,0.020172581910173903,1.7258499700975278
panel_StackExchange,StackExchange,256,143,4.2316133638391875,1.5705376611253996
panel_StackExchange,StackExchange,256,144,1.2078291417583387,1.723954599938935
panel_StackExchange,StackExchange,256,145,4.886824537110442,1.2058220829760558
panel_StackExchange,StackExchange,256,146,2.6322852213716033,1.2231974697023702
panel_StackExchange,StackExchange,256,147,3.7603437867096545,1.1055349029641093
panel_StackExchange,StackExchange,256,148,5.463364745341551,1.171297905248906
panel_StackExchange,StackExchange,256,149,4.922940149236638,0.8303568432772863
panel_StackExchange,StackExchange,256,150,4.804033517214975,1.0636568034872198
panel_StackExchange,StackExchange,256,151,4.287699237748257,1.3878976738590154
panel_StackExchange,StackExchange,256,152,4.051792201456919,1.1770472686806102
panel_StackExchange,StackExchange,256,153,6.5326704998824425,1.0605866309308283
panel_StackExchange,StackExchange,256,154,5.432472855623246,0.8611454564942278
panel_StackExchange,StackExchange,256,155,6.362773340804779,1.014345442488775
panel_StackExchange,StackExchange,256,156,7.987179002687299,1.2136877362543146
panel_StackExchange,StackExchange,256,157,14.79700247846813,0.5304030111669817
panel_StackExchange,StackExchange,256,158,5.30154808477846,1.1093861933321705
panel_StackExchange,StackExchange,256,159,3.680586221818885,1.4057682066313077
panel_StackExchange,StackExchange,256,160,2.028544540959956,1.4113540511804104
panel_StackExchange,StackExchange,256,161,3.8260658404660717,1.026176178489095
panel_StackExchange,StackExchange,256,162,4.192244560123072,0.7739442706204045
panel_StackExchange,StackExchange,256,163,11.425354481577415,0.5798904239263152
panel_StackExchange,StackExchange,256,164,8.638148897019164,0.894077301059383
panel_StackExchange,StackExchange,256,165,10.642258716242395,0.6414287841846544
panel_StackExchange,StackExchange,256,166,4.168024499517742,1.084592452297784
panel_StackExchange,StackExchange,256,167,12.377652115280398,0.5744560706443735
panel_StackExchange,StackExchange,256,168,12.573150047152012,0.477504089647141
panel_StackExchange,StackExchange,256,169,0.7609450177278632,1.5316630321951834
panel_StackExchange,StackExchange,256,170,5.661065375222279,0.9212763339547791
panel_StackExchange,StackExchange,256,171,3.8690661691061905,1.3986518947021978
panel_StackExchange,StackExchange,256,172,11.202993282182433,0.5503902699064156
panel_StackExchange,StackExchange,256,173,7.63927103364108,1.226429179554998
panel_StackExchange,StackExchange,256,174,7.121023281863927,1.1448935756895935
panel_StackExchange,StackExchange,256,175,7.142953424780899,0.9513807002731482
panel_StackExchange,StackExchange,256,176,6.11950167469513,1.0472439347792033
panel_StackExchange,StackExchange,256,177,4.083540469199306,1.3957324007132854
panel_StackExchange,StackExchange,256,178,5.626344580603472,1.0932292646272685
panel_StackExchange,StackExchange,256,179,7.460040198030583,0.8621316601739863
panel_StackExchange,StackExchange,256,180,3.5207567007573743,1.396918389883524
panel_StackExchange,StackExchange,256,181,6.369343686796128,0.8161848087896146
panel_StackExchange,StackExchange,256,182,7.018614485674334,0.5239253892880242
panel_StackExchange,StackExchange,256,183,5.315686702360836,0.7273645294919788
panel_StackExchange,StackExchange,256,184,10.747142111675203,0.8625079513908531
panel_StackExchange,StackExchange,256,185,4.549225649269829,1.2014804647582764
panel_StackExchange,StackExchange,256,186,6.905287433987951,0.8553547131525647
panel_StackExchange,StackExchange,256,187,6.0982947936036,1.030330833514654
panel_StackExchange,StackExchange,256,188,3.2911868804139885,1.1812279463595132
panel_StackExchange,StackExchange,256,189,2.6439794419884493,1.2342760569614484
panel_StackExchange,StackExchange,256,190,6.119235549154837,1.0498627718761782
panel_StackExchange,StackExchange,256,191,6.715061267900637,0.4510249495891685
panel_StackExchange,StackExchange,256,192,14.687039088125175,0.4994841694918932
panel_StackExchange,StackExchange,256,193,4.861235372952251,0.531351143984466
panel_StackExchange,StackExchange,256,194,0.7884527679143503,1.493169661683055
panel_StackExchange,StackExchange,256,195,4.585055498511792,0.9839589845443584
panel_StackExchange,StackExchange,256,196,5.532049717259724,1.0534122723022392
panel_StackExchange,StackExchange,256,197,0.2638265398927615,1.797433329572243
panel_StackExchange,StackExchange,256,198,4.1554601096322585,1.213171134270283
panel_StackExchange,StackExchange,256,199,6.237028731072314,0.937674280346414
panel_StackExchange,StackExchange,1007,0,1.1956320044491804,10.996075863296738
panel_StackExchange,StackExchange,1007,1,27.356570327192458,8.01306070278821
panel_StackExchange,StackExchange,1007,2,5.796826250848426,12.05196009180841
panel_StackExchange,StackExchange,1007,3,51.516272371360174,4.634511787397457
panel_StackExchange,StackExchange,1007,4,27.17967586642112,8.344778380161728
panel_StackExchange,StackExchange,1007,5,35.47742250631245,5.9842058844550365
panel_StackExchange,StackExchange,1007,6,34.4457351051019,7.168335938908868
panel_StackExchange,StackExchange,1007,7,13.84544489051882,9.17465854928156
panel_StackExchange,StackExchange,1007,8,42.440232993391646,7.139336922762709
panel_StackExchange,StackExchange,1007,9,31.503230991831174,6.955303392592768
panel_StackExchange,StackExchange,1007,10,39.374412594032265,8.285432007919212
panel_StackExchange,StackExchange,1007,11,32.730154707640395,8.040990712355779
panel_StackExchange,StackExchange,1007,12,18.70756653138386,9.162076404238292
panel_StackExchange,StackExchange,1007,13,33.081673236029474,7.397178082059327
panel_StackExchange,StackExchange,1007,14,19.673875363670277,8.622437320792017
panel_StackExchange,StackExchange,1007,15,51.53067471994018,5.563983762315729
panel_StackExchange,StackExchange,1007,16,26.408658208343695,8.093155440092119
panel_StackExchange,StackExchange,1007,17,7.0264677967400075,10.82045270483681
panel_StackExchange,StackExchange,1007,18,31.63424483925155,7.175925282037753
panel_StackExchange,StackExchange,1007,19,17.598235181991413,9.123104120670853
panel_StackExchange,StackExchange,1007,20,17.74062025381022,9.49590164185497
panel_StackExchange,StackExchange,1007,21,8.201295071914046,12.29291756324676
panel_StackExchange,StackExchange,1007,22,56.81967630295071,5.0595766349885025
panel_StackExchange,StackExchange,1007,23,10.938302961685736,10.527603814589327
panel_StackExchange,StackExchange,1007,24,19.850762838340415,8.094271597346847
panel_StackExchange,StackExchange,1007,25,12.566824857988422,9.015839024602457
panel_StackExchange,StackExchange,1007,26,43.26544943738941,6.662987071621316
panel_StackExchange,StackExchange,1007,27,27.45897522608766,8.152755223996735
panel_StackExchange,StackExchange,1007,28,33.57872579201705,7.683479834725745
panel_StackExchange,StackExchange,1007,29,45.388548920515746,7.005185683943921
panel_StackExchange,StackExchange,1007,30,52.9665037623306,6.885048051155422
panel_StackExchange,StackExchange,1007,31,32.98938374678664,6.629468968474669
panel_StackExchange,StackExchange,1007,32,3.0265055951940667,11.565376765139831
panel_StackExchange,StackExchange,1007,33,26.08449852915055,7.872885988485052
panel_StackExchange,StackExchange,1007,34,49.24209672813731,7.503071735152744
panel_StackExchange,StackExchange,1007,35,21.431060368492012,8.24893662315668
panel_StackExchange,StackExchange,1007,36,44.786520627483696,4.425469780008456
panel_StackExchange,StackExchange,1007,37,44.82752456408912,7.455250188786863
panel_StackExchange,StackExchange,1007,38,26.80718258174329,8.005707115485734
panel_StackExchange,StackExchange,1007,39,70.58321583326494,6.3577250398416965
panel_StackExchange,StackExchange,1007,40,33.827920255011804,6.921097223102663
panel_StackExchange,StackExchange,1007,41,34.92382183218615,8.252875697644129
panel_StackExchange,StackExchange,1007,42,44.33663387663785,6.465486482768199
panel_StackExchange,StackExchange,1007,43,9.173593830759728,14.198665922130587
panel_StackExchange,StackExchange,1007,44,27.321192114541418,8.373945073312655
panel_StackExchange,StackExchange,1007,45,11.635140527809654,10.824444659115102
panel_StackExchange,StackExchange,1007,46,35.512507818259564,5.891960484607466
panel_StackExchange,StackExchange,1007,47,40.186742938125974,6.925524505013158
panel_StackExchange,StackExchange,1007,48,57.673197722804844,7.161657358602497
panel_StackExchange,StackExchange,1007,49,36.766577385340725,7.085596206490777
panel_StackExchange,StackExchange,1007,50,21.654586449293674,7.8201996755504695
panel_StackExchange,StackExchange,1007,51,18.793122993842474,9.223272368083201
panel_StackExchange,StackExchange,1007,52,14.074505842650524,9.551278720450568
panel_StackExchange,StackExchange,1007,53,18.688564768613276,8.78372825928625
panel_StackExchange,StackExchange,1007,54,0.5113766094277707,11.394439120019712
panel_StackExchange,StackExchange,1007,55,12.27149237714184,9.205351546500594
panel_StackExchange,StackExchange,1007,56,15.166863074423873,9.308259740251401
panel_StackExchange,StackExchange,1007,57,31.548707396909776,8.041922611140706
panel_StackExchange,StackExchange,1007,58,32.814608687565396,7.722933254214681
panel_StackExchange,StackExchange,1007,59,34.12961550872626,6.461827191947918
panel_StackExchange,StackExchange,1007,60,22.491086370780238,7.559370940650382
panel_StackExchange,StackExchange,1007,61,36.75274389513106,7.0650835837553245
panel_StackExchange,StackExchange,1007,62,27.673686918163185,7.387405826683192
panel_StackExchange,StackExchange,1007,63,31.88890431940564,8.835913274750752
panel_StackExchange,StackExchange,1007,64,9.664510509815955,9.859050536388079
panel_StackExchange,StackExchange,1007,65,60.05965407681015,4.046786558925135
panel_StackExchange,StackExchange,1007,66,59.773154285546525,4.486062127732282
panel_StackExchange,StackExchange,1007,67,29.391025605307277,8.507951131661969
panel_StackExchange,StackExchange,1007,68,38.467787991725345,6.813715901530259
panel_StackExchange,StackExchange,1007,69,47.53660416442381,6.737211860939652
panel_StackExchange,StackExchange,1007,70,37.89313475070094,7.155533218054131
panel_StackExchange,StackExchange,1007,71,34.17941120503474,8.176250429512208
panel_StackExchange,StackExchange,1007,72,49.54709900141131,7.229402974560799
panel_StackExchange,StackExchange,1007,73,41.78910385224094,5.839558738212645
panel_StackExchange,StackExchange,1007,74,42.46064015955017,8.52970549577492
panel_StackExchange,StackExchange,1007,75,23.090937418573503,8.099948763831662
panel_StackExchange,StackExchange,1007,76,48.81181059446658,7.579740721288445
panel_StackExchange,StackExchange,1007,77,23.16054495874755,8.689759243085092
panel_StackExchange,StackExchange,1007,78,12.042299166333578,9.169777223163294
panel_StackExchange,StackExchange,1007,79,33.101304503195365,7.426663515579492
panel_StackExchange,StackExchange,1007,80,16.85472108886006,10.075704855782135
panel_StackExchange,StackExchange,1007,81,34.75359302374591,8.278484261073466
panel_StackExchange,StackExchange,1007,82,19.025135600151998,10.142719975907234
panel_StackExchange,StackExchange,1007,83,56.825151525285946,5.577098794221087
panel_StackExchange,StackExchange,1007,84,48.1692422726378,4.186549895484006
panel_StackExchange,StackExchange,1007,85,12.368800149183244,10.35337922107476
panel_StackExchange,StackExchange,1007,86,14.213411045519251,9.368400116952444
panel_StackExchange,StackExchange,1007,87,28.52873537907567,7.68963680545707
panel_StackExchange,StackExchange,1007,88,30.17490089146486,8.127942162792465
panel_StackExchange,StackExchange,1007,89,14.466979177995427,10.340801277461651
panel_StackExchange,StackExchange,1007,90,16.77981372802833,8.797659156560556
panel_StackExchange,StackExchange,1007,91,34.64426647545656,7.59851290614035
panel_StackExchange,StackExchange,1007,92,44.19755348239073,5.714760077118456
panel_StackExchange,StackExchange,1007,93,38.55867722143262,5.784620794084489
panel_StackExchange,StackExchange,1007,94,31.858420271329578,7.841823845080057
panel_StackExchange,StackExchange,1007,95,40.86760763204779,6.801317841139394
panel_StackExchange,StackExchange,1007,96,34.81587529679405,6.670944902833469
panel_StackExchange,StackExchange,1007,97,44.412775275860895,9.90500641259491
panel_StackExchange,StackExchange,1007,98,29.153171706689932,8.399056697229867
panel_StackExchange,StackExchange,1007,99,44.53057238368183,5.794676211413076
panel_StackExchange,StackExchange,1007,100,13.053925533692109,12.75435433567209
panel_StackExchange,StackExchange,1007,101,37.70478155959643,9.78448776315387
panel_StackExchange,StackExchange,1007,102,7.378128092119823,10.235201723654203
panel_StackExchange,StackExchange,1007,103,25.88567080714415,8.2425664340902
panel_StackExchange,StackExchange,1007,104,41.00652761928632,5.942800015522337
panel_StackExchange,StackExchange,1007,105,31.801385679025543,8.533480667716333
panel_StackExchange,StackExchange,1007,106,25.409107283555954,8.598185267429841
panel_StackExchange,StackExchange,1007,107,38.697740854967606,7.428778197112592
panel_StackExchange,StackExchange,1007,108,40.27431460617004,6.816269327401486
panel_StackExchange,StackExchange,1007,109,22.544544633176884,8.299958859799688
panel_StackExchange,StackExchange,1007,110,46.3989326958465,5.8657506229383785
panel_StackExchange,StackExchange,1007,111,30.89446889183546,8.330339182658577
panel_StackExchange,StackExchange,1007,112,13.130898247105506,9.235466392169513
panel_StackExchange,StackExchange,1007,113,61.794075842426764,6.145727413669881
panel_StackExchange,StackExchange,1007,114,10.624400214281195,10.912280529302848
panel_StackExchange,StackExchange,1007,115,63.18429175226129,5.223021021777527
panel_StackExchange,StackExchange,1007,116,39.90983628175036,8.06974502687595
panel_StackExchange,StackExchange,1007,117,15.3196245609289,7.174098687266593
panel_StackExchange,StackExchange,1007,118,36.02100272064666,7.210779445731305
panel_StackExchange,StackExchange,1007,119,22.11096592153399,7.587053325757495
panel_StackExchange,StackExchange,1007,120,24.50542846283497,8.805476204611793
panel_StackExchange,StackExchange,1007,121,23.386794140949632,7.800259749635046
panel_StackExchange,StackExchange,1007,122,25.184901822012534,8.222784969236159
panel_StackExchange,StackExchange,1007,123,44.72338816367301,7.11553939280023
panel_StackExchange,StackExchange,1007,124,29.617103122685194,7.66513990571687
panel_StackExchange,StackExchange,1007,125,16.213312959014047,8.929478502226857
panel_StackExchange,StackExchange,1007,126,25.97583197756194,6.580563666796252
panel_StackExchange,StackExchange,1007,127,17.378016393528014,9.667759337843279
panel_StackExchange,StackExchange,1007,128,12.865651519509925,9.602529013096841
panel_StackExchange,StackExchange,1007,129,20.855218429568595,9.525883142182018
panel_StackExchange,StackExchange,1007,130,28.276436585135798,7.642236980849134
panel_StackExchange,StackExchange,1007,131,41.79265070746135,6.046816683667203
panel_StackExchange,StackExchange,1007,132,37.44731649654477,7.495806540540059
panel_StackExchange,StackExchange,1007,133,20.765690680922035,8.989755136442056
panel_StackExchange,StackExchange,1007,134,21.11788414547982,8.70020222499815
panel_StackExchange,StackExchange,1007,135,39.50693897820361,6.099589704383845
panel_StackExchange,StackExchange,1007,136,54.5095138118254,5.919146829275164
panel_StackExchange,StackExchange,1007,137,45.50967645324533,7.5574162540011685
panel_StackExchange,StackExchange,1007,138,37.39949433003903,7.17787935239005
panel_StackExchange,StackExchange,1007,139,42.29719143514228,7.223723215498467
panel_StackExchange,StackExchange,1007,140,42.437122692559115,6.522922460863583
panel_StackExchange,StackExchange,1007,141,25.627249342169875,8.575506856032518
panel_StackExchange,StackExchange,1007,142,1.73409206498809,11.429575969804262
panel_StackExchange,StackExchange,1007,143,26.873534369177378,11.672560034446462
panel_StackExchange,StackExchange,1007,144,7.4123929293623405,11.572951905790138
panel_StackExchange,StackExchange,1007,145,27.232566180417052,8.484180721620191
panel_StackExchange,StackExchange,1007,146,20.291473823201727,8.277307680425508
panel_StackExchange,StackExchange,1007,147,28.386406345895466,7.980904432874411
panel_StackExchange,StackExchange,1007,148,30.07570080869698,7.741719713435259
panel_StackExchange,StackExchange,1007,149,27.339001717447672,7.046950076370933
panel_StackExchange,StackExchange,1007,150,27.156882507126284,7.504753655238801
panel_StackExchange,StackExchange,1007,151,24.25552599421394,10.42513539100976
panel_StackExchange,StackExchange,1007,152,26.172976161114377,8.46787117189669
panel_StackExchange,StackExchange,1007,153,33.86780252031633,7.1066139445047725
panel_StackExchange,StackExchange,1007,154,30.789718807737586,6.132664573119754
panel_StackExchange,StackExchange,1007,155,35.45771205227447,7.776344006524937
panel_StackExchange,StackExchange,1007,156,34.73818751227884,8.310559621167727
panel_StackExchange,StackExchange,1007,157,61.075324606816025,4.719793379046564
panel_StackExchange,StackExchange,1007,158,30.268742656380482,8.118426601967826
panel_StackExchange,StackExchange,1007,159,24.642702924075934,9.480311888303618
panel_StackExchange,StackExchange,1007,160,12.80201483480596,10.207721519211987
panel_StackExchange,StackExchange,1007,161,26.296424757275872,8.420185563547989
panel_StackExchange,StackExchange,1007,162,27.459963159178756,6.868984574721793
panel_StackExchange,StackExchange,1007,163,52.64752339836161,4.3788210870930016
panel_StackExchange,StackExchange,1007,164,43.467985741409166,6.5176653802628834
panel_StackExchange,StackExchange,1007,165,47.134989871038215,5.223314061899259
panel_StackExchange,StackExchange,1007,166,25.53370745614893,7.48382743619085
panel_StackExchange,StackExchange,1007,167,54.17333025364792,4.768099011276391
panel_StackExchange,StackExchange,1007,168,51.881545276805355,4.2095276726318644
panel_StackExchange,StackExchange,1007,169,11.297889805831119,9.635968885966548
panel_StackExchange,StackExchange,1007,170,36.91169278639086,6.770510351210135
panel_StackExchange,StackExchange,1007,171,25.831913970695496,9.310839356613485
panel_StackExchange,StackExchange,1007,172,59.26074810203329,4.268881417520618
panel_StackExchange,StackExchange,1007,173,36.98212627040502,8.250314948425796
panel_StackExchange,StackExchange,1007,174,35.62642550969804,8.298749826933914
panel_StackExchange,StackExchange,1007,175,35.246432669019896,7.231353049835434
panel_StackExchange,StackExchange,1007,176,32.86231353133735,8.501772019738269
panel_StackExchange,StackExchange,1007,177,21.686036231746584,9.589696534254216
panel_StackExchange,StackExchange,1007,178,30.563742180995405,8.087180232972742
panel_StackExchange,StackExchange,1007,179,40.11411894201888,6.269938374339233
panel_StackExchange,StackExchange,1007,180,20.891681231335042,9.237772919935622
panel_StackExchange,StackExchange,1007,181,36.056253104401094,6.240311451315705
panel_StackExchange,StackExchange,1007,182,38.28306497368294,4.00811712389924
panel_StackExchange,StackExchange,1007,183,31.969858703413365,6.607222328846973
panel_StackExchange,StackExchange,1007,184,50.39733139077066,7.145066609791087
panel_StackExchange,StackExchange,1007,185,30.992669221169706,8.414791170196821
panel_StackExchange,StackExchange,1007,186,39.310026345991446,6.259135964422285
panel_StackExchange,StackExchange,1007,187,35.88975896596526,7.817895240814522
panel_StackExchange,StackExchange,1007,188,20.407148469653976,8.216436197660869
panel_StackExchange,StackExchange,1007,189,22.14479683413174,8.337628421403224
panel_StackExchange,StackExchange,1007,190,34.03872075138179,7.701304627349941
panel_StackExchange,StackExchange,1007,191,36.28919483459367,3.801546454800274
panel_StackExchange,StackExchange,1007,192,70.32270761630411,4.873656375292171
panel_StackExchange,StackExchange,1007,193,23.13483049640604,4.29387525611682
panel_StackExchange,StackExchange,1007,194,9.79721168526703,9.529854364992673
panel_StackExchange,StackExchange,1007,195,26.71863512998698,7.596154976754065
panel_StackExchange,StackExchange,1007,196,33.49523892007164,6.840029211692212
panel_StackExchange,StackExchange,1007,197,4.274628529871734,10.678048208123414
panel_StackExchange,StackExchange,1007,198,26.038537355319136,8.32112413534503
panel_StackExchange,StackExchange,1007,199,34.849950809065376,7.117128891287166
panel_ArXiv,ArXiv,256,0,1.8991789931515086,1.2665226264007288
panel_ArXiv,ArXiv,256,1,1.4077098129214392,1.6236037593536992
panel_ArXiv,ArXiv,256,2,1.7662789957603309,1.363971438018666
panel_ArXiv,ArXiv,256,3,0.6048249083216888,2.1092640342860136
panel_ArXiv,ArXiv,256,4,0.8988317639159504,1.9547969086853243
panel_ArXiv,ArXiv,256,5,0.6484714977787007,2.182426734582293
panel_ArXiv,ArXiv,256,6,1.6363383835805507,1.6353754940066665
panel_ArXiv,ArXiv,256,7,2.342371354397301,1.63046105810281
panel_ArXiv,ArXiv,256,8,1.9383154385327543,1.5671089275965073
panel_ArXiv,ArXiv,256,9,0.7915209980919826,1.7195358891862043
panel_ArXiv,ArXiv,256,10,0.26425784022603693,2.3013695390856697
panel_ArXiv,ArXiv,256,11,0.14852833540771826,2.4194260758770625
panel_ArXiv,ArXiv,256,12,0.5265744734465443,1.9737551089613987
panel_ArXiv,ArXiv,256,13,2.2248012050040415,1.2593822169982332
panel_ArXiv,ArXiv,256,14,2.4592832225539496,1.5547868309500927
panel_ArXiv,ArXiv,256,15,2.5537598300684294,1.3046803411608607
panel_ArXiv,ArXiv,256,16,2.175471621845645,1.5217541067302136
panel_ArXiv,ArXiv,256,17,1.6503804282347119,1.7575811021005734
panel_ArXiv,ArXiv,256,18,0.42759377993616,2.0692309690280695
panel_ArXiv,ArXiv,256,19,0.23563160726553178,1.8960206095029832
panel_ArXiv,ArXiv,256,20,0.03746325562497077,1.6462756670064778
panel_ArXiv,ArXiv,256,21,0.08186419220373864,2.100924967611377
panel_ArXiv,ArXiv,256,22,0.5168847524637386,2.0814463252077076
panel_ArXiv,ArXiv,256,23,0.8008187063060177,2.1741787319098194
panel_ArXiv,ArXiv,256,24,1.9359013862247707,1.3462075059912308
panel_ArXiv,ArXiv,256,25,1.4727328991120885,1.2097160910391267
panel_ArXiv,ArXiv,256,26,0.1392692893386993,1.7803515737382725
panel_ArXiv,ArXiv,256,27,0.9473306417403364,1.9059494776156214
panel_ArXiv,ArXiv,256,28,0.34833444344531017,1.8269447012953037
panel_ArXiv,ArXiv,256,29,0.34197313448294153,1.6276260543068588
panel_ArXiv,ArXiv,256,30,0.35506734945283824,2.0975437912258172
panel_ArXiv,ArXiv,256,31,2.0743570074405397,1.3732357122349867
panel_ArXiv,ArXiv,256,32,0.7934319876785594,1.6933992322166205
panel_ArXiv,ArXiv,256,33,0.48130932710955676,1.761639821703909
panel_ArXiv,ArXiv,256,34,0.15014343875463965,2.499100229397982
panel_ArXiv,ArXiv,256,35,2.154925093559541,1.606306036258502
panel_ArXiv,ArXiv,256,36,1.7840552067773388,1.6466145966429337
panel_ArXiv,ArXiv,256,37,0.21647662643727017,1.8802006728158176
panel_ArXiv,ArXiv,256,38,1.5150268704719565,1.6005758767389011
panel_ArXiv,ArXiv,256,39,0.022788170439525857,2.1982512112312236
panel_ArXiv,ArXiv,256,40,1.1213363667961858,1.5657141587857666
panel_ArXiv,ArXiv,256,41,1.3696979138594543,0.9640610775820164
panel_ArXiv,ArXiv,256,42,2.604666586869371,1.3739724509597977
panel_ArXiv,ArXiv,256,43,1.2992419141273785,1.795472214867189
panel_ArXiv,ArXiv,256,44,2.3261623400503595,1.437751725886642
panel_ArXiv,ArXiv,256,45,2.494755132015598,1.5724015514423968
panel_ArXiv,ArXiv,256,46,1.239391190931201,1.4635254884125288
panel_ArXiv,ArXiv,256,47,1.6737919106221852,1.6784124351224818
panel_ArXiv,ArXiv,256,48,1.666935676088542,1.599608761679292
panel_ArXiv,ArXiv,256,49,2.93973129926826,1.1981080408723415
panel_ArXiv,ArXiv,256,50,1.9458955987915942,1.3026304228380923
panel_ArXiv,ArXiv,256,51,2.770439631465365,1.666259302555659
panel_ArXiv,ArXiv,256,52,1.3312097938551233,1.7415944567378574
panel_ArXiv,ArXiv,256,53,0.022869754313433077,2.1114206780494413
panel_ArXiv,ArXiv,256,54,3.099329914140071,1.2986473301592696
panel_ArXiv,ArXiv,256,55,2.1947063898087436,1.4660290430854275
panel_ArXiv,ArXiv,256,56,1.8330061651072356,1.35967401729431
panel_ArXiv,ArXiv,256,57,0.01937773864301562,2.0687974722406466
panel_ArXiv,ArXiv,256,58,2.185515352157381,1.366176724491254
panel_ArXiv,ArXiv,256,59,2.4961560720539637,1.4976730427795815
panel_ArXiv,ArXiv,256,60,1.2989084473961157,1.5204291811199937
panel_ArXiv,ArXiv,256,61,0.03242602917498516,1.6714286470936486
panel_ArXiv,ArXiv,256,62,0.4562671126659552,1.8484282564310206
panel_ArXiv,ArXiv,256,63,2.6975970223211334,1.6552406839467722
panel_ArXiv,ArXiv,256,64,1.5422150340286862,1.7184763214312397
panel_ArXiv,ArXiv,256,65,1.6992752538210425,1.672754297715585
panel_ArXiv,ArXiv,256,66,1.9310355184425134,1.0373098801675837
panel_ArXiv,ArXiv,256,67,2.702587439394847,1.4544016951733738
panel_ArXiv,ArXiv,256,68,0.18994908546301303,1.6341339835202007
panel_ArXiv,ArXiv,256,69,1.4907670160318958,1.5444817256620809
panel_ArXiv,ArXiv,256,70,0.09202022540284815,1.8427843656695444
panel_ArXiv,ArXiv,256,71,2.685882896375915,1.521716274015347
panel_ArXiv,ArXiv,256,72,1.5224283016259506,1.6177596701560901
panel_ArXiv,ArXiv,256,73,2.118343083285481,1.4332350305148225
panel_ArXiv,ArXiv,256,74,0.6711078837770401,2.0001816761642317
panel_ArXiv,ArXiv,256,75,2.1284864629869844,1.6221733139385037
panel_ArXiv,ArXiv,256,76,2.334603721434746,1.5381203604300708
panel_ArXiv,ArXiv,256,77,1.8174215666149394,1.4865356201244708
panel_ArXiv,ArXiv,256,78,0.5831696208515496,1.7941308605271615
panel_ArXiv,ArXiv,256,79,2.4674063578295318,1.2962124895516922
panel_ArXiv,ArXiv,256,80,1.9713670150813414,1.3026351869200994
panel_ArXiv,ArXiv,256,81,1.479082310200738,1.7964402170563005
panel_ArXiv,ArXiv,256,82,0.7199924296537574,1.9738468567990424
panel_ArXiv,ArXiv,256,83,2.185900572534109,1.4294181025644548
panel_ArXiv,ArXiv,256,84,0.11852946611406878,2.462509282890892
panel_ArXiv,ArXiv,256,85,0.08974975348610315,1.8308425770289887
panel_ArXiv,ArXiv,256,86,0.05903948917512025,1.7000858945089306
panel_ArXiv,ArXiv,256,87,1.0786925501179212,2.011324211142437
panel_ArXiv,ArXiv,256,88,2.633456382431632,1.473912683190747
panel_ArXiv,ArXiv,256,89,1.4732936275331667,1.6454401008707862
panel_ArXiv,ArXiv,256,90,1.5713283374852836,1.5731609103524988
panel_ArXiv,ArXiv,256,91,1.3500204673737244,1.4047808284529992
panel_ArXiv,ArXiv,256,92,1.8198254049984826,1.729536077412945
panel_ArXiv,ArXiv,256,93,0.13017476772620284,2.3827343348837076
panel_ArXiv,ArXiv,256,94,0.10773384819640341,2.8611259596422087
panel_ArXiv,ArXiv,256,95,0.8534127271104808,1.5213286748389123
panel_ArXiv,ArXiv,256,96,0.9498782622813451,1.8201645564745945
panel_ArXiv,ArXiv,256,97,3.1179892869004107,1.6846320701026798
panel_ArXiv,ArXiv,256,98,3.3011385709794467,1.5166917114710827
panel_ArXiv,ArXiv,256,99,2.2753011713980413,1.496850433047129
panel_ArXiv,ArXiv,256,100,3.163412493161559,1.3790673339967157
panel_ArXiv,ArXiv,256,101,2.8324186754784932,1.405655258440163
panel_ArXiv,ArXiv,256,102,1.829787290243985,1.5835493202686166
panel_ArXiv,ArXiv,256,103,0.24994240724367955,1.854075314594283
panel_ArXiv,ArXiv,256,104,0.10648427024170815,1.8899237986545927
panel_ArXiv,ArXiv,256,105,1.8618445665524632,1.7529317144220329
panel_ArXiv,ArXiv,256,106,2.2425891722650704,1.5183817026155566
panel_ArXiv,ArXiv,256,107,2.4442149460710425,1.3263143625327416
panel_ArXiv,ArXiv,256,108,1.9452063675018962,1.3675002478938723
panel_ArXiv,ArXiv,256,109,1.8151698399109364,1.4014770903772842
panel_ArXiv,ArXiv,256,110,2.7738853552327782,1.5041268651995097
panel_ArXiv,ArXiv,256,111,1.9980067410506308,1.7081370662652375
panel_ArXiv,ArXiv,256,112,2.498760679757652,1.4435011460220721
panel_ArXiv,ArXiv,256,113,2.7062569009694926,1.4744399476441004
panel_ArXiv,ArXiv,256,114,0.987969266685468,1.530397444926848
panel_ArXiv,ArXiv,256,115,0.01503892134041962,2.108117855851333
panel_ArXiv,ArXiv,256,116,3.6997458949217616,1.4128385483292902
panel_ArXiv,ArXiv,256,117,0.17678890019851679,1.930361745170444
panel_ArXiv,ArXiv,256,118,1.1164522062376818,1.5230722096648606
panel_ArXiv,ArXiv,256,119,1.4650896215298417,1.6699162966890526
panel_ArXiv,ArXiv,256,120,0.5456486848815985,1.647060071850774
panel_ArXiv,ArXiv,256,121,2.438721197881023,1.3501520029497556
panel_ArXiv,ArXiv,256,122,1.7612831925289356,1.217982843731761
panel_ArXiv,ArXiv,256,123,1.666994284496468,1.7495285157042986
panel_ArXiv,ArXiv,256,124,1.1766591383784544,1.5986456161465412
panel_ArXiv,ArXiv,256,125,1.0539694017643342,1.5156087884569729
panel_ArXiv,ArXiv,256,126,0.9958302396585168,1.5843675971930224
panel_ArXiv,ArXiv,256,127,0.8842704056655748,2.0439107813787984
panel_ArXiv,ArXiv,256,128,1.479323527595625,1.538370365690355
panel_ArXiv,ArXiv,256,129,0.5771835220783714,1.5814297209811343
panel_ArXiv,ArXiv,256,130,1.0676648325625138,1.7140798507754766
panel_ArXiv,ArXiv,256,131,0.6333074742651661,2.0181029003606454
panel_ArXiv,ArXiv,256,132,3.1534588041208735,1.1346479681075436
panel_ArXiv,ArXiv,256,133,4.918595436722626,1.0630287608440199
panel_ArXiv,ArXiv,256,134,3.626690421677722,1.2670222866474319
panel_ArXiv,ArXiv,256,135,0.8842003399367968,1.7190175683122106
panel_ArXiv,ArXiv,256,136,0.7133298808439577,2.189162983880408
panel_ArXiv,ArXiv,256,137,0.23974055585222231,1.929681091192606
panel_ArXiv,ArXiv,256,138,0.4563087677806834,2.0327394876034077
panel_ArXiv,ArXiv,256,139,0.4606456181154499,1.5843257964013446
panel_ArXiv,ArXiv,256,140,0.7696470702903753,2.088713812969729
panel_ArXiv,ArXiv,256,141,0.41133111675299006,1.7046342458374397
panel_ArXiv,ArXiv,256,142,1.7226260841162002,1.6683953628194104
panel_ArXiv,ArXiv,256,143,2.6792701347168304,1.2930726250401676
panel_ArXiv,ArXiv,256,144,0.5609006350696291,2.2466523867966544
panel_ArXiv,ArXiv,256,145,0.9410670210554599,1.716379260929898
panel_ArXiv,ArXiv,256,146,1.5638688163680854,1.5953010689012501
panel_ArXiv,ArXiv,256,147,1.2950125214824766,1.695339286156468
panel_ArXiv,ArXiv,256,148,2.090192002949607,1.464002721944098
panel_ArXiv,ArXiv,256,149,0.4359609751127209,2.587320758867037
panel_ArXiv,ArXiv,256,150,0.7836701081380397,2.1089197871216356
panel_ArXiv,ArXiv,256,151,2.0008174109225365,1.322800767606509
panel_ArXiv,ArXiv,256,152,1.6362515567852824,1.8528797757415134
panel_ArXiv,ArXiv,256,153,0.3191661679011304,1.8382710718769886
panel_ArXiv,ArXiv,256,154,0.10797289491620177,2.3741899049842914
panel_ArXiv,ArXiv,256,155,1.0997425065625066,1.5020853376902323
panel_ArXiv,ArXiv,256,156,0.9595308809530252,1.819663125470214
panel_ArXiv,ArXiv,256,157,2.886442111825545,1.172783277739768
panel_ArXiv,ArXiv,256,158,1.2648149556580393,1.4782802873384924
panel_ArXiv,ArXiv,256,159,0.49538067930006946,2.0342786639455426
panel_ArXiv,ArXiv,256,160,2.0811069880951436,1.5588298303135133
panel_ArXiv,ArXiv,256,161,2.4364719469358533,1.5413636426444413
panel_ArXiv,ArXiv,256,162,2.4302168540853017,1.0346628921221281
panel_ArXiv,ArXiv,256,163,0.1681423915852065,2.220491009904208
panel_ArXiv,ArXiv,256,164,2.5225440441836326,1.4711532395250373
panel_ArXiv,ArXiv,256,165,1.2961306052266082,1.7917619132139748
panel_ArXiv,ArXiv,256,166,0.09160053665254964,1.9508356665927522
panel_ArXiv,ArXiv,256,167,1.2220822867566312,1.8527526496245343
panel_ArXiv,ArXiv,256,168,1.6600740966368903,1.6695816437431574
panel_ArXiv,ArXiv,256,169,0.17002663950370334,1.9307944458685995
panel_ArXiv,ArXiv,256,170,0.07205284506380849,1.9426924213277061
panel_ArXiv,ArXiv,256,171,1.7141704750865756,1.3430162223351658
panel_ArXiv,ArXiv,256,172,1.997439905662759,1.1066004629212784
panel_ArXiv,ArXiv,256,173,1.6046534301021893,1.45381698310959
panel_ArXiv,ArXiv,256,174,1.6048332687187212,1.7129529521693314
panel_ArXiv,ArXiv,256,175,1.280100395551699,1.754682656065711
panel_ArXiv,ArXiv,256,176,0.18795655465282834,1.8862454870743761
panel_ArXiv,ArXiv,256,177,1.857622417888706,1.6050243605834567
panel_ArXiv,ArXiv,256,178,1.3447073525503583,1.5266733201177374
panel_ArXiv,ArXiv,256,179,1.942916729623903,1.642962838776043
panel_ArXiv,ArXiv,256,180,1.660695675945135,1.899721746735679
panel_ArXiv,ArXiv,256,181,2.5806552136464234,1.1387911901234702
panel_ArXiv,ArXiv,256,182,0.3110336744084634,2.0587215859516164
panel_ArXiv,ArXiv,256,183,0.02141054021376476,2.163597856481829
panel_ArXiv,ArXiv,256,184,2.0750758913181926,1.5368484303206742
panel_ArXiv,ArXiv,256,185,2.356706492266312,1.5884512012665652
panel_ArXiv,ArXiv,256,186,0.17860103591283405,1.5148332193977296
panel_ArXiv,ArXiv,256,187,1.1143137840849704,1.8116582962183543
panel_ArXiv,ArXiv,256,188,0.23307820039372018,2.1080696851993252
panel_ArXiv,ArXiv,256,189,0.5029352060992096,2.3230177341664557
panel_ArXiv,ArXiv,256,190,0.02567766343236144,1.9758982895642134
panel_ArXiv,ArXiv,256,191,0.6133772096245593,1.9730611125186215
panel_ArXiv,ArXiv,256,192,2.0551254119127407,1.481945768251535
panel_ArXiv,ArXiv,256,193,0.43856728880018636,1.910924735533115
panel_ArXiv,ArXiv,256,194,1.5622778102751909,1.643902180227883
panel_ArXiv,ArXiv,256,195,1.245696231023885,1.7326038022837622
panel_ArXiv,ArXiv,256,196,2.0367808454111582,1.5397814813318291
panel_ArXiv,ArXiv,256,197,2.6726169913672493,1.5933138928638186
panel_ArXiv,ArXiv,256,198,1.8625403018522775,1.6950451110520532
panel_ArXiv,ArXiv,256,199,0.19756908642602866,2.1865339015034806
panel_ArXiv,ArXiv,1007,0,19.80656650839569,7.775850487758191
panel_ArXiv,ArXiv,1007,1,16.766288183282995,9.302142406599756
panel_ArXiv,ArXiv,1007,2,20.600990908069434,7.85191780924788
panel_ArXiv,ArXiv,1007,3,6.771219982605771,11.99261073075823
panel_ArXiv,ArXiv,1007,4,12.818583519852837,10.990807921225894
panel_ArXiv,ArXiv,1007,5,7.764687082674527,11.842196718020887
panel_ArXiv,ArXiv,1007,6,18.34428676158859,9.862748680282408
panel_ArXiv,ArXiv,1007,7,18.69529292186644,9.408287482750268
panel_ArXiv,ArXiv,1007,8,21.750816856736492,8.789067330549528
panel_ArXiv,ArXiv,1007,9,11.68763197767612,10.806186826199337
panel_ArXiv,ArXiv,1007,10,4.854107258958038,13.114620656309938
panel_ArXiv,ArXiv,1007,11,3.7711196404598013,12.856386685578961
panel_ArXiv,ArXiv,1007,12,9.56708219950906,11.569065304745749
panel_ArXiv,ArXiv,1007,13,24.719242344103122,8.249957410227978
panel_ArXiv,ArXiv,1007,14,21.300250393946953,8.582071307318756
panel_ArXiv,ArXiv,1007,15,23.213792645990793,7.862032396078575
panel_ArXiv,ArXiv,1007,16,20.789366884960828,9.115127620052988
panel_ArXiv,ArXiv,1007,17,18.278005876512452,10.022808502503821
panel_ArXiv,ArXiv,1007,18,6.867751151871062,12.469465588498991
panel_ArXiv,ArXiv,1007,19,3.8449178105797728,11.916904537876633
panel_ArXiv,ArXiv,1007,20,1.92825753907141,10.653434149818622
panel_ArXiv,ArXiv,1007,21,5.092312514966579,12.392106580738414
panel_ArXiv,ArXiv,1007,22,7.432730681014164,11.131137712294247
panel_ArXiv,ArXiv,1007,23,8.875046258926886,11.270452785605585
panel_ArXiv,ArXiv,1007,24,22.93194856182396,8.130758573236562
panel_ArXiv,ArXiv,1007,25,23.212938411666528,7.191260795409562
panel_ArXiv,ArXiv,1007,26,3.000843635725687,11.14595954386823
panel_ArXiv,ArXiv,1007,27,11.710233506062195,10.860578297618076
panel_ArXiv,ArXiv,1007,28,5.8426690715925815,10.85742565236626
panel_ArXiv,ArXiv,1007,29,5.8467541818959035,11.057114952857091
panel_ArXiv,ArXiv,1007,30,7.890036955963296,12.471080685384308
panel_ArXiv,ArXiv,1007,31,22.68598364835657,7.881037274257508
panel_ArXiv,ArXiv,1007,32,7.687078660811039,10.478799041839522
panel_ArXiv,ArXiv,1007,33,9.495116871813025,10.770452371982216
panel_ArXiv,ArXiv,1007,34,6.858062586117285,12.738635776716137
panel_ArXiv,ArXiv,1007,35,22.410926149646457,9.058115719435136
panel_ArXiv,ArXiv,1007,36,18.186674759582502,9.429133592527535
panel_ArXiv,ArXiv,1007,37,3.6203202386241173,11.989091905632677
panel_ArXiv,ArXiv,1007,38,17.41113292161458,8.909995619161606
panel_ArXiv,ArXiv,1007,39,2.2069764168586516,13.037980163988095
panel_ArXiv,ArXiv,1007,40,14.245140502277991,9.898282075964488
panel_ArXiv,ArXiv,1007,41,12.562396612989232,7.662393587074973
panel_ArXiv,ArXiv,1007,42,24.739992340003027,8.847849775683983
panel_ArXiv,ArXiv,1007,43,14.609170015616655,10.377456167486535
panel_ArXiv,ArXiv,1007,44,24.09508496992521,8.313397267091489
panel_ArXiv,ArXiv,1007,45,21.046901629568424,9.282985319880623
panel_ArXiv,ArXiv,1007,46,15.005949856212737,8.673731857768075
panel_ArXiv,ArXiv,1007,47,18.931742695008325,10.034042912357279
panel_ArXiv,ArXiv,1007,48,20.324896987192005,9.811423368499106
panel_ArXiv,ArXiv,1007,49,26.997424411450993,7.583076904122265
panel_ArXiv,ArXiv,1007,50,20.655990142782116,7.9680239397523
panel_ArXiv,ArXiv,1007,51,25.92685891712938,8.974909193547774
panel_ArXiv,ArXiv,1007,52,16.324474701019426,9.911984648074394
panel_ArXiv,ArXiv,1007,53,1.367703978894724,12.796538822246504
panel_ArXiv,ArXiv,1007,54,25.83755432343264,6.9029650939882
panel_ArXiv,ArXiv,1007,55,25.531890233077547,7.981434991931565
panel_ArXiv,ArXiv,1007,56,23.927724755505665,7.665444002119216
panel_ArXiv,ArXiv,1007,57,0.8805540472058055,12.012903250306294
panel_ArXiv,ArXiv,1007,58,22.745816681939232,8.394053967171232
panel_ArXiv,ArXiv,1007,59,25.26767789373514,8.51502000993014
panel_ArXiv,ArXiv,1007,60,16.27512733406917,9.101996833354804
panel_ArXiv,ArXiv,1007,61,3.081110869426084,10.11123749672555
panel_ArXiv,ArXiv,1007,62,8.139654553808214,11.26231833641171
panel_ArXiv,ArXiv,1007,63,28.83453513630343,9.356052428565931
panel_ArXiv,ArXiv,1007,64,13.567899017916034,9.955162970958725
panel_ArXiv,ArXiv,1007,65,16.41482641324899,9.721252420670965
panel_ArXiv,ArXiv,1007,66,16.567939761074967,7.045010018225128
panel_ArXiv,ArXiv,1007,67,27.336085154755096,8.75254417135109
panel_ArXiv,ArXiv,1007,68,5.655348706532095,11.51268230341401
panel_ArXiv,ArXiv,1007,69,11.396774532183372,11.18065895918545
panel_ArXiv,ArXiv,1007,70,5.644449333182706,11.721315067541454
panel_ArXiv,ArXiv,1007,71,28.689853165654995,8.827267984679168
panel_ArXiv,ArXiv,1007,72,18.254402597390367,9.804985118745094
panel_ArXiv,ArXiv,1007,73,24.952084629545766,8.432586573595557
panel_ArXiv,ArXiv,1007,74,11.030397537357885,11.627419938574008
panel_ArXiv,ArXiv,1007,75,20.18534121606899,9.604383853803725
panel_ArXiv,ArXiv,1007,76,24.005011509409883,8.225747829800412
panel_ArXiv,ArXiv,1007,77,19.433683917612598,9.193754187559819
panel_ArXiv,ArXiv,1007,78,7.556490878662771,10.624245946044311
panel_ArXiv,ArXiv,1007,79,25.021677890349338,7.063149614173483
panel_ArXiv,ArXiv,1007,80,21.11123584462848,7.85515942417436
panel_ArXiv,ArXiv,1007,81,19.430716776857025,10.204361681312548
panel_ArXiv,ArXiv,1007,82,9.44109019461871,11.763069442400777
panel_ArXiv,ArXiv,1007,83,24.6433839852302,8.364465682350001
panel_ArXiv,ArXiv,1007,84,8.262967809559086,13.34261984003598
panel_ArXiv,ArXiv,1007,85,4.883487124519206,11.11842586549136
panel_ArXiv,ArXiv,1007,86,5.358134883186722,11.688385831812553
panel_ArXiv,ArXiv,1007,87,13.764450169290058,11.171195146397565
panel_ArXiv,ArXiv,1007,88,26.84296599028039,8.192481246664741
panel_ArXiv,ArXiv,1007,89,17.40818742222723,9.632957019136171
panel_ArXiv,ArXiv,1007,90,20.599868633229107,9.388807438169977
panel_ArXiv,ArXiv,1007,91,15.560933791722164,8.302332391338467
panel_ArXiv,ArXiv,1007,92,20.537606162585917,10.406887631247812
panel_ArXiv,ArXiv,1007,93,5.04005718023177,14.12320399082121
panel_ArXiv,ArXiv,1007,94,4.406142359066962,14.891014901532628
panel_ArXiv,ArXiv,1007,95,10.487998510978287,9.655863223161418
panel_ArXiv,ArXiv,1007,96,8.039596979322368,11.827064544901049
panel_ArXiv,ArXiv,1007,97,28.961197946579887,9.474871765557396
panel_ArXiv,ArXiv,1007,98,33.53868091810796,9.012271813079963
panel_ArXiv,ArXiv,1007,99,22.214178274737606,8.918744794215215
panel_ArXiv,ArXiv,1007,100,27.927005700006248,7.91952072443371
panel_ArXiv,ArXiv,1007,101,28.495092072088937,8.153266985254561
panel_ArXiv,ArXiv,1007,102,17.6256501047817,9.722197983227744
panel_ArXiv,ArXiv,1007,103,4.9172911957793985,11.163718640188662
panel_ArXiv,ArXiv,1007,104,2.618015672122965,11.48977456461948
panel_ArXiv,ArXiv,1007,105,22.53938514210995,9.961118130124333
panel_ArXiv,ArXiv,1007,106,25.445599285857952,8.956128369280776
panel_ArXiv,ArXiv,1007,107,25.259339178760797,8.162895291487246
panel_ArXiv,ArXiv,1007,108,20.78642549233541,8.129109560227704
panel_ArXiv,ArXiv,1007,109,21.078811690392627,8.298357223605592
panel_ArXiv,ArXiv,1007,110,25.646628676963815,8.757216557798984
panel_ArXiv,ArXiv,1007,111,20.68537565502629,9.516053968905354
panel_ArXiv,ArXiv,1007,112,21.904016555648013,8.430705674855403
panel_ArXiv,ArXiv,1007,113,23.451573093553634,8.647935183501204
panel_ArXiv,ArXiv,1007,114,14.460274515746278,9.33664428992995
panel_ArXiv,ArXiv,1007,115,1.391527024280549,12.634289454142845
panel_ArXiv,ArXiv,1007,116,30.18387069831624,7.810628146215379
panel_ArXiv,ArXiv,1007,117,5.945591685594081,12.087922471407069
panel_ArXiv,ArXiv,1007,118,12.551621445612682,9.349100679206117
panel_ArXiv,ArXiv,1007,119,17.62037942483653,9.96474619018528
panel_ArXiv,ArXiv,1007,120,6.552623111339926,10.27020908165241
panel_ArXiv,ArXiv,1007,121,24.8583999640191,7.577871987658682
panel_ArXiv,ArXiv,1007,122,21.92268994868573,7.275500965056949
panel_ArXiv,ArXiv,1007,123,19.593835765795802,9.124435690698817
panel_ArXiv,ArXiv,1007,124,17.5857058268748,9.589455907221407
panel_ArXiv,ArXiv,1007,125,14.646377386933182,9.327990064230505
panel_ArXiv,ArXiv,1007,126,12.494538987040414,10.18393821651705
panel_ArXiv,ArXiv,1007,127,11.939419008669574,11.998175576475106
panel_ArXiv,ArXiv,1007,128,18.44461212522947,9.77293620692754
panel_ArXiv,ArXiv,1007,129,9.340670418567129,9.906552791426577
panel_ArXiv,ArXiv,1007,130,10.641304887944443,9.963956968723778
panel_ArXiv,ArXiv,1007,131,8.480323811041217,13.087127901606635
panel_ArXiv,ArXiv,1007,132,24.500341069323213,7.682316707568248
panel_ArXiv,ArXiv,1007,133,33.6211890516588,6.977847761658893
panel_ArXiv,ArXiv,1007,134,24.658126147072494,7.956089834966207
panel_ArXiv,ArXiv,1007,135,11.254545601106884,10.207183987908266
panel_ArXiv,ArXiv,1007,136,14.816657403466706,15.605266057988246
panel_ArXiv,ArXiv,1007,137,3.6117974269936894,12.263492444212687
panel_ArXiv,ArXiv,1007,138,6.824387465725977,12.175540715845045
panel_ArXiv,ArXiv,1007,139,8.296000099399407,9.805487955784372
panel_ArXiv,ArXiv,1007,140,11.162060024981656,11.911505662509015
panel_ArXiv,ArXiv,1007,141,9.756148163914077,10.355190320397185
panel_ArXiv,ArXiv,1007,142,19.623500947960565,9.391447776221298
panel_ArXiv,ArXiv,1007,143,27.61572705355826,7.200114031814849
panel_ArXiv,ArXiv,1007,144,7.033563212673471,12.383579161926889
panel_ArXiv,ArXiv,1007,145,12.693317320089136,10.994762666163183
panel_ArXiv,ArXiv,1007,146,21.01612698843121,9.657567007047618
panel_ArXiv,ArXiv,1007,147,15.674908438196326,10.32425713929004
panel_ArXiv,ArXiv,1007,148,24.11918260506343,8.503552322098031
panel_ArXiv,ArXiv,1007,149,5.907714010215386,13.797189789152469
panel_ArXiv,ArXiv,1007,150,13.259725998372232,11.351554228741492
panel_ArXiv,ArXiv,1007,151,21.580864304117426,7.830243642539074
panel_ArXiv,ArXiv,1007,152,17.37230508851917,11.091495922210356
panel_ArXiv,ArXiv,1007,153,6.976179284082718,11.393557637907378
panel_ArXiv,ArXiv,1007,154,2.708055240531394,13.258923839684712
panel_ArXiv,ArXiv,1007,155,14.261744740865424,9.227253051448372
panel_ArXiv,ArXiv,1007,156,15.03229042202247,10.532737794963452
panel_ArXiv,ArXiv,1007,157,26.52499660954254,7.040705472752734
panel_ArXiv,ArXiv,1007,158,9.36234952643781,10.190967391636633
panel_ArXiv,ArXiv,1007,159,8.579823146639683,12.169607149683259
panel_ArXiv,ArXiv,1007,160,22.211665500030904,9.174599544695027
panel_ArXiv,ArXiv,1007,161,24.3538336562533,8.536622536723904
panel_ArXiv,ArXiv,1007,162,21.694191653497228,6.7561063225222995
panel_ArXiv,ArXiv,1007,163,5.109271266343967,12.675948513310374
panel_ArXiv,ArXiv,1007,164,27.489487196059088,8.667865233663036
panel_ArXiv,ArXiv,1007,165,14.432241613126962,10.572125494063528
panel_ArXiv,ArXiv,1007,166,3.7050487857441112,11.62443066466085
panel_ArXiv,ArXiv,1007,167,19.84898824725633,10.59104195967501
panel_ArXiv,ArXiv,1007,168,20.149010020279093,9.975528393525678
panel_ArXiv,ArXiv,1007,169,5.354525508438201,11.710823403697674
panel_ArXiv,ArXiv,1007,170,2.000323188001744,11.961140508047265
panel_ArXiv,ArXiv,1007,171,18.791028987716118,8.220500751909242
panel_ArXiv,ArXiv,1007,172,20.77671147700812,6.494597639014387
panel_ArXiv,ArXiv,1007,173,16.081605685918134,8.826487420905352
panel_ArXiv,ArXiv,1007,174,13.199889802771963,10.120765484317417
panel_ArXiv,ArXiv,1007,175,13.615310498622762,10.395281336599453
panel_ArXiv,ArXiv,1007,176,3.3427432961557315,11.396804124632439
panel_ArXiv,ArXiv,1007,177,24.285266683672262,9.484210128072789
panel_ArXiv,ArXiv,1007,178,13.531884652556982,9.334413560234312
panel_ArXiv,ArXiv,1007,179,20.539012815318983,9.399588914253513
panel_ArXiv,ArXiv,1007,180,17.601291888727474,10.225762210676919
panel_ArXiv,ArXiv,1007,181,23.57489040864357,7.003179514641033
panel_ArXiv,ArXiv,1007,182,3.7042005157622953,11.60222771722141
panel_ArXiv,ArXiv,1007,183,2.1933365983140902,12.448462163085082
panel_ArXiv,ArXiv,1007,184,21.803292422222512,9.098240552235474
panel_ArXiv,ArXiv,1007,185,24.239598593552273,9.708316841400915
panel_ArXiv,ArXiv,1007,186,4.422513357385469,10.504592045288831
panel_ArXiv,ArXiv,1007,187,13.259350169744721,10.449864195273165
panel_ArXiv,ArXiv,1007,188,4.533697840558034,12.565362797086266
panel_ArXiv,ArXiv,1007,189,9.019020990805757,12.688448083394405
panel_ArXiv,ArXiv,1007,190,2.2354405713517735,11.355987637269024
panel_ArXiv,ArXiv,1007,191,7.917664747155868,10.953770847184842
panel_ArXiv,ArXiv,1007,192,20.379826768059047,8.702763425694599
panel_ArXiv,ArXiv,1007,193,7.573018130520268,11.569136150023041
panel_ArXiv,ArXiv,1007,194,17.469846284845516,9.124409409122165
panel_ArXiv,ArXiv,1007,195,17.391623244249786,10.005607000234306
panel_ArXiv,ArXiv,1007,196,22.08091014442425,9.180345082286209
panel_ArXiv,ArXiv,1007,197,27.072541409230098,9.780155991975704
panel_ArXiv,ArXiv,1007,198,22.12635162695642,9.995594658980195
panel_ArXiv,ArXiv,1007,199,4.982774587689505,12.784951793201913
panel_Pile_CC,Pile-CC,256,0,0.01793901235487283,2.4623479421866534
panel_Pile_CC,Pile-CC,256,1,0.04204562925588107,2.064600983206077
panel_Pile_CC,Pile-CC,256,2,0.005269206489174394,1.728480932466482
panel_Pile_CC,Pile-CC,256,3,0.05186166616340415,2.22349717020856
panel_Pile_CC,Pile-CC,256,4,0.00796637306257253,2.040457938831878
panel_Pile_CC,Pile-CC,256,5,0.024450721345601778,2.064318177540372
panel_Pile_CC,Pile-CC,256,6,0.01172916965879267,2.591353093706118
panel_Pile_CC,Pile-CC,256,7,0.03228301206127071,2.2011127717213412
panel_Pile_CC,Pile-CC,256,8,0.13336097386263646,1.9755805556523
panel_Pile_CC,Pile-CC,256,9,0.009778684725461062,2.4416975204798064
panel_Pile_CC,Pile-CC,256,10,0.008892196401575347,2.005432636546061
panel_Pile_CC,Pile-CC,256,11,0.013367632398512796,2.072948988567248
panel_Pile_CC,Pile-CC,256,12,0.005912568576604826,2.5890717608225486
panel_Pile_CC,Pile-CC,256,13,0.011431383109083981,2.1604467293252014
panel_Pile_CC,Pile-CC,256,14,0.01378784269127209,2.251757373236643
panel_Pile_CC,Pile-CC,256,15,0.005462631221234915,2.171606517469229
panel_Pile_CC,Pile-CC,256,16,0.013977562444779323,2.1046132234016
panel_Pile_CC,Pile-CC,256,17,0.022569058848603163,1.9374053066230772
panel_Pile_CC,Pile-CC,256,18,0.008337703224242432,1.8735853870436188
panel_Pile_CC,Pile-CC,256,19,0.3700454161444213,1.8586679592424389
panel_Pile_CC,Pile-CC,256,20,0.00886313018236251,1.8728901642258506
panel_Pile_CC,Pile-CC,256,21,0.005602651286608307,2.0131333902852475
panel_Pile_CC,Pile-CC,256,22,0.07970531579258022,2.215562282661608
panel_Pile_CC,Pile-CC,256,23,0.002530305873051475,2.1987062106276767
panel_Pile_CC,Pile-CC,256,24,0.03648046976013575,2.194467517487169
panel_Pile_CC,Pile-CC,256,25,0.007647407299373299,2.0431189153829337
panel_Pile_CC,Pile-CC,256,26,0.9239184759212549,1.7160636386136616
panel_Pile_CC,Pile-CC,256,27,0.01137814233015888,2.032235159208426
panel_Pile_CC,Pile-CC,256,28,0.033340861307806335,2.208764407158725
panel_Pile_CC,Pile-CC,256,29,0.010377920208156866,2.2074270464103165
panel_Pile_CC,Pile-CC,256,30,0.052882232633237436,1.9287939782035437
panel_Pile_CC,Pile-CC,256,31,0.053978097512754175,2.083004573276753
panel_Pile_CC,Pile-CC,256,32,0.014510505598991585,2.860654253865931
panel_Pile_CC,Pile-CC,256,33,0.0052843158091491205,2.0444352975014226
panel_Pile_CC,Pile-CC,256,34,0.07228707636659237,1.9694278359350186
panel_Pile_CC,Pile-CC,256,35,0.07631851749283669,1.8789887740222184
panel_Pile_CC,Pile-CC,256,36,0.00935797946749517,2.360871522458069
panel_Pile_CC,Pile-CC,256,37,0.006832234523244551,2.2627141389083363
panel_Pile_CC,Pile-CC,256,38,0.01168099039750814,1.8980208441040531
panel_Pile_CC,Pile-CC,256,39,0.013933547017586534,2.2627021642631036
panel_Pile_CC,Pile-CC,256,40,0.036823261089011794,1.9692530564401522
panel_Pile_CC,Pile-CC,256,41,0.010244266203699226,2.4023557829586935
panel_Pile_CC,Pile-CC,256,42,0.006504574714199407,1.8623588844282892
panel_Pile_CC,Pile-CC,256,43,0.01808020186945214,2.4188836569567798
panel_Pile_CC,Pile-CC,256,44,0.024512094300916942,2.2376408045948892
panel_Pile_CC,Pile-CC,256,45,0.047536003256936965,1.8707945357132587
panel_Pile_CC,Pile-CC,256,46,0.0069343765808298485,2.1834279980129168
panel_Pile_CC,Pile-CC,256,47,0.017239621401131444,2.798306788523547
panel_Pile_CC,Pile-CC,256,48,0.04246383297322609,1.8245484697987848
panel_Pile_CC,Pile-CC,256,49,0.008555853994039353,1.9921233833719043
panel_Pile_CC,Pile-CC,256,50,0.02859907505717274,2.1105381166437382
panel_Pile_CC,Pile-CC,256,51,0.017135476911789738,2.0683968828477646
panel_Pile_CC,Pile-CC,256,52,0.005864379281774745,2.128985713546058
panel_Pile_CC,Pile-CC,256,53,0.00789708851971227,1.9528782412023702
panel_Pile_CC,Pile-CC,256,54,0.008774860768426151,2.127781039267063
panel_Pile_CC,Pile-CC,256,55,0.007918188053963604,2.1258185676155392
panel_Pile_CC,Pile-CC,256,56,1.4068982769385912,1.6588310851381038
panel_Pile_CC,Pile-CC,256,57,0.0068019284865386,2.1644766218096265
panel_Pile_CC,Pile-CC,256,58,2.264184648299306,1.5756347522189458
panel_Pile_CC,Pile-CC,256,59,0.5746100812448276,1.7598676271364866
panel_Pile_CC,Pile-CC,256,60,0.011731633932868135,1.999711058858452
panel_Pile_CC,Pile-CC,256,61,3.6091369811429104,1.1186356594093922
panel_Pile_CC,Pile-CC,256,62,0.003956707061661291,2.2702181471926792
panel_Pile_CC,Pile-CC,256,63,0.6046762555906753,1.6885810001384698
panel_Pile_CC,Pile-CC,256,64,0.0031630342373318854,1.8593663897078159
panel_Pile_CC,Pile-CC,256,65,0.17376807057735277,2.0051762517716725
panel_Pile_CC,Pile-CC,256,66,0.00270445240130357,2.0260387140901344
panel_Pile_CC,Pile-CC,256,67,2.0345596587612818,1.3566792555939742
panel_Pile_CC,Pile-CC,256,68,0.011334669197822222,2.212378898985264
panel_Pile_CC,Pile-CC,256,69,0.0033695200509100687,1.9860220001927473
panel_Pile_CC,Pile-CC,256,70,0.009362437152958591,2.084944235602819
panel_Pile_CC,Pile-CC,256,71,0.1800562897715281,2.308265079953287
panel_Pile_CC,Pile-CC,256,72,0.009322571288066683,2.235199638941708
panel_Pile_CC,Pile-CC,256,73,0.6051018207853076,1.772379949344895
panel_Pile_CC,Pile-CC,256,74,0.060522241386934184,1.8753566161316826
panel_Pile_CC,Pile-CC,256,75,0.006765127796825254,2.193868746433168
panel_Pile_CC,Pile-CC,256,76,0.007252751954183623,1.9612518098061287
panel_Pile_CC,Pile-CC,256,77,0.321745300540897,1.7655557475090973
panel_Pile_CC,Pile-CC,256,78,0.8637540517374873,1.6255253152461364
panel_Pile_CC,Pile-CC,256,79,0.03412956065403705,1.830733386157931
panel_Pile_CC,Pile-CC,256,80,0.021634435596752155,1.9744733987670315
panel_Pile_CC,Pile-CC,256,81,0.00796982726205897,1.96030413002552
panel_Pile_CC,Pile-CC,256,82,0.2789085087943022,1.9633586126076352
panel_Pile_CC,Pile-CC,256,83,0.000893737587830401,2.0005914990513247
panel_Pile_CC,Pile-CC,256,84,0.01034536789984486,2.187503845699325
panel_Pile_CC,Pile-CC,256,85,0.009302190791458997,2.1957961364206255
panel_Pile_CC,Pile-CC,256,86,0.010612182636577927,2.059616874944709
panel_Pile_CC,Pile-CC,256,87,0.007659676572984608,2.1314966493130214
panel_Pile_CC,Pile-CC,256,88,0.004131513419451949,2.0772247058673656
panel_Pile_CC,Pile-CC,256,89,0.005903725259486237,2.0581857925437816
panel_Pile_CC,Pile-CC,256,90,0.006376271454428206,1.9802818466224323
panel_Pile_CC,Pile-CC,256,91,0.014370322356626275,2.1919635278875376
panel_Pile_CC,Pile-CC,256,92,0.00769210350836147,2.0186470465104662
panel_Pile_CC,Pile-CC,256,93,0.010552244745213102,2.5413387721067693
panel_Pile_CC,Pile-CC,256,94,0.16219382895542367,1.9983667469524562
panel_Pile_CC,Pile-CC,256,95,0.034792454691341845,2.403691202514608
panel_Pile_CC,Pile-CC,256,96,0.26418103734977194,1.6235918865930898
panel_Pile_CC,Pile-CC,256,97,0.02490956183100934,2.2997281621456693
panel_Pile_CC,Pile-CC,256,98,0.09537291058313713,2.432267394780581
panel_Pile_CC,Pile-CC,256,99,0.04112529138365062,1.9866601745233652
panel_Pile_CC,Pile-CC,256,100,0.04042718498612885,1.8922122493620464
panel_Pile_CC,Pile-CC,256,101,0.040164656104479945,2.271310072813634
panel_Pile_CC,Pile-CC,256,102,0.01435976709035458,2.1647353825244267
panel_Pile_CC,Pile-CC,256,103,0.017269461740397674,2.067512614351614
panel_Pile_CC,Pile-CC,256,104,0.22316143708030722,1.594210155877704
panel_Pile_CC,Pile-CC,256,105,0.013243627949123038,1.9917654641760691
panel_Pile_CC,Pile-CC,256,106,0.008138559847793658,2.186828029567252
panel_Pile_CC,Pile-CC,256,107,0.009899288026645081,2.2104820570281163
panel_Pile_CC,Pile-CC,256,108,0.04994597290851743,2.352534931455068
panel_Pile_CC,Pile-CC,256,109,0.022913207931196666,2.3087559606695294
panel_Pile_CC,Pile-CC,256,110,0.005957647510967945,2.029625834398047
panel_Pile_CC,Pile-CC,256,111,3.734657548535324,1.7085858740165065
panel_Pile_CC,Pile-CC,256,112,0.019691593133302376,2.174171270695865
panel_Pile_CC,Pile-CC,256,113,0.016698291512966534,2.203873748413173
panel_Pile_CC,Pile-CC,256,114,0.006970671467570355,2.2114503502339176
panel_Pile_CC,Pile-CC,256,115,0.04662163784269069,2.234725359808067
panel_Pile_CC,Pile-CC,256,116,0.02632740203580397,2.5553123758140828
panel_Pile_CC,Pile-CC,256,117,0.00545322090965783,1.7583375162482184
panel_Pile_CC,Pile-CC,256,118,0.19623966070116694,1.9331978774424954
panel_Pile_CC,Pile-CC,256,119,0.05853106405265862,1.9900085727038856
panel_Pile_CC,Pile-CC,256,120,0.0209557128173401,1.87691560766973
panel_Pile_CC,Pile-CC,256,121,0.007672601250305888,2.038031679729073
panel_Pile_CC,Pile-CC,256,122,0.006375233695507632,2.178631931005782
panel_Pile_CC,Pile-CC,256,123,0.005100957831018604,2.1003177428785875
panel_Pile_CC,Pile-CC,256,124,0.061471655242712586,1.8850021974600395
panel_Pile_CC,Pile-CC,256,125,0.00510907317220699,2.1605381679452194
panel_Pile_CC,Pile-CC,256,126,0.015702333279932645,1.889155126027049
panel_Pile_CC,Pile-CC,256,127,0.014025562912138412,2.039877984754753
panel_Pile_CC,Pile-CC,256,128,0.0068152773137626355,1.9734912667667857
panel_Pile_CC,Pile-CC,256,129,0.006720922974636778,2.3274633203913595
panel_Pile_CC,Pile-CC,256,130,0.29730370857851085,1.916322422935309
panel_Pile_CC,Pile-CC,256,131,0.010128350543254783,1.8576869223179528
panel_Pile_CC,Pile-CC,256,132,0.00821566756349057,2.117542142789688
panel_Pile_CC,Pile-CC,256,133,0.009713346540138446,2.023499027943444
panel_Pile_CC,Pile-CC,256,134,0.19446850417443784,2.036956524506877
panel_Pile_CC,Pile-CC,256,135,0.015296961699277745,2.417774815628235
panel_Pile_CC,Pile-CC,256,136,0.009380701207192033,2.0533014659619653
panel_Pile_CC,Pile-CC,256,137,0.009142951515059394,1.935281720697219
panel_Pile_CC,Pile-CC,256,138,0.01737871609566355,2.226253027667326
panel_Pile_CC,Pile-CC,256,139,0.0030756077717342123,2.2132988348440676
panel_Pile_CC,Pile-CC,256,140,0.005883750586235692,2.47351849523443
panel_Pile_CC,Pile-CC,256,141,0.0341207498422591,1.7650507683256365
panel_Pile_CC,Pile-CC,256,142,0.008480408931973216,2.2177804199781406
panel_Pile_CC,Pile-CC,256,143,0.010023192266999104,2.353449298346959
panel_Pile_CC,Pile-CC,256,144,0.015147157497267472,2.4478322772132515
panel_Pile_CC,Pile-CC,256,145,0.00978957250390522,2.1152501231931993
panel_Pile_CC,Pile-CC,256,146,0.08012187632903078,2.2429361599648985
panel_Pile_CC,Pile-CC,256,147,0.006308764393452293,1.8922496121670065
panel_Pile_CC,Pile-CC,256,148,0.009494812008597364,2.1216513006493756
panel_Pile_CC,Pile-CC,256,149,0.033442711539464653,2.3980625017628086
panel_Pile_CC,Pile-CC,256,150,1.4512670820022322,1.532041471251489
panel_Pile_CC,Pile-CC,256,151,0.01432029245324884,2.092218392734935
panel_Pile_CC,Pile-CC,256,152,0.0024992299267978524,2.1332706687072687
panel_Pile_CC,Pile-CC,256,153,0.008662596962153657,1.7437613016424507
panel_Pile_CC,Pile-CC,256,154,0.010443140945426421,1.800066443903745
panel_Pile_CC,Pile-CC,256,155,0.014139118360162684,1.9593231909802853
panel_Pile_CC,Pile-CC,256,156,0.006044367804861395,2.0222693291074734
panel_Pile_CC,Pile-CC,256,157,0.013888239111111034,1.961268001595954
panel_Pile_CC,Pile-CC,256,158,0.003327968872326892,2.4292674331010176
panel_Pile_CC,Pile-CC,256,159,0.17294333966583508,1.9354785119879239
panel_Pile_CC,Pile-CC,256,160,0.004182536742519005,2.4592703534610507
panel_Pile_CC,Pile-CC,256,161,0.023121466596876417,1.9543005036583168
panel_Pile_CC,Pile-CC,256,162,0.009724690771236055,2.076061892314783
panel_Pile_CC,Pile-CC,256,163,1.3457512475206386,1.5026717150727222
panel_Pile_CC,Pile-CC,256,164,0.00295155059757235,1.9147425425839515
panel_Pile_CC,Pile-CC,256,165,0.05660156200883648,2.3115398079995657
panel_Pile_CC,Pile-CC,256,166,0.01826837025328132,1.8676397162014098
panel_Pile_CC,Pile-CC,256,167,0.02185457405903435,2.0415395693342475
panel_Pile_CC,Pile-CC,256,168,0.003907879168764339,1.9595554533752306
panel_Pile_CC,Pile-CC,256,169,0.006175227239509695,1.874939487131826
panel_Pile_CC,Pile-CC,256,170,0.008977491695077333,2.4056224499125847
panel_Pile_CC,Pile-CC,256,171,0.7674254316302722,1.27274366800998
panel_Pile_CC,Pile-CC,256,172,0.025053306355403038,1.9856085686682263
panel_Pile_CC,Pile-CC,256,173,0.009919608480231545,2.0748540238344333
panel_Pile_CC,Pile-CC,256,174,0.008558403746974363,2.0180708298188392
panel_Pile_CC,Pile-CC,256,175,0.03923108704691458,1.908880608517734
panel_Pile_CC,Pile-CC,256,176,0.04512044342072841,2.043629995429228
panel_Pile_CC,Pile-CC,256,177,0.005053913799201837,2.108444471388168
panel_Pile_CC,Pile-CC,256,178,0.037094374350999715,1.9319586579683516
panel_Pile_CC,Pile-CC,256,179,0.024788244676528848,1.9396352625509508
panel_Pile_CC,Pile-CC,256,180,0.012633650896077597,2.3633205132940702
panel_Pile_CC,Pile-CC,256,181,0.007303481157578062,1.9334037307295375
panel_Pile_CC,Pile-CC,256,182,0.002736033829933149,1.9619732466642574
panel_Pile_CC,Pile-CC,256,183,0.09319432779966519,2.0139113195485834
panel_Pile_CC,Pile-CC,256,184,0.007309808763238834,2.1399112881589417
panel_Pile_CC,Pile-CC,256,185,0.007799319561854645,1.982129694194839
panel_Pile_CC,Pile-CC,256,186,0.021875322267078445,2.0397317544622524
panel_Pile_CC,Pile-CC,256,187,0.0038872445511515252,1.759183861564793
panel_Pile_CC,Pile-CC,256,188,0.0767180271250254,1.8563952420347363
panel_Pile_CC,Pile-CC,256,189,1.520571702034431,1.4906271157269657
panel_Pile_CC,Pile-CC,256,190,1.7006824924137618,1.4497124778374655
panel_Pile_CC,Pile-CC,256,191,2.4182653904463223,1.4270689602950597
panel_Pile_CC,Pile-CC,256,192,0.005212207383920031,2.2317657499449126
panel_Pile_CC,Pile-CC,256,193,0.004757709732530202,2.106786076093158
panel_Pile_CC,Pile-CC,256,194,0.009407873644704523,2.222710492082001
panel_Pile_CC,Pile-CC,256,195,0.024359756609555916,2.03321299183051
panel_Pile_CC,Pile-CC,256,196,0.07528959138016944,2.2727830016215904
panel_Pile_CC,Pile-CC,256,197,0.008640909468340396,2.264672584618097
panel_Pile_CC,Pile-CC,256,198,0.005574873390287394,2.039963792485537
panel_Pile_CC,Pile-CC,256,199,0.03308334848679806,2.2406779234140686
panel_Pile_CC,Pile-CC,1007,0,1.6677625402876401,14.109681421869112
panel_Pile_CC,Pile-CC,1007,1,2.3374720920351137,12.494971330151486
panel_Pile_CC,Pile-CC,1007,2,0.27438208697185473,10.742558019630621
panel_Pile_CC,Pile-CC,1007,3,1.3831893130889057,12.60180889037943
panel_Pile_CC,Pile-CC,1007,4,0.7146985353033415,12.217538764999063
panel_Pile_CC,Pile-CC,1007,5,0.6473731750784282,12.434420144792341
panel_Pile_CC,Pile-CC,1007,6,0.41078191935002906,13.888771102553193
panel_Pile_CC,Pile-CC,1007,7,3.016323204648643,13.066941323316044
panel_Pile_CC,Pile-CC,1007,8,2.372073062009349,12.176841204535094
panel_Pile_CC,Pile-CC,1007,9,0.33569727688973217,14.128736676439402
panel_Pile_CC,Pile-CC,1007,10,0.5084868046742486,12.20979099247947
panel_Pile_CC,Pile-CC,1007,11,0.48181779017613735,12.297578577231107
panel_Pile_CC,Pile-CC,1007,12,0.4903859228743386,14.82347830043659
panel_Pile_CC,Pile-CC,1007,13,0.37982582142649335,13.132573246779259
panel_Pile_CC,Pile-CC,1007,14,0.5673633953169883,12.89633806079695
panel_Pile_CC,Pile-CC,1007,15,0.34832487252288047,12.138968754956409
panel_Pile_CC,Pile-CC,1007,16,0.8256835649126515,12.517582654474666
panel_Pile_CC,Pile-CC,1007,17,0.8724924251966968,12.100829830228804
panel_Pile_CC,Pile-CC,1007,18,0.35452941107723746,11.955698835913353
panel_Pile_CC,Pile-CC,1007,19,5.033333781297642,11.705999510392388
panel_Pile_CC,Pile-CC,1007,20,0.27031242474049577,11.285295971875456
panel_Pile_CC,Pile-CC,1007,21,0.20140781191514634,11.90563313636747
panel_Pile_CC,Pile-CC,1007,22,2.405145073150834,13.200744663501922
panel_Pile_CC,Pile-CC,1007,23,0.29572941938556596,12.423587693520432
panel_Pile_CC,Pile-CC,1007,24,1.017484888681338,14.049597732595942
panel_Pile_CC,Pile-CC,1007,25,0.30404602288035676,12.006742965475468
panel_Pile_CC,Pile-CC,1007,26,9.345856889437528,11.00821495309205
panel_Pile_CC,Pile-CC,1007,27,0.4526099697918653,11.90642368122144
panel_Pile_CC,Pile-CC,1007,28,0.503060060669668,12.289492676404052
panel_Pile_CC,Pile-CC,1007,29,0.3369266788185996,11.97989533555426
panel_Pile_CC,Pile-CC,1007,30,2.1193465964772713,12.573974843006283
panel_Pile_CC,Pile-CC,1007,31,0.764368114462286,12.497141921530954
panel_Pile_CC,Pile-CC,1007,32,0.8690719639471354,15.659484702550735
panel_Pile_CC,Pile-CC,1007,33,0.16235350986926278,12.1809207302299
panel_Pile_CC,Pile-CC,1007,34,2.2020079568915207,11.814316070456151
panel_Pile_CC,Pile-CC,1007,35,2.356292239188406,12.43337200506943
panel_Pile_CC,Pile-CC,1007,36,0.7788606771900959,13.79428149944836
panel_Pile_CC,Pile-CC,1007,37,0.3951093046944152,12.765393644499142
panel_Pile_CC,Pile-CC,1007,38,0.943108731367829,12.24066962050017
panel_Pile_CC,Pile-CC,1007,39,1.5476450384385316,13.542917642795743
panel_Pile_CC,Pile-CC,1007,40,0.5957380152158294,11.692391760720739
panel_Pile_CC,Pile-CC,1007,41,0.19847153675891605,13.803968876850774
panel_Pile_CC,Pile-CC,1007,42,0.626191958059735,11.96514410196582
panel_Pile_CC,Pile-CC,1007,43,0.35784760434853524,13.86958592267814
panel_Pile_CC,Pile-CC,1007,44,0.7322747084190269,13.558368783641185
panel_Pile_CC,Pile-CC,1007,45,1.6658454531261668,11.979554025096434
panel_Pile_CC,Pile-CC,1007,46,0.4744451096512421,12.60367787519391
panel_Pile_CC,Pile-CC,1007,47,0.19641366595533327,14.547866297672755
panel_Pile_CC,Pile-CC,1007,48,1.4349551359009638,11.608392560631515
panel_Pile_CC,Pile-CC,1007,49,0.2450624675857398,11.87565103315535
panel_Pile_CC,Pile-CC,1007,50,1.3908757396670808,12.848063152756367
panel_Pile_CC,Pile-CC,1007,51,0.711725717790614,12.587648415602587
panel_Pile_CC,Pile-CC,1007,52,0.46623641413316363,12.780071158244795
panel_Pile_CC,Pile-CC,1007,53,0.39528129512723353,11.828375131948007
panel_Pile_CC,Pile-CC,1007,54,0.42805036925210516,12.786477474323988
panel_Pile_CC,Pile-CC,1007,55,0.954113110582739,12.503442600983107
panel_Pile_CC,Pile-CC,1007,56,9.853412881407621,10.922815677306573
panel_Pile_CC,Pile-CC,1007,57,0.2942883097032336,12.427695099833159
panel_Pile_CC,Pile-CC,1007,58,19.101186119504007,10.562023608317588
panel_Pile_CC,Pile-CC,1007,59,7.637735827378492,11.80537986624239
panel_Pile_CC,Pile-CC,1007,60,0.7823054879916072,12.2283595720084
panel_Pile_CC,Pile-CC,1007,61,24.44637013942554,8.393013385912525
panel_Pile_CC,Pile-CC,1007,62,0.18161656144638982,12.679810891399484
panel_Pile_CC,Pile-CC,1007,63,7.941013846638725,10.865276814356434
panel_Pile_CC,Pile-CC,1007,64,0.7262358250400212,11.72590546150306
panel_Pile_CC,Pile-CC,1007,65,2.2333358805544776,12.734775561021394
panel_Pile_CC,Pile-CC,1007,66,0.12421241470201494,11.360990464482597
panel_Pile_CC,Pile-CC,1007,67,18.398665243621508,9.792336061047763
panel_Pile_CC,Pile-CC,1007,68,0.3895455906067582,12.679710673054842
panel_Pile_CC,Pile-CC,1007,69,0.2606311228009872,11.918555779488656
panel_Pile_CC,Pile-CC,1007,70,0.5506405222308786,13.081080828744547
panel_Pile_CC,Pile-CC,1007,71,2.280542492047971,14.36721521061395
panel_Pile_CC,Pile-CC,1007,72,0.3724246202496033,12.999827656524545
panel_Pile_CC,Pile-CC,1007,73,9.266198013941334,11.71910282213554
panel_Pile_CC,Pile-CC,1007,74,1.4314096035495822,12.050955151512483
panel_Pile_CC,Pile-CC,1007,75,0.20979888945475977,12.085277992571974
panel_Pile_CC,Pile-CC,1007,76,0.6511360695249095,13.021820674593926
panel_Pile_CC,Pile-CC,1007,77,7.760667013718262,11.690513249286965
panel_Pile_CC,Pile-CC,1007,78,12.566804458100023,12.078581587014611
panel_Pile_CC,Pile-CC,1007,79,2.306036293733996,12.56110459687335
panel_Pile_CC,Pile-CC,1007,80,1.1364888996772606,11.636988323926118
panel_Pile_CC,Pile-CC,1007,81,0.17274840699110428,11.12572252825106
panel_Pile_CC,Pile-CC,1007,82,6.983758814411885,12.647752899347068
panel_Pile_CC,Pile-CC,1007,83,0.3375740724213756,11.515888398258426
panel_Pile_CC,Pile-CC,1007,84,0.4406574363697473,12.985648020647204
panel_Pile_CC,Pile-CC,1007,85,0.37666111527232715,13.209411863752848
panel_Pile_CC,Pile-CC,1007,86,0.37004105557844014,11.839132386662385
panel_Pile_CC,Pile-CC,1007,87,0.3637586548238687,12.214388087458502
panel_Pile_CC,Pile-CC,1007,88,0.3650011937029376,12.519816809343638
panel_Pile_CC,Pile-CC,1007,89,0.21561428191125742,12.59053236006929
panel_Pile_CC,Pile-CC,1007,90,0.285933928666509,11.829540993892408
panel_Pile_CC,Pile-CC,1007,91,0.6431150728890316,13.925148700383545
panel_Pile_CC,Pile-CC,1007,92,0.2776320222433242,12.437938430608085
panel_Pile_CC,Pile-CC,1007,93,0.3969808426104464,13.78858973121686
panel_Pile_CC,Pile-CC,1007,94,1.113767978921942,12.398666326083465
panel_Pile_CC,Pile-CC,1007,95,0.8562168159787689,13.880803950172776
panel_Pile_CC,Pile-CC,1007,96,7.039439538026727,10.232181800841971
panel_Pile_CC,Pile-CC,1007,97,0.6140086489829173,15.243913033744889
panel_Pile_CC,Pile-CC,1007,98,1.7001153072314992,15.777729278683495
panel_Pile_CC,Pile-CC,1007,99,1.4924784004833782,12.041182666150007
panel_Pile_CC,Pile-CC,1007,100,1.2433491585857155,11.500646092870255
panel_Pile_CC,Pile-CC,1007,101,1.1013269962691083,13.814632168196312
panel_Pile_CC,Pile-CC,1007,102,0.5148504565108851,12.54450176216612
panel_Pile_CC,Pile-CC,1007,103,0.5493423604193595,11.981391995625813
panel_Pile_CC,Pile-CC,1007,104,5.69255437739298,10.664708687628774
panel_Pile_CC,Pile-CC,1007,105,0.22387635524319194,12.356921271378326
panel_Pile_CC,Pile-CC,1007,106,0.19005499627337485,12.732887377450126
panel_Pile_CC,Pile-CC,1007,107,0.29060511394709465,12.669330420310871
panel_Pile_CC,Pile-CC,1007,108,1.0640396363146465,13.402032049212721
panel_Pile_CC,Pile-CC,1007,109,0.9844209678376501,13.829643210593574
panel_Pile_CC,Pile-CC,1007,110,0.18220897121091184,11.403700152097485
panel_Pile_CC,Pile-CC,1007,111,28.668748294405077,11.294584002296581
panel_Pile_CC,Pile-CC,1007,112,0.4499752502310912,12.96078467748228
panel_Pile_CC,Pile-CC,1007,113,0.7143908807506705,13.133841776987595
panel_Pile_CC,Pile-CC,1007,114,0.5713160725172202,12.945336738055374
panel_Pile_CC,Pile-CC,1007,115,1.790848644871403,12.984066699852889
panel_Pile_CC,Pile-CC,1007,116,1.3597747076962605,16.348716117552044
panel_Pile_CC,Pile-CC,1007,117,0.3122299454826134,11.357212679980819
panel_Pile_CC,Pile-CC,1007,118,2.9188221003410035,12.893336741190865
panel_Pile_CC,Pile-CC,1007,119,0.6064677958065658,11.821623478534946
panel_Pile_CC,Pile-CC,1007,120,0.6759754362703916,12.510747599917408
panel_Pile_CC,Pile-CC,1007,121,0.42693876903393857,12.220521837159708
panel_Pile_CC,Pile-CC,1007,122,0.22609022856522643,12.301927398326313
panel_Pile_CC,Pile-CC,1007,123,0.4221870443318494,11.829782987422732
panel_Pile_CC,Pile-CC,1007,124,2.094149607461077,12.40364424022438
panel_Pile_CC,Pile-CC,1007,125,0.5448840405060764,12.724269668425677
panel_Pile_CC,Pile-CC,1007,126,0.5673139388436539,12.512750958443064
panel_Pile_CC,Pile-CC,1007,127,0.3958516023494667,13.135436241550451
panel_Pile_CC,Pile-CC,1007,128,0.4254374124507194,11.944525618872035
panel_Pile_CC,Pile-CC,1007,129,0.5782094054482059,13.51939668470692
panel_Pile_CC,Pile-CC,1007,130,5.133139617512825,13.989629835761775
panel_Pile_CC,Pile-CC,1007,131,0.839343548685406,11.410125306732823
panel_Pile_CC,Pile-CC,1007,132,0.5281937305353495,12.37172326758369
panel_Pile_CC,Pile-CC,1007,133,0.5089772160524717,12.550029142302833
panel_Pile_CC,Pile-CC,1007,134,3.4780951399739024,13.537638105419234
panel_Pile_CC,Pile-CC,1007,135,0.8768049280379273,14.208337462125428
panel_Pile_CC,Pile-CC,1007,136,0.37896867285144253,12.064903849031822
panel_Pile_CC,Pile-CC,1007,137,0.10278880504483823,11.33162263054578
panel_Pile_CC,Pile-CC,1007,138,0.5951413355228397,13.339740685866943
panel_Pile_CC,Pile-CC,1007,139,0.4193176700623553,13.171860002033071
panel_Pile_CC,Pile-CC,1007,140,0.4807833379832118,14.177709639697156
panel_Pile_CC,Pile-CC,1007,141,0.9990555720085013,10.972191255191774
panel_Pile_CC,Pile-CC,1007,142,0.46649273536786495,12.833515368146692
panel_Pile_CC,Pile-CC,1007,143,0.2646950968173769,13.156490229241925
panel_Pile_CC,Pile-CC,1007,144,0.5167579669205224,14.207575226472077
panel_Pile_CC,Pile-CC,1007,145,0.6465537525650689,13.049358200175725
panel_Pile_CC,Pile-CC,1007,146,1.1288662786964778,13.64359220084333
panel_Pile_CC,Pile-CC,1007,147,0.2983163435538927,11.546453544570738
panel_Pile_CC,Pile-CC,1007,148,0.6771532832286766,12.5476353836662
panel_Pile_CC,Pile-CC,1007,149,1.2627100521835928,14.234662933832738
panel_Pile_CC,Pile-CC,1007,150,13.632021389292731,9.681172159771279
panel_Pile_CC,Pile-CC,1007,151,0.4486208492030528,13.14019026073305
panel_Pile_CC,Pile-CC,1007,152,0.19908116903297923,12.133714946081085
panel_Pile_CC,Pile-CC,1007,153,0.24606241360254444,10.74990370315561
panel_Pile_CC,Pile-CC,1007,154,0.4728463977658066,11.0256412763232
panel_Pile_CC,Pile-CC,1007,155,1.6443377327007056,12.33283664684214
panel_Pile_CC,Pile-CC,1007,156,0.202288814428357,12.443571729959757
panel_Pile_CC,Pile-CC,1007,157,0.36959824307632516,11.867777329038688
panel_Pile_CC,Pile-CC,1007,158,0.3819026245810164,13.426454673534437
panel_Pile_CC,Pile-CC,1007,159,3.283454304170391,12.401114772887894
panel_Pile_CC,Pile-CC,1007,160,0.4187470631650285,14.21590622486255
panel_Pile_CC,Pile-CC,1007,161,0.8256677861531898,12.550250980360602
panel_Pile_CC,Pile-CC,1007,162,0.43708210128397695,12.536028113327774
panel_Pile_CC,Pile-CC,1007,163,14.770199004212373,10.360539646985217
panel_Pile_CC,Pile-CC,1007,164,0.9410936461817982,11.517845821855701
panel_Pile_CC,Pile-CC,1007,165,1.4903055397280696,14.15545458282287
panel_Pile_CC,Pile-CC,1007,166,1.1805313894683422,11.644023368376224
panel_Pile_CC,Pile-CC,1007,167,1.2755680818577275,13.138366522640354
panel_Pile_CC,Pile-CC,1007,168,0.2530880788453942,12.068693033672929
panel_Pile_CC,Pile-CC,1007,169,0.3139965708346608,12.48550255309732
panel_Pile_CC,Pile-CC,1007,170,0.548664866017134,13.722581808692283
panel_Pile_CC,Pile-CC,1007,171,18.618353891314655,9.137300216995925
panel_Pile_CC,Pile-CC,1007,172,0.8075140958317206,12.000666762806475
panel_Pile_CC,Pile-CC,1007,173,0.23752934219010058,11.786355862465072
panel_Pile_CC,Pile-CC,1007,174,0.18511321150913318,12.653461795363
panel_Pile_CC,Pile-CC,1007,175,1.124816023577182,12.107474864311314
panel_Pile_CC,Pile-CC,1007,176,0.5629386553241602,13.030365956208286
panel_Pile_CC,Pile-CC,1007,177,0.1176677251419278,11.895457511495351
panel_Pile_CC,Pile-CC,1007,178,1.2862513878267237,12.416729992359588
panel_Pile_CC,Pile-CC,1007,179,0.8312436627024908,11.526745726502327
panel_Pile_CC,Pile-CC,1007,180,0.5910399409153797,13.054966235769541
panel_Pile_CC,Pile-CC,1007,181,0.28664924989425344,11.659991231419742
panel_Pile_CC,Pile-CC,1007,182,0.32345743608857447,11.918722661138503
panel_Pile_CC,Pile-CC,1007,183,1.15252625066978,12.881904409799944
panel_Pile_CC,Pile-CC,1007,184,0.2942818912270013,12.33766814155112
panel_Pile_CC,Pile-CC,1007,185,0.2955118877662244,12.591888040649962
panel_Pile_CC,Pile-CC,1007,186,1.1043949162958597,12.205705136509067
panel_Pile_CC,Pile-CC,1007,187,0.43809228661666566,11.967694707764736
panel_Pile_CC,Pile-CC,1007,188,1.4283062356814753,11.561726537491253
panel_Pile_CC,Pile-CC,1007,189,14.08417821806745,9.80630999817135
panel_Pile_CC,Pile-CC,1007,190,15.345773350418767,9.507513210519164
panel_Pile_CC,Pile-CC,1007,191,22.08542625840846,8.944046746477397
panel_Pile_CC,Pile-CC,1007,192,0.20988129115812626,12.672477251099224
panel_Pile_CC,Pile-CC,1007,193,0.6494390750845014,12.84196422706762
panel_Pile_CC,Pile-CC,1007,194,0.5117250346838773,13.462408484332173
panel_Pile_CC,Pile-CC,1007,195,0.6741330166346415,12.567286945887304
panel_Pile_CC,Pile-CC,1007,196,1.7005664071739375,14.517571397783101
panel_Pile_CC,Pile-CC,1007,197,0.6551602549175186,12.396627071786327
panel_Pile_CC,Pile-CC,1007,198,0.5210975847930968,12.334380254511075
panel_Pile_CC,Pile-CC,1007,199,1.1938946848090382,12.923067994675705
panel_Wikipedia__en_,Wikipedia (en),256,0,0.010200552889727987,2.2466910570721836
panel_Wikipedia__en_,Wikipedia (en),256,1,0.005959960656127805,2.0719202335241107
panel_Wikipedia__en_,Wikipedia (en),256,2,0.0062500135300069815,2.130637244061944
panel_Wikipedia__en_,Wikipedia (en),256,3,0.03144954701747338,2.450246833079177
panel_Wikipedia__en_,Wikipedia (en),256,4,0.007070083808685013,2.422534122220327
panel_Wikipedia__en_,Wikipedia (en),256,5,0.015302450154194958,2.5435983897604046
panel_Wikipedia__en_,Wikipedia (en),256,6,0.028716928744188408,2.147331833073295
panel_Wikipedia__en_,Wikipedia (en),256,7,0.009808721311856061,2.5005530892038337
panel_Wikipedia__en_,Wikipedia (en),256,8,0.0494879809343729,2.6649815122322025
panel_Wikipedia__en_,Wikipedia (en),256,9,0.17921419440608588,2.462359193377381
panel_Wikipedia__en_,Wikipedia (en),256,10,0.004847933482778899,2.0013933536162085
panel_Wikipedia__en_,Wikipedia (en),256,11,0.025873144522847724,2.495988780528023
panel_Wikipedia__en_,Wikipedia (en),256,12,0.00384699976302727,2.3186777275297885
panel_Wikipedia__en_,Wikipedia (en),256,13,0.013225023874383623,2.4470391414787684
panel_Wikipedia__en_,Wikipedia (en),256,14,0.049843664414765954,1.9064602993366577
panel_Wikipedia__en_,Wikipedia (en),256,15,0.014614564050134504,2.363287605766004
panel_Wikipedia__en_,Wikipedia (en),256,16,0.08034455679262464,2.452316730639268
panel_Wikipedia__en_,Wikipedia (en),256,17,0.0102988876587915,2.368410942204804
panel_Wikipedia__en_,Wikipedia (en),256,18,0.03421053779493377,2.5985488809653816
panel_Wikipedia__en_,Wikipedia (en),256,19,0.01592423366764706,2.2792820527193953
panel_Wikipedia__en_,Wikipedia (en),256,20,0.020401832598508918,2.4739762692800014
panel_Wikipedia__en_,Wikipedia (en),256,21,0.03870633459587225,2.5952314741265923
panel_Wikipedia__en_,Wikipedia (en),256,22,0.008960361039044074,2.521853005241212
panel_Wikipedia__en_,Wikipedia (en),256,23,0.013525812920306635,2.484769119057489
panel_Wikipedia__en_,Wikipedia (en),256,24,0.008963567795944982,2.8415691392117424
panel_Wikipedia__en_,Wikipedia (en),256,25,0.04174329109628161,2.287594646844923
panel_Wikipedia__en_,Wikipedia (en),256,26,0.06522636669433268,2.578717048657623
panel_Wikipedia__en_,Wikipedia (en),256,27,0.032741543032898335,2.224436853043926
panel_Wikipedia__en_,Wikipedia (en),256,28,0.04267459845686972,2.093165691566469
panel_Wikipedia__en_,Wikipedia (en),256,29,0.011128631353130913,2.3176511627186756
panel_Wikipedia__en_,Wikipedia (en),256,30,0.06457274420108661,2.6481154364151394
panel_Wikipedia__en_,Wikipedia (en),256,31,0.012968804288902902,2.1778417852497114
panel_Wikipedia__en_,Wikipedia (en),256,32,0.022280111133113678,2.4262313213326934
panel_Wikipedia__en_,Wikipedia (en),256,33,0.01632352332035225,2.2482738331481187
panel_Wikipedia__en_,Wikipedia (en),256,34,0.021169130917769508,2.440922034210047
panel_Wikipedia__en_,Wikipedia (en),256,35,0.008063701096034492,2.5013734193586856
panel_Wikipedia__en_,Wikipedia (en),256,36,0.015606823591042485,2.798554895750442
panel_Wikipedia__en_,Wikipedia (en),256,37,0.016850449064804707,2.2908795150821106
panel_Wikipedia__en_,Wikipedia (en),256,38,0.021975487444251485,2.4907015369849717
panel_Wikipedia__en_,Wikipedia (en),256,39,0.013654824844252289,2.574679745785261
panel_Wikipedia__en_,Wikipedia (en),256,40,0.006385661548847565,2.3486416262877583
panel_Wikipedia__en_,Wikipedia (en),256,41,0.014361961734721262,2.5042473110429455
panel_Wikipedia__en_,Wikipedia (en),256,42,0.008873011752257298,2.3930891216368764
panel_Wikipedia__en_,Wikipedia (en),256,43,0.027156836649510296,2.1992544739546247
panel_Wikipedia__en_,Wikipedia (en),256,44,0.014708939203046612,2.391955172579287
panel_Wikipedia__en_,Wikipedia (en),256,45,0.030021478739399754,2.6575263257878987
panel_Wikipedia__en_,Wikipedia (en),256,46,0.0035689520755113335,2.278584081540089
panel_Wikipedia__en_,Wikipedia (en),256,47,0.007704505982474075,2.403367135210601
panel_Wikipedia__en_,Wikipedia (en),256,48,0.004655267128327978,2.2641833913849325
panel_Wikipedia__en_,Wikipedia (en),256,49,0.0720335721025549,2.4557419885591116
panel_Wikipedia__en_,Wikipedia (en),256,50,0.005746516249701017,1.870195135091933
panel_Wikipedia__en_,Wikipedia (en),256,51,0.016642677224808722,2.325013137133652
panel_Wikipedia__en_,Wikipedia (en),256,52,0.03762163977444288,2.281463357757957
panel_Wikipedia__en_,Wikipedia (en),256,53,0.009554833957736264,2.4177369896509617
panel_Wikipedia__en_,Wikipedia (en),256,54,0.0093586277198483,2.378185224863273
panel_Wikipedia__en_,Wikipedia (en),256,55,0.010438066506594623,2.3979597525029703
panel_Wikipedia__en_,Wikipedia (en),256,56,0.06226668896852061,2.4239299428312506
panel_Wikipedia__en_,Wikipedia (en),256,57,0.015072124266225728,2.2167299202743607
panel_Wikipedia__en_,Wikipedia (en),256,58,0.006658885029537487,2.051021821383358
panel_Wikipedia__en_,Wikipedia (en),256,59,0.019790447417108226,2.6377859002325863
panel_Wikipedia__en_,Wikipedia (en),256,60,0.027827183812405565,2.2316369399878795
panel_Wikipedia__en_,Wikipedia (en),256,61,0.009287355910601036,2.343627814285213
panel_Wikipedia__en_,Wikipedia (en),256,62,0.017988317400522646,2.5966639159814804
panel_Wikipedia__en_,Wikipedia (en),256,63,0.0788920800332562,2.3461456050515466
panel_Wikipedia__en_,Wikipedia (en),256,64,0.015481409560379689,2.3175565618480505
panel_Wikipedia__en_,Wikipedia (en),256,65,0.12358837428655534,2.062890481871136
panel_Wikipedia__en_,Wikipedia (en),256,66,0.07102303628062145,2.5217713832831805
panel_Wikipedia__en_,Wikipedia (en),256,67,0.005817168236717407,2.239329629537224
panel_Wikipedia__en_,Wikipedia (en),256,68,0.010443621574268036,2.7190489772093542
panel_Wikipedia__en_,Wikipedia (en),256,69,0.020344725423001364,3.1097546562637177
panel_Wikipedia__en_,Wikipedia (en),256,70,0.04651761486002215,2.41495212754171
panel_Wikipedia__en_,Wikipedia (en),256,71,0.09441948111270904,2.8915475086670597
panel_Wikipedia__en_,Wikipedia (en),256,72,0.02374906902696239,2.697400043064846
panel_Wikipedia__en_,Wikipedia (en),256,73,0.04966475141554838,2.0068553497848143
panel_Wikipedia__en_,Wikipedia (en),256,74,0.43727290421338694,1.378776595090983
panel_Wikipedia__en_,Wikipedia (en),256,75,0.0053294867248041555,1.8405091809773921
panel_Wikipedia__en_,Wikipedia (en),256,76,0.05652136969820276,2.6701570462495283
panel_Wikipedia__en_,Wikipedia (en),256,77,0.010124423839897645,1.9550579014172627
panel_Wikipedia__en_,Wikipedia (en),256,78,0.009122725711222301,2.5022825012542285
panel_Wikipedia__en_,Wikipedia (en),256,79,0.0038284402646695526,1.8965280478762452
panel_Wikipedia__en_,Wikipedia (en),256,80,0.005828501543874154,2.1174045159790467
panel_Wikipedia__en_,Wikipedia (en),256,81,0.013838960089742613,2.2313351147828087
panel_Wikipedia__en_,Wikipedia (en),256,82,0.004317861665185774,2.0933036278016743
panel_Wikipedia__en_,Wikipedia (en),256,83,0.014485320488347497,1.8111400562160043
panel_Wikipedia__en_,Wikipedia (en),256,84,0.1766274821834486,2.163586577243791
panel_Wikipedia__en_,Wikipedia (en),256,85,0.013095987452288682,2.639718472630932
panel_Wikipedia__en_,Wikipedia (en),256,86,0.029825995587088983,2.3737048846419384
panel_Wikipedia__en_,Wikipedia (en),256,87,0.020409155500601628,2.1362581637422124
panel_Wikipedia__en_,Wikipedia (en),256,88,0.008250915298049222,2.61665008228033
panel_Wikipedia__en_,Wikipedia (en),256,89,0.004887192235401017,2.531927896330018
panel_Wikipedia__en_,Wikipedia (en),256,90,0.0066827249620473594,2.4921750977962063
panel_Wikipedia__en_,Wikipedia (en),256,91,0.012284501834074035,2.2316031074692546
panel_Wikipedia__en_,Wikipedia (en),256,92,0.009519368279143237,2.3817282209881796
panel_Wikipedia__en_,Wikipedia (en),256,93,0.02935387240449927,2.3188483219342118
panel_Wikipedia__en_,Wikipedia (en),256,94,0.01174956782051595,2.4780344155783496
panel_Wikipedia__en_,Wikipedia (en),256,95,0.09663951140646532,1.8651987080592107
panel_Wikipedia__en_,Wikipedia (en),256,96,0.01747105689082673,1.9404880360641243
panel_Wikipedia__en_,Wikipedia (en),256,97,0.05590919632140867,2.6046886489366443
panel_Wikipedia__en_,Wikipedia (en),256,98,0.02390020790244307,2.2905045843520497
panel_Wikipedia__en_,Wikipedia (en),256,99,0.01553137010341743,2.517511896042322
panel_Wikipedia__en_,Wikipedia (en),256,100,0.012813616472158174,2.290290437928377
panel_Wikipedia__en_,Wikipedia (en),256,101,0.0030681460339110345,2.471621990754869
panel_Wikipedia__en_,Wikipedia (en),256,102,0.02576875466911588,2.199033302185512
panel_Wikipedia__en_,Wikipedia (en),256,103,0.010156531469874608,2.1375357333391776
panel_Wikipedia__en_,Wikipedia (en),256,104,0.08962389709608942,2.3169162572357322
panel_Wikipedia__en_,Wikipedia (en),256,105,0.005849830295119318,2.382048410929144
panel_Wikipedia__en_,Wikipedia (en),256,106,0.013457320388624794,2.533524023970301
panel_Wikipedia__en_,Wikipedia (en),256,107,0.009598482289220556,2.2439802082369624
panel_Wikipedia__en_,Wikipedia (en),256,108,2.4854228484582563,1.1137094620506502
panel_Wikipedia__en_,Wikipedia (en),256,109,0.007492767814255785,2.625593591880204
panel_Wikipedia__en_,Wikipedia (en),256,110,0.022939718605357484,2.336302168717907
panel_Wikipedia__en_,Wikipedia (en),256,111,0.026456036884155765,2.5877205675329833
panel_Wikipedia__en_,Wikipedia (en),256,112,0.011057532896302291,2.422990967586884
panel_Wikipedia__en_,Wikipedia (en),256,113,0.017305053161180695,2.2740629775873913
panel_Wikipedia__en_,Wikipedia (en),256,114,0.00993658061224778,2.578258680256681
panel_Wikipedia__en_,Wikipedia (en),256,115,0.004814339044969529,2.387652480955694
panel_Wikipedia__en_,Wikipedia (en),256,116,0.01853178211240447,2.3169024385821473
panel_Wikipedia__en_,Wikipedia (en),256,117,0.01496586480482165,2.263196023221525
panel_Wikipedia__en_,Wikipedia (en),256,118,0.009909889869959443,1.845947843929821
panel_Wikipedia__en_,Wikipedia (en),256,119,0.0052930215424566995,1.894295961159287
panel_Wikipedia__en_,Wikipedia (en),256,120,0.020108117873860465,2.4028808437345788
panel_Wikipedia__en_,Wikipedia (en),256,121,0.006080354120967968,2.1374566918616438
panel_Wikipedia__en_,Wikipedia (en),256,122,0.026100297902303282,2.0121727430280885
panel_Wikipedia__en_,Wikipedia (en),256,123,0.010588870049105026,2.8960340076187663
panel_Wikipedia__en_,Wikipedia (en),256,124,0.07971287370037317,2.2922766391853884
panel_Wikipedia__en_,Wikipedia (en),256,125,0.09442293577649252,2.227256641987168
panel_Wikipedia__en_,Wikipedia (en),256,126,0.028149842243692547,2.510285825253561
panel_Wikipedia__en_,Wikipedia (en),256,127,2.2270461482316932,0.669096987836042
panel_Wikipedia__en_,Wikipedia (en),256,128,0.012860154887221142,2.385174584035667
panel_Wikipedia__en_,Wikipedia (en),256,129,0.011717971094185486,2.3288214779021246
panel_Wikipedia__en_,Wikipedia (en),256,130,0.0150830796592345,2.2869647468757535
panel_Wikipedia__en_,Wikipedia (en),256,131,0.006393705682057771,2.19741469520568
panel_Wikipedia__en_,Wikipedia (en),256,132,0.11239740057317249,2.2337264277247186
panel_Wikipedia__en_,Wikipedia (en),256,133,0.005686640542080568,2.244543331171485
panel_Wikipedia__en_,Wikipedia (en),256,134,0.28682300938817207,2.2377426755481906
panel_Wikipedia__en_,Wikipedia (en),256,135,0.017189416337714647,2.197010351157701
panel_Wikipedia__en_,Wikipedia (en),256,136,0.012311282395785383,2.5917232051682504
panel_Wikipedia__en_,Wikipedia (en),256,137,0.04797523354227451,2.6299317398873256
panel_Wikipedia__en_,Wikipedia (en),256,138,0.009184935734538158,2.377601567970487
panel_Wikipedia__en_,Wikipedia (en),256,139,0.006198345360644453,1.8935454907362441
panel_Wikipedia__en_,Wikipedia (en),256,140,0.018342570358072408,2.19515801506833
panel_Wikipedia__en_,Wikipedia (en),256,141,0.005237458667579631,2.1580524749032293
panel_Wikipedia__en_,Wikipedia (en),256,142,0.014741874224455387,1.9192357076851465
panel_Wikipedia__en_,Wikipedia (en),256,143,0.009798469595352799,2.1736658995831704
panel_Wikipedia__en_,Wikipedia (en),256,144,0.013904478853874025,2.7749531286125944
panel_Wikipedia__en_,Wikipedia (en),256,145,0.008897555780549737,2.6741338792376155
panel_Wikipedia__en_,Wikipedia (en),256,146,0.007821469758710009,2.6216856794900423
panel_Wikipedia__en_,Wikipedia (en),256,147,0.017527013649669243,2.3600300245956873
panel_Wikipedia__en_,Wikipedia (en),256,148,0.020206736004183767,1.8214678956194348
panel_Wikipedia__en_,Wikipedia (en),256,149,0.004189167473668931,2.3737596368491722
panel_Wikipedia__en_,Wikipedia (en),256,150,0.0124266769435053,2.4952365008133484
panel_Wikipedia__en_,Wikipedia (en),256,151,0.014863682823943236,2.354662799405105
panel_Wikipedia__en_,Wikipedia (en),256,152,0.01357619136069843,2.4174739349952574
panel_Wikipedia__en_,Wikipedia (en),256,153,0.06487039061721589,2.3960132209120957
panel_Wikipedia__en_,Wikipedia (en),256,154,0.019008439133813226,2.314240478059787
panel_Wikipedia__en_,Wikipedia (en),256,155,0.016978486896732647,2.410843429854424
panel_Wikipedia__en_,Wikipedia (en),256,156,0.03224429374677129,1.8780167423634566
panel_Wikipedia__en_,Wikipedia (en),256,157,0.007757237093755975,2.371694031153538
panel_Wikipedia__en_,Wikipedia (en),256,158,0.025216714501766546,2.197639787298897
panel_Wikipedia__en_,Wikipedia (en),256,159,0.03904630553734023,2.1206542336467464
panel_Wikipedia__en_,Wikipedia (en),256,160,0.027854912641487317,2.1395713534796528
panel_Wikipedia__en_,Wikipedia (en),256,161,0.004433578519638104,2.5266297866148193
panel_Wikipedia__en_,Wikipedia (en),256,162,0.0471127762893957,2.3625145482036203
panel_Wikipedia__en_,Wikipedia (en),256,163,0.007593538504693242,2.204954766363585
panel_Wikipedia__en_,Wikipedia (en),256,164,0.01632286328003829,2.3100438979116973
panel_Wikipedia__en_,Wikipedia (en),256,165,0.011069831896747928,1.8927500619829516
panel_Wikipedia__en_,Wikipedia (en),256,166,0.03160427323746262,2.348364365066004
panel_Wikipedia__en_,Wikipedia (en),256,167,0.03101300395974249,2.374830866089269
panel_Wikipedia__en_,Wikipedia (en),256,168,0.4071856174532513,2.202965904811549
panel_Wikipedia__en_,Wikipedia (en),256,169,0.01211141595558729,2.636829569427988
panel_Wikipedia__en_,Wikipedia (en),256,170,0.0254989991117327,2.0808056462057607
panel_Wikipedia__en_,Wikipedia (en),256,171,0.007200385386568087,2.1830565713478336
panel_Wikipedia__en_,Wikipedia (en),256,172,0.014615877957112389,2.08676021279814
panel_Wikipedia__en_,Wikipedia (en),256,173,0.011046930851080106,2.2211166241714864
panel_Wikipedia__en_,Wikipedia (en),256,174,0.010283826727572887,2.4994021002788713
panel_Wikipedia__en_,Wikipedia (en),256,175,0.017364264280331554,2.728592358439869
panel_Wikipedia__en_,Wikipedia (en),256,176,0.021308982017217204,2.369943659221917
panel_Wikipedia__en_,Wikipedia (en),256,177,0.05956281711769407,2.3847101168176437
panel_Wikipedia__en_,Wikipedia (en),256,178,0.017390477343269595,2.5191737122231643
panel_Wikipedia__en_,Wikipedia (en),256,179,0.019449988838914578,2.5479640366080076
panel_Wikipedia__en_,Wikipedia (en),256,180,0.01584538980796424,2.6332987951145697
panel_Wikipedia__en_,Wikipedia (en),256,181,0.29765063314789586,2.5828071383796214
panel_Wikipedia__en_,Wikipedia (en),256,182,0.0704638792140031,2.502882909758114
panel_Wikipedia__en_,Wikipedia (en),256,183,0.011161112422087172,2.22103490557555
panel_Wikipedia__en_,Wikipedia (en),256,184,0.3142391347391822,2.0985203329299793
panel_Wikipedia__en_,Wikipedia (en),256,185,0.014017848703588243,2.828228275119301
panel_Wikipedia__en_,Wikipedia (en),256,186,0.01652057661431172,2.2731727396893575
panel_Wikipedia__en_,Wikipedia (en),256,187,0.018797139488924586,2.66662374159381
panel_Wikipedia__en_,Wikipedia (en),256,188,0.018109437492967118,2.5986421441735956
panel_Wikipedia__en_,Wikipedia (en),256,189,0.024599510186817497,2.6055313510396445
panel_Wikipedia__en_,Wikipedia (en),256,190,0.01053959062710419,2.432953527119153
panel_Wikipedia__en_,Wikipedia (en),256,191,0.018421477392621455,2.2982749535087805
panel_Wikipedia__en_,Wikipedia (en),256,192,0.01760721775235652,2.3668213738520762
panel_Wikipedia__en_,Wikipedia (en),256,193,0.012488161942201259,2.4398612570388423
panel_Wikipedia__en_,Wikipedia (en),256,194,0.010085463931318372,2.6948749881547656
panel_Wikipedia__en_,Wikipedia (en),256,195,0.036057664401823786,2.0565788744968074
panel_Wikipedia__en_,Wikipedia (en),256,196,0.006839501995273167,2.5951014360992417
panel_Wikipedia__en_,Wikipedia (en),256,197,0.335167311852274,2.0303792603435795
panel_Wikipedia__en_,Wikipedia (en),256,198,0.007871261621403391,2.2893979606299126
panel_Wikipedia__en_,Wikipedia (en),256,199,0.068278292679679,2.2835494682578172
panel_Wikipedia__en_,Wikipedia (en),1007,0,0.40153873408689833,13.727287138103478
panel_Wikipedia__en_,Wikipedia (en),1007,1,0.42000294312811093,12.918065847895377
panel_Wikipedia__en_,Wikipedia (en),1007,2,0.2019081241742242,12.506921567620907
panel_Wikipedia__en_,Wikipedia (en),1007,3,1.137882266230008,15.039022617940248
panel_Wikipedia__en_,Wikipedia (en),1007,4,0.3784391662852613,13.540628585746163
panel_Wikipedia__en_,Wikipedia (en),1007,5,1.1341852217383348,14.94171406678987
panel_Wikipedia__en_,Wikipedia (en),1007,6,1.1283935273752377,12.937348453669713
panel_Wikipedia__en_,Wikipedia (en),1007,7,0.4950691960157201,14.667986291658877
panel_Wikipedia__en_,Wikipedia (en),1007,8,2.320287141525341,14.376076832537024
panel_Wikipedia__en_,Wikipedia (en),1007,9,1.866827592271875,14.217659927809677
panel_Wikipedia__en_,Wikipedia (en),1007,10,0.6524334007081052,12.620691657342675
panel_Wikipedia__en_,Wikipedia (en),1007,11,0.781974415614286,14.733450949344387
panel_Wikipedia__en_,Wikipedia (en),1007,12,0.17757466351440598,12.868671316438892
panel_Wikipedia__en_,Wikipedia (en),1007,13,0.24249243117628794,13.13066584842079
panel_Wikipedia__en_,Wikipedia (en),1007,14,0.9535277263512398,12.370291939547958
panel_Wikipedia__en_,Wikipedia (en),1007,15,0.7102118471689209,12.991899766415202
panel_Wikipedia__en_,Wikipedia (en),1007,16,1.5962736269893867,15.010912046510128
panel_Wikipedia__en_,Wikipedia (en),1007,17,0.9546888589102309,14.542791657376029
panel_Wikipedia__en_,Wikipedia (en),1007,18,2.7518252538848174,15.849531836642683
panel_Wikipedia__en_,Wikipedia (en),1007,19,0.8546600178142398,13.844058216868149
panel_Wikipedia__en_,Wikipedia (en),1007,20,0.7175476370275646,14.116657217914735
panel_Wikipedia__en_,Wikipedia (en),1007,21,1.3898272132280454,15.92003666567959
panel_Wikipedia__en_,Wikipedia (en),1007,22,0.4179157946207397,15.148446057608908
panel_Wikipedia__en_,Wikipedia (en),1007,23,0.4809583697233393,15.16092876068683
panel_Wikipedia__en_,Wikipedia (en),1007,24,0.5283651283143627,15.62565728994062
panel_Wikipedia__en_,Wikipedia (en),1007,25,1.075524107178353,14.363437606643089
panel_Wikipedia__en_,Wikipedia (en),1007,26,1.8425960422114258,15.802765496688238
panel_Wikipedia__en_,Wikipedia (en),1007,27,1.0020677851673554,13.49547313500969
panel_Wikipedia__en_,Wikipedia (en),1007,28,0.7930029086774084,12.903591621224791
panel_Wikipedia__en_,Wikipedia (en),1007,29,0.7603878990921658,14.164050812298001
panel_Wikipedia__en_,Wikipedia (en),1007,30,1.3901577214710414,15.430754329176452
panel_Wikipedia__en_,Wikipedia (en),1007,31,0.8788504599133375,13.69558581575447
panel_Wikipedia__en_,Wikipedia (en),1007,32,0.8292588242620695,14.470635586574588
panel_Wikipedia__en_,Wikipedia (en),1007,33,0.45241497708366296,13.040115134097135
panel_Wikipedia__en_,Wikipedia (en),1007,34,0.7775604120233766,13.913298970729926
panel_Wikipedia__en_,Wikipedia (en),1007,35,0.5367674514545797,13.95577513412951
panel_Wikipedia__en_,Wikipedia (en),1007,36,0.6199859900218598,15.551652184751475
panel_Wikipedia__en_,Wikipedia (en),1007,37,0.5960630210861382,13.960517876183793
panel_Wikipedia__en_,Wikipedia (en),1007,38,0.5181151481601773,14.69903279188253
panel_Wikipedia__en_,Wikipedia (en),1007,39,1.5686766457506565,14.763871772481991
panel_Wikipedia__en_,Wikipedia (en),1007,40,0.20003822941998806,13.146998842398375
panel_Wikipedia__en_,Wikipedia (en),1007,41,0.42330047827817907,13.630737724146002
panel_Wikipedia__en_,Wikipedia (en),1007,42,0.39382745451871415,13.604866962801282
panel_Wikipedia__en_,Wikipedia (en),1007,43,1.2271787910613057,14.445607531570772
panel_Wikipedia__en_,Wikipedia (en),1007,44,0.5893528979106577,14.095615561093979
panel_Wikipedia__en_,Wikipedia (en),1007,45,1.0828325813417905,14.64595998991092
panel_Wikipedia__en_,Wikipedia (en),1007,46,0.20344914517909274,12.786709867486252
panel_Wikipedia__en_,Wikipedia (en),1007,47,0.13985086355933163,12.88292371492463
panel_Wikipedia__en_,Wikipedia (en),1007,48,0.179034015121033,12.375589120293526
panel_Wikipedia__en_,Wikipedia (en),1007,49,1.7349449392768292,14.79526455074297
panel_Wikipedia__en_,Wikipedia (en),1007,50,0.4751203082785196,12.187424267711492
panel_Wikipedia__en_,Wikipedia (en),1007,51,0.4334612860893685,13.820447177503809
panel_Wikipedia__en_,Wikipedia (en),1007,52,1.3417593429676344,13.990579363376469
panel_Wikipedia__en_,Wikipedia (en),1007,53,0.9678322469308114,15.045891507985573
panel_Wikipedia__en_,Wikipedia (en),1007,54,0.47794184918984683,14.5631826337914
panel_Wikipedia__en_,Wikipedia (en),1007,55,0.7086735608731942,14.459611215448575
panel_Wikipedia__en_,Wikipedia (en),1007,56,1.519872398702546,14.872087148666793
panel_Wikipedia__en_,Wikipedia (en),1007,57,0.5791158004358294,13.68482147574582
panel_Wikipedia__en_,Wikipedia (en),1007,58,0.46410318320340593,13.677755774798868
panel_Wikipedia__en_,Wikipedia (en),1007,59,0.5858827511292475,14.38339226524414
panel_Wikipedia__en_,Wikipedia (en),1007,60,1.0461413363332213,14.154617782860697
panel_Wikipedia__en_,Wikipedia (en),1007,61,0.3390858670036323,12.60921735042615
panel_Wikipedia__en_,Wikipedia (en),1007,62,0.8004403680058658,14.726678605775476
panel_Wikipedia__en_,Wikipedia (en),1007,63,2.1283921606227523,14.394138259112012
panel_Wikipedia__en_,Wikipedia (en),1007,64,0.841333958459245,14.967203325552248
panel_Wikipedia__en_,Wikipedia (en),1007,65,2.9768054347969155,13.3349612309581
panel_Wikipedia__en_,Wikipedia (en),1007,66,1.126707693725848,14.944445751772037
panel_Wikipedia__en_,Wikipedia (en),1007,67,0.48066917151390953,12.756314611829822
panel_Wikipedia__en_,Wikipedia (en),1007,68,0.44382979597776284,15.5664842733554
panel_Wikipedia__en_,Wikipedia (en),1007,69,0.5099578565070715,16.752264214752657
panel_Wikipedia__en_,Wikipedia (en),1007,70,1.2641438399093659,14.591421676197825
panel_Wikipedia__en_,Wikipedia (en),1007,71,1.956602756246184,17.165074527856547
panel_Wikipedia__en_,Wikipedia (en),1007,72,0.8659233340367791,15.27336654001266
panel_Wikipedia__en_,Wikipedia (en),1007,73,1.303700323475823,12.30273372261533
panel_Wikipedia__en_,Wikipedia (en),1007,74,8.412238671885916,9.68776170133657
panel_Wikipedia__en_,Wikipedia (en),1007,75,0.5740967109086341,12.484754179131897
panel_Wikipedia__en_,Wikipedia (en),1007,76,1.7236662479654115,16.380586118550838
panel_Wikipedia__en_,Wikipedia (en),1007,77,0.4357959265557838,12.55296919568923
panel_Wikipedia__en_,Wikipedia (en),1007,78,0.2650422494311897,14.424865602917123
panel_Wikipedia__en_,Wikipedia (en),1007,79,0.4677886925455823,12.586245532117772
panel_Wikipedia__en_,Wikipedia (en),1007,80,0.24087355061078597,12.78198514345388
panel_Wikipedia__en_,Wikipedia (en),1007,81,0.5706323544209226,13.6389981973295
panel_Wikipedia__en_,Wikipedia (en),1007,82,0.35874819642253897,13.09722207932117
panel_Wikipedia__en_,Wikipedia (en),1007,83,0.6256206509242475,12.097250642833217
panel_Wikipedia__en_,Wikipedia (en),1007,84,3.779805037315782,13.860458272180608
panel_Wikipedia__en_,Wikipedia (en),1007,85,0.6060320230062644,14.880793589208931
panel_Wikipedia__en_,Wikipedia (en),1007,86,1.4285755250166403,14.483057572380773
panel_Wikipedia__en_,Wikipedia (en),1007,87,2.6001600170779966,13.57518827447771
panel_Wikipedia__en_,Wikipedia (en),1007,88,0.2670522815333243,13.8458783966162
panel_Wikipedia__en_,Wikipedia (en),1007,89,0.33798084866862155,13.615980864001841
panel_Wikipedia__en_,Wikipedia (en),1007,90,0.32636363071196683,13.572227202995748
panel_Wikipedia__en_,Wikipedia (en),1007,91,1.1070971074996123,13.637442529588668
panel_Wikipedia__en_,Wikipedia (en),1007,92,0.48848401540135455,13.422683403230337
panel_Wikipedia__en_,Wikipedia (en),1007,93,1.4217016666934796,14.410918200259658
panel_Wikipedia__en_,Wikipedia (en),1007,94,0.22219716583458649,13.608749377670478
panel_Wikipedia__en_,Wikipedia (en),1007,95,1.5109390161860574,11.92273517754029
panel_Wikipedia__en_,Wikipedia (en),1007,96,1.0411050927195902,12.745727241354814
panel_Wikipedia__en_,Wikipedia (en),1007,97,1.6033064564235247,15.2094776714261
panel_Wikipedia__en_,Wikipedia (en),1007,98,0.9488563883669485,13.931660434479284
panel_Wikipedia__en_,Wikipedia (en),1007,99,0.9630415998194621,14.338516894346157
panel_Wikipedia__en_,Wikipedia (en),1007,100,0.9565917922870995,13.946288525040657
panel_Wikipedia__en_,Wikipedia (en),1007,101,0.4245940350406272,14.249473868201221
panel_Wikipedia__en_,Wikipedia (en),1007,102,0.8702430831554011,14.07427084914832
panel_Wikipedia__en_,Wikipedia (en),1007,103,0.4016938313986884,12.64609499187037
panel_Wikipedia__en_,Wikipedia (en),1007,104,2.4659626432403456,14.283757565522592
panel_Wikipedia__en_,Wikipedia (en),1007,105,0.31095721722522285,14.511239825569476
panel_Wikipedia__en_,Wikipedia (en),1007,106,0.7311042050178003,14.99603751946421
panel_Wikipedia__en_,Wikipedia (en),1007,107,0.5150764886157049,13.434083139533953
panel_Wikipedia__en_,Wikipedia (en),1007,108,18.65305951970231,9.434890021223566
panel_Wikipedia__en_,Wikipedia (en),1007,109,0.32880811731411086,14.715691825444935
panel_Wikipedia__en_,Wikipedia (en),1007,110,1.5273813688195332,14.140561342020533
panel_Wikipedia__en_,Wikipedia (en),1007,111,1.3834362372649593,15.591260508243735
panel_Wikipedia__en_,Wikipedia (en),1007,112,0.44740212835654347,13.664023863800637
panel_Wikipedia__en_,Wikipedia (en),1007,113,0.5105863219565663,13.394657039408685
panel_Wikipedia__en_,Wikipedia (en),1007,114,0.5626663201896918,14.526241601778764
panel_Wikipedia__en_,Wikipedia (en),1007,115,0.4019090814313131,14.291195139097255
panel_Wikipedia__en_,Wikipedia (en),1007,116,1.289527619285309,14.839803404552626
panel_Wikipedia__en_,Wikipedia (en),1007,117,0.18295099623594524,13.135625280010693
panel_Wikipedia__en_,Wikipedia (en),1007,118,0.27281695720444077,12.351727746094696
panel_Wikipedia__en_,Wikipedia (en),1007,119,0.2091877139596363,12.258499052564673
panel_Wikipedia__en_,Wikipedia (en),1007,120,0.4782904090716329,13.509280813255486
panel_Wikipedia__en_,Wikipedia (en),1007,121,0.41996681239606914,12.902443442463309
panel_Wikipedia__en_,Wikipedia (en),1007,122,1.725484436077295,12.934515711024147
panel_Wikipedia__en_,Wikipedia (en),1007,123,0.2992147000049954,16.562574164035553
panel_Wikipedia__en_,Wikipedia (en),1007,124,1.6838023148625325,14.008438434030069
panel_Wikipedia__en_,Wikipedia (en),1007,125,2.775616494627684,13.12573548557117
panel_Wikipedia__en_,Wikipedia (en),1007,126,0.8298400421508632,14.632062099835764
panel_Wikipedia__en_,Wikipedia (en),1007,127,17.88894523738361,5.396722038358519
panel_Wikipedia__en_,Wikipedia (en),1007,128,0.5136035073655876,13.159829445958792
panel_Wikipedia__en_,Wikipedia (en),1007,129,0.47164343648364593,13.450363227235442
panel_Wikipedia__en_,Wikipedia (en),1007,130,1.1028981500526243,14.673804477497015
panel_Wikipedia__en_,Wikipedia (en),1007,131,0.4559488901491022,13.602530775495126
panel_Wikipedia__en_,Wikipedia (en),1007,132,5.372126385294905,13.328590549863193
panel_Wikipedia__en_,Wikipedia (en),1007,133,0.2724676462848947,13.49631514075378
panel_Wikipedia__en_,Wikipedia (en),1007,134,3.276457529203526,15.201282254002592
panel_Wikipedia__en_,Wikipedia (en),1007,135,0.5015328121128277,14.672541027611388
panel_Wikipedia__en_,Wikipedia (en),1007,136,0.27497110545755277,14.288763959690016
panel_Wikipedia__en_,Wikipedia (en),1007,137,4.575637976222424,19.177111300057902
panel_Wikipedia__en_,Wikipedia (en),1007,138,0.5326823109771794,14.167119121390954
panel_Wikipedia__en_,Wikipedia (en),1007,139,0.5958236503752232,12.646165502043743
panel_Wikipedia__en_,Wikipedia (en),1007,140,0.9609753422732865,13.471400361633968
panel_Wikipedia__en_,Wikipedia (en),1007,141,0.4794982766352405,13.100939708401
panel_Wikipedia__en_,Wikipedia (en),1007,142,0.9792762813176523,13.22097741355148
panel_Wikipedia__en_,Wikipedia (en),1007,143,0.6154468774807356,12.969488203263893
panel_Wikipedia__en_,Wikipedia (en),1007,144,0.9321611400446272,16.33069897878987
panel_Wikipedia__en_,Wikipedia (en),1007,145,0.6544337860806309,14.789958821996038
panel_Wikipedia__en_,Wikipedia (en),1007,146,0.3914318750366874,14.306982125102024
panel_Wikipedia__en_,Wikipedia (en),1007,147,0.4504859891267188,13.852524022447
panel_Wikipedia__en_,Wikipedia (en),1007,148,1.0886373962231346,11.495120574859214
panel_Wikipedia__en_,Wikipedia (en),1007,149,0.4405159680632096,14.008142065488045
panel_Wikipedia__en_,Wikipedia (en),1007,150,0.7815402864125645,14.398246971143948
panel_Wikipedia__en_,Wikipedia (en),1007,151,0.6207863739559798,14.409887494669817
panel_Wikipedia__en_,Wikipedia (en),1007,152,0.7682483914486511,14.717397961670713
panel_Wikipedia__en_,Wikipedia (en),1007,153,1.7225714316630274,15.12311936345776
panel_Wikipedia__en_,Wikipedia (en),1007,154,1.1110882339939963,14.054607611373001
panel_Wikipedia__en_,Wikipedia (en),1007,155,2.1340514452649586,14.908930584199766
panel_Wikipedia__en_,Wikipedia (en),1007,156,2.044099377404791,12.161966198463816
panel_Wikipedia__en_,Wikipedia (en),1007,157,0.3080249612148691,13.503740375771912
panel_Wikipedia__en_,Wikipedia (en),1007,158,2.5091400173359943,15.209607836862858
panel_Wikipedia__en_,Wikipedia (en),1007,159,1.1108431023812955,12.508602853614605
panel_Wikipedia__en_,Wikipedia (en),1007,160,1.1837378449849894,14.030908234155731
panel_Wikipedia__en_,Wikipedia (en),1007,161,0.19679955942228844,13.677406246918224
panel_Wikipedia__en_,Wikipedia (en),1007,162,1.6147259090803345,14.484158051772027
panel_Wikipedia__en_,Wikipedia (en),1007,163,0.5431171395174488,13.549359532344965
panel_Wikipedia__en_,Wikipedia (en),1007,164,0.5465414708605749,13.785234664304795
panel_Wikipedia__en_,Wikipedia (en),1007,165,0.5382003944368989,11.744017356693575
panel_Wikipedia__en_,Wikipedia (en),1007,166,0.9175197013964862,14.033963511004302
panel_Wikipedia__en_,Wikipedia (en),1007,167,1.3832925835877177,15.065584419779697
panel_Wikipedia__en_,Wikipedia (en),1007,168,6.689658780238915,13.727114155898022
panel_Wikipedia__en_,Wikipedia (en),1007,169,1.119082284034448,14.786662039960476
panel_Wikipedia__en_,Wikipedia (en),1007,170,0.6897608225308431,13.511455307762333
panel_Wikipedia__en_,Wikipedia (en),1007,171,0.3963939279637998,12.610838836739504
panel_Wikipedia__en_,Wikipedia (en),1007,172,0.3566411284525657,12.507852054430785
panel_Wikipedia__en_,Wikipedia (en),1007,173,0.5401386470566649,13.135985337003603
panel_Wikipedia__en_,Wikipedia (en),1007,174,0.3790067706290756,13.745819525555362
panel_Wikipedia__en_,Wikipedia (en),1007,175,0.8165687089342555,15.820537294381012
panel_Wikipedia__en_,Wikipedia (en),1007,176,1.1517667684015578,14.488784322908174
panel_Wikipedia__en_,Wikipedia (en),1007,177,1.8927122344430245,14.671106218098998
panel_Wikipedia__en_,Wikipedia (en),1007,178,0.6719397880601718,14.696709729023667
panel_Wikipedia__en_,Wikipedia (en),1007,179,0.6711514932721911,15.198576946281847
panel_Wikipedia__en_,Wikipedia (en),1007,180,1.0006547624625455,15.023688377305405
panel_Wikipedia__en_,Wikipedia (en),1007,181,4.333323443491281,16.000411828703875
panel_Wikipedia__en_,Wikipedia (en),1007,182,2.069544987819654,16.080117724794917
panel_Wikipedia__en_,Wikipedia (en),1007,183,0.2045993118890692,12.79547586920063
panel_Wikipedia__en_,Wikipedia (en),1007,184,4.439794634978284,13.838715592006139
panel_Wikipedia__en_,Wikipedia (en),1007,185,0.5404852015699362,16.06254221408794
panel_Wikipedia__en_,Wikipedia (en),1007,186,1.0397370674400008,14.040314703995818
panel_Wikipedia__en_,Wikipedia (en),1007,187,1.0670679302570534,15.8746820083324
panel_Wikipedia__en_,Wikipedia (en),1007,188,0.9498616103883251,15.359886623019861
panel_Wikipedia__en_,Wikipedia (en),1007,189,1.0083862806168327,15.541754293906678
panel_Wikipedia__en_,Wikipedia (en),1007,190,0.30806525028401666,14.088996523135833
panel_Wikipedia__en_,Wikipedia (en),1007,191,1.2651935329172375,13.66837438543385
panel_Wikipedia__en_,Wikipedia (en),1007,192,1.012640206420997,14.767537554096577
panel_Wikipedia__en_,Wikipedia (en),1007,193,0.6642095668635193,13.801415387553618
panel_Wikipedia__en_,Wikipedia (en),1007,194,0.3807088113503596,15.136180834930315
panel_Wikipedia__en_,Wikipedia (en),1007,195,1.605076363181297,13.487417371291826
panel_Wikipedia__en_,Wikipedia (en),1007,196,0.5917220598121276,14.41141165558497
panel_Wikipedia__en_,Wikipedia (en),1007,197,7.027598647715422,12.718484077918674
panel_Wikipedia__en_,Wikipedia (en),1007,198,0.18264583027757908,13.800124263383282
panel_Wikipedia__en_,Wikipedia (en),1007,199,0.9921457682003165,13.790489109638642
