cell,family,eval_set,pool,tau,delta,control,draw,rung,n_named,n_control,overlap,fraction_of_named,control_pool_size,named_in_control_pool,control_overflow
control/E/union/D_unif/tau0.1/r0/excl/k0/r1/ctl-plain,union,E,D_unif,0.1,excluded,plain,0,1,83,83,2,0.024096385542168676,6355,83,0
control/E/union/D_unif/tau0.1/r0/excl/k0/r2/ctl-plain,union,E,D_unif,0.1,excluded,plain,0,2,441,441,43,0.09750566893424037,6355,441,0
control/E/union/D_unif/tau0.1/r0/excl/k0/r3/ctl-plain,union,E,D_unif,0.1,excluded,plain,0,3,1855,1855,619,0.3336927223719677,6355,1855,0
control/E/union/D_unif/tau0.1/r0/excl/k0/r4/ctl-plain,union,E,D_unif,0.1,excluded,plain,0,4,3605,3605,2110,0.5852981969486823,6355,3605,0
control/E/union/D_unif/tau0.1/r0/excl/k0/r5/ctl-plain,union,E,D_unif,0.1,excluded,plain,0,5,4700,4700,3535,0.752127659574468,6355,4700,0
control/E/union/D_unif/tau0.1/r0/excl/k0/r6/ctl-plain,union,E,D_unif,0.1,excluded,plain,0,6,5644,5644,5037,0.8924521615875266,6355,5644,0
control/E/union/D_unif/tau0.1/r0/excl/k0/r7/ctl-plain,union,E,D_unif,0.1,excluded,plain,0,7,6104,6104,5864,0.9606815203145478,6355,6104,0
control/E/union/D_unif/tau0.1/r0/excl/k1/r1/ctl-plain,union,E,D_unif,0.1,excluded,plain,1,1,71,71,0,0.0,6355,71,0
control/E/union/D_unif/tau0.1/r0/excl/k1/r2/ctl-plain,union,E,D_unif,0.1,excluded,plain,1,2,427,427,37,0.08665105386416862,6355,427,0
control/E/union/D_unif/tau0.1/r0/excl/k1/r3/ctl-plain,union,E,D_unif,0.1,excluded,plain,1,3,1770,1770,585,0.3305084745762712,6355,1770,0
control/E/union/D_unif/tau0.1/r0/excl/k1/r4/ctl-plain,union,E,D_unif,0.1,excluded,plain,1,4,2046,2046,703,0.34359726295210163,6355,2046,0
control/E/union/D_unif/tau0.1/r0/excl/k1/r5/ctl-plain,union,E,D_unif,0.1,excluded,plain,1,5,4415,4415,3182,0.7207248018120045,6355,4415,0
control/E/union/D_unif/tau0.1/r0/excl/k1/r6/ctl-plain,union,E,D_unif,0.1,excluded,plain,1,6,5431,5431,4698,0.865034063708341,6355,5431,0
control/E/union/D_unif/tau0.1/r0/excl/k1/r7/ctl-plain,union,E,D_unif,0.1,excluded,plain,1,7,5979,5979,5649,0.9448068238835926,6355,5979,0
control/E/union/D_unif/tau0.1/r0/excl/k2/r1/ctl-plain,union,E,D_unif,0.1,excluded,plain,2,1,78,78,0,0.0,6355,78,0
control/E/union/D_unif/tau0.1/r0/excl/k2/r2/ctl-plain,union,E,D_unif,0.1,excluded,plain,2,2,365,365,25,0.0684931506849315,6355,365,0
control/E/union/D_unif/tau0.1/r0/excl/k2/r3/ctl-plain,union,E,D_unif,0.1,excluded,plain,2,3,1817,1817,617,0.3395707209686296,6355,1817,0
control/E/union/D_unif/tau0.1/r0/excl/k2/r4/ctl-plain,union,E,D_unif,0.1,excluded,plain,2,4,2795,2795,1281,0.45831842576028625,6355,2795,0
control/E/union/D_unif/tau0.1/r0/excl/k2/r5/ctl-plain,union,E,D_unif,0.1,excluded,plain,2,5,4654,4654,3465,0.7445208422862054,6355,4654,0
control/E/union/D_unif/tau0.1/r0/excl/k2/r6/ctl-plain,union,E,D_unif,0.1,excluded,plain,2,6,5500,5500,4807,0.874,6355,5500,0
control/E/union/D_unif/tau0.1/r0/excl/k2/r7/ctl-plain,union,E,D_unif,0.1,excluded,plain,2,7,6030,6030,5745,0.9527363184079602,6355,6030,0
control/E/union/D_unif/tau0.1/r0/excl/k3/r1/ctl-plain,union,E,D_unif,0.1,excluded,plain,3,1,58,58,1,0.017241379310344827,6355,58,0
control/E/union/D_unif/tau0.1/r0/excl/k3/r2/ctl-plain,union,E,D_unif,0.1,excluded,plain,3,2,565,565,59,0.10442477876106195,6355,565,0
control/E/union/D_unif/tau0.1/r0/excl/k3/r3/ctl-plain,union,E,D_unif,0.1,excluded,plain,3,3,1856,1856,625,0.33674568965517243,6355,1856,0
control/E/union/D_unif/tau0.1/r0/excl/k3/r4/ctl-plain,union,E,D_unif,0.1,excluded,plain,3,4,489,489,38,0.07770961145194274,6355,489,0
control/E/union/D_unif/tau0.1/r0/excl/k3/r5/ctl-plain,union,E,D_unif,0.1,excluded,plain,3,5,4431,4431,3128,0.7059354547506206,6355,4431,0
control/E/union/D_unif/tau0.1/r0/excl/k3/r6/ctl-plain,union,E,D_unif,0.1,excluded,plain,3,6,5453,5453,4718,0.865211810012837,6355,5453,0
control/E/union/D_unif/tau0.1/r0/excl/k3/r7/ctl-plain,union,E,D_unif,0.1,excluded,plain,3,7,6020,6020,5716,0.9495016611295681,6355,6020,0
control/E/union/D_unif/tau0.1/r0/excl/k4/r1/ctl-plain,union,E,D_unif,0.1,excluded,plain,4,1,94,94,1,0.010638297872340425,6355,94,0
control/E/union/D_unif/tau0.1/r0/excl/k4/r2/ctl-plain,union,E,D_unif,0.1,excluded,plain,4,2,380,380,46,0.12105263157894737,6355,380,0
control/E/union/D_unif/tau0.1/r0/excl/k4/r3/ctl-plain,union,E,D_unif,0.1,excluded,plain,4,3,1587,1587,488,0.3074984247006931,6355,1587,0
control/E/union/D_unif/tau0.1/r0/excl/k4/r4/ctl-plain,union,E,D_unif,0.1,excluded,plain,4,4,2494,2494,1067,0.42782678428227744,6355,2494,0
control/E/union/D_unif/tau0.1/r0/excl/k4/r5/ctl-plain,union,E,D_unif,0.1,excluded,plain,4,5,4336,4336,3038,0.7006457564575646,6355,4336,0
control/E/union/D_unif/tau0.1/r0/excl/k4/r6/ctl-plain,union,E,D_unif,0.1,excluded,plain,4,6,5533,5533,4845,0.8756551599493946,6355,5533,0
control/E/union/D_unif/tau0.1/r0/excl/k4/r7/ctl-plain,union,E,D_unif,0.1,excluded,plain,4,7,6084,6084,5831,0.9584155161078238,6355,6084,0
control/E/union/D_unif/tau0.1/r0/excl/k5/r1/ctl-plain,union,E,D_unif,0.1,excluded,plain,5,1,51,51,4,0.0784313725490196,6355,51,0
control/E/union/D_unif/tau0.1/r0/excl/k5/r2/ctl-plain,union,E,D_unif,0.1,excluded,plain,5,2,302,302,17,0.056291390728476824,6355,302,0
control/E/union/D_unif/tau0.1/r0/excl/k5/r3/ctl-plain,union,E,D_unif,0.1,excluded,plain,5,3,1915,1915,677,0.35352480417754567,6355,1915,0
control/E/union/D_unif/tau0.1/r0/excl/k5/r4/ctl-plain,union,E,D_unif,0.1,excluded,plain,5,4,3012,3012,1516,0.5033200531208499,6355,3012,0
control/E/union/D_unif/tau0.1/r0/excl/k5/r5/ctl-plain,union,E,D_unif,0.1,excluded,plain,5,5,4376,4376,3097,0.7077239488117002,6355,4376,0
control/E/union/D_unif/tau0.1/r0/excl/k5/r6/ctl-plain,union,E,D_unif,0.1,excluded,plain,5,6,5633,5633,5022,0.8915320433161725,6355,5633,0
control/E/union/D_unif/tau0.1/r0/excl/k5/r7/ctl-plain,union,E,D_unif,0.1,excluded,plain,5,7,6028,6028,5727,0.9500663570006636,6355,6028,0
control/E/union/D_unif/tau0.1/r0/excl/k6/r1/ctl-plain,union,E,D_unif,0.1,excluded,plain,6,1,14,14,0,0.0,6355,14,0
control/E/union/D_unif/tau0.1/r0/excl/k6/r2/ctl-plain,union,E,D_unif,0.1,excluded,plain,6,2,315,315,21,0.06666666666666667,6355,315,0
control/E/union/D_unif/tau0.1/r0/excl/k6/r3/ctl-plain,union,E,D_unif,0.1,excluded,plain,6,3,1770,1770,554,0.3129943502824859,6355,1770,0
control/E/union/D_unif/tau0.1/r0/excl/k6/r4/ctl-plain,union,E,D_unif,0.1,excluded,plain,6,4,2833,2833,1360,0.4800564772326156,6355,2833,0
control/E/union/D_unif/tau0.1/r0/excl/k6/r5/ctl-plain,union,E,D_unif,0.1,excluded,plain,6,5,4239,4239,2938,0.6930879924510498,6355,4239,0
control/E/union/D_unif/tau0.1/r0/excl/k6/r6/ctl-plain,union,E,D_unif,0.1,excluded,plain,6,6,5497,5497,4786,0.8706567218482809,6355,5497,0
control/E/union/D_unif/tau0.1/r0/excl/k6/r7/ctl-plain,union,E,D_unif,0.1,excluded,plain,6,7,6120,6120,5896,0.9633986928104575,6355,6120,0
control/E/union/D_unif/tau0.1/r0/excl/k7/r1/ctl-plain,union,E,D_unif,0.1,excluded,plain,7,1,37,37,0,0.0,6355,37,0
control/E/union/D_unif/tau0.1/r0/excl/k7/r2/ctl-plain,union,E,D_unif,0.1,excluded,plain,7,2,345,345,27,0.0782608695652174,6355,345,0
control/E/union/D_unif/tau0.1/r0/excl/k7/r3/ctl-plain,union,E,D_unif,0.1,excluded,plain,7,3,1766,1766,541,0.3063420158550396,6355,1766,0
control/E/union/D_unif/tau0.1/r0/excl/k7/r4/ctl-plain,union,E,D_unif,0.1,excluded,plain,7,4,2595,2595,1122,0.4323699421965318,6355,2595,0
control/E/union/D_unif/tau0.1/r0/excl/k7/r5/ctl-plain,union,E,D_unif,0.1,excluded,plain,7,5,4004,4004,2602,0.6498501498501499,6355,4004,0
control/E/union/D_unif/tau0.1/r0/excl/k7/r6/ctl-plain,union,E,D_unif,0.1,excluded,plain,7,6,5437,5437,4693,0.863159830789038,6355,5437,0
control/E/union/D_unif/tau0.1/r0/excl/k7/r7/ctl-plain,union,E,D_unif,0.1,excluded,plain,7,7,6060,6060,5781,0.9539603960396039,6355,6060,0
control/E/union/D_unif/tau0.1/r0/excl/k0/r8/ctl-plain,union,E,D_unif,0.1,excluded,plain,0,8,6361,6361,6350,0.9982707121521773,6355,6352,8
control/E/union/D_unif/tau0.1/uniform/excl/k0/r1/ctl-plain,union,E,D_unif,0.1,excluded,plain,0,1,83,83,2,0.024096385542168676,6355,83,0
control/E/union/D_unif/tau0.1/uniform/excl/k0/r2/ctl-plain,union,E,D_unif,0.1,excluded,plain,0,2,441,441,43,0.09750566893424037,6355,441,0
control/E/union/D_unif/tau0.1/uniform/excl/k0/r3/ctl-plain,union,E,D_unif,0.1,excluded,plain,0,3,1855,1855,619,0.3336927223719677,6355,1855,0
control/E/union/D_unif/tau0.1/uniform/excl/k0/r4/ctl-plain,union,E,D_unif,0.1,excluded,plain,0,4,3605,3605,2110,0.5852981969486823,6355,3605,0
control/E/union/D_unif/tau0.1/uniform/excl/k0/r5/ctl-plain,union,E,D_unif,0.1,excluded,plain,0,5,4700,4700,3535,0.752127659574468,6355,4700,0
control/E/union/D_unif/tau0.1/uniform/excl/k0/r6/ctl-plain,union,E,D_unif,0.1,excluded,plain,0,6,5644,5644,5037,0.8924521615875266,6355,5644,0
control/E/union/D_unif/tau0.1/uniform/excl/k0/r7/ctl-plain,union,E,D_unif,0.1,excluded,plain,0,7,6104,6104,5864,0.9606815203145478,6355,6104,0
control/E/union/D_unif/tau0.1/uniform/excl/k1/r1/ctl-plain,union,E,D_unif,0.1,excluded,plain,1,1,71,71,0,0.0,6355,71,0
control/E/union/D_unif/tau0.1/uniform/excl/k1/r2/ctl-plain,union,E,D_unif,0.1,excluded,plain,1,2,427,427,37,0.08665105386416862,6355,427,0
control/E/union/D_unif/tau0.1/uniform/excl/k1/r3/ctl-plain,union,E,D_unif,0.1,excluded,plain,1,3,1770,1770,585,0.3305084745762712,6355,1770,0
control/E/union/D_unif/tau0.1/uniform/excl/k1/r4/ctl-plain,union,E,D_unif,0.1,excluded,plain,1,4,2046,2046,703,0.34359726295210163,6355,2046,0
control/E/union/D_unif/tau0.1/uniform/excl/k1/r5/ctl-plain,union,E,D_unif,0.1,excluded,plain,1,5,4415,4415,3182,0.7207248018120045,6355,4415,0
control/E/union/D_unif/tau0.1/uniform/excl/k1/r6/ctl-plain,union,E,D_unif,0.1,excluded,plain,1,6,5431,5431,4698,0.865034063708341,6355,5431,0
control/E/union/D_unif/tau0.1/uniform/excl/k1/r7/ctl-plain,union,E,D_unif,0.1,excluded,plain,1,7,5979,5979,5649,0.9448068238835926,6355,5979,0
control/E/union/D_unif/tau0.1/uniform/excl/k2/r1/ctl-plain,union,E,D_unif,0.1,excluded,plain,2,1,78,78,0,0.0,6355,78,0
control/E/union/D_unif/tau0.1/uniform/excl/k2/r2/ctl-plain,union,E,D_unif,0.1,excluded,plain,2,2,365,365,25,0.0684931506849315,6355,365,0
control/E/union/D_unif/tau0.1/uniform/excl/k2/r3/ctl-plain,union,E,D_unif,0.1,excluded,plain,2,3,1817,1817,617,0.3395707209686296,6355,1817,0
control/E/union/D_unif/tau0.1/uniform/excl/k2/r4/ctl-plain,union,E,D_unif,0.1,excluded,plain,2,4,2795,2795,1281,0.45831842576028625,6355,2795,0
control/E/union/D_unif/tau0.1/uniform/excl/k2/r5/ctl-plain,union,E,D_unif,0.1,excluded,plain,2,5,4654,4654,3465,0.7445208422862054,6355,4654,0
control/E/union/D_unif/tau0.1/uniform/excl/k2/r6/ctl-plain,union,E,D_unif,0.1,excluded,plain,2,6,5500,5500,4807,0.874,6355,5500,0
control/E/union/D_unif/tau0.1/uniform/excl/k2/r7/ctl-plain,union,E,D_unif,0.1,excluded,plain,2,7,6030,6030,5745,0.9527363184079602,6355,6030,0
control/E/union/D_unif/tau0.1/uniform/excl/k3/r1/ctl-plain,union,E,D_unif,0.1,excluded,plain,3,1,58,58,1,0.017241379310344827,6355,58,0
control/E/union/D_unif/tau0.1/uniform/excl/k3/r2/ctl-plain,union,E,D_unif,0.1,excluded,plain,3,2,565,565,59,0.10442477876106195,6355,565,0
control/E/union/D_unif/tau0.1/uniform/excl/k3/r3/ctl-plain,union,E,D_unif,0.1,excluded,plain,3,3,1856,1856,625,0.33674568965517243,6355,1856,0
control/E/union/D_unif/tau0.1/uniform/excl/k3/r4/ctl-plain,union,E,D_unif,0.1,excluded,plain,3,4,489,489,38,0.07770961145194274,6355,489,0
control/E/union/D_unif/tau0.1/uniform/excl/k3/r5/ctl-plain,union,E,D_unif,0.1,excluded,plain,3,5,4431,4431,3128,0.7059354547506206,6355,4431,0
control/E/union/D_unif/tau0.1/uniform/excl/k3/r6/ctl-plain,union,E,D_unif,0.1,excluded,plain,3,6,5453,5453,4718,0.865211810012837,6355,5453,0
control/E/union/D_unif/tau0.1/uniform/excl/k3/r7/ctl-plain,union,E,D_unif,0.1,excluded,plain,3,7,6020,6020,5716,0.9495016611295681,6355,6020,0
control/E/union/D_unif/tau0.1/uniform/excl/k4/r1/ctl-plain,union,E,D_unif,0.1,excluded,plain,4,1,94,94,1,0.010638297872340425,6355,94,0
control/E/union/D_unif/tau0.1/uniform/excl/k4/r2/ctl-plain,union,E,D_unif,0.1,excluded,plain,4,2,380,380,46,0.12105263157894737,6355,380,0
control/E/union/D_unif/tau0.1/uniform/excl/k4/r3/ctl-plain,union,E,D_unif,0.1,excluded,plain,4,3,1587,1587,488,0.3074984247006931,6355,1587,0
control/E/union/D_unif/tau0.1/uniform/excl/k4/r4/ctl-plain,union,E,D_unif,0.1,excluded,plain,4,4,2494,2494,1067,0.42782678428227744,6355,2494,0
control/E/union/D_unif/tau0.1/uniform/excl/k4/r5/ctl-plain,union,E,D_unif,0.1,excluded,plain,4,5,4336,4336,3038,0.7006457564575646,6355,4336,0
control/E/union/D_unif/tau0.1/uniform/excl/k4/r6/ctl-plain,union,E,D_unif,0.1,excluded,plain,4,6,5533,5533,4845,0.8756551599493946,6355,5533,0
control/E/union/D_unif/tau0.1/uniform/excl/k4/r7/ctl-plain,union,E,D_unif,0.1,excluded,plain,4,7,6084,6084,5831,0.9584155161078238,6355,6084,0
control/E/union/D_unif/tau0.1/uniform/excl/k5/r1/ctl-plain,union,E,D_unif,0.1,excluded,plain,5,1,51,51,4,0.0784313725490196,6355,51,0
control/E/union/D_unif/tau0.1/uniform/excl/k5/r2/ctl-plain,union,E,D_unif,0.1,excluded,plain,5,2,302,302,17,0.056291390728476824,6355,302,0
control/E/union/D_unif/tau0.1/uniform/excl/k5/r3/ctl-plain,union,E,D_unif,0.1,excluded,plain,5,3,1915,1915,677,0.35352480417754567,6355,1915,0
control/E/union/D_unif/tau0.1/uniform/excl/k5/r4/ctl-plain,union,E,D_unif,0.1,excluded,plain,5,4,3012,3012,1516,0.5033200531208499,6355,3012,0
control/E/union/D_unif/tau0.1/uniform/excl/k5/r5/ctl-plain,union,E,D_unif,0.1,excluded,plain,5,5,4376,4376,3097,0.7077239488117002,6355,4376,0
control/E/union/D_unif/tau0.1/uniform/excl/k5/r6/ctl-plain,union,E,D_unif,0.1,excluded,plain,5,6,5633,5633,5022,0.8915320433161725,6355,5633,0
control/E/union/D_unif/tau0.1/uniform/excl/k5/r7/ctl-plain,union,E,D_unif,0.1,excluded,plain,5,7,6028,6028,5727,0.9500663570006636,6355,6028,0
control/E/union/D_unif/tau0.1/uniform/excl/k6/r1/ctl-plain,union,E,D_unif,0.1,excluded,plain,6,1,14,14,0,0.0,6355,14,0
control/E/union/D_unif/tau0.1/uniform/excl/k6/r2/ctl-plain,union,E,D_unif,0.1,excluded,plain,6,2,315,315,21,0.06666666666666667,6355,315,0
control/E/union/D_unif/tau0.1/uniform/excl/k6/r3/ctl-plain,union,E,D_unif,0.1,excluded,plain,6,3,1770,1770,554,0.3129943502824859,6355,1770,0
control/E/union/D_unif/tau0.1/uniform/excl/k6/r4/ctl-plain,union,E,D_unif,0.1,excluded,plain,6,4,2833,2833,1360,0.4800564772326156,6355,2833,0
control/E/union/D_unif/tau0.1/uniform/excl/k6/r5/ctl-plain,union,E,D_unif,0.1,excluded,plain,6,5,4239,4239,2938,0.6930879924510498,6355,4239,0
control/E/union/D_unif/tau0.1/uniform/excl/k6/r6/ctl-plain,union,E,D_unif,0.1,excluded,plain,6,6,5497,5497,4786,0.8706567218482809,6355,5497,0
control/E/union/D_unif/tau0.1/uniform/excl/k6/r7/ctl-plain,union,E,D_unif,0.1,excluded,plain,6,7,6120,6120,5896,0.9633986928104575,6355,6120,0
control/E/union/D_unif/tau0.1/uniform/excl/k7/r1/ctl-plain,union,E,D_unif,0.1,excluded,plain,7,1,37,37,0,0.0,6355,37,0
control/E/union/D_unif/tau0.1/uniform/excl/k7/r2/ctl-plain,union,E,D_unif,0.1,excluded,plain,7,2,345,345,27,0.0782608695652174,6355,345,0
control/E/union/D_unif/tau0.1/uniform/excl/k7/r3/ctl-plain,union,E,D_unif,0.1,excluded,plain,7,3,1766,1766,541,0.3063420158550396,6355,1766,0
control/E/union/D_unif/tau0.1/uniform/excl/k7/r4/ctl-plain,union,E,D_unif,0.1,excluded,plain,7,4,2595,2595,1122,0.4323699421965318,6355,2595,0
control/E/union/D_unif/tau0.1/uniform/excl/k7/r5/ctl-plain,union,E,D_unif,0.1,excluded,plain,7,5,4004,4004,2602,0.6498501498501499,6355,4004,0
control/E/union/D_unif/tau0.1/uniform/excl/k7/r6/ctl-plain,union,E,D_unif,0.1,excluded,plain,7,6,5437,5437,4693,0.863159830789038,6355,5437,0
control/E/union/D_unif/tau0.1/uniform/excl/k7/r7/ctl-plain,union,E,D_unif,0.1,excluded,plain,7,7,6060,6060,5781,0.9539603960396039,6355,6060,0
control/E/union/D_unif/tau0.1/uniform/excl/k0/r8/ctl-plain,union,E,D_unif,0.1,excluded,plain,0,8,6361,6361,6350,0.9982707121521773,6355,6352,8
control/E/union/D_unif/tau0.1/uniform/excl/k1/r8/ctl-plain,union,E,D_unif,0.1,excluded,plain,1,8,6361,6361,6350,0.9982707121521773,6355,6352,8
control/E/union/D_unif/tau0.1/uniform/excl/k2/r8/ctl-plain,union,E,D_unif,0.1,excluded,plain,2,8,6361,6361,6350,0.9982707121521773,6355,6352,8
control/E/union/D_unif/tau0.1/uniform/excl/k3/r8/ctl-plain,union,E,D_unif,0.1,excluded,plain,3,8,6361,6361,6350,0.9982707121521773,6355,6352,8
control/E/union/D_unif/tau0.1/uniform/excl/k4/r8/ctl-plain,union,E,D_unif,0.1,excluded,plain,4,8,6361,6361,6350,0.9982707121521773,6355,6352,8
control/E/union/D_unif/tau0.1/uniform/excl/k5/r8/ctl-plain,union,E,D_unif,0.1,excluded,plain,5,8,6361,6361,6350,0.9982707121521773,6355,6352,8
control/E/union/D_unif/tau0.1/uniform/excl/k6/r8/ctl-plain,union,E,D_unif,0.1,excluded,plain,6,8,6361,6361,6350,0.9982707121521773,6355,6352,8
control/E/union/D_unif/tau0.1/uniform/excl/k7/r8/ctl-plain,union,E,D_unif,0.1,excluded,plain,7,8,6361,6361,6350,0.9982707121521773,6355,6352,8
control/E/hard_zero/D_unif/tau0.1/ones/incl/k0/r1/ctl-plain,hard_zero,E,D_unif,0.1,included,plain,0,1,83,83,3,0.03614457831325301,6355,83,0
control/E/hard_zero/D_unif/tau0.1/ones/incl/k0/r2/ctl-plain,hard_zero,E,D_unif,0.1,included,plain,0,2,441,441,39,0.08843537414965986,6355,441,0
control/E/hard_zero/D_unif/tau0.1/ones/incl/k0/r3/ctl-plain,hard_zero,E,D_unif,0.1,included,plain,0,3,1855,1855,598,0.32237196765498655,6355,1855,0
control/E/hard_zero/D_unif/tau0.1/ones/incl/k0/r4/ctl-plain,hard_zero,E,D_unif,0.1,included,plain,0,4,3605,3605,2077,0.5761442441054092,6355,3605,0
control/E/hard_zero/D_unif/tau0.1/ones/incl/k0/r5/ctl-plain,hard_zero,E,D_unif,0.1,included,plain,0,5,4700,4700,3524,0.7497872340425532,6355,4700,0
control/E/hard_zero/D_unif/tau0.1/ones/incl/k0/r6/ctl-plain,hard_zero,E,D_unif,0.1,included,plain,0,6,5644,5644,5023,0.8899716513111269,6355,5644,0
control/E/hard_zero/D_unif/tau0.1/ones/incl/k0/r7/ctl-plain,hard_zero,E,D_unif,0.1,included,plain,0,7,6104,6104,5868,0.9613368283093053,6355,6104,0
control/E/hard_zero/D_unif/tau0.1/ones/incl/k1/r1/ctl-plain,hard_zero,E,D_unif,0.1,included,plain,1,1,71,71,2,0.028169014084507043,6355,71,0
control/E/hard_zero/D_unif/tau0.1/ones/incl/k1/r2/ctl-plain,hard_zero,E,D_unif,0.1,included,plain,1,2,427,427,47,0.11007025761124122,6355,427,0
control/E/hard_zero/D_unif/tau0.1/ones/incl/k1/r3/ctl-plain,hard_zero,E,D_unif,0.1,included,plain,1,3,1770,1770,596,0.3367231638418079,6355,1770,0
control/E/hard_zero/D_unif/tau0.1/ones/incl/k1/r4/ctl-plain,hard_zero,E,D_unif,0.1,included,plain,1,4,2046,2046,736,0.3597262952101662,6355,2046,0
control/E/hard_zero/D_unif/tau0.1/ones/incl/k1/r5/ctl-plain,hard_zero,E,D_unif,0.1,included,plain,1,5,4415,4415,3155,0.7146092865232163,6355,4415,0
control/E/hard_zero/D_unif/tau0.1/ones/incl/k1/r6/ctl-plain,hard_zero,E,D_unif,0.1,included,plain,1,6,5431,5431,4678,0.8613515006444485,6355,5431,0
control/E/hard_zero/D_unif/tau0.1/ones/incl/k1/r7/ctl-plain,hard_zero,E,D_unif,0.1,included,plain,1,7,5979,5979,5638,0.942967051346379,6355,5979,0
control/E/hard_zero/D_unif/tau0.1/ones/incl/k2/r1/ctl-plain,hard_zero,E,D_unif,0.1,included,plain,2,1,78,78,2,0.02564102564102564,6355,78,0
control/E/hard_zero/D_unif/tau0.1/ones/incl/k2/r2/ctl-plain,hard_zero,E,D_unif,0.1,included,plain,2,2,365,365,28,0.07671232876712329,6355,365,0
control/E/hard_zero/D_unif/tau0.1/ones/incl/k2/r3/ctl-plain,hard_zero,E,D_unif,0.1,included,plain,2,3,1817,1817,635,0.3494771601541002,6355,1817,0
control/E/hard_zero/D_unif/tau0.1/ones/incl/k2/r4/ctl-plain,hard_zero,E,D_unif,0.1,included,plain,2,4,2795,2795,1280,0.45796064400715564,6355,2795,0
control/E/hard_zero/D_unif/tau0.1/ones/incl/k2/r5/ctl-plain,hard_zero,E,D_unif,0.1,included,plain,2,5,4654,4654,3489,0.7496776966050709,6355,4654,0
control/E/hard_zero/D_unif/tau0.1/ones/incl/k2/r6/ctl-plain,hard_zero,E,D_unif,0.1,included,plain,2,6,5500,5500,4784,0.8698181818181818,6355,5500,0
control/E/hard_zero/D_unif/tau0.1/ones/incl/k2/r7/ctl-plain,hard_zero,E,D_unif,0.1,included,plain,2,7,6030,6030,5736,0.9512437810945273,6355,6030,0
control/E/hard_zero/D_unif/tau0.1/ones/incl/k3/r1/ctl-plain,hard_zero,E,D_unif,0.1,included,plain,3,1,58,58,1,0.017241379310344827,6355,58,0
control/E/hard_zero/D_unif/tau0.1/ones/incl/k3/r2/ctl-plain,hard_zero,E,D_unif,0.1,included,plain,3,2,565,565,63,0.11150442477876106,6355,565,0
control/E/hard_zero/D_unif/tau0.1/ones/incl/k3/r3/ctl-plain,hard_zero,E,D_unif,0.1,included,plain,3,3,1856,1856,638,0.34375,6355,1856,0
control/E/hard_zero/D_unif/tau0.1/ones/incl/k3/r4/ctl-plain,hard_zero,E,D_unif,0.1,included,plain,3,4,489,489,50,0.10224948875255624,6355,489,0
control/E/hard_zero/D_unif/tau0.1/ones/incl/k3/r5/ctl-plain,hard_zero,E,D_unif,0.1,included,plain,3,5,4431,4431,3147,0.7102234258632363,6355,4431,0
control/E/hard_zero/D_unif/tau0.1/ones/incl/k3/r6/ctl-plain,hard_zero,E,D_unif,0.1,included,plain,3,6,5453,5453,4718,0.865211810012837,6355,5453,0
control/E/hard_zero/D_unif/tau0.1/ones/incl/k3/r7/ctl-plain,hard_zero,E,D_unif,0.1,included,plain,3,7,6020,6020,5719,0.95,6355,6020,0
control/E/hard_zero/D_unif/tau0.1/ones/incl/k4/r1/ctl-plain,hard_zero,E,D_unif,0.1,included,plain,4,1,94,94,3,0.031914893617021274,6355,94,0
control/E/hard_zero/D_unif/tau0.1/ones/incl/k4/r2/ctl-plain,hard_zero,E,D_unif,0.1,included,plain,4,2,380,380,42,0.11052631578947368,6355,380,0
control/E/hard_zero/D_unif/tau0.1/ones/incl/k4/r3/ctl-plain,hard_zero,E,D_unif,0.1,included,plain,4,3,1587,1587,481,0.3030875866414619,6355,1587,0
control/E/hard_zero/D_unif/tau0.1/ones/incl/k4/r4/ctl-plain,hard_zero,E,D_unif,0.1,included,plain,4,4,2494,2494,1085,0.43504410585404973,6355,2494,0
control/E/hard_zero/D_unif/tau0.1/ones/incl/k4/r5/ctl-plain,hard_zero,E,D_unif,0.1,included,plain,4,5,4336,4336,3026,0.6978782287822878,6355,4336,0
control/E/hard_zero/D_unif/tau0.1/ones/incl/k4/r6/ctl-plain,hard_zero,E,D_unif,0.1,included,plain,4,6,5533,5533,4847,0.8760166275076812,6355,5533,0
control/E/hard_zero/D_unif/tau0.1/ones/incl/k4/r7/ctl-plain,hard_zero,E,D_unif,0.1,included,plain,4,7,6084,6084,5827,0.9577580539119,6355,6084,0
control/E/hard_zero/D_unif/tau0.1/ones/incl/k5/r1/ctl-plain,hard_zero,E,D_unif,0.1,included,plain,5,1,51,51,1,0.0196078431372549,6355,51,0
control/E/hard_zero/D_unif/tau0.1/ones/incl/k5/r2/ctl-plain,hard_zero,E,D_unif,0.1,included,plain,5,2,302,302,22,0.0728476821192053,6355,302,0
control/E/hard_zero/D_unif/tau0.1/ones/incl/k5/r3/ctl-plain,hard_zero,E,D_unif,0.1,included,plain,5,3,1915,1915,678,0.35404699738903395,6355,1915,0
control/E/hard_zero/D_unif/tau0.1/ones/incl/k5/r4/ctl-plain,hard_zero,E,D_unif,0.1,included,plain,5,4,3012,3012,1512,0.50199203187251,6355,3012,0
control/E/hard_zero/D_unif/tau0.1/ones/incl/k5/r5/ctl-plain,hard_zero,E,D_unif,0.1,included,plain,5,5,4376,4376,3114,0.7116087751371115,6355,4376,0
control/E/hard_zero/D_unif/tau0.1/ones/incl/k5/r6/ctl-plain,hard_zero,E,D_unif,0.1,included,plain,5,6,5633,5633,5011,0.889579265045269,6355,5633,0
control/E/hard_zero/D_unif/tau0.1/ones/incl/k5/r7/ctl-plain,hard_zero,E,D_unif,0.1,included,plain,5,7,6028,6028,5723,0.9494027869940279,6355,6028,0
control/E/hard_zero/D_unif/tau0.1/ones/incl/k6/r1/ctl-plain,hard_zero,E,D_unif,0.1,included,plain,6,1,14,14,1,0.07142857142857142,6355,14,0
control/E/hard_zero/D_unif/tau0.1/ones/incl/k6/r2/ctl-plain,hard_zero,E,D_unif,0.1,included,plain,6,2,315,315,33,0.10476190476190476,6355,315,0
control/E/hard_zero/D_unif/tau0.1/ones/incl/k6/r3/ctl-plain,hard_zero,E,D_unif,0.1,included,plain,6,3,1770,1770,570,0.3220338983050847,6355,1770,0
control/E/hard_zero/D_unif/tau0.1/ones/incl/k6/r4/ctl-plain,hard_zero,E,D_unif,0.1,included,plain,6,4,2833,2833,1364,0.48146840804800567,6355,2833,0
control/E/hard_zero/D_unif/tau0.1/ones/incl/k6/r5/ctl-plain,hard_zero,E,D_unif,0.1,included,plain,6,5,4239,4239,2899,0.6838877093654163,6355,4239,0
control/E/hard_zero/D_unif/tau0.1/ones/incl/k6/r6/ctl-plain,hard_zero,E,D_unif,0.1,included,plain,6,6,5497,5497,4803,0.8737493178097144,6355,5497,0
control/E/hard_zero/D_unif/tau0.1/ones/incl/k6/r7/ctl-plain,hard_zero,E,D_unif,0.1,included,plain,6,7,6120,6120,5898,0.9637254901960784,6355,6120,0
control/E/hard_zero/D_unif/tau0.1/ones/incl/k7/r1/ctl-plain,hard_zero,E,D_unif,0.1,included,plain,7,1,37,37,2,0.05405405405405406,6355,37,0
control/E/hard_zero/D_unif/tau0.1/ones/incl/k7/r2/ctl-plain,hard_zero,E,D_unif,0.1,included,plain,7,2,345,345,27,0.0782608695652174,6355,345,0
control/E/hard_zero/D_unif/tau0.1/ones/incl/k7/r3/ctl-plain,hard_zero,E,D_unif,0.1,included,plain,7,3,1766,1766,565,0.3199320498301246,6355,1766,0
control/E/hard_zero/D_unif/tau0.1/ones/incl/k7/r4/ctl-plain,hard_zero,E,D_unif,0.1,included,plain,7,4,2595,2595,1147,0.4420038535645472,6355,2595,0
control/E/hard_zero/D_unif/tau0.1/ones/incl/k7/r5/ctl-plain,hard_zero,E,D_unif,0.1,included,plain,7,5,4004,4004,2598,0.6488511488511488,6355,4004,0
control/E/hard_zero/D_unif/tau0.1/ones/incl/k7/r6/ctl-plain,hard_zero,E,D_unif,0.1,included,plain,7,6,5437,5437,4694,0.863343755747655,6355,5437,0
control/E/hard_zero/D_unif/tau0.1/ones/incl/k7/r7/ctl-plain,hard_zero,E,D_unif,0.1,included,plain,7,7,6060,6060,5794,0.9561056105610561,6355,6060,0
control/E/hard_zero/D_unif/tau0.1/ones/incl/k0/r8/ctl-plain,hard_zero,E,D_unif,0.1,included,plain,0,8,6361,6361,6350,0.9982707121521773,6355,6352,8
control/E/soft_erase/D_unif/tau0.1/r1/excl/k0/r1/ctl-plain,soft_erase,E,D_unif,0.1,excluded,plain,0,1,83,83,4,0.04819277108433735,6355,83,0
control/E/soft_erase/D_unif/tau0.1/r1/excl/k0/r2/ctl-plain,soft_erase,E,D_unif,0.1,excluded,plain,0,2,441,441,47,0.10657596371882086,6355,441,0
control/E/soft_erase/D_unif/tau0.1/r1/excl/k0/r3/ctl-plain,soft_erase,E,D_unif,0.1,excluded,plain,0,3,1855,1855,601,0.323989218328841,6355,1855,0
control/E/soft_erase/D_unif/tau0.1/r1/excl/k0/r4/ctl-plain,soft_erase,E,D_unif,0.1,excluded,plain,0,4,3605,3605,2147,0.5955617198335645,6355,3605,0
control/E/soft_erase/D_unif/tau0.1/r1/excl/k0/r5/ctl-plain,soft_erase,E,D_unif,0.1,excluded,plain,0,5,4700,4700,3561,0.7576595744680851,6355,4700,0
control/E/soft_erase/D_unif/tau0.1/r1/excl/k0/r6/ctl-plain,soft_erase,E,D_unif,0.1,excluded,plain,0,6,5644,5644,5051,0.8949326718639263,6355,5644,0
control/E/soft_erase/D_unif/tau0.1/r1/excl/k0/r7/ctl-plain,soft_erase,E,D_unif,0.1,excluded,plain,0,7,6104,6104,5870,0.9616644823066841,6355,6104,0
control/E/soft_erase/D_unif/tau0.1/r1/excl/k1/r1/ctl-plain,soft_erase,E,D_unif,0.1,excluded,plain,1,1,71,71,3,0.04225352112676056,6355,71,0
control/E/soft_erase/D_unif/tau0.1/r1/excl/k1/r2/ctl-plain,soft_erase,E,D_unif,0.1,excluded,plain,1,2,427,427,52,0.12177985948477751,6355,427,0
control/E/soft_erase/D_unif/tau0.1/r1/excl/k1/r3/ctl-plain,soft_erase,E,D_unif,0.1,excluded,plain,1,3,1770,1770,580,0.327683615819209,6355,1770,0
control/E/soft_erase/D_unif/tau0.1/r1/excl/k1/r4/ctl-plain,soft_erase,E,D_unif,0.1,excluded,plain,1,4,2046,2046,725,0.3543499511241447,6355,2046,0
control/E/soft_erase/D_unif/tau0.1/r1/excl/k1/r5/ctl-plain,soft_erase,E,D_unif,0.1,excluded,plain,1,5,4415,4415,3137,0.7105322763306908,6355,4415,0
control/E/soft_erase/D_unif/tau0.1/r1/excl/k1/r6/ctl-plain,soft_erase,E,D_unif,0.1,excluded,plain,1,6,5431,5431,4673,0.8604308598784755,6355,5431,0
control/E/soft_erase/D_unif/tau0.1/r1/excl/k1/r7/ctl-plain,soft_erase,E,D_unif,0.1,excluded,plain,1,7,5979,5979,5636,0.9426325472487038,6355,5979,0
control/E/soft_erase/D_unif/tau0.1/r1/excl/k2/r1/ctl-plain,soft_erase,E,D_unif,0.1,excluded,plain,2,1,78,78,1,0.01282051282051282,6355,78,0
control/E/soft_erase/D_unif/tau0.1/r1/excl/k2/r2/ctl-plain,soft_erase,E,D_unif,0.1,excluded,plain,2,2,365,365,32,0.08767123287671233,6355,365,0
control/E/soft_erase/D_unif/tau0.1/r1/excl/k2/r3/ctl-plain,soft_erase,E,D_unif,0.1,excluded,plain,2,3,1817,1817,609,0.33516785910842045,6355,1817,0
control/E/soft_erase/D_unif/tau0.1/r1/excl/k2/r4/ctl-plain,soft_erase,E,D_unif,0.1,excluded,plain,2,4,2795,2795,1265,0.4525939177101968,6355,2795,0
control/E/soft_erase/D_unif/tau0.1/r1/excl/k2/r5/ctl-plain,soft_erase,E,D_unif,0.1,excluded,plain,2,5,4654,4654,3487,0.7492479587451655,6355,4654,0
control/E/soft_erase/D_unif/tau0.1/r1/excl/k2/r6/ctl-plain,soft_erase,E,D_unif,0.1,excluded,plain,2,6,5500,5500,4792,0.8712727272727273,6355,5500,0
control/E/soft_erase/D_unif/tau0.1/r1/excl/k2/r7/ctl-plain,soft_erase,E,D_unif,0.1,excluded,plain,2,7,6030,6030,5731,0.9504145936981758,6355,6030,0
control/E/soft_erase/D_unif/tau0.1/r1/excl/k3/r1/ctl-plain,soft_erase,E,D_unif,0.1,excluded,plain,3,1,58,58,2,0.034482758620689655,6355,58,0
control/E/soft_erase/D_unif/tau0.1/r1/excl/k3/r2/ctl-plain,soft_erase,E,D_unif,0.1,excluded,plain,3,2,565,565,68,0.12035398230088495,6355,565,0
control/E/soft_erase/D_unif/tau0.1/r1/excl/k3/r3/ctl-plain,soft_erase,E,D_unif,0.1,excluded,plain,3,3,1856,1856,633,0.3410560344827586,6355,1856,0
control/E/soft_erase/D_unif/tau0.1/r1/excl/k3/r4/ctl-plain,soft_erase,E,D_unif,0.1,excluded,plain,3,4,489,489,43,0.08793456032719836,6355,489,0
control/E/soft_erase/D_unif/tau0.1/r1/excl/k3/r5/ctl-plain,soft_erase,E,D_unif,0.1,excluded,plain,3,5,4431,4431,3151,0.711126156623787,6355,4431,0
control/E/soft_erase/D_unif/tau0.1/r1/excl/k3/r6/ctl-plain,soft_erase,E,D_unif,0.1,excluded,plain,3,6,5453,5453,4722,0.8659453511828351,6355,5453,0
control/E/soft_erase/D_unif/tau0.1/r1/excl/k3/r7/ctl-plain,soft_erase,E,D_unif,0.1,excluded,plain,3,7,6020,6020,5706,0.9478405315614618,6355,6020,0
control/E/soft_erase/D_unif/tau0.1/r1/excl/k4/r1/ctl-plain,soft_erase,E,D_unif,0.1,excluded,plain,4,1,94,94,3,0.031914893617021274,6355,94,0
control/E/soft_erase/D_unif/tau0.1/r1/excl/k4/r2/ctl-plain,soft_erase,E,D_unif,0.1,excluded,plain,4,2,380,380,44,0.11578947368421053,6355,380,0
control/E/soft_erase/D_unif/tau0.1/r1/excl/k4/r3/ctl-plain,soft_erase,E,D_unif,0.1,excluded,plain,4,3,1587,1587,479,0.3018273471959672,6355,1587,0
control/E/soft_erase/D_unif/tau0.1/r1/excl/k4/r4/ctl-plain,soft_erase,E,D_unif,0.1,excluded,plain,4,4,2494,2494,1090,0.4370489174017642,6355,2494,0
control/E/soft_erase/D_unif/tau0.1/r1/excl/k4/r5/ctl-plain,soft_erase,E,D_unif,0.1,excluded,plain,4,5,4336,4336,3061,0.705950184501845,6355,4336,0
control/E/soft_erase/D_unif/tau0.1/r1/excl/k4/r6/ctl-plain,soft_erase,E,D_unif,0.1,excluded,plain,4,6,5533,5533,4871,0.8803542382071209,6355,5533,0
control/E/soft_erase/D_unif/tau0.1/r1/excl/k4/r7/ctl-plain,soft_erase,E,D_unif,0.1,excluded,plain,4,7,6084,6084,5837,0.9594017094017094,6355,6084,0
control/E/soft_erase/D_unif/tau0.1/r1/excl/k5/r1/ctl-plain,soft_erase,E,D_unif,0.1,excluded,plain,5,1,51,51,0,0.0,6355,51,0
control/E/soft_erase/D_unif/tau0.1/r1/excl/k5/r2/ctl-plain,soft_erase,E,D_unif,0.1,excluded,plain,5,2,302,302,17,0.056291390728476824,6355,302,0
control/E/soft_erase/D_unif/tau0.1/r1/excl/k5/r3/ctl-plain,soft_erase,E,D_unif,0.1,excluded,plain,5,3,1915,1915,677,0.35352480417754567,6355,1915,0
control/E/soft_erase/D_unif/tau0.1/r1/excl/k5/r4/ctl-plain,soft_erase,E,D_unif,0.1,excluded,plain,5,4,3012,3012,1517,0.5036520584329349,6355,3012,0
control/E/soft_erase/D_unif/tau0.1/r1/excl/k5/r5/ctl-plain,soft_erase,E,D_unif,0.1,excluded,plain,5,5,4376,4376,3094,0.7070383912248629,6355,4376,0
control/E/soft_erase/D_unif/tau0.1/r1/excl/k5/r6/ctl-plain,soft_erase,E,D_unif,0.1,excluded,plain,5,6,5633,5633,5025,0.8920646192082372,6355,5633,0
control/E/soft_erase/D_unif/tau0.1/r1/excl/k5/r7/ctl-plain,soft_erase,E,D_unif,0.1,excluded,plain,5,7,6028,6028,5730,0.9505640345056403,6355,6028,0
control/E/soft_erase/D_unif/tau0.1/r1/excl/k6/r1/ctl-plain,soft_erase,E,D_unif,0.1,excluded,plain,6,1,14,14,0,0.0,6355,14,0
control/E/soft_erase/D_unif/tau0.1/r1/excl/k6/r2/ctl-plain,soft_erase,E,D_unif,0.1,excluded,plain,6,2,315,315,16,0.050793650793650794,6355,315,0
control/E/soft_erase/D_unif/tau0.1/r1/excl/k6/r3/ctl-plain,soft_erase,E,D_unif,0.1,excluded,plain,6,3,1770,1770,558,0.3152542372881356,6355,1770,0
control/E/soft_erase/D_unif/tau0.1/r1/excl/k6/r4/ctl-plain,soft_erase,E,D_unif,0.1,excluded,plain,6,4,2833,2833,1318,0.4652312036710201,6355,2833,0
control/E/soft_erase/D_unif/tau0.1/r1/excl/k6/r5/ctl-plain,soft_erase,E,D_unif,0.1,excluded,plain,6,5,4239,4239,2910,0.686482661004954,6355,4239,0
control/E/soft_erase/D_unif/tau0.1/r1/excl/k6/r6/ctl-plain,soft_erase,E,D_unif,0.1,excluded,plain,6,6,5497,5497,4806,0.8742950700382026,6355,5497,0
control/E/soft_erase/D_unif/tau0.1/r1/excl/k6/r7/ctl-plain,soft_erase,E,D_unif,0.1,excluded,plain,6,7,6120,6120,5895,0.9632352941176471,6355,6120,0
control/E/soft_erase/D_unif/tau0.1/r1/excl/k7/r1/ctl-plain,soft_erase,E,D_unif,0.1,excluded,plain,7,1,37,37,0,0.0,6355,37,0
control/E/soft_erase/D_unif/tau0.1/r1/excl/k7/r2/ctl-plain,soft_erase,E,D_unif,0.1,excluded,plain,7,2,345,345,28,0.08115942028985507,6355,345,0
control/E/soft_erase/D_unif/tau0.1/r1/excl/k7/r3/ctl-plain,soft_erase,E,D_unif,0.1,excluded,plain,7,3,1766,1766,566,0.3204983012457531,6355,1766,0
control/E/soft_erase/D_unif/tau0.1/r1/excl/k7/r4/ctl-plain,soft_erase,E,D_unif,0.1,excluded,plain,7,4,2595,2595,1118,0.43082851637764935,6355,2595,0
control/E/soft_erase/D_unif/tau0.1/r1/excl/k7/r5/ctl-plain,soft_erase,E,D_unif,0.1,excluded,plain,7,5,4004,4004,2577,0.6436063936063936,6355,4004,0
control/E/soft_erase/D_unif/tau0.1/r1/excl/k7/r6/ctl-plain,soft_erase,E,D_unif,0.1,excluded,plain,7,6,5437,5437,4696,0.8637116056648887,6355,5437,0
control/E/soft_erase/D_unif/tau0.1/r1/excl/k7/r7/ctl-plain,soft_erase,E,D_unif,0.1,excluded,plain,7,7,6060,6060,5785,0.9546204620462047,6355,6060,0
control/E/soft_erase/D_unif/tau0.1/r1/excl/k0/r8/ctl-plain,soft_erase,E,D_unif,0.1,excluded,plain,0,8,6361,6361,6350,0.9982707121521773,6355,6352,8
control/E/soft_erase/D_unif/tau0.1/uniform/excl/k0/r1/ctl-plain,soft_erase,E,D_unif,0.1,excluded,plain,0,1,83,83,4,0.04819277108433735,6355,83,0
control/E/soft_erase/D_unif/tau0.1/uniform/excl/k0/r2/ctl-plain,soft_erase,E,D_unif,0.1,excluded,plain,0,2,441,441,47,0.10657596371882086,6355,441,0
control/E/soft_erase/D_unif/tau0.1/uniform/excl/k0/r3/ctl-plain,soft_erase,E,D_unif,0.1,excluded,plain,0,3,1855,1855,601,0.323989218328841,6355,1855,0
control/E/soft_erase/D_unif/tau0.1/uniform/excl/k0/r4/ctl-plain,soft_erase,E,D_unif,0.1,excluded,plain,0,4,3605,3605,2147,0.5955617198335645,6355,3605,0
control/E/soft_erase/D_unif/tau0.1/uniform/excl/k0/r5/ctl-plain,soft_erase,E,D_unif,0.1,excluded,plain,0,5,4700,4700,3561,0.7576595744680851,6355,4700,0
control/E/soft_erase/D_unif/tau0.1/uniform/excl/k0/r6/ctl-plain,soft_erase,E,D_unif,0.1,excluded,plain,0,6,5644,5644,5051,0.8949326718639263,6355,5644,0
control/E/soft_erase/D_unif/tau0.1/uniform/excl/k0/r7/ctl-plain,soft_erase,E,D_unif,0.1,excluded,plain,0,7,6104,6104,5870,0.9616644823066841,6355,6104,0
control/E/soft_erase/D_unif/tau0.1/uniform/excl/k1/r1/ctl-plain,soft_erase,E,D_unif,0.1,excluded,plain,1,1,71,71,3,0.04225352112676056,6355,71,0
control/E/soft_erase/D_unif/tau0.1/uniform/excl/k1/r2/ctl-plain,soft_erase,E,D_unif,0.1,excluded,plain,1,2,427,427,52,0.12177985948477751,6355,427,0
control/E/soft_erase/D_unif/tau0.1/uniform/excl/k1/r3/ctl-plain,soft_erase,E,D_unif,0.1,excluded,plain,1,3,1770,1770,580,0.327683615819209,6355,1770,0
control/E/soft_erase/D_unif/tau0.1/uniform/excl/k1/r4/ctl-plain,soft_erase,E,D_unif,0.1,excluded,plain,1,4,2046,2046,725,0.3543499511241447,6355,2046,0
control/E/soft_erase/D_unif/tau0.1/uniform/excl/k1/r5/ctl-plain,soft_erase,E,D_unif,0.1,excluded,plain,1,5,4415,4415,3137,0.7105322763306908,6355,4415,0
control/E/soft_erase/D_unif/tau0.1/uniform/excl/k1/r6/ctl-plain,soft_erase,E,D_unif,0.1,excluded,plain,1,6,5431,5431,4673,0.8604308598784755,6355,5431,0
control/E/soft_erase/D_unif/tau0.1/uniform/excl/k1/r7/ctl-plain,soft_erase,E,D_unif,0.1,excluded,plain,1,7,5979,5979,5636,0.9426325472487038,6355,5979,0
control/E/soft_erase/D_unif/tau0.1/uniform/excl/k2/r1/ctl-plain,soft_erase,E,D_unif,0.1,excluded,plain,2,1,78,78,1,0.01282051282051282,6355,78,0
control/E/soft_erase/D_unif/tau0.1/uniform/excl/k2/r2/ctl-plain,soft_erase,E,D_unif,0.1,excluded,plain,2,2,365,365,32,0.08767123287671233,6355,365,0
control/E/soft_erase/D_unif/tau0.1/uniform/excl/k2/r3/ctl-plain,soft_erase,E,D_unif,0.1,excluded,plain,2,3,1817,1817,609,0.33516785910842045,6355,1817,0
control/E/soft_erase/D_unif/tau0.1/uniform/excl/k2/r4/ctl-plain,soft_erase,E,D_unif,0.1,excluded,plain,2,4,2795,2795,1265,0.4525939177101968,6355,2795,0
control/E/soft_erase/D_unif/tau0.1/uniform/excl/k2/r5/ctl-plain,soft_erase,E,D_unif,0.1,excluded,plain,2,5,4654,4654,3487,0.7492479587451655,6355,4654,0
control/E/soft_erase/D_unif/tau0.1/uniform/excl/k2/r6/ctl-plain,soft_erase,E,D_unif,0.1,excluded,plain,2,6,5500,5500,4792,0.8712727272727273,6355,5500,0
control/E/soft_erase/D_unif/tau0.1/uniform/excl/k2/r7/ctl-plain,soft_erase,E,D_unif,0.1,excluded,plain,2,7,6030,6030,5731,0.9504145936981758,6355,6030,0
control/E/soft_erase/D_unif/tau0.1/uniform/excl/k3/r1/ctl-plain,soft_erase,E,D_unif,0.1,excluded,plain,3,1,58,58,2,0.034482758620689655,6355,58,0
control/E/soft_erase/D_unif/tau0.1/uniform/excl/k3/r2/ctl-plain,soft_erase,E,D_unif,0.1,excluded,plain,3,2,565,565,68,0.12035398230088495,6355,565,0
control/E/soft_erase/D_unif/tau0.1/uniform/excl/k3/r3/ctl-plain,soft_erase,E,D_unif,0.1,excluded,plain,3,3,1856,1856,633,0.3410560344827586,6355,1856,0
control/E/soft_erase/D_unif/tau0.1/uniform/excl/k3/r4/ctl-plain,soft_erase,E,D_unif,0.1,excluded,plain,3,4,489,489,43,0.08793456032719836,6355,489,0
control/E/soft_erase/D_unif/tau0.1/uniform/excl/k3/r5/ctl-plain,soft_erase,E,D_unif,0.1,excluded,plain,3,5,4431,4431,3151,0.711126156623787,6355,4431,0
control/E/soft_erase/D_unif/tau0.1/uniform/excl/k3/r6/ctl-plain,soft_erase,E,D_unif,0.1,excluded,plain,3,6,5453,5453,4722,0.8659453511828351,6355,5453,0
control/E/soft_erase/D_unif/tau0.1/uniform/excl/k3/r7/ctl-plain,soft_erase,E,D_unif,0.1,excluded,plain,3,7,6020,6020,5706,0.9478405315614618,6355,6020,0
control/E/soft_erase/D_unif/tau0.1/uniform/excl/k4/r1/ctl-plain,soft_erase,E,D_unif,0.1,excluded,plain,4,1,94,94,3,0.031914893617021274,6355,94,0
control/E/soft_erase/D_unif/tau0.1/uniform/excl/k4/r2/ctl-plain,soft_erase,E,D_unif,0.1,excluded,plain,4,2,380,380,44,0.11578947368421053,6355,380,0
control/E/soft_erase/D_unif/tau0.1/uniform/excl/k4/r3/ctl-plain,soft_erase,E,D_unif,0.1,excluded,plain,4,3,1587,1587,479,0.3018273471959672,6355,1587,0
control/E/soft_erase/D_unif/tau0.1/uniform/excl/k4/r4/ctl-plain,soft_erase,E,D_unif,0.1,excluded,plain,4,4,2494,2494,1090,0.4370489174017642,6355,2494,0
control/E/soft_erase/D_unif/tau0.1/uniform/excl/k4/r5/ctl-plain,soft_erase,E,D_unif,0.1,excluded,plain,4,5,4336,4336,3061,0.705950184501845,6355,4336,0
control/E/soft_erase/D_unif/tau0.1/uniform/excl/k4/r6/ctl-plain,soft_erase,E,D_unif,0.1,excluded,plain,4,6,5533,5533,4871,0.8803542382071209,6355,5533,0
control/E/soft_erase/D_unif/tau0.1/uniform/excl/k4/r7/ctl-plain,soft_erase,E,D_unif,0.1,excluded,plain,4,7,6084,6084,5837,0.9594017094017094,6355,6084,0
control/E/soft_erase/D_unif/tau0.1/uniform/excl/k5/r1/ctl-plain,soft_erase,E,D_unif,0.1,excluded,plain,5,1,51,51,0,0.0,6355,51,0
control/E/soft_erase/D_unif/tau0.1/uniform/excl/k5/r2/ctl-plain,soft_erase,E,D_unif,0.1,excluded,plain,5,2,302,302,17,0.056291390728476824,6355,302,0
control/E/soft_erase/D_unif/tau0.1/uniform/excl/k5/r3/ctl-plain,soft_erase,E,D_unif,0.1,excluded,plain,5,3,1915,1915,677,0.35352480417754567,6355,1915,0
control/E/soft_erase/D_unif/tau0.1/uniform/excl/k5/r4/ctl-plain,soft_erase,E,D_unif,0.1,excluded,plain,5,4,3012,3012,1517,0.5036520584329349,6355,3012,0
control/E/soft_erase/D_unif/tau0.1/uniform/excl/k5/r5/ctl-plain,soft_erase,E,D_unif,0.1,excluded,plain,5,5,4376,4376,3094,0.7070383912248629,6355,4376,0
control/E/soft_erase/D_unif/tau0.1/uniform/excl/k5/r6/ctl-plain,soft_erase,E,D_unif,0.1,excluded,plain,5,6,5633,5633,5025,0.8920646192082372,6355,5633,0
control/E/soft_erase/D_unif/tau0.1/uniform/excl/k5/r7/ctl-plain,soft_erase,E,D_unif,0.1,excluded,plain,5,7,6028,6028,5730,0.9505640345056403,6355,6028,0
control/E/soft_erase/D_unif/tau0.1/uniform/excl/k6/r1/ctl-plain,soft_erase,E,D_unif,0.1,excluded,plain,6,1,14,14,0,0.0,6355,14,0
control/E/soft_erase/D_unif/tau0.1/uniform/excl/k6/r2/ctl-plain,soft_erase,E,D_unif,0.1,excluded,plain,6,2,315,315,16,0.050793650793650794,6355,315,0
control/E/soft_erase/D_unif/tau0.1/uniform/excl/k6/r3/ctl-plain,soft_erase,E,D_unif,0.1,excluded,plain,6,3,1770,1770,558,0.3152542372881356,6355,1770,0
control/E/soft_erase/D_unif/tau0.1/uniform/excl/k6/r4/ctl-plain,soft_erase,E,D_unif,0.1,excluded,plain,6,4,2833,2833,1318,0.4652312036710201,6355,2833,0
control/E/soft_erase/D_unif/tau0.1/uniform/excl/k6/r5/ctl-plain,soft_erase,E,D_unif,0.1,excluded,plain,6,5,4239,4239,2910,0.686482661004954,6355,4239,0
control/E/soft_erase/D_unif/tau0.1/uniform/excl/k6/r6/ctl-plain,soft_erase,E,D_unif,0.1,excluded,plain,6,6,5497,5497,4806,0.8742950700382026,6355,5497,0
control/E/soft_erase/D_unif/tau0.1/uniform/excl/k6/r7/ctl-plain,soft_erase,E,D_unif,0.1,excluded,plain,6,7,6120,6120,5895,0.9632352941176471,6355,6120,0
control/E/soft_erase/D_unif/tau0.1/uniform/excl/k7/r1/ctl-plain,soft_erase,E,D_unif,0.1,excluded,plain,7,1,37,37,0,0.0,6355,37,0
control/E/soft_erase/D_unif/tau0.1/uniform/excl/k7/r2/ctl-plain,soft_erase,E,D_unif,0.1,excluded,plain,7,2,345,345,28,0.08115942028985507,6355,345,0
control/E/soft_erase/D_unif/tau0.1/uniform/excl/k7/r3/ctl-plain,soft_erase,E,D_unif,0.1,excluded,plain,7,3,1766,1766,566,0.3204983012457531,6355,1766,0
control/E/soft_erase/D_unif/tau0.1/uniform/excl/k7/r4/ctl-plain,soft_erase,E,D_unif,0.1,excluded,plain,7,4,2595,2595,1118,0.43082851637764935,6355,2595,0
control/E/soft_erase/D_unif/tau0.1/uniform/excl/k7/r5/ctl-plain,soft_erase,E,D_unif,0.1,excluded,plain,7,5,4004,4004,2577,0.6436063936063936,6355,4004,0
control/E/soft_erase/D_unif/tau0.1/uniform/excl/k7/r6/ctl-plain,soft_erase,E,D_unif,0.1,excluded,plain,7,6,5437,5437,4696,0.8637116056648887,6355,5437,0
control/E/soft_erase/D_unif/tau0.1/uniform/excl/k7/r7/ctl-plain,soft_erase,E,D_unif,0.1,excluded,plain,7,7,6060,6060,5785,0.9546204620462047,6355,6060,0
control/E/soft_erase/D_unif/tau0.1/uniform/excl/k0/r8/ctl-plain,soft_erase,E,D_unif,0.1,excluded,plain,0,8,6361,6361,6350,0.9982707121521773,6355,6352,8
control/E/soft_erase/D_unif/tau0.1/uniform/excl/k1/r8/ctl-plain,soft_erase,E,D_unif,0.1,excluded,plain,1,8,6361,6361,6350,0.9982707121521773,6355,6352,8
control/E/soft_erase/D_unif/tau0.1/uniform/excl/k2/r8/ctl-plain,soft_erase,E,D_unif,0.1,excluded,plain,2,8,6361,6361,6350,0.9982707121521773,6355,6352,8
control/E/soft_erase/D_unif/tau0.1/uniform/excl/k3/r8/ctl-plain,soft_erase,E,D_unif,0.1,excluded,plain,3,8,6361,6361,6350,0.9982707121521773,6355,6352,8
control/E/soft_erase/D_unif/tau0.1/uniform/excl/k4/r8/ctl-plain,soft_erase,E,D_unif,0.1,excluded,plain,4,8,6361,6361,6350,0.9982707121521773,6355,6352,8
control/E/soft_erase/D_unif/tau0.1/uniform/excl/k5/r8/ctl-plain,soft_erase,E,D_unif,0.1,excluded,plain,5,8,6361,6361,6350,0.9982707121521773,6355,6352,8
control/E/soft_erase/D_unif/tau0.1/uniform/excl/k6/r8/ctl-plain,soft_erase,E,D_unif,0.1,excluded,plain,6,8,6361,6361,6350,0.9982707121521773,6355,6352,8
control/E/soft_erase/D_unif/tau0.1/uniform/excl/k7/r8/ctl-plain,soft_erase,E,D_unif,0.1,excluded,plain,7,8,6361,6361,6350,0.9982707121521773,6355,6352,8
control/E_lab/hard_zero/D_code/tau0.1/ones/incl/k0/r1/ctl-plain,hard_zero,E_lab,D_code,0.1,included,plain,0,1,89,89,2,0.02247191011235955,6355,89,0
control/E_lab/hard_zero/D_code/tau0.1/ones/incl/k0/r2/ctl-plain,hard_zero,E_lab,D_code,0.1,included,plain,0,2,402,402,38,0.0945273631840796,6355,402,0
control/E_lab/hard_zero/D_code/tau0.1/ones/incl/k0/r3/ctl-plain,hard_zero,E_lab,D_code,0.1,included,plain,0,3,1295,1295,322,0.24864864864864866,6355,1295,0
control/E_lab/hard_zero/D_code/tau0.1/ones/incl/k0/r4/ctl-plain,hard_zero,E_lab,D_code,0.1,included,plain,0,4,3039,3039,1527,0.5024679170779862,6355,3039,0
control/E_lab/hard_zero/D_code/tau0.1/ones/incl/k0/r5/ctl-plain,hard_zero,E_lab,D_code,0.1,included,plain,0,5,4110,4110,2699,0.65669099756691,6355,4110,0
control/E_lab/hard_zero/D_code/tau0.1/ones/incl/k0/r6/ctl-plain,hard_zero,E_lab,D_code,0.1,included,plain,0,6,5076,5076,4105,0.8087076438140268,6355,5076,0
control/E_lab/hard_zero/D_code/tau0.1/ones/incl/k0/r7/ctl-plain,hard_zero,E_lab,D_code,0.1,included,plain,0,7,5519,5519,4820,0.8733466207646313,6355,5519,0
control/E_lab/hard_zero/D_code/tau0.1/ones/incl/k1/r1/ctl-plain,hard_zero,E_lab,D_code,0.1,included,plain,1,1,40,40,0,0.0,6355,40,0
control/E_lab/hard_zero/D_code/tau0.1/ones/incl/k1/r2/ctl-plain,hard_zero,E_lab,D_code,0.1,included,plain,1,2,246,246,15,0.06097560975609756,6355,246,0
control/E_lab/hard_zero/D_code/tau0.1/ones/incl/k1/r3/ctl-plain,hard_zero,E_lab,D_code,0.1,included,plain,1,3,1547,1547,448,0.2895927601809955,6355,1547,0
control/E_lab/hard_zero/D_code/tau0.1/ones/incl/k1/r4/ctl-plain,hard_zero,E_lab,D_code,0.1,included,plain,1,4,2141,2141,793,0.37038766931340494,6355,2141,0
control/E_lab/hard_zero/D_code/tau0.1/ones/incl/k1/r5/ctl-plain,hard_zero,E_lab,D_code,0.1,included,plain,1,5,4157,4157,2760,0.6639403415924946,6355,4157,0
control/E_lab/hard_zero/D_code/tau0.1/ones/incl/k1/r6/ctl-plain,hard_zero,E_lab,D_code,0.1,included,plain,1,6,5062,5062,4083,0.8065981825365468,6355,5062,0
control/E_lab/hard_zero/D_code/tau0.1/ones/incl/k1/r7/ctl-plain,hard_zero,E_lab,D_code,0.1,included,plain,1,7,5600,5600,4957,0.8851785714285715,6355,5599,0
control/E_lab/hard_zero/D_code/tau0.1/ones/incl/k2/r1/ctl-plain,hard_zero,E_lab,D_code,0.1,included,plain,2,1,99,99,0,0.0,6355,99,0
control/E_lab/hard_zero/D_code/tau0.1/ones/incl/k2/r2/ctl-plain,hard_zero,E_lab,D_code,0.1,included,plain,2,2,298,298,21,0.07046979865771812,6355,298,0
control/E_lab/hard_zero/D_code/tau0.1/ones/incl/k2/r3/ctl-plain,hard_zero,E_lab,D_code,0.1,included,plain,2,3,1505,1505,416,0.2764119601328904,6355,1505,0
control/E_lab/hard_zero/D_code/tau0.1/ones/incl/k2/r4/ctl-plain,hard_zero,E_lab,D_code,0.1,included,plain,2,4,2596,2596,1157,0.44568567026194145,6355,2596,0
control/E_lab/hard_zero/D_code/tau0.1/ones/incl/k2/r5/ctl-plain,hard_zero,E_lab,D_code,0.1,included,plain,2,5,4159,4159,2746,0.6602548689588843,6355,4159,0
control/E_lab/hard_zero/D_code/tau0.1/ones/incl/k2/r6/ctl-plain,hard_zero,E_lab,D_code,0.1,included,plain,2,6,5016,5016,4013,0.8000398724082934,6355,5016,0
control/E_lab/hard_zero/D_code/tau0.1/ones/incl/k2/r7/ctl-plain,hard_zero,E_lab,D_code,0.1,included,plain,2,7,5475,5475,4752,0.8679452054794521,6355,5475,0
control/E_lab/hard_zero/D_code/tau0.1/ones/incl/k3/r1/ctl-plain,hard_zero,E_lab,D_code,0.1,included,plain,3,1,29,29,0,0.0,6355,29,0
control/E_lab/hard_zero/D_code/tau0.1/ones/incl/k3/r2/ctl-plain,hard_zero,E_lab,D_code,0.1,included,plain,3,2,327,327,26,0.07951070336391437,6355,327,0
control/E_lab/hard_zero/D_code/tau0.1/ones/incl/k3/r3/ctl-plain,hard_zero,E_lab,D_code,0.1,included,plain,3,3,1601,1601,479,0.29918800749531543,6355,1601,0
control/E_lab/hard_zero/D_code/tau0.1/ones/incl/k3/r4/ctl-plain,hard_zero,E_lab,D_code,0.1,included,plain,3,4,1852,1852,598,0.3228941684665227,6355,1852,0
control/E_lab/hard_zero/D_code/tau0.1/ones/incl/k3/r5/ctl-plain,hard_zero,E_lab,D_code,0.1,included,plain,3,5,3346,3346,1854,0.5540944411237299,6355,3346,0
control/E_lab/hard_zero/D_code/tau0.1/ones/incl/k3/r6/ctl-plain,hard_zero,E_lab,D_code,0.1,included,plain,3,6,5043,5043,4088,0.810628594090819,6355,5043,0
control/E_lab/hard_zero/D_code/tau0.1/ones/incl/k3/r7/ctl-plain,hard_zero,E_lab,D_code,0.1,included,plain,3,7,5566,5566,4925,0.8848365073661516,6355,5566,0
control/E_lab/hard_zero/D_code/tau0.1/ones/incl/k4/r1/ctl-plain,hard_zero,E_lab,D_code,0.1,included,plain,4,1,26,26,0,0.0,6355,26,0
control/E_lab/hard_zero/D_code/tau0.1/ones/incl/k4/r2/ctl-plain,hard_zero,E_lab,D_code,0.1,included,plain,4,2,333,333,23,0.06906906906906907,6355,333,0
control/E_lab/hard_zero/D_code/tau0.1/ones/incl/k4/r3/ctl-plain,hard_zero,E_lab,D_code,0.1,included,plain,4,3,1270,1270,310,0.2440944881889764,6355,1270,0
control/E_lab/hard_zero/D_code/tau0.1/ones/incl/k4/r4/ctl-plain,hard_zero,E_lab,D_code,0.1,included,plain,4,4,3008,3008,1522,0.5059840425531915,6355,3008,0
control/E_lab/hard_zero/D_code/tau0.1/ones/incl/k4/r5/ctl-plain,hard_zero,E_lab,D_code,0.1,included,plain,4,5,3828,3828,2385,0.6230407523510971,6355,3828,0
control/E_lab/hard_zero/D_code/tau0.1/ones/incl/k4/r6/ctl-plain,hard_zero,E_lab,D_code,0.1,included,plain,4,6,5037,5037,4035,0.8010720667063729,6355,5037,0
control/E_lab/hard_zero/D_code/tau0.1/ones/incl/k4/r7/ctl-plain,hard_zero,E_lab,D_code,0.1,included,plain,4,7,5547,5547,4884,0.8804759329367225,6355,5546,0
control/E_lab/hard_zero/D_code/tau0.1/ones/incl/k5/r1/ctl-plain,hard_zero,E_lab,D_code,0.1,included,plain,5,1,136,136,7,0.051470588235294115,6355,136,0
control/E_lab/hard_zero/D_code/tau0.1/ones/incl/k5/r2/ctl-plain,hard_zero,E_lab,D_code,0.1,included,plain,5,2,369,369,34,0.0921409214092141,6355,369,0
control/E_lab/hard_zero/D_code/tau0.1/ones/incl/k5/r3/ctl-plain,hard_zero,E_lab,D_code,0.1,included,plain,5,3,1445,1445,380,0.2629757785467128,6355,1445,0
control/E_lab/hard_zero/D_code/tau0.1/ones/incl/k5/r4/ctl-plain,hard_zero,E_lab,D_code,0.1,included,plain,5,4,1834,1834,602,0.3282442748091603,6355,1834,0
control/E_lab/hard_zero/D_code/tau0.1/ones/incl/k5/r5/ctl-plain,hard_zero,E_lab,D_code,0.1,included,plain,5,5,3694,3694,2205,0.5969139144558744,6355,3694,0
control/E_lab/hard_zero/D_code/tau0.1/ones/incl/k5/r6/ctl-plain,hard_zero,E_lab,D_code,0.1,included,plain,5,6,5070,5070,4097,0.808086785009862,6355,5070,0
control/E_lab/hard_zero/D_code/tau0.1/ones/incl/k5/r7/ctl-plain,hard_zero,E_lab,D_code,0.1,included,plain,5,7,5560,5560,4898,0.8809352517985611,6355,5560,0
control/E_lab/hard_zero/D_code/tau0.1/ones/incl/k6/r1/ctl-plain,hard_zero,E_lab,D_code,0.1,included,plain,6,1,51,51,3,0.058823529411764705,6355,51,0
control/E_lab/hard_zero/D_code/tau0.1/ones/incl/k6/r2/ctl-plain,hard_zero,E_lab,D_code,0.1,included,plain,6,2,282,282,29,0.10283687943262411,6355,282,0
control/E_lab/hard_zero/D_code/tau0.1/ones/incl/k6/r3/ctl-plain,hard_zero,E_lab,D_code,0.1,included,plain,6,3,1502,1502,453,0.3015978695073236,6355,1502,0
control/E_lab/hard_zero/D_code/tau0.1/ones/incl/k6/r4/ctl-plain,hard_zero,E_lab,D_code,0.1,included,plain,6,4,3074,3074,1559,0.5071567989590111,6355,3074,0
control/E_lab/hard_zero/D_code/tau0.1/ones/incl/k6/r5/ctl-plain,hard_zero,E_lab,D_code,0.1,included,plain,6,5,4086,4086,2695,0.6595692608908468,6355,4086,0
control/E_lab/hard_zero/D_code/tau0.1/ones/incl/k6/r6/ctl-plain,hard_zero,E_lab,D_code,0.1,included,plain,6,6,5154,5154,4225,0.8197516492045014,6355,5154,0
control/E_lab/hard_zero/D_code/tau0.1/ones/incl/k6/r7/ctl-plain,hard_zero,E_lab,D_code,0.1,included,plain,6,7,5559,5559,4899,0.8812736103615758,6355,5559,0
control/E_lab/hard_zero/D_code/tau0.1/ones/incl/k7/r1/ctl-plain,hard_zero,E_lab,D_code,0.1,included,plain,7,1,34,34,1,0.029411764705882353,6355,34,0
control/E_lab/hard_zero/D_code/tau0.1/ones/incl/k7/r2/ctl-plain,hard_zero,E_lab,D_code,0.1,included,plain,7,2,275,275,22,0.08,6355,275,0
control/E_lab/hard_zero/D_code/tau0.1/ones/incl/k7/r3/ctl-plain,hard_zero,E_lab,D_code,0.1,included,plain,7,3,1393,1393,349,0.2505384063173008,6355,1393,0
control/E_lab/hard_zero/D_code/tau0.1/ones/incl/k7/r4/ctl-plain,hard_zero,E_lab,D_code,0.1,included,plain,7,4,2524,2524,1050,0.41600633914421553,6355,2524,0
control/E_lab/hard_zero/D_code/tau0.1/ones/incl/k7/r5/ctl-plain,hard_zero,E_lab,D_code,0.1,included,plain,7,5,4393,4393,3107,0.7072615524698384,6355,4393,0
control/E_lab/hard_zero/D_code/tau0.1/ones/incl/k7/r6/ctl-plain,hard_zero,E_lab,D_code,0.1,included,plain,7,6,5190,5190,4298,0.828131021194605,6355,5190,0
control/E_lab/hard_zero/D_code/tau0.1/ones/incl/k7/r7/ctl-plain,hard_zero,E_lab,D_code,0.1,included,plain,7,7,5578,5578,4942,0.8859806382215848,6355,5577,0
control/E_lab/hard_zero/D_code/tau0.1/ones/incl/k0/r8/ctl-plain,hard_zero,E_lab,D_code,0.1,included,plain,0,8,5864,5864,5431,0.9261596180081856,6355,5863,0
control/E_lab/soft_erase/D_code/tau0.1/r1/excl/k0/r1/ctl-plain,soft_erase,E_lab,D_code,0.1,excluded,plain,0,1,89,89,7,0.07865168539325842,6355,89,0
control/E_lab/soft_erase/D_code/tau0.1/r1/excl/k0/r2/ctl-plain,soft_erase,E_lab,D_code,0.1,excluded,plain,0,2,402,402,50,0.12437810945273632,6355,402,0
control/E_lab/soft_erase/D_code/tau0.1/r1/excl/k0/r3/ctl-plain,soft_erase,E_lab,D_code,0.1,excluded,plain,0,3,1295,1295,362,0.27953667953667954,6355,1295,0
control/E_lab/soft_erase/D_code/tau0.1/r1/excl/k0/r4/ctl-plain,soft_erase,E_lab,D_code,0.1,excluded,plain,0,4,3039,3039,1538,0.506087528792366,6355,3039,0
control/E_lab/soft_erase/D_code/tau0.1/r1/excl/k0/r5/ctl-plain,soft_erase,E_lab,D_code,0.1,excluded,plain,0,5,4110,4110,2757,0.6708029197080292,6355,4110,0
control/E_lab/soft_erase/D_code/tau0.1/r1/excl/k0/r6/ctl-plain,soft_erase,E_lab,D_code,0.1,excluded,plain,0,6,5076,5076,4122,0.8120567375886525,6355,5076,0
control/E_lab/soft_erase/D_code/tau0.1/r1/excl/k0/r7/ctl-plain,soft_erase,E_lab,D_code,0.1,excluded,plain,0,7,5519,5519,4828,0.8747961587244066,6355,5519,0
control/E_lab/soft_erase/D_code/tau0.1/r1/excl/k1/r1/ctl-plain,soft_erase,E_lab,D_code,0.1,excluded,plain,1,1,40,40,0,0.0,6355,40,0
control/E_lab/soft_erase/D_code/tau0.1/r1/excl/k1/r2/ctl-plain,soft_erase,E_lab,D_code,0.1,excluded,plain,1,2,246,246,13,0.052845528455284556,6355,246,0
control/E_lab/soft_erase/D_code/tau0.1/r1/excl/k1/r3/ctl-plain,soft_erase,E_lab,D_code,0.1,excluded,plain,1,3,1547,1547,436,0.28183581124757595,6355,1547,0
control/E_lab/soft_erase/D_code/tau0.1/r1/excl/k1/r4/ctl-plain,soft_erase,E_lab,D_code,0.1,excluded,plain,1,4,2141,2141,813,0.3797290985520785,6355,2141,0
control/E_lab/soft_erase/D_code/tau0.1/r1/excl/k1/r5/ctl-plain,soft_erase,E_lab,D_code,0.1,excluded,plain,1,5,4157,4157,2742,0.6596102958864566,6355,4157,0
control/E_lab/soft_erase/D_code/tau0.1/r1/excl/k1/r6/ctl-plain,soft_erase,E_lab,D_code,0.1,excluded,plain,1,6,5062,5062,4078,0.8056104306598183,6355,5062,0
control/E_lab/soft_erase/D_code/tau0.1/r1/excl/k1/r7/ctl-plain,soft_erase,E_lab,D_code,0.1,excluded,plain,1,7,5600,5600,4972,0.8878571428571429,6355,5599,0
control/E_lab/soft_erase/D_code/tau0.1/r1/excl/k2/r1/ctl-plain,soft_erase,E_lab,D_code,0.1,excluded,plain,2,1,99,99,6,0.06060606060606061,6355,99,0
control/E_lab/soft_erase/D_code/tau0.1/r1/excl/k2/r2/ctl-plain,soft_erase,E_lab,D_code,0.1,excluded,plain,2,2,298,298,27,0.09060402684563758,6355,298,0
control/E_lab/soft_erase/D_code/tau0.1/r1/excl/k2/r3/ctl-plain,soft_erase,E_lab,D_code,0.1,excluded,plain,2,3,1505,1505,414,0.2750830564784053,6355,1505,0
control/E_lab/soft_erase/D_code/tau0.1/r1/excl/k2/r4/ctl-plain,soft_erase,E_lab,D_code,0.1,excluded,plain,2,4,2596,2596,1148,0.4422187981510015,6355,2596,0
control/E_lab/soft_erase/D_code/tau0.1/r1/excl/k2/r5/ctl-plain,soft_erase,E_lab,D_code,0.1,excluded,plain,2,5,4159,4159,2785,0.669632123106516,6355,4159,0
control/E_lab/soft_erase/D_code/tau0.1/r1/excl/k2/r6/ctl-plain,soft_erase,E_lab,D_code,0.1,excluded,plain,2,6,5016,5016,4004,0.7982456140350878,6355,5016,0
control/E_lab/soft_erase/D_code/tau0.1/r1/excl/k2/r7/ctl-plain,soft_erase,E_lab,D_code,0.1,excluded,plain,2,7,5475,5475,4743,0.8663013698630136,6355,5475,0
control/E_lab/soft_erase/D_code/tau0.1/r1/excl/k3/r1/ctl-plain,soft_erase,E_lab,D_code,0.1,excluded,plain,3,1,29,29,0,0.0,6355,29,0
control/E_lab/soft_erase/D_code/tau0.1/r1/excl/k3/r2/ctl-plain,soft_erase,E_lab,D_code,0.1,excluded,plain,3,2,327,327,37,0.11314984709480122,6355,327,0
control/E_lab/soft_erase/D_code/tau0.1/r1/excl/k3/r3/ctl-plain,soft_erase,E_lab,D_code,0.1,excluded,plain,3,3,1601,1601,487,0.30418488444722047,6355,1601,0
control/E_lab/soft_erase/D_code/tau0.1/r1/excl/k3/r4/ctl-plain,soft_erase,E_lab,D_code,0.1,excluded,plain,3,4,1852,1852,608,0.3282937365010799,6355,1852,0
control/E_lab/soft_erase/D_code/tau0.1/r1/excl/k3/r5/ctl-plain,soft_erase,E_lab,D_code,0.1,excluded,plain,3,5,3346,3346,1823,0.5448296473401076,6355,3346,0
control/E_lab/soft_erase/D_code/tau0.1/r1/excl/k3/r6/ctl-plain,soft_erase,E_lab,D_code,0.1,excluded,plain,3,6,5043,5043,4063,0.8056712274439818,6355,5043,0
control/E_lab/soft_erase/D_code/tau0.1/r1/excl/k3/r7/ctl-plain,soft_erase,E_lab,D_code,0.1,excluded,plain,3,7,5566,5566,4919,0.8837585339561624,6355,5566,0
control/E_lab/soft_erase/D_code/tau0.1/r1/excl/k4/r1/ctl-plain,soft_erase,E_lab,D_code,0.1,excluded,plain,4,1,26,26,1,0.038461538461538464,6355,26,0
control/E_lab/soft_erase/D_code/tau0.1/r1/excl/k4/r2/ctl-plain,soft_erase,E_lab,D_code,0.1,excluded,plain,4,2,333,333,19,0.057057057057057055,6355,333,0
control/E_lab/soft_erase/D_code/tau0.1/r1/excl/k4/r3/ctl-plain,soft_erase,E_lab,D_code,0.1,excluded,plain,4,3,1270,1270,314,0.247244094488189,6355,1270,0
control/E_lab/soft_erase/D_code/tau0.1/r1/excl/k4/r4/ctl-plain,soft_erase,E_lab,D_code,0.1,excluded,plain,4,4,3008,3008,1540,0.511968085106383,6355,3008,0
control/E_lab/soft_erase/D_code/tau0.1/r1/excl/k4/r5/ctl-plain,soft_erase,E_lab,D_code,0.1,excluded,plain,4,5,3828,3828,2409,0.6293103448275862,6355,3828,0
control/E_lab/soft_erase/D_code/tau0.1/r1/excl/k4/r6/ctl-plain,soft_erase,E_lab,D_code,0.1,excluded,plain,4,6,5037,5037,4046,0.8032559062934286,6355,5037,0
control/E_lab/soft_erase/D_code/tau0.1/r1/excl/k4/r7/ctl-plain,soft_erase,E_lab,D_code,0.1,excluded,plain,4,7,5547,5547,4886,0.8808364881918154,6355,5546,0
control/E_lab/soft_erase/D_code/tau0.1/r1/excl/k5/r1/ctl-plain,soft_erase,E_lab,D_code,0.1,excluded,plain,5,1,136,136,6,0.04411764705882353,6355,136,0
control/E_lab/soft_erase/D_code/tau0.1/r1/excl/k5/r2/ctl-plain,soft_erase,E_lab,D_code,0.1,excluded,plain,5,2,369,369,33,0.08943089430894309,6355,369,0
control/E_lab/soft_erase/D_code/tau0.1/r1/excl/k5/r3/ctl-plain,soft_erase,E_lab,D_code,0.1,excluded,plain,5,3,1445,1445,375,0.25951557093425603,6355,1445,0
control/E_lab/soft_erase/D_code/tau0.1/r1/excl/k5/r4/ctl-plain,soft_erase,E_lab,D_code,0.1,excluded,plain,5,4,1834,1834,622,0.3391494002181025,6355,1834,0
control/E_lab/soft_erase/D_code/tau0.1/r1/excl/k5/r5/ctl-plain,soft_erase,E_lab,D_code,0.1,excluded,plain,5,5,3694,3694,2265,0.6131564699512724,6355,3694,0
control/E_lab/soft_erase/D_code/tau0.1/r1/excl/k5/r6/ctl-plain,soft_erase,E_lab,D_code,0.1,excluded,plain,5,6,5070,5070,4126,0.8138067061143984,6355,5070,0
control/E_lab/soft_erase/D_code/tau0.1/r1/excl/k5/r7/ctl-plain,soft_erase,E_lab,D_code,0.1,excluded,plain,5,7,5560,5560,4904,0.8820143884892087,6355,5560,0
control/E_lab/soft_erase/D_code/tau0.1/r1/excl/k6/r1/ctl-plain,soft_erase,E_lab,D_code,0.1,excluded,plain,6,1,51,51,2,0.0392156862745098,6355,51,0
control/E_lab/soft_erase/D_code/tau0.1/r1/excl/k6/r2/ctl-plain,soft_erase,E_lab,D_code,0.1,excluded,plain,6,2,282,282,21,0.07446808510638298,6355,282,0
control/E_lab/soft_erase/D_code/tau0.1/r1/excl/k6/r3/ctl-plain,soft_erase,E_lab,D_code,0.1,excluded,plain,6,3,1502,1502,416,0.2769640479360852,6355,1502,0
control/E_lab/soft_erase/D_code/tau0.1/r1/excl/k6/r4/ctl-plain,soft_erase,E_lab,D_code,0.1,excluded,plain,6,4,3074,3074,1583,0.5149642160052049,6355,3074,0
control/E_lab/soft_erase/D_code/tau0.1/r1/excl/k6/r5/ctl-plain,soft_erase,E_lab,D_code,0.1,excluded,plain,6,5,4086,4086,2723,0.666421928536466,6355,4086,0
control/E_lab/soft_erase/D_code/tau0.1/r1/excl/k6/r6/ctl-plain,soft_erase,E_lab,D_code,0.1,excluded,plain,6,6,5154,5154,4234,0.8214978657353512,6355,5154,0
control/E_lab/soft_erase/D_code/tau0.1/r1/excl/k6/r7/ctl-plain,soft_erase,E_lab,D_code,0.1,excluded,plain,6,7,5559,5559,4894,0.8803741680158302,6355,5559,0
control/E_lab/soft_erase/D_code/tau0.1/r1/excl/k7/r1/ctl-plain,soft_erase,E_lab,D_code,0.1,excluded,plain,7,1,34,34,0,0.0,6355,34,0
control/E_lab/soft_erase/D_code/tau0.1/r1/excl/k7/r2/ctl-plain,soft_erase,E_lab,D_code,0.1,excluded,plain,7,2,275,275,20,0.07272727272727272,6355,275,0
control/E_lab/soft_erase/D_code/tau0.1/r1/excl/k7/r3/ctl-plain,soft_erase,E_lab,D_code,0.1,excluded,plain,7,3,1393,1393,389,0.27925340990667624,6355,1393,0
control/E_lab/soft_erase/D_code/tau0.1/r1/excl/k7/r4/ctl-plain,soft_erase,E_lab,D_code,0.1,excluded,plain,7,4,2524,2524,1041,0.4124405705229794,6355,2524,0
control/E_lab/soft_erase/D_code/tau0.1/r1/excl/k7/r5/ctl-plain,soft_erase,E_lab,D_code,0.1,excluded,plain,7,5,4393,4393,3075,0.6999772365126338,6355,4393,0
control/E_lab/soft_erase/D_code/tau0.1/r1/excl/k7/r6/ctl-plain,soft_erase,E_lab,D_code,0.1,excluded,plain,7,6,5190,5190,4265,0.8217726396917149,6355,5190,0
control/E_lab/soft_erase/D_code/tau0.1/r1/excl/k7/r7/ctl-plain,soft_erase,E_lab,D_code,0.1,excluded,plain,7,7,5578,5578,4920,0.8820365722481176,6355,5577,0
control/E_lab/soft_erase/D_code/tau0.1/r1/excl/k0/r8/ctl-plain,soft_erase,E_lab,D_code,0.1,excluded,plain,0,8,5864,5864,5432,0.9263301500682128,6355,5863,0
control/E_lab/code_specific_hard/D_code/tau0.1/ones/incl/k0/r1/ctl-complement,code_specific_hard,E_lab,D_code,0.1,included,complement,0,1,0,0,0,,535,0,0
control/E_lab/code_specific_hard/D_code/tau0.1/ones/incl/k0/r2/ctl-complement,code_specific_hard,E_lab,D_code,0.1,included,complement,0,2,0,0,0,,535,0,0
control/E_lab/code_specific_hard/D_code/tau0.1/ones/incl/k0/r3/ctl-complement,code_specific_hard,E_lab,D_code,0.1,included,complement,0,3,8,8,3,0.375,535,8,0
control/E_lab/code_specific_hard/D_code/tau0.1/ones/incl/k0/r4/ctl-complement,code_specific_hard,E_lab,D_code,0.1,included,complement,0,4,12,12,1,0.08333333333333333,535,12,0
control/E_lab/code_specific_hard/D_code/tau0.1/ones/incl/k0/r5/ctl-complement,code_specific_hard,E_lab,D_code,0.1,included,complement,0,5,26,26,4,0.15384615384615385,535,26,0
control/E_lab/code_specific_hard/D_code/tau0.1/ones/incl/k0/r6/ctl-complement,code_specific_hard,E_lab,D_code,0.1,included,complement,0,6,64,64,13,0.203125,535,64,0
control/E_lab/code_specific_hard/D_code/tau0.1/ones/incl/k0/r7/ctl-complement,code_specific_hard,E_lab,D_code,0.1,included,complement,0,7,95,95,22,0.23157894736842105,535,95,0
control/E_lab/code_specific_hard/D_code/tau0.1/ones/incl/k1/r1/ctl-complement,code_specific_hard,E_lab,D_code,0.1,included,complement,1,1,0,0,0,,535,0,0
control/E_lab/code_specific_hard/D_code/tau0.1/ones/incl/k1/r2/ctl-complement,code_specific_hard,E_lab,D_code,0.1,included,complement,1,2,0,0,0,,535,0,0
control/E_lab/code_specific_hard/D_code/tau0.1/ones/incl/k1/r3/ctl-complement,code_specific_hard,E_lab,D_code,0.1,included,complement,1,3,0,0,0,,535,0,0
control/E_lab/code_specific_hard/D_code/tau0.1/ones/incl/k1/r4/ctl-complement,code_specific_hard,E_lab,D_code,0.1,included,complement,1,4,10,10,1,0.1,535,10,0
control/E_lab/code_specific_hard/D_code/tau0.1/ones/incl/k1/r5/ctl-complement,code_specific_hard,E_lab,D_code,0.1,included,complement,1,5,24,24,3,0.125,535,24,0
control/E_lab/code_specific_hard/D_code/tau0.1/ones/incl/k1/r6/ctl-complement,code_specific_hard,E_lab,D_code,0.1,included,complement,1,6,59,59,6,0.1016949152542373,535,59,0
control/E_lab/code_specific_hard/D_code/tau0.1/ones/incl/k1/r7/ctl-complement,code_specific_hard,E_lab,D_code,0.1,included,complement,1,7,120,120,26,0.21666666666666667,535,119,0
control/E_lab/code_specific_hard/D_code/tau0.1/ones/incl/k2/r1/ctl-complement,code_specific_hard,E_lab,D_code,0.1,included,complement,2,1,0,0,0,,535,0,0
control/E_lab/code_specific_hard/D_code/tau0.1/ones/incl/k2/r2/ctl-complement,code_specific_hard,E_lab,D_code,0.1,included,complement,2,2,0,0,0,,535,0,0
control/E_lab/code_specific_hard/D_code/tau0.1/ones/incl/k2/r3/ctl-complement,code_specific_hard,E_lab,D_code,0.1,included,complement,2,3,1,1,0,0.0,535,1,0
control/E_lab/code_specific_hard/D_code/tau0.1/ones/incl/k2/r4/ctl-complement,code_specific_hard,E_lab,D_code,0.1,included,complement,2,4,1,1,0,0.0,535,1,0
control/E_lab/code_specific_hard/D_code/tau0.1/ones/incl/k2/r5/ctl-complement,code_specific_hard,E_lab,D_code,0.1,included,complement,2,5,33,33,5,0.15151515151515152,535,33,0
control/E_lab/code_specific_hard/D_code/tau0.1/ones/incl/k2/r6/ctl-complement,code_specific_hard,E_lab,D_code,0.1,included,complement,2,6,62,62,10,0.16129032258064516,535,62,0
control/E_lab/code_specific_hard/D_code/tau0.1/ones/incl/k2/r7/ctl-complement,code_specific_hard,E_lab,D_code,0.1,included,complement,2,7,94,94,22,0.23404255319148937,535,94,0
control/E_lab/code_specific_hard/D_code/tau0.1/ones/incl/k3/r1/ctl-complement,code_specific_hard,E_lab,D_code,0.1,included,complement,3,1,0,0,0,,535,0,0
control/E_lab/code_specific_hard/D_code/tau0.1/ones/incl/k3/r2/ctl-complement,code_specific_hard,E_lab,D_code,0.1,included,complement,3,2,1,1,1,1.0,535,1,0
control/E_lab/code_specific_hard/D_code/tau0.1/ones/incl/k3/r3/ctl-complement,code_specific_hard,E_lab,D_code,0.1,included,complement,3,3,2,2,2,1.0,535,2,0
control/E_lab/code_specific_hard/D_code/tau0.1/ones/incl/k3/r4/ctl-complement,code_specific_hard,E_lab,D_code,0.1,included,complement,3,4,2,2,0,0.0,535,2,0
control/E_lab/code_specific_hard/D_code/tau0.1/ones/incl/k3/r5/ctl-complement,code_specific_hard,E_lab,D_code,0.1,included,complement,3,5,24,24,5,0.20833333333333334,535,24,0
control/E_lab/code_specific_hard/D_code/tau0.1/ones/incl/k3/r6/ctl-complement,code_specific_hard,E_lab,D_code,0.1,included,complement,3,6,47,47,7,0.14893617021276595,535,47,0
control/E_lab/code_specific_hard/D_code/tau0.1/ones/incl/k3/r7/ctl-complement,code_specific_hard,E_lab,D_code,0.1,included,complement,3,7,91,91,21,0.23076923076923078,535,91,0
control/E_lab/code_specific_hard/D_code/tau0.1/ones/incl/k4/r1/ctl-complement,code_specific_hard,E_lab,D_code,0.1,included,complement,4,1,0,0,0,,535,0,0
control/E_lab/code_specific_hard/D_code/tau0.1/ones/incl/k4/r2/ctl-complement,code_specific_hard,E_lab,D_code,0.1,included,complement,4,2,0,0,0,,535,0,0
control/E_lab/code_specific_hard/D_code/tau0.1/ones/incl/k4/r3/ctl-complement,code_specific_hard,E_lab,D_code,0.1,included,complement,4,3,2,2,0,0.0,535,2,0
control/E_lab/code_specific_hard/D_code/tau0.1/ones/incl/k4/r4/ctl-complement,code_specific_hard,E_lab,D_code,0.1,included,complement,4,4,5,5,0,0.0,535,5,0
control/E_lab/code_specific_hard/D_code/tau0.1/ones/incl/k4/r5/ctl-complement,code_specific_hard,E_lab,D_code,0.1,included,complement,4,5,21,21,2,0.09523809523809523,535,21,0
control/E_lab/code_specific_hard/D_code/tau0.1/ones/incl/k4/r6/ctl-complement,code_specific_hard,E_lab,D_code,0.1,included,complement,4,6,87,87,24,0.27586206896551724,535,87,0
control/E_lab/code_specific_hard/D_code/tau0.1/ones/incl/k4/r7/ctl-complement,code_specific_hard,E_lab,D_code,0.1,included,complement,4,7,124,124,36,0.2903225806451613,535,123,0
control/E_lab/code_specific_hard/D_code/tau0.1/ones/incl/k5/r1/ctl-complement,code_specific_hard,E_lab,D_code,0.1,included,complement,5,1,0,0,0,,535,0,0
control/E_lab/code_specific_hard/D_code/tau0.1/ones/incl/k5/r2/ctl-complement,code_specific_hard,E_lab,D_code,0.1,included,complement,5,2,1,1,0,0.0,535,1,0
control/E_lab/code_specific_hard/D_code/tau0.1/ones/incl/k5/r3/ctl-complement,code_specific_hard,E_lab,D_code,0.1,included,complement,5,3,2,2,0,0.0,535,2,0
control/E_lab/code_specific_hard/D_code/tau0.1/ones/incl/k5/r4/ctl-complement,code_specific_hard,E_lab,D_code,0.1,included,complement,5,4,3,3,0,0.0,535,3,0
control/E_lab/code_specific_hard/D_code/tau0.1/ones/incl/k5/r5/ctl-complement,code_specific_hard,E_lab,D_code,0.1,included,complement,5,5,21,21,4,0.19047619047619047,535,21,0
control/E_lab/code_specific_hard/D_code/tau0.1/ones/incl/k5/r6/ctl-complement,code_specific_hard,E_lab,D_code,0.1,included,complement,5,6,67,67,10,0.14925373134328357,535,67,0
control/E_lab/code_specific_hard/D_code/tau0.1/ones/incl/k5/r7/ctl-complement,code_specific_hard,E_lab,D_code,0.1,included,complement,5,7,99,99,23,0.23232323232323232,535,99,0
control/E_lab/code_specific_hard/D_code/tau0.1/ones/incl/k6/r1/ctl-complement,code_specific_hard,E_lab,D_code,0.1,included,complement,6,1,0,0,0,,535,0,0
control/E_lab/code_specific_hard/D_code/tau0.1/ones/incl/k6/r2/ctl-complement,code_specific_hard,E_lab,D_code,0.1,included,complement,6,2,0,0,0,,535,0,0
control/E_lab/code_specific_hard/D_code/tau0.1/ones/incl/k6/r3/ctl-complement,code_specific_hard,E_lab,D_code,0.1,included,complement,6,3,2,2,0,0.0,535,2,0
control/E_lab/code_specific_hard/D_code/tau0.1/ones/incl/k6/r4/ctl-complement,code_specific_hard,E_lab,D_code,0.1,included,complement,6,4,6,6,0,0.0,535,6,0
control/E_lab/code_specific_hard/D_code/tau0.1/ones/incl/k6/r5/ctl-complement,code_specific_hard,E_lab,D_code,0.1,included,complement,6,5,10,10,2,0.2,535,10,0
control/E_lab/code_specific_hard/D_code/tau0.1/ones/incl/k6/r6/ctl-complement,code_specific_hard,E_lab,D_code,0.1,included,complement,6,6,49,49,8,0.16326530612244897,535,49,0
control/E_lab/code_specific_hard/D_code/tau0.1/ones/incl/k6/r7/ctl-complement,code_specific_hard,E_lab,D_code,0.1,included,complement,6,7,101,101,23,0.22772277227722773,535,101,0
control/E_lab/code_specific_hard/D_code/tau0.1/ones/incl/k7/r1/ctl-complement,code_specific_hard,E_lab,D_code,0.1,included,complement,7,1,0,0,0,,535,0,0
control/E_lab/code_specific_hard/D_code/tau0.1/ones/incl/k7/r2/ctl-complement,code_specific_hard,E_lab,D_code,0.1,included,complement,7,2,0,0,0,,535,0,0
control/E_lab/code_specific_hard/D_code/tau0.1/ones/incl/k7/r3/ctl-complement,code_specific_hard,E_lab,D_code,0.1,included,complement,7,3,3,3,1,0.3333333333333333,535,3,0
control/E_lab/code_specific_hard/D_code/tau0.1/ones/incl/k7/r4/ctl-complement,code_specific_hard,E_lab,D_code,0.1,included,complement,7,4,6,6,1,0.16666666666666666,535,6,0
control/E_lab/code_specific_hard/D_code/tau0.1/ones/incl/k7/r5/ctl-complement,code_specific_hard,E_lab,D_code,0.1,included,complement,7,5,15,15,2,0.13333333333333333,535,15,0
control/E_lab/code_specific_hard/D_code/tau0.1/ones/incl/k7/r6/ctl-complement,code_specific_hard,E_lab,D_code,0.1,included,complement,7,6,50,50,10,0.2,535,50,0
control/E_lab/code_specific_hard/D_code/tau0.1/ones/incl/k7/r7/ctl-complement,code_specific_hard,E_lab,D_code,0.1,included,complement,7,7,112,112,32,0.2857142857142857,535,111,0
control/E_lab/code_specific_hard/D_code/tau0.1/ones/incl/k0/r8/ctl-complement,code_specific_hard,E_lab,D_code,0.1,included,complement,0,8,201,201,77,0.38308457711442784,535,200,0
control/E_lab/code_specific_hard/D_code/tau0.1/ones/incl/k0/rS4/ctl-complement,code_specific_hard,E_lab,D_code,0.1,included,complement,0,S4,4,4,1,0.25,535,4,0
control/E_lab/code_specific_hard/D_code/tau0.1/ones/incl/k0/rS16/ctl-complement,code_specific_hard,E_lab,D_code,0.1,included,complement,0,S16,16,16,3,0.1875,535,16,0
control/E_lab/code_specific_hard/D_code/tau0.1/ones/incl/k0/rS64/ctl-complement,code_specific_hard,E_lab,D_code,0.1,included,complement,0,S64,64,64,11,0.171875,535,64,0
control/E_lab/code_specific_hard/D_code/tau0.1/ones/incl/k0/r1/ctl-plain,code_specific_hard,E_lab,D_code,0.1,included,plain,0,1,0,0,0,,6355,0,0
control/E_lab/code_specific_hard/D_code/tau0.1/ones/incl/k0/r2/ctl-plain,code_specific_hard,E_lab,D_code,0.1,included,plain,0,2,0,0,0,,6355,0,0
control/E_lab/code_specific_hard/D_code/tau0.1/ones/incl/k0/r3/ctl-plain,code_specific_hard,E_lab,D_code,0.1,included,plain,0,3,8,8,1,0.125,6355,8,0
control/E_lab/code_specific_hard/D_code/tau0.1/ones/incl/k0/r4/ctl-plain,code_specific_hard,E_lab,D_code,0.1,included,plain,0,4,12,12,1,0.08333333333333333,6355,12,0
control/E_lab/code_specific_hard/D_code/tau0.1/ones/incl/k0/r5/ctl-plain,code_specific_hard,E_lab,D_code,0.1,included,plain,0,5,26,26,2,0.07692307692307693,6355,26,0
control/E_lab/code_specific_hard/D_code/tau0.1/ones/incl/k0/r6/ctl-plain,code_specific_hard,E_lab,D_code,0.1,included,plain,0,6,64,64,3,0.046875,6355,64,0
control/E_lab/code_specific_hard/D_code/tau0.1/ones/incl/k0/r7/ctl-plain,code_specific_hard,E_lab,D_code,0.1,included,plain,0,7,95,95,3,0.031578947368421054,6355,95,0
control/E_lab/code_specific_hard/D_code/tau0.1/ones/incl/k1/r1/ctl-plain,code_specific_hard,E_lab,D_code,0.1,included,plain,1,1,0,0,0,,6355,0,0
control/E_lab/code_specific_hard/D_code/tau0.1/ones/incl/k1/r2/ctl-plain,code_specific_hard,E_lab,D_code,0.1,included,plain,1,2,0,0,0,,6355,0,0
control/E_lab/code_specific_hard/D_code/tau0.1/ones/incl/k1/r3/ctl-plain,code_specific_hard,E_lab,D_code,0.1,included,plain,1,3,0,0,0,,6355,0,0
control/E_lab/code_specific_hard/D_code/tau0.1/ones/incl/k1/r4/ctl-plain,code_specific_hard,E_lab,D_code,0.1,included,plain,1,4,10,10,0,0.0,6355,10,0
control/E_lab/code_specific_hard/D_code/tau0.1/ones/incl/k1/r5/ctl-plain,code_specific_hard,E_lab,D_code,0.1,included,plain,1,5,24,24,1,0.041666666666666664,6355,24,0
control/E_lab/code_specific_hard/D_code/tau0.1/ones/incl/k1/r6/ctl-plain,code_specific_hard,E_lab,D_code,0.1,included,plain,1,6,59,59,1,0.01694915254237288,6355,59,0
control/E_lab/code_specific_hard/D_code/tau0.1/ones/incl/k1/r7/ctl-plain,code_specific_hard,E_lab,D_code,0.1,included,plain,1,7,120,120,1,0.008333333333333333,6355,119,0
control/E_lab/code_specific_hard/D_code/tau0.1/ones/incl/k2/r1/ctl-plain,code_specific_hard,E_lab,D_code,0.1,included,plain,2,1,0,0,0,,6355,0,0
control/E_lab/code_specific_hard/D_code/tau0.1/ones/incl/k2/r2/ctl-plain,code_specific_hard,E_lab,D_code,0.1,included,plain,2,2,0,0,0,,6355,0,0
control/E_lab/code_specific_hard/D_code/tau0.1/ones/incl/k2/r3/ctl-plain,code_specific_hard,E_lab,D_code,0.1,included,plain,2,3,1,1,0,0.0,6355,1,0
control/E_lab/code_specific_hard/D_code/tau0.1/ones/incl/k2/r4/ctl-plain,code_specific_hard,E_lab,D_code,0.1,included,plain,2,4,1,1,0,0.0,6355,1,0
control/E_lab/code_specific_hard/D_code/tau0.1/ones/incl/k2/r5/ctl-plain,code_specific_hard,E_lab,D_code,0.1,included,plain,2,5,33,33,0,0.0,6355,33,0
control/E_lab/code_specific_hard/D_code/tau0.1/ones/incl/k2/r6/ctl-plain,code_specific_hard,E_lab,D_code,0.1,included,plain,2,6,62,62,0,0.0,6355,62,0
control/E_lab/code_specific_hard/D_code/tau0.1/ones/incl/k2/r7/ctl-plain,code_specific_hard,E_lab,D_code,0.1,included,plain,2,7,94,94,2,0.02127659574468085,6355,94,0
control/E_lab/code_specific_hard/D_code/tau0.1/ones/incl/k3/r1/ctl-plain,code_specific_hard,E_lab,D_code,0.1,included,plain,3,1,0,0,0,,6355,0,0
control/E_lab/code_specific_hard/D_code/tau0.1/ones/incl/k3/r2/ctl-plain,code_specific_hard,E_lab,D_code,0.1,included,plain,3,2,1,1,0,0.0,6355,1,0
control/E_lab/code_specific_hard/D_code/tau0.1/ones/incl/k3/r3/ctl-plain,code_specific_hard,E_lab,D_code,0.1,included,plain,3,3,2,2,0,0.0,6355,2,0
control/E_lab/code_specific_hard/D_code/tau0.1/ones/incl/k3/r4/ctl-plain,code_specific_hard,E_lab,D_code,0.1,included,plain,3,4,2,2,0,0.0,6355,2,0
control/E_lab/code_specific_hard/D_code/tau0.1/ones/incl/k3/r5/ctl-plain,code_specific_hard,E_lab,D_code,0.1,included,plain,3,5,24,24,0,0.0,6355,24,0
control/E_lab/code_specific_hard/D_code/tau0.1/ones/incl/k3/r6/ctl-plain,code_specific_hard,E_lab,D_code,0.1,included,plain,3,6,47,47,0,0.0,6355,47,0
control/E_lab/code_specific_hard/D_code/tau0.1/ones/incl/k3/r7/ctl-plain,code_specific_hard,E_lab,D_code,0.1,included,plain,3,7,91,91,2,0.02197802197802198,6355,91,0
control/E_lab/code_specific_hard/D_code/tau0.1/ones/incl/k4/r1/ctl-plain,code_specific_hard,E_lab,D_code,0.1,included,plain,4,1,0,0,0,,6355,0,0
control/E_lab/code_specific_hard/D_code/tau0.1/ones/incl/k4/r2/ctl-plain,code_specific_hard,E_lab,D_code,0.1,included,plain,4,2,0,0,0,,6355,0,0
control/E_lab/code_specific_hard/D_code/tau0.1/ones/incl/k4/r3/ctl-plain,code_specific_hard,E_lab,D_code,0.1,included,plain,4,3,2,2,0,0.0,6355,2,0
control/E_lab/code_specific_hard/D_code/tau0.1/ones/incl/k4/r4/ctl-plain,code_specific_hard,E_lab,D_code,0.1,included,plain,4,4,5,5,0,0.0,6355,5,0
control/E_lab/code_specific_hard/D_code/tau0.1/ones/incl/k4/r5/ctl-plain,code_specific_hard,E_lab,D_code,0.1,included,plain,4,5,21,21,0,0.0,6355,21,0
control/E_lab/code_specific_hard/D_code/tau0.1/ones/incl/k4/r6/ctl-plain,code_specific_hard,E_lab,D_code,0.1,included,plain,4,6,87,87,5,0.05747126436781609,6355,87,0
control/E_lab/code_specific_hard/D_code/tau0.1/ones/incl/k4/r7/ctl-plain,code_specific_hard,E_lab,D_code,0.1,included,plain,4,7,124,124,6,0.04838709677419355,6355,123,0
control/E_lab/code_specific_hard/D_code/tau0.1/ones/incl/k5/r1/ctl-plain,code_specific_hard,E_lab,D_code,0.1,included,plain,5,1,0,0,0,,6355,0,0
control/E_lab/code_specific_hard/D_code/tau0.1/ones/incl/k5/r2/ctl-plain,code_specific_hard,E_lab,D_code,0.1,included,plain,5,2,1,1,0,0.0,6355,1,0
control/E_lab/code_specific_hard/D_code/tau0.1/ones/incl/k5/r3/ctl-plain,code_specific_hard,E_lab,D_code,0.1,included,plain,5,3,2,2,0,0.0,6355,2,0
control/E_lab/code_specific_hard/D_code/tau0.1/ones/incl/k5/r4/ctl-plain,code_specific_hard,E_lab,D_code,0.1,included,plain,5,4,3,3,0,0.0,6355,3,0
control/E_lab/code_specific_hard/D_code/tau0.1/ones/incl/k5/r5/ctl-plain,code_specific_hard,E_lab,D_code,0.1,included,plain,5,5,21,21,1,0.047619047619047616,6355,21,0
control/E_lab/code_specific_hard/D_code/tau0.1/ones/incl/k5/r6/ctl-plain,code_specific_hard,E_lab,D_code,0.1,included,plain,5,6,67,67,1,0.014925373134328358,6355,67,0
control/E_lab/code_specific_hard/D_code/tau0.1/ones/incl/k5/r7/ctl-plain,code_specific_hard,E_lab,D_code,0.1,included,plain,5,7,99,99,2,0.020202020202020204,6355,99,0
control/E_lab/code_specific_hard/D_code/tau0.1/ones/incl/k6/r1/ctl-plain,code_specific_hard,E_lab,D_code,0.1,included,plain,6,1,0,0,0,,6355,0,0
control/E_lab/code_specific_hard/D_code/tau0.1/ones/incl/k6/r2/ctl-plain,code_specific_hard,E_lab,D_code,0.1,included,plain,6,2,0,0,0,,6355,0,0
control/E_lab/code_specific_hard/D_code/tau0.1/ones/incl/k6/r3/ctl-plain,code_specific_hard,E_lab,D_code,0.1,included,plain,6,3,2,2,0,0.0,6355,2,0
control/E_lab/code_specific_hard/D_code/tau0.1/ones/incl/k6/r4/ctl-plain,code_specific_hard,E_lab,D_code,0.1,included,plain,6,4,6,6,0,0.0,6355,6,0
control/E_lab/code_specific_hard/D_code/tau0.1/ones/incl/k6/r5/ctl-plain,code_specific_hard,E_lab,D_code,0.1,included,plain,6,5,10,10,0,0.0,6355,10,0
control/E_lab/code_specific_hard/D_code/tau0.1/ones/incl/k6/r6/ctl-plain,code_specific_hard,E_lab,D_code,0.1,included,plain,6,6,49,49,0,0.0,6355,49,0
control/E_lab/code_specific_hard/D_code/tau0.1/ones/incl/k6/r7/ctl-plain,code_specific_hard,E_lab,D_code,0.1,included,plain,6,7,101,101,2,0.019801980198019802,6355,101,0
control/E_lab/code_specific_hard/D_code/tau0.1/ones/incl/k7/r1/ctl-plain,code_specific_hard,E_lab,D_code,0.1,included,plain,7,1,0,0,0,,6355,0,0
control/E_lab/code_specific_hard/D_code/tau0.1/ones/incl/k7/r2/ctl-plain,code_specific_hard,E_lab,D_code,0.1,included,plain,7,2,0,0,0,,6355,0,0
control/E_lab/code_specific_hard/D_code/tau0.1/ones/incl/k7/r3/ctl-plain,code_specific_hard,E_lab,D_code,0.1,included,plain,7,3,3,3,0,0.0,6355,3,0
control/E_lab/code_specific_hard/D_code/tau0.1/ones/incl/k7/r4/ctl-plain,code_specific_hard,E_lab,D_code,0.1,included,plain,7,4,6,6,0,0.0,6355,6,0
control/E_lab/code_specific_hard/D_code/tau0.1/ones/incl/k7/r5/ctl-plain,code_specific_hard,E_lab,D_code,0.1,included,plain,7,5,15,15,0,0.0,6355,15,0
control/E_lab/code_specific_hard/D_code/tau0.1/ones/incl/k7/r6/ctl-plain,code_specific_hard,E_lab,D_code,0.1,included,plain,7,6,50,50,0,0.0,6355,50,0
control/E_lab/code_specific_hard/D_code/tau0.1/ones/incl/k7/r7/ctl-plain,code_specific_hard,E_lab,D_code,0.1,included,plain,7,7,112,112,1,0.008928571428571428,6355,111,0
control/E_lab/code_specific_hard/D_code/tau0.1/ones/incl/k0/r8/ctl-plain,code_specific_hard,E_lab,D_code,0.1,included,plain,0,8,201,201,8,0.03980099502487562,6355,200,0
control/E_lab/code_specific_hard/D_code/tau0.1/ones/incl/k0/rS4/ctl-plain,code_specific_hard,E_lab,D_code,0.1,included,plain,0,S4,4,4,0,0.0,6355,4,0
control/E_lab/code_specific_hard/D_code/tau0.1/ones/incl/k0/rS16/ctl-plain,code_specific_hard,E_lab,D_code,0.1,included,plain,0,S16,16,16,1,0.0625,6355,16,0
control/E_lab/code_specific_hard/D_code/tau0.1/ones/incl/k0/rS64/ctl-plain,code_specific_hard,E_lab,D_code,0.1,included,plain,0,S64,64,64,3,0.046875,6355,64,0
control/E/union/D_unif/tau0.5/r0/excl/k0/r1/ctl-plain,union,E,D_unif,0.5,excluded,plain,0,1,62,62,2,0.03225806451612903,6355,62,0
control/E/union/D_unif/tau0.5/r0/excl/k0/r2/ctl-plain,union,E,D_unif,0.5,excluded,plain,0,2,314,314,23,0.0732484076433121,6355,314,0
control/E/union/D_unif/tau0.5/r0/excl/k0/r3/ctl-plain,union,E,D_unif,0.5,excluded,plain,0,3,1470,1470,383,0.2605442176870748,6355,1470,0
control/E/union/D_unif/tau0.5/r0/excl/k0/r4/ctl-plain,union,E,D_unif,0.5,excluded,plain,0,4,3120,3120,1597,0.5118589743589743,6355,3120,0
control/E/union/D_unif/tau0.5/r0/excl/k0/r5/ctl-plain,union,E,D_unif,0.5,excluded,plain,0,5,4240,4240,2911,0.6865566037735849,6355,4240,0
control/E/union/D_unif/tau0.5/r0/excl/k0/r6/ctl-plain,union,E,D_unif,0.5,excluded,plain,0,6,5331,5331,4514,0.8467454511348715,6355,5331,0
control/E/union/D_unif/tau0.5/r0/excl/k0/r7/ctl-plain,union,E,D_unif,0.5,excluded,plain,0,7,5968,5968,5616,0.9410187667560321,6355,5968,0
control/E/union/D_unif/tau0.5/r0/excl/k1/r1/ctl-plain,union,E,D_unif,0.5,excluded,plain,1,1,54,54,0,0.0,6355,54,0
control/E/union/D_unif/tau0.5/r0/excl/k1/r2/ctl-plain,union,E,D_unif,0.5,excluded,plain,1,2,305,305,20,0.06557377049180328,6355,305,0
control/E/union/D_unif/tau0.5/r0/excl/k1/r3/ctl-plain,union,E,D_unif,0.5,excluded,plain,1,3,1365,1365,364,0.26666666666666666,6355,1365,0
control/E/union/D_unif/tau0.5/r0/excl/k1/r4/ctl-plain,union,E,D_unif,0.5,excluded,plain,1,4,1633,1633,448,0.2743417023882425,6355,1633,0
control/E/union/D_unif/tau0.5/r0/excl/k1/r5/ctl-plain,union,E,D_unif,0.5,excluded,plain,1,5,3960,3960,2579,0.6512626262626262,6355,3960,0
control/E/union/D_unif/tau0.5/r0/excl/k1/r6/ctl-plain,union,E,D_unif,0.5,excluded,plain,1,6,5186,5186,4296,0.8283841110682607,6355,5186,0
control/E/union/D_unif/tau0.5/r0/excl/k1/r7/ctl-plain,union,E,D_unif,0.5,excluded,plain,1,7,5842,5842,5398,0.9239986306059569,6355,5842,0
control/E/union/D_unif/tau0.5/r0/excl/k2/r1/ctl-plain,union,E,D_unif,0.5,excluded,plain,2,1,57,57,0,0.0,6355,57,0
control/E/union/D_unif/tau0.5/r0/excl/k2/r2/ctl-plain,union,E,D_unif,0.5,excluded,plain,2,2,276,276,11,0.03985507246376811,6355,276,0
control/E/union/D_unif/tau0.5/r0/excl/k2/r3/ctl-plain,union,E,D_unif,0.5,excluded,plain,2,3,1408,1408,396,0.28125,6355,1408,0
control/E/union/D_unif/tau0.5/r0/excl/k2/r4/ctl-plain,union,E,D_unif,0.5,excluded,plain,2,4,2246,2246,819,0.36464826357969726,6355,2246,0
control/E/union/D_unif/tau0.5/r0/excl/k2/r5/ctl-plain,union,E,D_unif,0.5,excluded,plain,2,5,4244,4244,2888,0.6804901036757776,6355,4244,0
control/E/union/D_unif/tau0.5/r0/excl/k2/r6/ctl-plain,union,E,D_unif,0.5,excluded,plain,2,6,5256,5256,4417,0.840372907153729,6355,5256,0
control/E/union/D_unif/tau0.5/r0/excl/k2/r7/ctl-plain,union,E,D_unif,0.5,excluded,plain,2,7,5901,5901,5510,0.9337400440603287,6355,5901,0
control/E/union/D_unif/tau0.5/r0/excl/k3/r1/ctl-plain,union,E,D_unif,0.5,excluded,plain,3,1,44,44,1,0.022727272727272728,6355,44,0
control/E/union/D_unif/tau0.5/r0/excl/k3/r2/ctl-plain,union,E,D_unif,0.5,excluded,plain,3,2,388,388,30,0.07731958762886598,6355,388,0
control/E/union/D_unif/tau0.5/r0/excl/k3/r3/ctl-plain,union,E,D_unif,0.5,excluded,plain,3,3,1442,1442,375,0.26005547850208044,6355,1442,0
control/E/union/D_unif/tau0.5/r0/excl/k3/r4/ctl-plain,union,E,D_unif,0.5,excluded,plain,3,4,347,347,22,0.06340057636887608,6355,347,0
control/E/union/D_unif/tau0.5/r0/excl/k3/r5/ctl-plain,union,E,D_unif,0.5,excluded,plain,3,5,3977,3977,2513,0.6318833291425697,6355,3977,0
control/E/union/D_unif/tau0.5/r0/excl/k3/r6/ctl-plain,union,E,D_unif,0.5,excluded,plain,3,6,5208,5208,4311,0.8277649769585254,6355,5208,0
control/E/union/D_unif/tau0.5/r0/excl/k3/r7/ctl-plain,union,E,D_unif,0.5,excluded,plain,3,7,5869,5869,5430,0.9252002044641335,6355,5869,0
control/E/union/D_unif/tau0.5/r0/excl/k4/r1/ctl-plain,union,E,D_unif,0.5,excluded,plain,4,1,59,59,1,0.01694915254237288,6355,59,0
control/E/union/D_unif/tau0.5/r0/excl/k4/r2/ctl-plain,union,E,D_unif,0.5,excluded,plain,4,2,267,267,25,0.09363295880149813,6355,267,0
control/E/union/D_unif/tau0.5/r0/excl/k4/r3/ctl-plain,union,E,D_unif,0.5,excluded,plain,4,3,1219,1219,300,0.2461033634126333,6355,1219,0
control/E/union/D_unif/tau0.5/r0/excl/k4/r4/ctl-plain,union,E,D_unif,0.5,excluded,plain,4,4,1992,1992,699,0.3509036144578313,6355,1992,0
control/E/union/D_unif/tau0.5/r0/excl/k4/r5/ctl-plain,union,E,D_unif,0.5,excluded,plain,4,5,3827,3827,2360,0.6166710216880062,6355,3827,0
control/E/union/D_unif/tau0.5/r0/excl/k4/r6/ctl-plain,union,E,D_unif,0.5,excluded,plain,4,6,5246,5246,4363,0.8316812809759817,6355,5246,0
control/E/union/D_unif/tau0.5/r0/excl/k4/r7/ctl-plain,union,E,D_unif,0.5,excluded,plain,4,7,5935,5935,5553,0.9356360572872788,6355,5935,0
control/E/union/D_unif/tau0.5/r0/excl/k5/r1/ctl-plain,union,E,D_unif,0.5,excluded,plain,5,1,40,40,2,0.05,6355,40,0
control/E/union/D_unif/tau0.5/r0/excl/k5/r2/ctl-plain,union,E,D_unif,0.5,excluded,plain,5,2,224,224,11,0.049107142857142856,6355,224,0
control/E/union/D_unif/tau0.5/r0/excl/k5/r3/ctl-plain,union,E,D_unif,0.5,excluded,plain,5,3,1465,1465,389,0.26552901023890785,6355,1465,0
control/E/union/D_unif/tau0.5/r0/excl/k5/r4/ctl-plain,union,E,D_unif,0.5,excluded,plain,5,4,2585,2585,1123,0.4344294003868472,6355,2585,0
control/E/union/D_unif/tau0.5/r0/excl/k5/r5/ctl-plain,union,E,D_unif,0.5,excluded,plain,5,5,3981,3981,2561,0.6433057020849033,6355,3981,0
control/E/union/D_unif/tau0.5/r0/excl/k5/r6/ctl-plain,union,E,D_unif,0.5,excluded,plain,5,6,5402,5402,4628,0.8567197334320622,6355,5402,0
control/E/union/D_unif/tau0.5/r0/excl/k5/r7/ctl-plain,union,E,D_unif,0.5,excluded,plain,5,7,5887,5887,5458,0.9271275692203159,6355,5887,0
control/E/union/D_unif/tau0.5/r0/excl/k6/r1/ctl-plain,union,E,D_unif,0.5,excluded,plain,6,1,11,11,0,0.0,6355,11,0
control/E/union/D_unif/tau0.5/r0/excl/k6/r2/ctl-plain,union,E,D_unif,0.5,excluded,plain,6,2,239,239,15,0.06276150627615062,6355,239,0
control/E/union/D_unif/tau0.5/r0/excl/k6/r3/ctl-plain,union,E,D_unif,0.5,excluded,plain,6,3,1393,1393,370,0.2656137832017229,6355,1393,0
control/E/union/D_unif/tau0.5/r0/excl/k6/r4/ctl-plain,union,E,D_unif,0.5,excluded,plain,6,4,2375,2375,959,0.40378947368421053,6355,2375,0
control/E/union/D_unif/tau0.5/r0/excl/k6/r5/ctl-plain,union,E,D_unif,0.5,excluded,plain,6,5,3788,3788,2338,0.6172122492080253,6355,3788,0
control/E/union/D_unif/tau0.5/r0/excl/k6/r6/ctl-plain,union,E,D_unif,0.5,excluded,plain,6,6,5205,5205,4322,0.830355427473583,6355,5205,0
control/E/union/D_unif/tau0.5/r0/excl/k6/r7/ctl-plain,union,E,D_unif,0.5,excluded,plain,6,7,5981,5981,5636,0.9423173382377529,6355,5981,0
control/E/union/D_unif/tau0.5/r0/excl/k7/r1/ctl-plain,union,E,D_unif,0.5,excluded,plain,7,1,27,27,0,0.0,6355,27,0
control/E/union/D_unif/tau0.5/r0/excl/k7/r2/ctl-plain,union,E,D_unif,0.5,excluded,plain,7,2,257,257,19,0.07392996108949416,6355,257,0
control/E/union/D_unif/tau0.5/r0/excl/k7/r3/ctl-plain,union,E,D_unif,0.5,excluded,plain,7,3,1412,1412,346,0.24504249291784702,6355,1412,0
control/E/union/D_unif/tau0.5/r0/excl/k7/r4/ctl-plain,union,E,D_unif,0.5,excluded,plain,7,4,2197,2197,777,0.35366408739189803,6355,2197,0
control/E/union/D_unif/tau0.5/r0/excl/k7/r5/ctl-plain,union,E,D_unif,0.5,excluded,plain,7,5,3599,3599,2090,0.5807168657960544,6355,3599,0
control/E/union/D_unif/tau0.5/r0/excl/k7/r6/ctl-plain,union,E,D_unif,0.5,excluded,plain,7,6,5142,5142,4215,0.8197199533255543,6355,5142,0
control/E/union/D_unif/tau0.5/r0/excl/k7/r7/ctl-plain,union,E,D_unif,0.5,excluded,plain,7,7,5926,5926,5538,0.9345258184272697,6355,5926,0
control/E/union/D_unif/tau0.5/r0/excl/k0/r8/ctl-plain,union,E,D_unif,0.5,excluded,plain,0,8,6325,6325,6297,0.9955731225296442,6355,6325,0
control/E/union/D_unif/tau0.5/uniform/excl/k0/r1/ctl-plain,union,E,D_unif,0.5,excluded,plain,0,1,62,62,2,0.03225806451612903,6355,62,0
control/E/union/D_unif/tau0.5/uniform/excl/k0/r2/ctl-plain,union,E,D_unif,0.5,excluded,plain,0,2,314,314,23,0.0732484076433121,6355,314,0
control/E/union/D_unif/tau0.5/uniform/excl/k0/r3/ctl-plain,union,E,D_unif,0.5,excluded,plain,0,3,1470,1470,383,0.2605442176870748,6355,1470,0
control/E/union/D_unif/tau0.5/uniform/excl/k0/r4/ctl-plain,union,E,D_unif,0.5,excluded,plain,0,4,3120,3120,1597,0.5118589743589743,6355,3120,0
control/E/union/D_unif/tau0.5/uniform/excl/k0/r5/ctl-plain,union,E,D_unif,0.5,excluded,plain,0,5,4240,4240,2911,0.6865566037735849,6355,4240,0
control/E/union/D_unif/tau0.5/uniform/excl/k0/r6/ctl-plain,union,E,D_unif,0.5,excluded,plain,0,6,5331,5331,4514,0.8467454511348715,6355,5331,0
control/E/union/D_unif/tau0.5/uniform/excl/k0/r7/ctl-plain,union,E,D_unif,0.5,excluded,plain,0,7,5968,5968,5616,0.9410187667560321,6355,5968,0
control/E/union/D_unif/tau0.5/uniform/excl/k1/r1/ctl-plain,union,E,D_unif,0.5,excluded,plain,1,1,54,54,0,0.0,6355,54,0
control/E/union/D_unif/tau0.5/uniform/excl/k1/r2/ctl-plain,union,E,D_unif,0.5,excluded,plain,1,2,305,305,20,0.06557377049180328,6355,305,0
control/E/union/D_unif/tau0.5/uniform/excl/k1/r3/ctl-plain,union,E,D_unif,0.5,excluded,plain,1,3,1365,1365,364,0.26666666666666666,6355,1365,0
control/E/union/D_unif/tau0.5/uniform/excl/k1/r4/ctl-plain,union,E,D_unif,0.5,excluded,plain,1,4,1633,1633,448,0.2743417023882425,6355,1633,0
control/E/union/D_unif/tau0.5/uniform/excl/k1/r5/ctl-plain,union,E,D_unif,0.5,excluded,plain,1,5,3960,3960,2579,0.6512626262626262,6355,3960,0
control/E/union/D_unif/tau0.5/uniform/excl/k1/r6/ctl-plain,union,E,D_unif,0.5,excluded,plain,1,6,5186,5186,4296,0.8283841110682607,6355,5186,0
control/E/union/D_unif/tau0.5/uniform/excl/k1/r7/ctl-plain,union,E,D_unif,0.5,excluded,plain,1,7,5842,5842,5398,0.9239986306059569,6355,5842,0
control/E/union/D_unif/tau0.5/uniform/excl/k2/r1/ctl-plain,union,E,D_unif,0.5,excluded,plain,2,1,57,57,0,0.0,6355,57,0
control/E/union/D_unif/tau0.5/uniform/excl/k2/r2/ctl-plain,union,E,D_unif,0.5,excluded,plain,2,2,276,276,11,0.03985507246376811,6355,276,0
control/E/union/D_unif/tau0.5/uniform/excl/k2/r3/ctl-plain,union,E,D_unif,0.5,excluded,plain,2,3,1408,1408,396,0.28125,6355,1408,0
control/E/union/D_unif/tau0.5/uniform/excl/k2/r4/ctl-plain,union,E,D_unif,0.5,excluded,plain,2,4,2246,2246,819,0.36464826357969726,6355,2246,0
control/E/union/D_unif/tau0.5/uniform/excl/k2/r5/ctl-plain,union,E,D_unif,0.5,excluded,plain,2,5,4244,4244,2888,0.6804901036757776,6355,4244,0
control/E/union/D_unif/tau0.5/uniform/excl/k2/r6/ctl-plain,union,E,D_unif,0.5,excluded,plain,2,6,5256,5256,4417,0.840372907153729,6355,5256,0
control/E/union/D_unif/tau0.5/uniform/excl/k2/r7/ctl-plain,union,E,D_unif,0.5,excluded,plain,2,7,5901,5901,5510,0.9337400440603287,6355,5901,0
control/E/union/D_unif/tau0.5/uniform/excl/k3/r1/ctl-plain,union,E,D_unif,0.5,excluded,plain,3,1,44,44,1,0.022727272727272728,6355,44,0
control/E/union/D_unif/tau0.5/uniform/excl/k3/r2/ctl-plain,union,E,D_unif,0.5,excluded,plain,3,2,388,388,30,0.07731958762886598,6355,388,0
control/E/union/D_unif/tau0.5/uniform/excl/k3/r3/ctl-plain,union,E,D_unif,0.5,excluded,plain,3,3,1442,1442,375,0.26005547850208044,6355,1442,0
control/E/union/D_unif/tau0.5/uniform/excl/k3/r4/ctl-plain,union,E,D_unif,0.5,excluded,plain,3,4,347,347,22,0.06340057636887608,6355,347,0
control/E/union/D_unif/tau0.5/uniform/excl/k3/r5/ctl-plain,union,E,D_unif,0.5,excluded,plain,3,5,3977,3977,2513,0.6318833291425697,6355,3977,0
control/E/union/D_unif/tau0.5/uniform/excl/k3/r6/ctl-plain,union,E,D_unif,0.5,excluded,plain,3,6,5208,5208,4311,0.8277649769585254,6355,5208,0
control/E/union/D_unif/tau0.5/uniform/excl/k3/r7/ctl-plain,union,E,D_unif,0.5,excluded,plain,3,7,5869,5869,5430,0.9252002044641335,6355,5869,0
control/E/union/D_unif/tau0.5/uniform/excl/k4/r1/ctl-plain,union,E,D_unif,0.5,excluded,plain,4,1,59,59,1,0.01694915254237288,6355,59,0
control/E/union/D_unif/tau0.5/uniform/excl/k4/r2/ctl-plain,union,E,D_unif,0.5,excluded,plain,4,2,267,267,25,0.09363295880149813,6355,267,0
control/E/union/D_unif/tau0.5/uniform/excl/k4/r3/ctl-plain,union,E,D_unif,0.5,excluded,plain,4,3,1219,1219,300,0.2461033634126333,6355,1219,0
control/E/union/D_unif/tau0.5/uniform/excl/k4/r4/ctl-plain,union,E,D_unif,0.5,excluded,plain,4,4,1992,1992,699,0.3509036144578313,6355,1992,0
control/E/union/D_unif/tau0.5/uniform/excl/k4/r5/ctl-plain,union,E,D_unif,0.5,excluded,plain,4,5,3827,3827,2360,0.6166710216880062,6355,3827,0
control/E/union/D_unif/tau0.5/uniform/excl/k4/r6/ctl-plain,union,E,D_unif,0.5,excluded,plain,4,6,5246,5246,4363,0.8316812809759817,6355,5246,0
control/E/union/D_unif/tau0.5/uniform/excl/k4/r7/ctl-plain,union,E,D_unif,0.5,excluded,plain,4,7,5935,5935,5553,0.9356360572872788,6355,5935,0
control/E/union/D_unif/tau0.5/uniform/excl/k5/r1/ctl-plain,union,E,D_unif,0.5,excluded,plain,5,1,40,40,2,0.05,6355,40,0
control/E/union/D_unif/tau0.5/uniform/excl/k5/r2/ctl-plain,union,E,D_unif,0.5,excluded,plain,5,2,224,224,11,0.049107142857142856,6355,224,0
control/E/union/D_unif/tau0.5/uniform/excl/k5/r3/ctl-plain,union,E,D_unif,0.5,excluded,plain,5,3,1465,1465,389,0.26552901023890785,6355,1465,0
control/E/union/D_unif/tau0.5/uniform/excl/k5/r4/ctl-plain,union,E,D_unif,0.5,excluded,plain,5,4,2585,2585,1123,0.4344294003868472,6355,2585,0
control/E/union/D_unif/tau0.5/uniform/excl/k5/r5/ctl-plain,union,E,D_unif,0.5,excluded,plain,5,5,3981,3981,2561,0.6433057020849033,6355,3981,0
control/E/union/D_unif/tau0.5/uniform/excl/k5/r6/ctl-plain,union,E,D_unif,0.5,excluded,plain,5,6,5402,5402,4628,0.8567197334320622,6355,5402,0
control/E/union/D_unif/tau0.5/uniform/excl/k5/r7/ctl-plain,union,E,D_unif,0.5,excluded,plain,5,7,5887,5887,5458,0.9271275692203159,6355,5887,0
control/E/union/D_unif/tau0.5/uniform/excl/k6/r1/ctl-plain,union,E,D_unif,0.5,excluded,plain,6,1,11,11,0,0.0,6355,11,0
control/E/union/D_unif/tau0.5/uniform/excl/k6/r2/ctl-plain,union,E,D_unif,0.5,excluded,plain,6,2,239,239,15,0.06276150627615062,6355,239,0
control/E/union/D_unif/tau0.5/uniform/excl/k6/r3/ctl-plain,union,E,D_unif,0.5,excluded,plain,6,3,1393,1393,370,0.2656137832017229,6355,1393,0
control/E/union/D_unif/tau0.5/uniform/excl/k6/r4/ctl-plain,union,E,D_unif,0.5,excluded,plain,6,4,2375,2375,959,0.40378947368421053,6355,2375,0
control/E/union/D_unif/tau0.5/uniform/excl/k6/r5/ctl-plain,union,E,D_unif,0.5,excluded,plain,6,5,3788,3788,2338,0.6172122492080253,6355,3788,0
control/E/union/D_unif/tau0.5/uniform/excl/k6/r6/ctl-plain,union,E,D_unif,0.5,excluded,plain,6,6,5205,5205,4322,0.830355427473583,6355,5205,0
control/E/union/D_unif/tau0.5/uniform/excl/k6/r7/ctl-plain,union,E,D_unif,0.5,excluded,plain,6,7,5981,5981,5636,0.9423173382377529,6355,5981,0
control/E/union/D_unif/tau0.5/uniform/excl/k7/r1/ctl-plain,union,E,D_unif,0.5,excluded,plain,7,1,27,27,0,0.0,6355,27,0
control/E/union/D_unif/tau0.5/uniform/excl/k7/r2/ctl-plain,union,E,D_unif,0.5,excluded,plain,7,2,257,257,19,0.07392996108949416,6355,257,0
control/E/union/D_unif/tau0.5/uniform/excl/k7/r3/ctl-plain,union,E,D_unif,0.5,excluded,plain,7,3,1412,1412,346,0.24504249291784702,6355,1412,0
control/E/union/D_unif/tau0.5/uniform/excl/k7/r4/ctl-plain,union,E,D_unif,0.5,excluded,plain,7,4,2197,2197,777,0.35366408739189803,6355,2197,0
control/E/union/D_unif/tau0.5/uniform/excl/k7/r5/ctl-plain,union,E,D_unif,0.5,excluded,plain,7,5,3599,3599,2090,0.5807168657960544,6355,3599,0
control/E/union/D_unif/tau0.5/uniform/excl/k7/r6/ctl-plain,union,E,D_unif,0.5,excluded,plain,7,6,5142,5142,4215,0.8197199533255543,6355,5142,0
control/E/union/D_unif/tau0.5/uniform/excl/k7/r7/ctl-plain,union,E,D_unif,0.5,excluded,plain,7,7,5926,5926,5538,0.9345258184272697,6355,5926,0
control/E/union/D_unif/tau0.5/uniform/excl/k0/r8/ctl-plain,union,E,D_unif,0.5,excluded,plain,0,8,6325,6325,6297,0.9955731225296442,6355,6325,0
control/E/union/D_unif/tau0.5/uniform/excl/k1/r8/ctl-plain,union,E,D_unif,0.5,excluded,plain,1,8,6325,6325,6296,0.9954150197628459,6355,6325,0
control/E/union/D_unif/tau0.5/uniform/excl/k2/r8/ctl-plain,union,E,D_unif,0.5,excluded,plain,2,8,6325,6325,6295,0.9952569169960475,6355,6325,0
control/E/union/D_unif/tau0.5/uniform/excl/k3/r8/ctl-plain,union,E,D_unif,0.5,excluded,plain,3,8,6325,6325,6295,0.9952569169960475,6355,6325,0
control/E/union/D_unif/tau0.5/uniform/excl/k4/r8/ctl-plain,union,E,D_unif,0.5,excluded,plain,4,8,6325,6325,6297,0.9955731225296442,6355,6325,0
control/E/union/D_unif/tau0.5/uniform/excl/k5/r8/ctl-plain,union,E,D_unif,0.5,excluded,plain,5,8,6325,6325,6296,0.9954150197628459,6355,6325,0
control/E/union/D_unif/tau0.5/uniform/excl/k6/r8/ctl-plain,union,E,D_unif,0.5,excluded,plain,6,8,6325,6325,6296,0.9954150197628459,6355,6325,0
control/E/union/D_unif/tau0.5/uniform/excl/k7/r8/ctl-plain,union,E,D_unif,0.5,excluded,plain,7,8,6325,6325,6295,0.9952569169960475,6355,6325,0
control/E/hard_zero/D_unif/tau0.5/ones/incl/k0/r1/ctl-plain,hard_zero,E,D_unif,0.5,included,plain,0,1,62,62,1,0.016129032258064516,6355,62,0
control/E/hard_zero/D_unif/tau0.5/ones/incl/k0/r2/ctl-plain,hard_zero,E,D_unif,0.5,included,plain,0,2,314,314,13,0.041401273885350316,6355,314,0
control/E/hard_zero/D_unif/tau0.5/ones/incl/k0/r3/ctl-plain,hard_zero,E,D_unif,0.5,included,plain,0,3,1470,1470,376,0.25578231292517006,6355,1470,0
control/E/hard_zero/D_unif/tau0.5/ones/incl/k0/r4/ctl-plain,hard_zero,E,D_unif,0.5,included,plain,0,4,3120,3120,1573,0.5041666666666667,6355,3120,0
control/E/hard_zero/D_unif/tau0.5/ones/incl/k0/r5/ctl-plain,hard_zero,E,D_unif,0.5,included,plain,0,5,4240,4240,2890,0.6816037735849056,6355,4240,0
control/E/hard_zero/D_unif/tau0.5/ones/incl/k0/r6/ctl-plain,hard_zero,E,D_unif,0.5,included,plain,0,6,5331,5331,4493,0.8428062277246295,6355,5331,0
control/E/hard_zero/D_unif/tau0.5/ones/incl/k0/r7/ctl-plain,hard_zero,E,D_unif,0.5,included,plain,0,7,5968,5968,5613,0.9405160857908847,6355,5968,0
control/E/hard_zero/D_unif/tau0.5/ones/incl/k1/r1/ctl-plain,hard_zero,E,D_unif,0.5,included,plain,1,1,54,54,2,0.037037037037037035,6355,54,0
control/E/hard_zero/D_unif/tau0.5/ones/incl/k1/r2/ctl-plain,hard_zero,E,D_unif,0.5,included,plain,1,2,305,305,20,0.06557377049180328,6355,305,0
control/E/hard_zero/D_unif/tau0.5/ones/incl/k1/r3/ctl-plain,hard_zero,E,D_unif,0.5,included,plain,1,3,1365,1365,386,0.2827838827838828,6355,1365,0
control/E/hard_zero/D_unif/tau0.5/ones/incl/k1/r4/ctl-plain,hard_zero,E,D_unif,0.5,included,plain,1,4,1633,1633,488,0.2988364972443356,6355,1633,0
control/E/hard_zero/D_unif/tau0.5/ones/incl/k1/r5/ctl-plain,hard_zero,E,D_unif,0.5,included,plain,1,5,3960,3960,2562,0.646969696969697,6355,3960,0
control/E/hard_zero/D_unif/tau0.5/ones/incl/k1/r6/ctl-plain,hard_zero,E,D_unif,0.5,included,plain,1,6,5186,5186,4278,0.8249132279213266,6355,5186,0
control/E/hard_zero/D_unif/tau0.5/ones/incl/k1/r7/ctl-plain,hard_zero,E,D_unif,0.5,included,plain,1,7,5842,5842,5388,0.922286888052037,6355,5842,0
control/E/hard_zero/D_unif/tau0.5/ones/incl/k2/r1/ctl-plain,hard_zero,E,D_unif,0.5,included,plain,2,1,57,57,1,0.017543859649122806,6355,57,0
control/E/hard_zero/D_unif/tau0.5/ones/incl/k2/r2/ctl-plain,hard_zero,E,D_unif,0.5,included,plain,2,2,276,276,14,0.050724637681159424,6355,276,0
control/E/hard_zero/D_unif/tau0.5/ones/incl/k2/r3/ctl-plain,hard_zero,E,D_unif,0.5,included,plain,2,3,1408,1408,392,0.2784090909090909,6355,1408,0
control/E/hard_zero/D_unif/tau0.5/ones/incl/k2/r4/ctl-plain,hard_zero,E,D_unif,0.5,included,plain,2,4,2246,2246,857,0.3815672306322351,6355,2246,0
control/E/hard_zero/D_unif/tau0.5/ones/incl/k2/r5/ctl-plain,hard_zero,E,D_unif,0.5,included,plain,2,5,4244,4244,2900,0.6833176248821866,6355,4244,0
control/E/hard_zero/D_unif/tau0.5/ones/incl/k2/r6/ctl-plain,hard_zero,E,D_unif,0.5,included,plain,2,6,5256,5256,4397,0.8365677321156774,6355,5256,0
control/E/hard_zero/D_unif/tau0.5/ones/incl/k2/r7/ctl-plain,hard_zero,E,D_unif,0.5,included,plain,2,7,5901,5901,5498,0.9317064904253516,6355,5901,0
control/E/hard_zero/D_unif/tau0.5/ones/incl/k3/r1/ctl-plain,hard_zero,E,D_unif,0.5,included,plain,3,1,44,44,1,0.022727272727272728,6355,44,0
control/E/hard_zero/D_unif/tau0.5/ones/incl/k3/r2/ctl-plain,hard_zero,E,D_unif,0.5,included,plain,3,2,388,388,37,0.09536082474226804,6355,388,0
control/E/hard_zero/D_unif/tau0.5/ones/incl/k3/r3/ctl-plain,hard_zero,E,D_unif,0.5,included,plain,3,3,1442,1442,406,0.2815533980582524,6355,1442,0
control/E/hard_zero/D_unif/tau0.5/ones/incl/k3/r4/ctl-plain,hard_zero,E,D_unif,0.5,included,plain,3,4,347,347,26,0.07492795389048991,6355,347,0
control/E/hard_zero/D_unif/tau0.5/ones/incl/k3/r5/ctl-plain,hard_zero,E,D_unif,0.5,included,plain,3,5,3977,3977,2531,0.6364093537842594,6355,3977,0
control/E/hard_zero/D_unif/tau0.5/ones/incl/k3/r6/ctl-plain,hard_zero,E,D_unif,0.5,included,plain,3,6,5208,5208,4319,0.8293010752688172,6355,5208,0
control/E/hard_zero/D_unif/tau0.5/ones/incl/k3/r7/ctl-plain,hard_zero,E,D_unif,0.5,included,plain,3,7,5869,5869,5444,0.927585619355938,6355,5869,0
control/E/hard_zero/D_unif/tau0.5/ones/incl/k4/r1/ctl-plain,hard_zero,E,D_unif,0.5,included,plain,4,1,59,59,1,0.01694915254237288,6355,59,0
control/E/hard_zero/D_unif/tau0.5/ones/incl/k4/r2/ctl-plain,hard_zero,E,D_unif,0.5,included,plain,4,2,267,267,24,0.0898876404494382,6355,267,0
control/E/hard_zero/D_unif/tau0.5/ones/incl/k4/r3/ctl-plain,hard_zero,E,D_unif,0.5,included,plain,4,3,1219,1219,290,0.23789991796554552,6355,1219,0
control/E/hard_zero/D_unif/tau0.5/ones/incl/k4/r4/ctl-plain,hard_zero,E,D_unif,0.5,included,plain,4,4,1992,1992,717,0.35993975903614456,6355,1992,0
control/E/hard_zero/D_unif/tau0.5/ones/incl/k4/r5/ctl-plain,hard_zero,E,D_unif,0.5,included,plain,4,5,3827,3827,2375,0.6205905408936504,6355,3827,0
control/E/hard_zero/D_unif/tau0.5/ones/incl/k4/r6/ctl-plain,hard_zero,E,D_unif,0.5,included,plain,4,6,5246,5246,4353,0.829775066717499,6355,5246,0
control/E/hard_zero/D_unif/tau0.5/ones/incl/k4/r7/ctl-plain,hard_zero,E,D_unif,0.5,included,plain,4,7,5935,5935,5550,0.9351305812973884,6355,5935,0
control/E/hard_zero/D_unif/tau0.5/ones/incl/k5/r1/ctl-plain,hard_zero,E,D_unif,0.5,included,plain,5,1,40,40,1,0.025,6355,40,0
control/E/hard_zero/D_unif/tau0.5/ones/incl/k5/r2/ctl-plain,hard_zero,E,D_unif,0.5,included,plain,5,2,224,224,12,0.05357142857142857,6355,224,0
control/E/hard_zero/D_unif/tau0.5/ones/incl/k5/r3/ctl-plain,hard_zero,E,D_unif,0.5,included,plain,5,3,1465,1465,406,0.2771331058020478,6355,1465,0
control/E/hard_zero/D_unif/tau0.5/ones/incl/k5/r4/ctl-plain,hard_zero,E,D_unif,0.5,included,plain,5,4,2585,2585,1123,0.4344294003868472,6355,2585,0
control/E/hard_zero/D_unif/tau0.5/ones/incl/k5/r5/ctl-plain,hard_zero,E,D_unif,0.5,included,plain,5,5,3981,3981,2567,0.6448128610901783,6355,3981,0
control/E/hard_zero/D_unif/tau0.5/ones/incl/k5/r6/ctl-plain,hard_zero,E,D_unif,0.5,included,plain,5,6,5402,5402,4621,0.8554239170677527,6355,5402,0
control/E/hard_zero/D_unif/tau0.5/ones/incl/k5/r7/ctl-plain,hard_zero,E,D_unif,0.5,included,plain,5,7,5887,5887,5467,0.9286563614744352,6355,5887,0
control/E/hard_zero/D_unif/tau0.5/ones/incl/k6/r1/ctl-plain,hard_zero,E,D_unif,0.5,included,plain,6,1,11,11,0,0.0,6355,11,0
control/E/hard_zero/D_unif/tau0.5/ones/incl/k6/r2/ctl-plain,hard_zero,E,D_unif,0.5,included,plain,6,2,239,239,22,0.09205020920502092,6355,239,0
control/E/hard_zero/D_unif/tau0.5/ones/incl/k6/r3/ctl-plain,hard_zero,E,D_unif,0.5,included,plain,6,3,1393,1393,380,0.2727925340990668,6355,1393,0
control/E/hard_zero/D_unif/tau0.5/ones/incl/k6/r4/ctl-plain,hard_zero,E,D_unif,0.5,included,plain,6,4,2375,2375,982,0.4134736842105263,6355,2375,0
control/E/hard_zero/D_unif/tau0.5/ones/incl/k6/r5/ctl-plain,hard_zero,E,D_unif,0.5,included,plain,6,5,3788,3788,2321,0.6127243928194298,6355,3788,0
control/E/hard_zero/D_unif/tau0.5/ones/incl/k6/r6/ctl-plain,hard_zero,E,D_unif,0.5,included,plain,6,6,5205,5205,4331,0.8320845341018251,6355,5205,0
control/E/hard_zero/D_unif/tau0.5/ones/incl/k6/r7/ctl-plain,hard_zero,E,D_unif,0.5,included,plain,6,7,5981,5981,5650,0.9446580839324528,6355,5981,0
control/E/hard_zero/D_unif/tau0.5/ones/incl/k7/r1/ctl-plain,hard_zero,E,D_unif,0.5,included,plain,7,1,27,27,2,0.07407407407407407,6355,27,0
control/E/hard_zero/D_unif/tau0.5/ones/incl/k7/r2/ctl-plain,hard_zero,E,D_unif,0.5,included,plain,7,2,257,257,15,0.058365758754863814,6355,257,0
control/E/hard_zero/D_unif/tau0.5/ones/incl/k7/r3/ctl-plain,hard_zero,E,D_unif,0.5,included,plain,7,3,1412,1412,364,0.2577903682719547,6355,1412,0
control/E/hard_zero/D_unif/tau0.5/ones/incl/k7/r4/ctl-plain,hard_zero,E,D_unif,0.5,included,plain,7,4,2197,2197,836,0.380518889394629,6355,2197,0
control/E/hard_zero/D_unif/tau0.5/ones/incl/k7/r5/ctl-plain,hard_zero,E,D_unif,0.5,included,plain,7,5,3599,3599,2111,0.5865518199499861,6355,3599,0
control/E/hard_zero/D_unif/tau0.5/ones/incl/k7/r6/ctl-plain,hard_zero,E,D_unif,0.5,included,plain,7,6,5142,5142,4218,0.8203033838973163,6355,5142,0
control/E/hard_zero/D_unif/tau0.5/ones/incl/k7/r7/ctl-plain,hard_zero,E,D_unif,0.5,included,plain,7,7,5926,5926,5552,0.9368882888963888,6355,5926,0
control/E/hard_zero/D_unif/tau0.5/ones/incl/k0/r8/ctl-plain,hard_zero,E,D_unif,0.5,included,plain,0,8,6325,6325,6295,0.9952569169960475,6355,6325,0
control/E/soft_erase/D_unif/tau0.5/r1/excl/k0/r1/ctl-plain,soft_erase,E,D_unif,0.5,excluded,plain,0,1,62,62,2,0.03225806451612903,6355,62,0
control/E/soft_erase/D_unif/tau0.5/r1/excl/k0/r2/ctl-plain,soft_erase,E,D_unif,0.5,excluded,plain,0,2,314,314,22,0.07006369426751592,6355,314,0
control/E/soft_erase/D_unif/tau0.5/r1/excl/k0/r3/ctl-plain,soft_erase,E,D_unif,0.5,excluded,plain,0,3,1470,1470,391,0.26598639455782314,6355,1470,0
control/E/soft_erase/D_unif/tau0.5/r1/excl/k0/r4/ctl-plain,soft_erase,E,D_unif,0.5,excluded,plain,0,4,3120,3120,1617,0.5182692307692308,6355,3120,0
control/E/soft_erase/D_unif/tau0.5/r1/excl/k0/r5/ctl-plain,soft_erase,E,D_unif,0.5,excluded,plain,0,5,4240,4240,2928,0.690566037735849,6355,4240,0
control/E/soft_erase/D_unif/tau0.5/r1/excl/k0/r6/ctl-plain,soft_erase,E,D_unif,0.5,excluded,plain,0,6,5331,5331,4526,0.848996435940724,6355,5331,0
control/E/soft_erase/D_unif/tau0.5/r1/excl/k0/r7/ctl-plain,soft_erase,E,D_unif,0.5,excluded,plain,0,7,5968,5968,5621,0.9418565683646113,6355,5968,0
control/E/soft_erase/D_unif/tau0.5/r1/excl/k1/r1/ctl-plain,soft_erase,E,D_unif,0.5,excluded,plain,1,1,54,54,3,0.05555555555555555,6355,54,0
control/E/soft_erase/D_unif/tau0.5/r1/excl/k1/r2/ctl-plain,soft_erase,E,D_unif,0.5,excluded,plain,1,2,305,305,34,0.11147540983606558,6355,305,0
control/E/soft_erase/D_unif/tau0.5/r1/excl/k1/r3/ctl-plain,soft_erase,E,D_unif,0.5,excluded,plain,1,3,1365,1365,366,0.2681318681318681,6355,1365,0
control/E/soft_erase/D_unif/tau0.5/r1/excl/k1/r4/ctl-plain,soft_erase,E,D_unif,0.5,excluded,plain,1,4,1633,1633,471,0.288426209430496,6355,1633,0
control/E/soft_erase/D_unif/tau0.5/r1/excl/k1/r5/ctl-plain,soft_erase,E,D_unif,0.5,excluded,plain,1,5,3960,3960,2518,0.6358585858585859,6355,3960,0
control/E/soft_erase/D_unif/tau0.5/r1/excl/k1/r6/ctl-plain,soft_erase,E,D_unif,0.5,excluded,plain,1,6,5186,5186,4273,0.823949093713845,6355,5186,0
control/E/soft_erase/D_unif/tau0.5/r1/excl/k1/r7/ctl-plain,soft_erase,E,D_unif,0.5,excluded,plain,1,7,5842,5842,5385,0.921773365285861,6355,5842,0
control/E/soft_erase/D_unif/tau0.5/r1/excl/k2/r1/ctl-plain,soft_erase,E,D_unif,0.5,excluded,plain,2,1,57,57,1,0.017543859649122806,6355,57,0
control/E/soft_erase/D_unif/tau0.5/r1/excl/k2/r2/ctl-plain,soft_erase,E,D_unif,0.5,excluded,plain,2,2,276,276,14,0.050724637681159424,6355,276,0
control/E/soft_erase/D_unif/tau0.5/r1/excl/k2/r3/ctl-plain,soft_erase,E,D_unif,0.5,excluded,plain,2,3,1408,1408,388,0.2755681818181818,6355,1408,0
control/E/soft_erase/D_unif/tau0.5/r1/excl/k2/r4/ctl-plain,soft_erase,E,D_unif,0.5,excluded,plain,2,4,2246,2246,840,0.37399821905609976,6355,2246,0
control/E/soft_erase/D_unif/tau0.5/r1/excl/k2/r5/ctl-plain,soft_erase,E,D_unif,0.5,excluded,plain,2,5,4244,4244,2889,0.6807257304429783,6355,4244,0
control/E/soft_erase/D_unif/tau0.5/r1/excl/k2/r6/ctl-plain,soft_erase,E,D_unif,0.5,excluded,plain,2,6,5256,5256,4390,0.8352359208523592,6355,5256,0
control/E/soft_erase/D_unif/tau0.5/r1/excl/k2/r7/ctl-plain,soft_erase,E,D_unif,0.5,excluded,plain,2,7,5901,5901,5494,0.9310286392136926,6355,5901,0
control/E/soft_erase/D_unif/tau0.5/r1/excl/k3/r1/ctl-plain,soft_erase,E,D_unif,0.5,excluded,plain,3,1,44,44,1,0.022727272727272728,6355,44,0
control/E/soft_erase/D_unif/tau0.5/r1/excl/k3/r2/ctl-plain,soft_erase,E,D_unif,0.5,excluded,plain,3,2,388,388,35,0.09020618556701031,6355,388,0
control/E/soft_erase/D_unif/tau0.5/r1/excl/k3/r3/ctl-plain,soft_erase,E,D_unif,0.5,excluded,plain,3,3,1442,1442,404,0.2801664355062413,6355,1442,0
control/E/soft_erase/D_unif/tau0.5/r1/excl/k3/r4/ctl-plain,soft_erase,E,D_unif,0.5,excluded,plain,3,4,347,347,23,0.06628242074927954,6355,347,0
control/E/soft_erase/D_unif/tau0.5/r1/excl/k3/r5/ctl-plain,soft_erase,E,D_unif,0.5,excluded,plain,3,5,3977,3977,2553,0.641941161679658,6355,3977,0
control/E/soft_erase/D_unif/tau0.5/r1/excl/k3/r6/ctl-plain,soft_erase,E,D_unif,0.5,excluded,plain,3,6,5208,5208,4323,0.8300691244239631,6355,5208,0
control/E/soft_erase/D_unif/tau0.5/r1/excl/k3/r7/ctl-plain,soft_erase,E,D_unif,0.5,excluded,plain,3,7,5869,5869,5440,0.9269040722439938,6355,5869,0
control/E/soft_erase/D_unif/tau0.5/r1/excl/k4/r1/ctl-plain,soft_erase,E,D_unif,0.5,excluded,plain,4,1,59,59,2,0.03389830508474576,6355,59,0
control/E/soft_erase/D_unif/tau0.5/r1/excl/k4/r2/ctl-plain,soft_erase,E,D_unif,0.5,excluded,plain,4,2,267,267,24,0.0898876404494382,6355,267,0
control/E/soft_erase/D_unif/tau0.5/r1/excl/k4/r3/ctl-plain,soft_erase,E,D_unif,0.5,excluded,plain,4,3,1219,1219,281,0.23051681706316654,6355,1219,0
control/E/soft_erase/D_unif/tau0.5/r1/excl/k4/r4/ctl-plain,soft_erase,E,D_unif,0.5,excluded,plain,4,4,1992,1992,689,0.3458835341365462,6355,1992,0
control/E/soft_erase/D_unif/tau0.5/r1/excl/k4/r5/ctl-plain,soft_erase,E,D_unif,0.5,excluded,plain,4,5,3827,3827,2412,0.6302586882675725,6355,3827,0
control/E/soft_erase/D_unif/tau0.5/r1/excl/k4/r6/ctl-plain,soft_erase,E,D_unif,0.5,excluded,plain,4,6,5246,5246,4383,0.835493709492947,6355,5246,0
control/E/soft_erase/D_unif/tau0.5/r1/excl/k4/r7/ctl-plain,soft_erase,E,D_unif,0.5,excluded,plain,4,7,5935,5935,5570,0.9385004212299916,6355,5935,0
control/E/soft_erase/D_unif/tau0.5/r1/excl/k5/r1/ctl-plain,soft_erase,E,D_unif,0.5,excluded,plain,5,1,40,40,0,0.0,6355,40,0
control/E/soft_erase/D_unif/tau0.5/r1/excl/k5/r2/ctl-plain,soft_erase,E,D_unif,0.5,excluded,plain,5,2,224,224,8,0.03571428571428571,6355,224,0
control/E/soft_erase/D_unif/tau0.5/r1/excl/k5/r3/ctl-plain,soft_erase,E,D_unif,0.5,excluded,plain,5,3,1465,1465,415,0.2832764505119454,6355,1465,0
control/E/soft_erase/D_unif/tau0.5/r1/excl/k5/r4/ctl-plain,soft_erase,E,D_unif,0.5,excluded,plain,5,4,2585,2585,1109,0.4290135396518375,6355,2585,0
control/E/soft_erase/D_unif/tau0.5/r1/excl/k5/r5/ctl-plain,soft_erase,E,D_unif,0.5,excluded,plain,5,5,3981,3981,2553,0.6412961567445365,6355,3981,0
control/E/soft_erase/D_unif/tau0.5/r1/excl/k5/r6/ctl-plain,soft_erase,E,D_unif,0.5,excluded,plain,5,6,5402,5402,4628,0.8567197334320622,6355,5402,0
control/E/soft_erase/D_unif/tau0.5/r1/excl/k5/r7/ctl-plain,soft_erase,E,D_unif,0.5,excluded,plain,5,7,5887,5887,5472,0.9295056905045015,6355,5887,0
control/E/soft_erase/D_unif/tau0.5/r1/excl/k6/r1/ctl-plain,soft_erase,E,D_unif,0.5,excluded,plain,6,1,11,11,0,0.0,6355,11,0
control/E/soft_erase/D_unif/tau0.5/r1/excl/k6/r2/ctl-plain,soft_erase,E,D_unif,0.5,excluded,plain,6,2,239,239,8,0.03347280334728033,6355,239,0
control/E/soft_erase/D_unif/tau0.5/r1/excl/k6/r3/ctl-plain,soft_erase,E,D_unif,0.5,excluded,plain,6,3,1393,1393,357,0.2562814070351759,6355,1393,0
control/E/soft_erase/D_unif/tau0.5/r1/excl/k6/r4/ctl-plain,soft_erase,E,D_unif,0.5,excluded,plain,6,4,2375,2375,927,0.3903157894736842,6355,2375,0
control/E/soft_erase/D_unif/tau0.5/r1/excl/k6/r5/ctl-plain,soft_erase,E,D_unif,0.5,excluded,plain,6,5,3788,3788,2335,0.6164202745512144,6355,3788,0
control/E/soft_erase/D_unif/tau0.5/r1/excl/k6/r6/ctl-plain,soft_erase,E,D_unif,0.5,excluded,plain,6,6,5205,5205,4317,0.8293948126801153,6355,5205,0
control/E/soft_erase/D_unif/tau0.5/r1/excl/k6/r7/ctl-plain,soft_erase,E,D_unif,0.5,excluded,plain,6,7,5981,5981,5633,0.9418157498746029,6355,5981,0
control/E/soft_erase/D_unif/tau0.5/r1/excl/k7/r1/ctl-plain,soft_erase,E,D_unif,0.5,excluded,plain,7,1,27,27,0,0.0,6355,27,0
control/E/soft_erase/D_unif/tau0.5/r1/excl/k7/r2/ctl-plain,soft_erase,E,D_unif,0.5,excluded,plain,7,2,257,257,24,0.0933852140077821,6355,257,0
control/E/soft_erase/D_unif/tau0.5/r1/excl/k7/r3/ctl-plain,soft_erase,E,D_unif,0.5,excluded,plain,7,3,1412,1412,343,0.24291784702549576,6355,1412,0
control/E/soft_erase/D_unif/tau0.5/r1/excl/k7/r4/ctl-plain,soft_erase,E,D_unif,0.5,excluded,plain,7,4,2197,2197,809,0.3682294037323623,6355,2197,0
control/E/soft_erase/D_unif/tau0.5/r1/excl/k7/r5/ctl-plain,soft_erase,E,D_unif,0.5,excluded,plain,7,5,3599,3599,2088,0.5801611558766324,6355,3599,0
control/E/soft_erase/D_unif/tau0.5/r1/excl/k7/r6/ctl-plain,soft_erase,E,D_unif,0.5,excluded,plain,7,6,5142,5142,4216,0.8199144301828083,6355,5142,0
control/E/soft_erase/D_unif/tau0.5/r1/excl/k7/r7/ctl-plain,soft_erase,E,D_unif,0.5,excluded,plain,7,7,5926,5926,5541,0.9350320620992237,6355,5926,0
control/E/soft_erase/D_unif/tau0.5/r1/excl/k0/r8/ctl-plain,soft_erase,E,D_unif,0.5,excluded,plain,0,8,6325,6325,6297,0.9955731225296442,6355,6325,0
control/E/soft_erase/D_unif/tau0.5/uniform/excl/k0/r1/ctl-plain,soft_erase,E,D_unif,0.5,excluded,plain,0,1,62,62,2,0.03225806451612903,6355,62,0
control/E/soft_erase/D_unif/tau0.5/uniform/excl/k0/r2/ctl-plain,soft_erase,E,D_unif,0.5,excluded,plain,0,2,314,314,22,0.07006369426751592,6355,314,0
control/E/soft_erase/D_unif/tau0.5/uniform/excl/k0/r3/ctl-plain,soft_erase,E,D_unif,0.5,excluded,plain,0,3,1470,1470,391,0.26598639455782314,6355,1470,0
control/E/soft_erase/D_unif/tau0.5/uniform/excl/k0/r4/ctl-plain,soft_erase,E,D_unif,0.5,excluded,plain,0,4,3120,3120,1617,0.5182692307692308,6355,3120,0
control/E/soft_erase/D_unif/tau0.5/uniform/excl/k0/r5/ctl-plain,soft_erase,E,D_unif,0.5,excluded,plain,0,5,4240,4240,2928,0.690566037735849,6355,4240,0
control/E/soft_erase/D_unif/tau0.5/uniform/excl/k0/r6/ctl-plain,soft_erase,E,D_unif,0.5,excluded,plain,0,6,5331,5331,4526,0.848996435940724,6355,5331,0
control/E/soft_erase/D_unif/tau0.5/uniform/excl/k0/r7/ctl-plain,soft_erase,E,D_unif,0.5,excluded,plain,0,7,5968,5968,5621,0.9418565683646113,6355,5968,0
control/E/soft_erase/D_unif/tau0.5/uniform/excl/k1/r1/ctl-plain,soft_erase,E,D_unif,0.5,excluded,plain,1,1,54,54,3,0.05555555555555555,6355,54,0
control/E/soft_erase/D_unif/tau0.5/uniform/excl/k1/r2/ctl-plain,soft_erase,E,D_unif,0.5,excluded,plain,1,2,305,305,34,0.11147540983606558,6355,305,0
control/E/soft_erase/D_unif/tau0.5/uniform/excl/k1/r3/ctl-plain,soft_erase,E,D_unif,0.5,excluded,plain,1,3,1365,1365,366,0.2681318681318681,6355,1365,0
control/E/soft_erase/D_unif/tau0.5/uniform/excl/k1/r4/ctl-plain,soft_erase,E,D_unif,0.5,excluded,plain,1,4,1633,1633,471,0.288426209430496,6355,1633,0
control/E/soft_erase/D_unif/tau0.5/uniform/excl/k1/r5/ctl-plain,soft_erase,E,D_unif,0.5,excluded,plain,1,5,3960,3960,2518,0.6358585858585859,6355,3960,0
control/E/soft_erase/D_unif/tau0.5/uniform/excl/k1/r6/ctl-plain,soft_erase,E,D_unif,0.5,excluded,plain,1,6,5186,5186,4273,0.823949093713845,6355,5186,0
control/E/soft_erase/D_unif/tau0.5/uniform/excl/k1/r7/ctl-plain,soft_erase,E,D_unif,0.5,excluded,plain,1,7,5842,5842,5385,0.921773365285861,6355,5842,0
control/E/soft_erase/D_unif/tau0.5/uniform/excl/k2/r1/ctl-plain,soft_erase,E,D_unif,0.5,excluded,plain,2,1,57,57,1,0.017543859649122806,6355,57,0
control/E/soft_erase/D_unif/tau0.5/uniform/excl/k2/r2/ctl-plain,soft_erase,E,D_unif,0.5,excluded,plain,2,2,276,276,14,0.050724637681159424,6355,276,0
control/E/soft_erase/D_unif/tau0.5/uniform/excl/k2/r3/ctl-plain,soft_erase,E,D_unif,0.5,excluded,plain,2,3,1408,1408,388,0.2755681818181818,6355,1408,0
control/E/soft_erase/D_unif/tau0.5/uniform/excl/k2/r4/ctl-plain,soft_erase,E,D_unif,0.5,excluded,plain,2,4,2246,2246,840,0.37399821905609976,6355,2246,0
control/E/soft_erase/D_unif/tau0.5/uniform/excl/k2/r5/ctl-plain,soft_erase,E,D_unif,0.5,excluded,plain,2,5,4244,4244,2889,0.6807257304429783,6355,4244,0
control/E/soft_erase/D_unif/tau0.5/uniform/excl/k2/r6/ctl-plain,soft_erase,E,D_unif,0.5,excluded,plain,2,6,5256,5256,4390,0.8352359208523592,6355,5256,0
control/E/soft_erase/D_unif/tau0.5/uniform/excl/k2/r7/ctl-plain,soft_erase,E,D_unif,0.5,excluded,plain,2,7,5901,5901,5494,0.9310286392136926,6355,5901,0
control/E/soft_erase/D_unif/tau0.5/uniform/excl/k3/r1/ctl-plain,soft_erase,E,D_unif,0.5,excluded,plain,3,1,44,44,1,0.022727272727272728,6355,44,0
control/E/soft_erase/D_unif/tau0.5/uniform/excl/k3/r2/ctl-plain,soft_erase,E,D_unif,0.5,excluded,plain,3,2,388,388,35,0.09020618556701031,6355,388,0
control/E/soft_erase/D_unif/tau0.5/uniform/excl/k3/r3/ctl-plain,soft_erase,E,D_unif,0.5,excluded,plain,3,3,1442,1442,404,0.2801664355062413,6355,1442,0
control/E/soft_erase/D_unif/tau0.5/uniform/excl/k3/r4/ctl-plain,soft_erase,E,D_unif,0.5,excluded,plain,3,4,347,347,23,0.06628242074927954,6355,347,0
control/E/soft_erase/D_unif/tau0.5/uniform/excl/k3/r5/ctl-plain,soft_erase,E,D_unif,0.5,excluded,plain,3,5,3977,3977,2553,0.641941161679658,6355,3977,0
control/E/soft_erase/D_unif/tau0.5/uniform/excl/k3/r6/ctl-plain,soft_erase,E,D_unif,0.5,excluded,plain,3,6,5208,5208,4323,0.8300691244239631,6355,5208,0
control/E/soft_erase/D_unif/tau0.5/uniform/excl/k3/r7/ctl-plain,soft_erase,E,D_unif,0.5,excluded,plain,3,7,5869,5869,5440,0.9269040722439938,6355,5869,0
control/E/soft_erase/D_unif/tau0.5/uniform/excl/k4/r1/ctl-plain,soft_erase,E,D_unif,0.5,excluded,plain,4,1,59,59,2,0.03389830508474576,6355,59,0
control/E/soft_erase/D_unif/tau0.5/uniform/excl/k4/r2/ctl-plain,soft_erase,E,D_unif,0.5,excluded,plain,4,2,267,267,24,0.0898876404494382,6355,267,0
control/E/soft_erase/D_unif/tau0.5/uniform/excl/k4/r3/ctl-plain,soft_erase,E,D_unif,0.5,excluded,plain,4,3,1219,1219,281,0.23051681706316654,6355,1219,0
control/E/soft_erase/D_unif/tau0.5/uniform/excl/k4/r4/ctl-plain,soft_erase,E,D_unif,0.5,excluded,plain,4,4,1992,1992,689,0.3458835341365462,6355,1992,0
control/E/soft_erase/D_unif/tau0.5/uniform/excl/k4/r5/ctl-plain,soft_erase,E,D_unif,0.5,excluded,plain,4,5,3827,3827,2412,0.6302586882675725,6355,3827,0
control/E/soft_erase/D_unif/tau0.5/uniform/excl/k4/r6/ctl-plain,soft_erase,E,D_unif,0.5,excluded,plain,4,6,5246,5246,4383,0.835493709492947,6355,5246,0
control/E/soft_erase/D_unif/tau0.5/uniform/excl/k4/r7/ctl-plain,soft_erase,E,D_unif,0.5,excluded,plain,4,7,5935,5935,5570,0.9385004212299916,6355,5935,0
control/E/soft_erase/D_unif/tau0.5/uniform/excl/k5/r1/ctl-plain,soft_erase,E,D_unif,0.5,excluded,plain,5,1,40,40,0,0.0,6355,40,0
control/E/soft_erase/D_unif/tau0.5/uniform/excl/k5/r2/ctl-plain,soft_erase,E,D_unif,0.5,excluded,plain,5,2,224,224,8,0.03571428571428571,6355,224,0
control/E/soft_erase/D_unif/tau0.5/uniform/excl/k5/r3/ctl-plain,soft_erase,E,D_unif,0.5,excluded,plain,5,3,1465,1465,415,0.2832764505119454,6355,1465,0
control/E/soft_erase/D_unif/tau0.5/uniform/excl/k5/r4/ctl-plain,soft_erase,E,D_unif,0.5,excluded,plain,5,4,2585,2585,1109,0.4290135396518375,6355,2585,0
control/E/soft_erase/D_unif/tau0.5/uniform/excl/k5/r5/ctl-plain,soft_erase,E,D_unif,0.5,excluded,plain,5,5,3981,3981,2553,0.6412961567445365,6355,3981,0
control/E/soft_erase/D_unif/tau0.5/uniform/excl/k5/r6/ctl-plain,soft_erase,E,D_unif,0.5,excluded,plain,5,6,5402,5402,4628,0.8567197334320622,6355,5402,0
control/E/soft_erase/D_unif/tau0.5/uniform/excl/k5/r7/ctl-plain,soft_erase,E,D_unif,0.5,excluded,plain,5,7,5887,5887,5472,0.9295056905045015,6355,5887,0
control/E/soft_erase/D_unif/tau0.5/uniform/excl/k6/r1/ctl-plain,soft_erase,E,D_unif,0.5,excluded,plain,6,1,11,11,0,0.0,6355,11,0
control/E/soft_erase/D_unif/tau0.5/uniform/excl/k6/r2/ctl-plain,soft_erase,E,D_unif,0.5,excluded,plain,6,2,239,239,8,0.03347280334728033,6355,239,0
control/E/soft_erase/D_unif/tau0.5/uniform/excl/k6/r3/ctl-plain,soft_erase,E,D_unif,0.5,excluded,plain,6,3,1393,1393,357,0.2562814070351759,6355,1393,0
control/E/soft_erase/D_unif/tau0.5/uniform/excl/k6/r4/ctl-plain,soft_erase,E,D_unif,0.5,excluded,plain,6,4,2375,2375,927,0.3903157894736842,6355,2375,0
control/E/soft_erase/D_unif/tau0.5/uniform/excl/k6/r5/ctl-plain,soft_erase,E,D_unif,0.5,excluded,plain,6,5,3788,3788,2335,0.6164202745512144,6355,3788,0
control/E/soft_erase/D_unif/tau0.5/uniform/excl/k6/r6/ctl-plain,soft_erase,E,D_unif,0.5,excluded,plain,6,6,5205,5205,4317,0.8293948126801153,6355,5205,0
control/E/soft_erase/D_unif/tau0.5/uniform/excl/k6/r7/ctl-plain,soft_erase,E,D_unif,0.5,excluded,plain,6,7,5981,5981,5633,0.9418157498746029,6355,5981,0
control/E/soft_erase/D_unif/tau0.5/uniform/excl/k7/r1/ctl-plain,soft_erase,E,D_unif,0.5,excluded,plain,7,1,27,27,0,0.0,6355,27,0
control/E/soft_erase/D_unif/tau0.5/uniform/excl/k7/r2/ctl-plain,soft_erase,E,D_unif,0.5,excluded,plain,7,2,257,257,24,0.0933852140077821,6355,257,0
control/E/soft_erase/D_unif/tau0.5/uniform/excl/k7/r3/ctl-plain,soft_erase,E,D_unif,0.5,excluded,plain,7,3,1412,1412,343,0.24291784702549576,6355,1412,0
control/E/soft_erase/D_unif/tau0.5/uniform/excl/k7/r4/ctl-plain,soft_erase,E,D_unif,0.5,excluded,plain,7,4,2197,2197,809,0.3682294037323623,6355,2197,0
control/E/soft_erase/D_unif/tau0.5/uniform/excl/k7/r5/ctl-plain,soft_erase,E,D_unif,0.5,excluded,plain,7,5,3599,3599,2088,0.5801611558766324,6355,3599,0
control/E/soft_erase/D_unif/tau0.5/uniform/excl/k7/r6/ctl-plain,soft_erase,E,D_unif,0.5,excluded,plain,7,6,5142,5142,4216,0.8199144301828083,6355,5142,0
control/E/soft_erase/D_unif/tau0.5/uniform/excl/k7/r7/ctl-plain,soft_erase,E,D_unif,0.5,excluded,plain,7,7,5926,5926,5541,0.9350320620992237,6355,5926,0
control/E/soft_erase/D_unif/tau0.5/uniform/excl/k0/r8/ctl-plain,soft_erase,E,D_unif,0.5,excluded,plain,0,8,6325,6325,6297,0.9955731225296442,6355,6325,0
control/E/soft_erase/D_unif/tau0.5/uniform/excl/k1/r8/ctl-plain,soft_erase,E,D_unif,0.5,excluded,plain,1,8,6325,6325,6296,0.9954150197628459,6355,6325,0
control/E/soft_erase/D_unif/tau0.5/uniform/excl/k2/r8/ctl-plain,soft_erase,E,D_unif,0.5,excluded,plain,2,8,6325,6325,6296,0.9954150197628459,6355,6325,0
control/E/soft_erase/D_unif/tau0.5/uniform/excl/k3/r8/ctl-plain,soft_erase,E,D_unif,0.5,excluded,plain,3,8,6325,6325,6298,0.9957312252964426,6355,6325,0
control/E/soft_erase/D_unif/tau0.5/uniform/excl/k4/r8/ctl-plain,soft_erase,E,D_unif,0.5,excluded,plain,4,8,6325,6325,6296,0.9954150197628459,6355,6325,0
control/E/soft_erase/D_unif/tau0.5/uniform/excl/k5/r8/ctl-plain,soft_erase,E,D_unif,0.5,excluded,plain,5,8,6325,6325,6298,0.9957312252964426,6355,6325,0
control/E/soft_erase/D_unif/tau0.5/uniform/excl/k6/r8/ctl-plain,soft_erase,E,D_unif,0.5,excluded,plain,6,8,6325,6325,6295,0.9952569169960475,6355,6325,0
control/E/soft_erase/D_unif/tau0.5/uniform/excl/k7/r8/ctl-plain,soft_erase,E,D_unif,0.5,excluded,plain,7,8,6325,6325,6295,0.9952569169960475,6355,6325,0
control/E_lab/hard_zero/D_code/tau0.5/ones/incl/k0/r1/ctl-plain,hard_zero,E_lab,D_code,0.5,included,plain,0,1,65,65,1,0.015384615384615385,6355,65,0
control/E_lab/hard_zero/D_code/tau0.5/ones/incl/k0/r2/ctl-plain,hard_zero,E_lab,D_code,0.5,included,plain,0,2,302,302,23,0.076158940397351,6355,302,0
control/E_lab/hard_zero/D_code/tau0.5/ones/incl/k0/r3/ctl-plain,hard_zero,E_lab,D_code,0.5,included,plain,0,3,998,998,211,0.21142284569138275,6355,998,0
control/E_lab/hard_zero/D_code/tau0.5/ones/incl/k0/r4/ctl-plain,hard_zero,E_lab,D_code,0.5,included,plain,0,4,2499,2499,1045,0.4181672669067627,6355,2499,0
control/E_lab/hard_zero/D_code/tau0.5/ones/incl/k0/r5/ctl-plain,hard_zero,E_lab,D_code,0.5,included,plain,0,5,3540,3540,2012,0.5683615819209039,6355,3540,0
control/E_lab/hard_zero/D_code/tau0.5/ones/incl/k0/r6/ctl-plain,hard_zero,E_lab,D_code,0.5,included,plain,0,6,4603,4603,3364,0.7308277210514882,6355,4603,0
control/E_lab/hard_zero/D_code/tau0.5/ones/incl/k0/r7/ctl-plain,hard_zero,E_lab,D_code,0.5,included,plain,0,7,5173,5173,4266,0.8246665377923835,6355,5173,0
control/E_lab/hard_zero/D_code/tau0.5/ones/incl/k1/r1/ctl-plain,hard_zero,E_lab,D_code,0.5,included,plain,1,1,32,32,0,0.0,6355,32,0
control/E_lab/hard_zero/D_code/tau0.5/ones/incl/k1/r2/ctl-plain,hard_zero,E_lab,D_code,0.5,included,plain,1,2,191,191,6,0.031413612565445025,6355,191,0
control/E_lab/hard_zero/D_code/tau0.5/ones/incl/k1/r3/ctl-plain,hard_zero,E_lab,D_code,0.5,included,plain,1,3,1190,1190,271,0.22773109243697479,6355,1190,0
control/E_lab/hard_zero/D_code/tau0.5/ones/incl/k1/r4/ctl-plain,hard_zero,E_lab,D_code,0.5,included,plain,1,4,1705,1705,527,0.3090909090909091,6355,1705,0
control/E_lab/hard_zero/D_code/tau0.5/ones/incl/k1/r5/ctl-plain,hard_zero,E_lab,D_code,0.5,included,plain,1,5,3638,3638,2164,0.5948323254535459,6355,3638,0
control/E_lab/hard_zero/D_code/tau0.5/ones/incl/k1/r6/ctl-plain,hard_zero,E_lab,D_code,0.5,included,plain,1,6,4576,4576,3329,0.7274912587412588,6355,4576,0
control/E_lab/hard_zero/D_code/tau0.5/ones/incl/k1/r7/ctl-plain,hard_zero,E_lab,D_code,0.5,included,plain,1,7,5296,5296,4450,0.8402567975830816,6355,5296,0
control/E_lab/hard_zero/D_code/tau0.5/ones/incl/k2/r1/ctl-plain,hard_zero,E_lab,D_code,0.5,included,plain,2,1,71,71,0,0.0,6355,71,0
control/E_lab/hard_zero/D_code/tau0.5/ones/incl/k2/r2/ctl-plain,hard_zero,E_lab,D_code,0.5,included,plain,2,2,211,211,13,0.061611374407582936,6355,211,0
control/E_lab/hard_zero/D_code/tau0.5/ones/incl/k2/r3/ctl-plain,hard_zero,E_lab,D_code,0.5,included,plain,2,3,1146,1146,239,0.20855148342059338,6355,1146,0
control/E_lab/hard_zero/D_code/tau0.5/ones/incl/k2/r4/ctl-plain,hard_zero,E_lab,D_code,0.5,included,plain,2,4,2101,2101,795,0.3783912422655878,6355,2101,0
control/E_lab/hard_zero/D_code/tau0.5/ones/incl/k2/r5/ctl-plain,hard_zero,E_lab,D_code,0.5,included,plain,2,5,3656,3656,2157,0.5899890590809628,6355,3656,0
control/E_lab/hard_zero/D_code/tau0.5/ones/incl/k2/r6/ctl-plain,hard_zero,E_lab,D_code,0.5,included,plain,2,6,4543,4543,3299,0.726172132951794,6355,4543,0
control/E_lab/hard_zero/D_code/tau0.5/ones/incl/k2/r7/ctl-plain,hard_zero,E_lab,D_code,0.5,included,plain,2,7,5114,5114,4146,0.8107156824403597,6355,5114,0
control/E_lab/hard_zero/D_code/tau0.5/ones/incl/k3/r1/ctl-plain,hard_zero,E_lab,D_code,0.5,included,plain,3,1,21,21,0,0.0,6355,21,0
control/E_lab/hard_zero/D_code/tau0.5/ones/incl/k3/r2/ctl-plain,hard_zero,E_lab,D_code,0.5,included,plain,3,2,249,249,15,0.060240963855421686,6355,249,0
control/E_lab/hard_zero/D_code/tau0.5/ones/incl/k3/r3/ctl-plain,hard_zero,E_lab,D_code,0.5,included,plain,3,3,1263,1263,324,0.25653206650831356,6355,1263,0
control/E_lab/hard_zero/D_code/tau0.5/ones/incl/k3/r4/ctl-plain,hard_zero,E_lab,D_code,0.5,included,plain,3,4,1504,1504,418,0.2779255319148936,6355,1504,0
control/E_lab/hard_zero/D_code/tau0.5/ones/incl/k3/r5/ctl-plain,hard_zero,E_lab,D_code,0.5,included,plain,3,5,2753,2753,1280,0.46494733018525247,6355,2753,0
control/E_lab/hard_zero/D_code/tau0.5/ones/incl/k3/r6/ctl-plain,hard_zero,E_lab,D_code,0.5,included,plain,3,6,4624,4624,3454,0.7469723183391004,6355,4624,0
control/E_lab/hard_zero/D_code/tau0.5/ones/incl/k3/r7/ctl-plain,hard_zero,E_lab,D_code,0.5,included,plain,3,7,5244,5244,4407,0.8403890160183066,6355,5244,0
control/E_lab/hard_zero/D_code/tau0.5/ones/incl/k4/r1/ctl-plain,hard_zero,E_lab,D_code,0.5,included,plain,4,1,20,20,0,0.0,6355,20,0
control/E_lab/hard_zero/D_code/tau0.5/ones/incl/k4/r2/ctl-plain,hard_zero,E_lab,D_code,0.5,included,plain,4,2,250,250,14,0.056,6355,250,0
control/E_lab/hard_zero/D_code/tau0.5/ones/incl/k4/r3/ctl-plain,hard_zero,E_lab,D_code,0.5,included,plain,4,3,1006,1006,194,0.19284294234592445,6355,1006,0
control/E_lab/hard_zero/D_code/tau0.5/ones/incl/k4/r4/ctl-plain,hard_zero,E_lab,D_code,0.5,included,plain,4,4,2490,2490,1041,0.41807228915662653,6355,2490,0
control/E_lab/hard_zero/D_code/tau0.5/ones/incl/k4/r5/ctl-plain,hard_zero,E_lab,D_code,0.5,included,plain,4,5,3263,3263,1748,0.535703340484217,6355,3263,0
control/E_lab/hard_zero/D_code/tau0.5/ones/incl/k4/r6/ctl-plain,hard_zero,E_lab,D_code,0.5,included,plain,4,6,4606,4606,3374,0.7325227963525835,6355,4606,0
control/E_lab/hard_zero/D_code/tau0.5/ones/incl/k4/r7/ctl-plain,hard_zero,E_lab,D_code,0.5,included,plain,4,7,5233,5233,4357,0.8326008025988917,6355,5233,0
control/E_lab/hard_zero/D_code/tau0.5/ones/incl/k5/r1/ctl-plain,hard_zero,E_lab,D_code,0.5,included,plain,5,1,99,99,4,0.04040404040404041,6355,99,0
control/E_lab/hard_zero/D_code/tau0.5/ones/incl/k5/r2/ctl-plain,hard_zero,E_lab,D_code,0.5,included,plain,5,2,272,272,17,0.0625,6355,272,0
control/E_lab/hard_zero/D_code/tau0.5/ones/incl/k5/r3/ctl-plain,hard_zero,E_lab,D_code,0.5,included,plain,5,3,1107,1107,244,0.2204155374887082,6355,1107,0
control/E_lab/hard_zero/D_code/tau0.5/ones/incl/k5/r4/ctl-plain,hard_zero,E_lab,D_code,0.5,included,plain,5,4,1480,1480,418,0.28243243243243243,6355,1480,0
control/E_lab/hard_zero/D_code/tau0.5/ones/incl/k5/r5/ctl-plain,hard_zero,E_lab,D_code,0.5,included,plain,5,5,3125,3125,1602,0.51264,6355,3125,0
control/E_lab/hard_zero/D_code/tau0.5/ones/incl/k5/r6/ctl-plain,hard_zero,E_lab,D_code,0.5,included,plain,5,6,4622,4622,3419,0.7397230636088273,6355,4622,0
control/E_lab/hard_zero/D_code/tau0.5/ones/incl/k5/r7/ctl-plain,hard_zero,E_lab,D_code,0.5,included,plain,5,7,5260,5260,4400,0.8365019011406845,6355,5260,0
control/E_lab/hard_zero/D_code/tau0.5/ones/incl/k6/r1/ctl-plain,hard_zero,E_lab,D_code,0.5,included,plain,6,1,36,36,2,0.05555555555555555,6355,36,0
control/E_lab/hard_zero/D_code/tau0.5/ones/incl/k6/r2/ctl-plain,hard_zero,E_lab,D_code,0.5,included,plain,6,2,209,209,17,0.08133971291866028,6355,209,0
control/E_lab/hard_zero/D_code/tau0.5/ones/incl/k6/r3/ctl-plain,hard_zero,E_lab,D_code,0.5,included,plain,6,3,1183,1183,303,0.25612848689771767,6355,1183,0
control/E_lab/hard_zero/D_code/tau0.5/ones/incl/k6/r4/ctl-plain,hard_zero,E_lab,D_code,0.5,included,plain,6,4,2574,2574,1116,0.43356643356643354,6355,2574,0
control/E_lab/hard_zero/D_code/tau0.5/ones/incl/k6/r5/ctl-plain,hard_zero,E_lab,D_code,0.5,included,plain,6,5,3567,3567,2069,0.5800392486683488,6355,3567,0
control/E_lab/hard_zero/D_code/tau0.5/ones/incl/k6/r6/ctl-plain,hard_zero,E_lab,D_code,0.5,included,plain,6,6,4758,4758,3613,0.7593526691887348,6355,4758,0
control/E_lab/hard_zero/D_code/tau0.5/ones/incl/k6/r7/ctl-plain,hard_zero,E_lab,D_code,0.5,included,plain,6,7,5245,5245,4370,0.8331744518589133,6355,5245,0
control/E_lab/hard_zero/D_code/tau0.5/ones/incl/k7/r1/ctl-plain,hard_zero,E_lab,D_code,0.5,included,plain,7,1,25,25,0,0.0,6355,25,0
control/E_lab/hard_zero/D_code/tau0.5/ones/incl/k7/r2/ctl-plain,hard_zero,E_lab,D_code,0.5,included,plain,7,2,212,212,14,0.0660377358490566,6355,212,0
control/E_lab/hard_zero/D_code/tau0.5/ones/incl/k7/r3/ctl-plain,hard_zero,E_lab,D_code,0.5,included,plain,7,3,1091,1091,217,0.19890009165902842,6355,1091,0
control/E_lab/hard_zero/D_code/tau0.5/ones/incl/k7/r4/ctl-plain,hard_zero,E_lab,D_code,0.5,included,plain,7,4,2030,2030,698,0.3438423645320197,6355,2030,0
control/E_lab/hard_zero/D_code/tau0.5/ones/incl/k7/r5/ctl-plain,hard_zero,E_lab,D_code,0.5,included,plain,7,5,3778,3778,2334,0.617787188988883,6355,3778,0
control/E_lab/hard_zero/D_code/tau0.5/ones/incl/k7/r6/ctl-plain,hard_zero,E_lab,D_code,0.5,included,plain,7,6,4761,4761,3639,0.7643352236925016,6355,4761,0
control/E_lab/hard_zero/D_code/tau0.5/ones/incl/k7/r7/ctl-plain,hard_zero,E_lab,D_code,0.5,included,plain,7,7,5261,5261,4420,0.8401444592282836,6355,5261,0
control/E_lab/hard_zero/D_code/tau0.5/ones/incl/k0/r8/ctl-plain,hard_zero,E_lab,D_code,0.5,included,plain,0,8,5612,5612,4994,0.8898788310762652,6355,5612,0
control/E_lab/soft_erase/D_code/tau0.5/r1/excl/k0/r1/ctl-plain,soft_erase,E_lab,D_code,0.5,excluded,plain,0,1,65,65,5,0.07692307692307693,6355,65,0
control/E_lab/soft_erase/D_code/tau0.5/r1/excl/k0/r2/ctl-plain,soft_erase,E_lab,D_code,0.5,excluded,plain,0,2,302,302,25,0.08278145695364239,6355,302,0
control/E_lab/soft_erase/D_code/tau0.5/r1/excl/k0/r3/ctl-plain,soft_erase,E_lab,D_code,0.5,excluded,plain,0,3,998,998,244,0.24448897795591182,6355,998,0
control/E_lab/soft_erase/D_code/tau0.5/r1/excl/k0/r4/ctl-plain,soft_erase,E_lab,D_code,0.5,excluded,plain,0,4,2499,2499,1040,0.41616646658663464,6355,2499,0
control/E_lab/soft_erase/D_code/tau0.5/r1/excl/k0/r5/ctl-plain,soft_erase,E_lab,D_code,0.5,excluded,plain,0,5,3540,3540,2082,0.588135593220339,6355,3540,0
control/E_lab/soft_erase/D_code/tau0.5/r1/excl/k0/r6/ctl-plain,soft_erase,E_lab,D_code,0.5,excluded,plain,0,6,4603,4603,3419,0.7427764501412123,6355,4603,0
control/E_lab/soft_erase/D_code/tau0.5/r1/excl/k0/r7/ctl-plain,soft_erase,E_lab,D_code,0.5,excluded,plain,0,7,5173,5173,4262,0.8238932920935628,6355,5173,0
control/E_lab/soft_erase/D_code/tau0.5/r1/excl/k1/r1/ctl-plain,soft_erase,E_lab,D_code,0.5,excluded,plain,1,1,32,32,0,0.0,6355,32,0
control/E_lab/soft_erase/D_code/tau0.5/r1/excl/k1/r2/ctl-plain,soft_erase,E_lab,D_code,0.5,excluded,plain,1,2,191,191,10,0.05235602094240838,6355,191,0
control/E_lab/soft_erase/D_code/tau0.5/r1/excl/k1/r3/ctl-plain,soft_erase,E_lab,D_code,0.5,excluded,plain,1,3,1190,1190,277,0.23277310924369748,6355,1190,0
control/E_lab/soft_erase/D_code/tau0.5/r1/excl/k1/r4/ctl-plain,soft_erase,E_lab,D_code,0.5,excluded,plain,1,4,1705,1705,521,0.30557184750733135,6355,1705,0
control/E_lab/soft_erase/D_code/tau0.5/r1/excl/k1/r5/ctl-plain,soft_erase,E_lab,D_code,0.5,excluded,plain,1,5,3638,3638,2131,0.585761407366685,6355,3638,0
control/E_lab/soft_erase/D_code/tau0.5/r1/excl/k1/r6/ctl-plain,soft_erase,E_lab,D_code,0.5,excluded,plain,1,6,4576,4576,3318,0.7250874125874126,6355,4576,0
control/E_lab/soft_erase/D_code/tau0.5/r1/excl/k1/r7/ctl-plain,soft_erase,E_lab,D_code,0.5,excluded,plain,1,7,5296,5296,4463,0.8427114803625377,6355,5296,0
control/E_lab/soft_erase/D_code/tau0.5/r1/excl/k2/r1/ctl-plain,soft_erase,E_lab,D_code,0.5,excluded,plain,2,1,71,71,2,0.028169014084507043,6355,71,0
control/E_lab/soft_erase/D_code/tau0.5/r1/excl/k2/r2/ctl-plain,soft_erase,E_lab,D_code,0.5,excluded,plain,2,2,211,211,18,0.08530805687203792,6355,211,0
control/E_lab/soft_erase/D_code/tau0.5/r1/excl/k2/r3/ctl-plain,soft_erase,E_lab,D_code,0.5,excluded,plain,2,3,1146,1146,248,0.2164048865619546,6355,1146,0
control/E_lab/soft_erase/D_code/tau0.5/r1/excl/k2/r4/ctl-plain,soft_erase,E_lab,D_code,0.5,excluded,plain,2,4,2101,2101,776,0.3693479295573536,6355,2101,0
control/E_lab/soft_erase/D_code/tau0.5/r1/excl/k2/r5/ctl-plain,soft_erase,E_lab,D_code,0.5,excluded,plain,2,5,3656,3656,2178,0.5957330415754923,6355,3656,0
control/E_lab/soft_erase/D_code/tau0.5/r1/excl/k2/r6/ctl-plain,soft_erase,E_lab,D_code,0.5,excluded,plain,2,6,4543,4543,3310,0.7285934404578472,6355,4543,0
control/E_lab/soft_erase/D_code/tau0.5/r1/excl/k2/r7/ctl-plain,soft_erase,E_lab,D_code,0.5,excluded,plain,2,7,5114,5114,4139,0.8093468908877591,6355,5114,0
control/E_lab/soft_erase/D_code/tau0.5/r1/excl/k3/r1/ctl-plain,soft_erase,E_lab,D_code,0.5,excluded,plain,3,1,21,21,0,0.0,6355,21,0
control/E_lab/soft_erase/D_code/tau0.5/r1/excl/k3/r2/ctl-plain,soft_erase,E_lab,D_code,0.5,excluded,plain,3,2,249,249,19,0.07630522088353414,6355,249,0
control/E_lab/soft_erase/D_code/tau0.5/r1/excl/k3/r3/ctl-plain,soft_erase,E_lab,D_code,0.5,excluded,plain,3,3,1263,1263,315,0.2494061757719715,6355,1263,0
control/E_lab/soft_erase/D_code/tau0.5/r1/excl/k3/r4/ctl-plain,soft_erase,E_lab,D_code,0.5,excluded,plain,3,4,1504,1504,434,0.28856382978723405,6355,1504,0
control/E_lab/soft_erase/D_code/tau0.5/r1/excl/k3/r5/ctl-plain,soft_erase,E_lab,D_code,0.5,excluded,plain,3,5,2753,2753,1272,0.4620414093715946,6355,2753,0
control/E_lab/soft_erase/D_code/tau0.5/r1/excl/k3/r6/ctl-plain,soft_erase,E_lab,D_code,0.5,excluded,plain,3,6,4624,4624,3432,0.7422145328719724,6355,4624,0
control/E_lab/soft_erase/D_code/tau0.5/r1/excl/k3/r7/ctl-plain,soft_erase,E_lab,D_code,0.5,excluded,plain,3,7,5244,5244,4380,0.8352402745995423,6355,5244,0
control/E_lab/soft_erase/D_code/tau0.5/r1/excl/k4/r1/ctl-plain,soft_erase,E_lab,D_code,0.5,excluded,plain,4,1,20,20,0,0.0,6355,20,0
control/E_lab/soft_erase/D_code/tau0.5/r1/excl/k4/r2/ctl-plain,soft_erase,E_lab,D_code,0.5,excluded,plain,4,2,250,250,12,0.048,6355,250,0
control/E_lab/soft_erase/D_code/tau0.5/r1/excl/k4/r3/ctl-plain,soft_erase,E_lab,D_code,0.5,excluded,plain,4,3,1006,1006,202,0.20079522862823063,6355,1006,0
control/E_lab/soft_erase/D_code/tau0.5/r1/excl/k4/r4/ctl-plain,soft_erase,E_lab,D_code,0.5,excluded,plain,4,4,2490,2490,1050,0.42168674698795183,6355,2490,0
control/E_lab/soft_erase/D_code/tau0.5/r1/excl/k4/r5/ctl-plain,soft_erase,E_lab,D_code,0.5,excluded,plain,4,5,3263,3263,1768,0.5418326693227091,6355,3263,0
control/E_lab/soft_erase/D_code/tau0.5/r1/excl/k4/r6/ctl-plain,soft_erase,E_lab,D_code,0.5,excluded,plain,4,6,4606,4606,3389,0.7357794181502388,6355,4606,0
control/E_lab/soft_erase/D_code/tau0.5/r1/excl/k4/r7/ctl-plain,soft_erase,E_lab,D_code,0.5,excluded,plain,4,7,5233,5233,4364,0.8339384674183069,6355,5233,0
control/E_lab/soft_erase/D_code/tau0.5/r1/excl/k5/r1/ctl-plain,soft_erase,E_lab,D_code,0.5,excluded,plain,5,1,99,99,4,0.04040404040404041,6355,99,0
control/E_lab/soft_erase/D_code/tau0.5/r1/excl/k5/r2/ctl-plain,soft_erase,E_lab,D_code,0.5,excluded,plain,5,2,272,272,23,0.08455882352941177,6355,272,0
control/E_lab/soft_erase/D_code/tau0.5/r1/excl/k5/r3/ctl-plain,soft_erase,E_lab,D_code,0.5,excluded,plain,5,3,1107,1107,239,0.21589882565492322,6355,1107,0
control/E_lab/soft_erase/D_code/tau0.5/r1/excl/k5/r4/ctl-plain,soft_erase,E_lab,D_code,0.5,excluded,plain,5,4,1480,1480,427,0.2885135135135135,6355,1480,0
control/E_lab/soft_erase/D_code/tau0.5/r1/excl/k5/r5/ctl-plain,soft_erase,E_lab,D_code,0.5,excluded,plain,5,5,3125,3125,1634,0.52288,6355,3125,0
control/E_lab/soft_erase/D_code/tau0.5/r1/excl/k5/r6/ctl-plain,soft_erase,E_lab,D_code,0.5,excluded,plain,5,6,4622,4622,3433,0.7427520553872783,6355,4622,0
control/E_lab/soft_erase/D_code/tau0.5/r1/excl/k5/r7/ctl-plain,soft_erase,E_lab,D_code,0.5,excluded,plain,5,7,5260,5260,4420,0.8403041825095057,6355,5260,0
control/E_lab/soft_erase/D_code/tau0.5/r1/excl/k6/r1/ctl-plain,soft_erase,E_lab,D_code,0.5,excluded,plain,6,1,36,36,1,0.027777777777777776,6355,36,0
control/E_lab/soft_erase/D_code/tau0.5/r1/excl/k6/r2/ctl-plain,soft_erase,E_lab,D_code,0.5,excluded,plain,6,2,209,209,11,0.05263157894736842,6355,209,0
control/E_lab/soft_erase/D_code/tau0.5/r1/excl/k6/r3/ctl-plain,soft_erase,E_lab,D_code,0.5,excluded,plain,6,3,1183,1183,277,0.23415046491969568,6355,1183,0
control/E_lab/soft_erase/D_code/tau0.5/r1/excl/k6/r4/ctl-plain,soft_erase,E_lab,D_code,0.5,excluded,plain,6,4,2574,2574,1120,0.43512043512043513,6355,2574,0
control/E_lab/soft_erase/D_code/tau0.5/r1/excl/k6/r5/ctl-plain,soft_erase,E_lab,D_code,0.5,excluded,plain,6,5,3567,3567,2110,0.591533501541912,6355,3567,0
control/E_lab/soft_erase/D_code/tau0.5/r1/excl/k6/r6/ctl-plain,soft_erase,E_lab,D_code,0.5,excluded,plain,6,6,4758,4758,3619,0.760613703236654,6355,4758,0
control/E_lab/soft_erase/D_code/tau0.5/r1/excl/k6/r7/ctl-plain,soft_erase,E_lab,D_code,0.5,excluded,plain,6,7,5245,5245,4373,0.8337464251668255,6355,5245,0
control/E_lab/soft_erase/D_code/tau0.5/r1/excl/k7/r1/ctl-plain,soft_erase,E_lab,D_code,0.5,excluded,plain,7,1,25,25,0,0.0,6355,25,0
control/E_lab/soft_erase/D_code/tau0.5/r1/excl/k7/r2/ctl-plain,soft_erase,E_lab,D_code,0.5,excluded,plain,7,2,212,212,14,0.0660377358490566,6355,212,0
control/E_lab/soft_erase/D_code/tau0.5/r1/excl/k7/r3/ctl-plain,soft_erase,E_lab,D_code,0.5,excluded,plain,7,3,1091,1091,262,0.24014665444546288,6355,1091,0
control/E_lab/soft_erase/D_code/tau0.5/r1/excl/k7/r4/ctl-plain,soft_erase,E_lab,D_code,0.5,excluded,plain,7,4,2030,2030,703,0.34630541871921183,6355,2030,0
control/E_lab/soft_erase/D_code/tau0.5/r1/excl/k7/r5/ctl-plain,soft_erase,E_lab,D_code,0.5,excluded,plain,7,5,3778,3778,2291,0.6064055055584966,6355,3778,0
control/E_lab/soft_erase/D_code/tau0.5/r1/excl/k7/r6/ctl-plain,soft_erase,E_lab,D_code,0.5,excluded,plain,7,6,4761,4761,3602,0.7565637471119513,6355,4761,0
control/E_lab/soft_erase/D_code/tau0.5/r1/excl/k7/r7/ctl-plain,soft_erase,E_lab,D_code,0.5,excluded,plain,7,7,5261,5261,4377,0.8319711081543433,6355,5261,0
control/E_lab/soft_erase/D_code/tau0.5/r1/excl/k0/r8/ctl-plain,soft_erase,E_lab,D_code,0.5,excluded,plain,0,8,5612,5612,4988,0.8888096935138988,6355,5612,0
control/E_lab/code_specific_hard/D_code/tau0.5/ones/incl/k0/r1/ctl-complement,code_specific_hard,E_lab,D_code,0.5,included,complement,0,1,0,0,0,,788,0,0
control/E_lab/code_specific_hard/D_code/tau0.5/ones/incl/k0/r2/ctl-complement,code_specific_hard,E_lab,D_code,0.5,included,complement,0,2,1,1,0,0.0,788,1,0
control/E_lab/code_specific_hard/D_code/tau0.5/ones/incl/k0/r3/ctl-complement,code_specific_hard,E_lab,D_code,0.5,included,complement,0,3,9,9,1,0.1111111111111111,788,9,0
control/E_lab/code_specific_hard/D_code/tau0.5/ones/incl/k0/r4/ctl-complement,code_specific_hard,E_lab,D_code,0.5,included,complement,0,4,26,26,0,0.0,788,26,0
control/E_lab/code_specific_hard/D_code/tau0.5/ones/incl/k0/r5/ctl-complement,code_specific_hard,E_lab,D_code,0.5,included,complement,0,5,41,41,2,0.04878048780487805,788,41,0
control/E_lab/code_specific_hard/D_code/tau0.5/ones/incl/k0/r6/ctl-complement,code_specific_hard,E_lab,D_code,0.5,included,complement,0,6,109,109,19,0.1743119266055046,788,109,0
control/E_lab/code_specific_hard/D_code/tau0.5/ones/incl/k0/r7/ctl-complement,code_specific_hard,E_lab,D_code,0.5,included,complement,0,7,150,150,36,0.24,788,150,0
control/E_lab/code_specific_hard/D_code/tau0.5/ones/incl/k1/r1/ctl-complement,code_specific_hard,E_lab,D_code,0.5,included,complement,1,1,0,0,0,,788,0,0
control/E_lab/code_specific_hard/D_code/tau0.5/ones/incl/k1/r2/ctl-complement,code_specific_hard,E_lab,D_code,0.5,included,complement,1,2,2,2,0,0.0,788,2,0
control/E_lab/code_specific_hard/D_code/tau0.5/ones/incl/k1/r3/ctl-complement,code_specific_hard,E_lab,D_code,0.5,included,complement,1,3,8,8,0,0.0,788,8,0
control/E_lab/code_specific_hard/D_code/tau0.5/ones/incl/k1/r4/ctl-complement,code_specific_hard,E_lab,D_code,0.5,included,complement,1,4,22,22,0,0.0,788,22,0
control/E_lab/code_specific_hard/D_code/tau0.5/ones/incl/k1/r5/ctl-complement,code_specific_hard,E_lab,D_code,0.5,included,complement,1,5,44,44,2,0.045454545454545456,788,44,0
control/E_lab/code_specific_hard/D_code/tau0.5/ones/incl/k1/r6/ctl-complement,code_specific_hard,E_lab,D_code,0.5,included,complement,1,6,100,100,13,0.13,788,100,0
control/E_lab/code_specific_hard/D_code/tau0.5/ones/incl/k1/r7/ctl-complement,code_specific_hard,E_lab,D_code,0.5,included,complement,1,7,182,182,49,0.2692307692307692,788,182,0
control/E_lab/code_specific_hard/D_code/tau0.5/ones/incl/k2/r1/ctl-complement,code_specific_hard,E_lab,D_code,0.5,included,complement,2,1,0,0,0,,788,0,0
control/E_lab/code_specific_hard/D_code/tau0.5/ones/incl/k2/r2/ctl-complement,code_specific_hard,E_lab,D_code,0.5,included,complement,2,2,0,0,0,,788,0,0
control/E_lab/code_specific_hard/D_code/tau0.5/ones/incl/k2/r3/ctl-complement,code_specific_hard,E_lab,D_code,0.5,included,complement,2,3,9,9,0,0.0,788,9,0
control/E_lab/code_specific_hard/D_code/tau0.5/ones/incl/k2/r4/ctl-complement,code_specific_hard,E_lab,D_code,0.5,included,complement,2,4,10,10,0,0.0,788,10,0
control/E_lab/code_specific_hard/D_code/tau0.5/ones/incl/k2/r5/ctl-complement,code_specific_hard,E_lab,D_code,0.5,included,complement,2,5,58,58,4,0.06896551724137931,788,58,0
control/E_lab/code_specific_hard/D_code/tau0.5/ones/incl/k2/r6/ctl-complement,code_specific_hard,E_lab,D_code,0.5,included,complement,2,6,106,106,12,0.11320754716981132,788,106,0
control/E_lab/code_specific_hard/D_code/tau0.5/ones/incl/k2/r7/ctl-complement,code_specific_hard,E_lab,D_code,0.5,included,complement,2,7,155,155,36,0.23225806451612904,788,155,0
control/E_lab/code_specific_hard/D_code/tau0.5/ones/incl/k3/r1/ctl-complement,code_specific_hard,E_lab,D_code,0.5,included,complement,3,1,0,0,0,,788,0,0
control/E_lab/code_specific_hard/D_code/tau0.5/ones/incl/k3/r2/ctl-complement,code_specific_hard,E_lab,D_code,0.5,included,complement,3,2,1,1,0,0.0,788,1,0
control/E_lab/code_specific_hard/D_code/tau0.5/ones/incl/k3/r3/ctl-complement,code_specific_hard,E_lab,D_code,0.5,included,complement,3,3,5,5,0,0.0,788,5,0
control/E_lab/code_specific_hard/D_code/tau0.5/ones/incl/k3/r4/ctl-complement,code_specific_hard,E_lab,D_code,0.5,included,complement,3,4,4,4,1,0.25,788,4,0
control/E_lab/code_specific_hard/D_code/tau0.5/ones/incl/k3/r5/ctl-complement,code_specific_hard,E_lab,D_code,0.5,included,complement,3,5,45,45,7,0.15555555555555556,788,45,0
control/E_lab/code_specific_hard/D_code/tau0.5/ones/incl/k3/r6/ctl-complement,code_specific_hard,E_lab,D_code,0.5,included,complement,3,6,79,79,12,0.1518987341772152,788,79,0
control/E_lab/code_specific_hard/D_code/tau0.5/ones/incl/k3/r7/ctl-complement,code_specific_hard,E_lab,D_code,0.5,included,complement,3,7,149,149,29,0.19463087248322147,788,149,0
control/E_lab/code_specific_hard/D_code/tau0.5/ones/incl/k4/r1/ctl-complement,code_specific_hard,E_lab,D_code,0.5,included,complement,4,1,0,0,0,,788,0,0
control/E_lab/code_specific_hard/D_code/tau0.5/ones/incl/k4/r2/ctl-complement,code_specific_hard,E_lab,D_code,0.5,included,complement,4,2,4,4,0,0.0,788,4,0
control/E_lab/code_specific_hard/D_code/tau0.5/ones/incl/k4/r3/ctl-complement,code_specific_hard,E_lab,D_code,0.5,included,complement,4,3,12,12,1,0.08333333333333333,788,12,0
control/E_lab/code_specific_hard/D_code/tau0.5/ones/incl/k4/r4/ctl-complement,code_specific_hard,E_lab,D_code,0.5,included,complement,4,4,17,17,1,0.058823529411764705,788,17,0
control/E_lab/code_specific_hard/D_code/tau0.5/ones/incl/k4/r5/ctl-complement,code_specific_hard,E_lab,D_code,0.5,included,complement,4,5,45,45,2,0.044444444444444446,788,45,0
control/E_lab/code_specific_hard/D_code/tau0.5/ones/incl/k4/r6/ctl-complement,code_specific_hard,E_lab,D_code,0.5,included,complement,4,6,134,134,26,0.19402985074626866,788,134,0
control/E_lab/code_specific_hard/D_code/tau0.5/ones/incl/k4/r7/ctl-complement,code_specific_hard,E_lab,D_code,0.5,included,complement,4,7,178,178,40,0.2247191011235955,788,178,0
control/E_lab/code_specific_hard/D_code/tau0.5/ones/incl/k5/r1/ctl-complement,code_specific_hard,E_lab,D_code,0.5,included,complement,5,1,0,0,0,,788,0,0
control/E_lab/code_specific_hard/D_code/tau0.5/ones/incl/k5/r2/ctl-complement,code_specific_hard,E_lab,D_code,0.5,included,complement,5,2,3,3,0,0.0,788,3,0
control/E_lab/code_specific_hard/D_code/tau0.5/ones/incl/k5/r3/ctl-complement,code_specific_hard,E_lab,D_code,0.5,included,complement,5,3,5,5,0,0.0,788,5,0
control/E_lab/code_specific_hard/D_code/tau0.5/ones/incl/k5/r4/ctl-complement,code_specific_hard,E_lab,D_code,0.5,included,complement,5,4,16,16,0,0.0,788,16,0
control/E_lab/code_specific_hard/D_code/tau0.5/ones/incl/k5/r5/ctl-complement,code_specific_hard,E_lab,D_code,0.5,included,complement,5,5,41,41,1,0.024390243902439025,788,41,0
control/E_lab/code_specific_hard/D_code/tau0.5/ones/incl/k5/r6/ctl-complement,code_specific_hard,E_lab,D_code,0.5,included,complement,5,6,92,92,14,0.15217391304347827,788,92,0
control/E_lab/code_specific_hard/D_code/tau0.5/ones/incl/k5/r7/ctl-complement,code_specific_hard,E_lab,D_code,0.5,included,complement,5,7,148,148,27,0.18243243243243243,788,148,0
control/E_lab/code_specific_hard/D_code/tau0.5/ones/incl/k6/r1/ctl-complement,code_specific_hard,E_lab,D_code,0.5,included,complement,6,1,0,0,0,,788,0,0
control/E_lab/code_specific_hard/D_code/tau0.5/ones/incl/k6/r2/ctl-complement,code_specific_hard,E_lab,D_code,0.5,included,complement,6,2,0,0,0,,788,0,0
control/E_lab/code_specific_hard/D_code/tau0.5/ones/incl/k6/r3/ctl-complement,code_specific_hard,E_lab,D_code,0.5,included,complement,6,3,12,12,1,0.08333333333333333,788,12,0
control/E_lab/code_specific_hard/D_code/tau0.5/ones/incl/k6/r4/ctl-complement,code_specific_hard,E_lab,D_code,0.5,included,complement,6,4,16,16,1,0.0625,788,16,0
control/E_lab/code_specific_hard/D_code/tau0.5/ones/incl/k6/r5/ctl-complement,code_specific_hard,E_lab,D_code,0.5,included,complement,6,5,30,30,1,0.03333333333333333,788,30,0
control/E_lab/code_specific_hard/D_code/tau0.5/ones/incl/k6/r6/ctl-complement,code_specific_hard,E_lab,D_code,0.5,included,complement,6,6,89,89,10,0.11235955056179775,788,89,0
control/E_lab/code_specific_hard/D_code/tau0.5/ones/incl/k6/r7/ctl-complement,code_specific_hard,E_lab,D_code,0.5,included,complement,6,7,149,149,35,0.2348993288590604,788,149,0
control/E_lab/code_specific_hard/D_code/tau0.5/ones/incl/k7/r1/ctl-complement,code_specific_hard,E_lab,D_code,0.5,included,complement,7,1,0,0,0,,788,0,0
control/E_lab/code_specific_hard/D_code/tau0.5/ones/incl/k7/r2/ctl-complement,code_specific_hard,E_lab,D_code,0.5,included,complement,7,2,0,0,0,,788,0,0
control/E_lab/code_specific_hard/D_code/tau0.5/ones/incl/k7/r3/ctl-complement,code_specific_hard,E_lab,D_code,0.5,included,complement,7,3,5,5,1,0.2,788,5,0
control/E_lab/code_specific_hard/D_code/tau0.5/ones/incl/k7/r4/ctl-complement,code_specific_hard,E_lab,D_code,0.5,included,complement,7,4,25,25,1,0.04,788,25,0
control/E_lab/code_specific_hard/D_code/tau0.5/ones/incl/k7/r5/ctl-complement,code_specific_hard,E_lab,D_code,0.5,included,complement,7,5,38,38,2,0.05263157894736842,788,38,0
control/E_lab/code_specific_hard/D_code/tau0.5/ones/incl/k7/r6/ctl-complement,code_specific_hard,E_lab,D_code,0.5,included,complement,7,6,89,89,9,0.10112359550561797,788,89,0
control/E_lab/code_specific_hard/D_code/tau0.5/ones/incl/k7/r7/ctl-complement,code_specific_hard,E_lab,D_code,0.5,included,complement,7,7,155,155,37,0.23870967741935484,788,155,0
control/E_lab/code_specific_hard/D_code/tau0.5/ones/incl/k0/r8/ctl-complement,code_specific_hard,E_lab,D_code,0.5,included,complement,0,8,257,257,94,0.3657587548638132,788,257,0
control/E_lab/code_specific_hard/D_code/tau0.5/ones/incl/k0/rS4/ctl-complement,code_specific_hard,E_lab,D_code,0.5,included,complement,0,S4,4,4,0,0.0,788,4,0
control/E_lab/code_specific_hard/D_code/tau0.5/ones/incl/k0/rS16/ctl-complement,code_specific_hard,E_lab,D_code,0.5,included,complement,0,S16,16,16,1,0.0625,788,16,0
control/E_lab/code_specific_hard/D_code/tau0.5/ones/incl/k0/rS64/ctl-complement,code_specific_hard,E_lab,D_code,0.5,included,complement,0,S64,64,64,9,0.140625,788,64,0
control/E_lab/code_specific_hard/D_code/tau0.5/ones/incl/k0/r1/ctl-plain,code_specific_hard,E_lab,D_code,0.5,included,plain,0,1,0,0,0,,6355,0,0
control/E_lab/code_specific_hard/D_code/tau0.5/ones/incl/k0/r2/ctl-plain,code_specific_hard,E_lab,D_code,0.5,included,plain,0,2,1,1,0,0.0,6355,1,0
control/E_lab/code_specific_hard/D_code/tau0.5/ones/incl/k0/r3/ctl-plain,code_specific_hard,E_lab,D_code,0.5,included,plain,0,3,9,9,0,0.0,6355,9,0
control/E_lab/code_specific_hard/D_code/tau0.5/ones/incl/k0/r4/ctl-plain,code_specific_hard,E_lab,D_code,0.5,included,plain,0,4,26,26,0,0.0,6355,26,0
control/E_lab/code_specific_hard/D_code/tau0.5/ones/incl/k0/r5/ctl-plain,code_specific_hard,E_lab,D_code,0.5,included,plain,0,5,41,41,0,0.0,6355,41,0
control/E_lab/code_specific_hard/D_code/tau0.5/ones/incl/k0/r6/ctl-plain,code_specific_hard,E_lab,D_code,0.5,included,plain,0,6,109,109,4,0.03669724770642202,6355,109,0
control/E_lab/code_specific_hard/D_code/tau0.5/ones/incl/k0/r7/ctl-plain,code_specific_hard,E_lab,D_code,0.5,included,plain,0,7,150,150,4,0.02666666666666667,6355,150,0
control/E_lab/code_specific_hard/D_code/tau0.5/ones/incl/k1/r1/ctl-plain,code_specific_hard,E_lab,D_code,0.5,included,plain,1,1,0,0,0,,6355,0,0
control/E_lab/code_specific_hard/D_code/tau0.5/ones/incl/k1/r2/ctl-plain,code_specific_hard,E_lab,D_code,0.5,included,plain,1,2,2,2,0,0.0,6355,2,0
control/E_lab/code_specific_hard/D_code/tau0.5/ones/incl/k1/r3/ctl-plain,code_specific_hard,E_lab,D_code,0.5,included,plain,1,3,8,8,0,0.0,6355,8,0
control/E_lab/code_specific_hard/D_code/tau0.5/ones/incl/k1/r4/ctl-plain,code_specific_hard,E_lab,D_code,0.5,included,plain,1,4,22,22,0,0.0,6355,22,0
control/E_lab/code_specific_hard/D_code/tau0.5/ones/incl/k1/r5/ctl-plain,code_specific_hard,E_lab,D_code,0.5,included,plain,1,5,44,44,1,0.022727272727272728,6355,44,0
control/E_lab/code_specific_hard/D_code/tau0.5/ones/incl/k1/r6/ctl-plain,code_specific_hard,E_lab,D_code,0.5,included,plain,1,6,100,100,1,0.01,6355,100,0
control/E_lab/code_specific_hard/D_code/tau0.5/ones/incl/k1/r7/ctl-plain,code_specific_hard,E_lab,D_code,0.5,included,plain,1,7,182,182,3,0.016483516483516484,6355,182,0
control/E_lab/code_specific_hard/D_code/tau0.5/ones/incl/k2/r1/ctl-plain,code_specific_hard,E_lab,D_code,0.5,included,plain,2,1,0,0,0,,6355,0,0
control/E_lab/code_specific_hard/D_code/tau0.5/ones/incl/k2/r2/ctl-plain,code_specific_hard,E_lab,D_code,0.5,included,plain,2,2,0,0,0,,6355,0,0
control/E_lab/code_specific_hard/D_code/tau0.5/ones/incl/k2/r3/ctl-plain,code_specific_hard,E_lab,D_code,0.5,included,plain,2,3,9,9,1,0.1111111111111111,6355,9,0
control/E_lab/code_specific_hard/D_code/tau0.5/ones/incl/k2/r4/ctl-plain,code_specific_hard,E_lab,D_code,0.5,included,plain,2,4,10,10,0,0.0,6355,10,0
control/E_lab/code_specific_hard/D_code/tau0.5/ones/incl/k2/r5/ctl-plain,code_specific_hard,E_lab,D_code,0.5,included,plain,2,5,58,58,2,0.034482758620689655,6355,58,0
control/E_lab/code_specific_hard/D_code/tau0.5/ones/incl/k2/r6/ctl-plain,code_specific_hard,E_lab,D_code,0.5,included,plain,2,6,106,106,7,0.0660377358490566,6355,106,0
control/E_lab/code_specific_hard/D_code/tau0.5/ones/incl/k2/r7/ctl-plain,code_specific_hard,E_lab,D_code,0.5,included,plain,2,7,155,155,11,0.07096774193548387,6355,155,0
control/E_lab/code_specific_hard/D_code/tau0.5/ones/incl/k3/r1/ctl-plain,code_specific_hard,E_lab,D_code,0.5,included,plain,3,1,0,0,0,,6355,0,0
control/E_lab/code_specific_hard/D_code/tau0.5/ones/incl/k3/r2/ctl-plain,code_specific_hard,E_lab,D_code,0.5,included,plain,3,2,1,1,0,0.0,6355,1,0
control/E_lab/code_specific_hard/D_code/tau0.5/ones/incl/k3/r3/ctl-plain,code_specific_hard,E_lab,D_code,0.5,included,plain,3,3,5,5,0,0.0,6355,5,0
control/E_lab/code_specific_hard/D_code/tau0.5/ones/incl/k3/r4/ctl-plain,code_specific_hard,E_lab,D_code,0.5,included,plain,3,4,4,4,0,0.0,6355,4,0
control/E_lab/code_specific_hard/D_code/tau0.5/ones/incl/k3/r5/ctl-plain,code_specific_hard,E_lab,D_code,0.5,included,plain,3,5,45,45,1,0.022222222222222223,6355,45,0
control/E_lab/code_specific_hard/D_code/tau0.5/ones/incl/k3/r6/ctl-plain,code_specific_hard,E_lab,D_code,0.5,included,plain,3,6,79,79,1,0.012658227848101266,6355,79,0
control/E_lab/code_specific_hard/D_code/tau0.5/ones/incl/k3/r7/ctl-plain,code_specific_hard,E_lab,D_code,0.5,included,plain,3,7,149,149,5,0.03355704697986577,6355,149,0
control/E_lab/code_specific_hard/D_code/tau0.5/ones/incl/k4/r1/ctl-plain,code_specific_hard,E_lab,D_code,0.5,included,plain,4,1,0,0,0,,6355,0,0
control/E_lab/code_specific_hard/D_code/tau0.5/ones/incl/k4/r2/ctl-plain,code_specific_hard,E_lab,D_code,0.5,included,plain,4,2,4,4,0,0.0,6355,4,0
control/E_lab/code_specific_hard/D_code/tau0.5/ones/incl/k4/r3/ctl-plain,code_specific_hard,E_lab,D_code,0.5,included,plain,4,3,12,12,0,0.0,6355,12,0
control/E_lab/code_specific_hard/D_code/tau0.5/ones/incl/k4/r4/ctl-plain,code_specific_hard,E_lab,D_code,0.5,included,plain,4,4,17,17,0,0.0,6355,17,0
control/E_lab/code_specific_hard/D_code/tau0.5/ones/incl/k4/r5/ctl-plain,code_specific_hard,E_lab,D_code,0.5,included,plain,4,5,45,45,0,0.0,6355,45,0
control/E_lab/code_specific_hard/D_code/tau0.5/ones/incl/k4/r6/ctl-plain,code_specific_hard,E_lab,D_code,0.5,included,plain,4,6,134,134,5,0.03731343283582089,6355,134,0
control/E_lab/code_specific_hard/D_code/tau0.5/ones/incl/k4/r7/ctl-plain,code_specific_hard,E_lab,D_code,0.5,included,plain,4,7,178,178,9,0.05056179775280899,6355,178,0
control/E_lab/code_specific_hard/D_code/tau0.5/ones/incl/k5/r1/ctl-plain,code_specific_hard,E_lab,D_code,0.5,included,plain,5,1,0,0,0,,6355,0,0
control/E_lab/code_specific_hard/D_code/tau0.5/ones/incl/k5/r2/ctl-plain,code_specific_hard,E_lab,D_code,0.5,included,plain,5,2,3,3,0,0.0,6355,3,0
control/E_lab/code_specific_hard/D_code/tau0.5/ones/incl/k5/r3/ctl-plain,code_specific_hard,E_lab,D_code,0.5,included,plain,5,3,5,5,0,0.0,6355,5,0
control/E_lab/code_specific_hard/D_code/tau0.5/ones/incl/k5/r4/ctl-plain,code_specific_hard,E_lab,D_code,0.5,included,plain,5,4,16,16,0,0.0,6355,16,0
control/E_lab/code_specific_hard/D_code/tau0.5/ones/incl/k5/r5/ctl-plain,code_specific_hard,E_lab,D_code,0.5,included,plain,5,5,41,41,1,0.024390243902439025,6355,41,0
control/E_lab/code_specific_hard/D_code/tau0.5/ones/incl/k5/r6/ctl-plain,code_specific_hard,E_lab,D_code,0.5,included,plain,5,6,92,92,1,0.010869565217391304,6355,92,0
control/E_lab/code_specific_hard/D_code/tau0.5/ones/incl/k5/r7/ctl-plain,code_specific_hard,E_lab,D_code,0.5,included,plain,5,7,148,148,2,0.013513513513513514,6355,148,0
control/E_lab/code_specific_hard/D_code/tau0.5/ones/incl/k6/r1/ctl-plain,code_specific_hard,E_lab,D_code,0.5,included,plain,6,1,0,0,0,,6355,0,0
control/E_lab/code_specific_hard/D_code/tau0.5/ones/incl/k6/r2/ctl-plain,code_specific_hard,E_lab,D_code,0.5,included,plain,6,2,0,0,0,,6355,0,0
control/E_lab/code_specific_hard/D_code/tau0.5/ones/incl/k6/r3/ctl-plain,code_specific_hard,E_lab,D_code,0.5,included,plain,6,3,12,12,0,0.0,6355,12,0
control/E_lab/code_specific_hard/D_code/tau0.5/ones/incl/k6/r4/ctl-plain,code_specific_hard,E_lab,D_code,0.5,included,plain,6,4,16,16,0,0.0,6355,16,0
control/E_lab/code_specific_hard/D_code/tau0.5/ones/incl/k6/r5/ctl-plain,code_specific_hard,E_lab,D_code,0.5,included,plain,6,5,30,30,0,0.0,6355,30,0
control/E_lab/code_specific_hard/D_code/tau0.5/ones/incl/k6/r6/ctl-plain,code_specific_hard,E_lab,D_code,0.5,included,plain,6,6,89,89,1,0.011235955056179775,6355,89,0
control/E_lab/code_specific_hard/D_code/tau0.5/ones/incl/k6/r7/ctl-plain,code_specific_hard,E_lab,D_code,0.5,included,plain,6,7,149,149,1,0.006711409395973154,6355,149,0
control/E_lab/code_specific_hard/D_code/tau0.5/ones/incl/k7/r1/ctl-plain,code_specific_hard,E_lab,D_code,0.5,included,plain,7,1,0,0,0,,6355,0,0
control/E_lab/code_specific_hard/D_code/tau0.5/ones/incl/k7/r2/ctl-plain,code_specific_hard,E_lab,D_code,0.5,included,plain,7,2,0,0,0,,6355,0,0
control/E_lab/code_specific_hard/D_code/tau0.5/ones/incl/k7/r3/ctl-plain,code_specific_hard,E_lab,D_code,0.5,included,plain,7,3,5,5,0,0.0,6355,5,0
control/E_lab/code_specific_hard/D_code/tau0.5/ones/incl/k7/r4/ctl-plain,code_specific_hard,E_lab,D_code,0.5,included,plain,7,4,25,25,0,0.0,6355,25,0
control/E_lab/code_specific_hard/D_code/tau0.5/ones/incl/k7/r5/ctl-plain,code_specific_hard,E_lab,D_code,0.5,included,plain,7,5,38,38,1,0.02631578947368421,6355,38,0
control/E_lab/code_specific_hard/D_code/tau0.5/ones/incl/k7/r6/ctl-plain,code_specific_hard,E_lab,D_code,0.5,included,plain,7,6,89,89,1,0.011235955056179775,6355,89,0
control/E_lab/code_specific_hard/D_code/tau0.5/ones/incl/k7/r7/ctl-plain,code_specific_hard,E_lab,D_code,0.5,included,plain,7,7,155,155,3,0.01935483870967742,6355,155,0
control/E_lab/code_specific_hard/D_code/tau0.5/ones/incl/k0/r8/ctl-plain,code_specific_hard,E_lab,D_code,0.5,included,plain,0,8,257,257,12,0.04669260700389105,6355,257,0
control/E_lab/code_specific_hard/D_code/tau0.5/ones/incl/k0/rS4/ctl-plain,code_specific_hard,E_lab,D_code,0.5,included,plain,0,S4,4,4,0,0.0,6355,4,0
control/E_lab/code_specific_hard/D_code/tau0.5/ones/incl/k0/rS16/ctl-plain,code_specific_hard,E_lab,D_code,0.5,included,plain,0,S16,16,16,0,0.0,6355,16,0
control/E_lab/code_specific_hard/D_code/tau0.5/ones/incl/k0/rS64/ctl-plain,code_specific_hard,E_lab,D_code,0.5,included,plain,0,S64,64,64,0,0.0,6355,64,0
control/E/union/D_unif/tau0/r0/excl/k0/r1/ctl-plain,union,E,D_unif,0.0,excluded,plain,0,1,90,90,2,0.022222222222222223,6355,89,0
control/E/union/D_unif/tau0/r0/excl/k0/r2/ctl-plain,union,E,D_unif,0.0,excluded,plain,0,2,493,493,49,0.09939148073022312,6355,487,0
control/E/union/D_unif/tau0/r0/excl/k0/r3/ctl-plain,union,E,D_unif,0.0,excluded,plain,0,3,2046,2046,739,0.36119257086999024,6355,2019,0
control/E/union/D_unif/tau0/r0/excl/k0/r4/ctl-plain,union,E,D_unif,0.0,excluded,plain,0,4,4120,4120,2575,0.625,6355,3882,2
control/E/union/D_unif/tau0/r0/excl/k0/r5/ctl-plain,union,E,D_unif,0.0,excluded,plain,0,5,5927,5927,4638,0.7825206681289016,6355,5049,148
control/E/union/D_unif/tau0/r0/excl/k0/r6/ctl-plain,union,E,D_unif,0.0,excluded,plain,0,6,9748,9748,6430,0.6596224866639311,6355,6031,3393
control/E/union/D_unif/tau0/r0/excl/k0/r7/ctl-plain,union,E,D_unif,0.0,excluded,plain,0,7,16642,16642,9754,0.5861074390097344,6355,6309,10287
control/E/union/D_unif/tau0/r0/excl/k1/r1/ctl-plain,union,E,D_unif,0.0,excluded,plain,1,1,81,81,1,0.012345679012345678,6355,81,0
control/E/union/D_unif/tau0/r0/excl/k1/r2/ctl-plain,union,E,D_unif,0.0,excluded,plain,1,2,459,459,39,0.08496732026143791,6355,454,0
control/E/union/D_unif/tau0/r0/excl/k1/r3/ctl-plain,union,E,D_unif,0.0,excluded,plain,1,3,1923,1923,668,0.34737389495579823,6355,1905,0
control/E/union/D_unif/tau0/r0/excl/k1/r4/ctl-plain,union,E,D_unif,0.0,excluded,plain,1,4,2499,2499,965,0.3861544617847139,6355,2327,0
control/E/union/D_unif/tau0/r0/excl/k1/r5/ctl-plain,union,E,D_unif,0.0,excluded,plain,1,5,5575,5575,4287,0.7689686098654709,6355,4830,50
control/E/union/D_unif/tau0/r0/excl/k1/r6/ctl-plain,union,E,D_unif,0.0,excluded,plain,1,6,9242,9242,6169,0.6674962129409219,6355,5874,2887
control/E/union/D_unif/tau0/r0/excl/k1/r7/ctl-plain,union,E,D_unif,0.0,excluded,plain,1,7,16237,16237,9358,0.5763379934717004,6355,6305,9882
control/E/union/D_unif/tau0/r0/excl/k2/r1/ctl-plain,union,E,D_unif,0.0,excluded,plain,2,1,84,84,1,0.011904761904761904,6355,84,0
control/E/union/D_unif/tau0/r0/excl/k2/r2/ctl-plain,union,E,D_unif,0.0,excluded,plain,2,2,400,400,26,0.065,6355,398,0
control/E/union/D_unif/tau0/r0/excl/k2/r3/ctl-plain,union,E,D_unif,0.0,excluded,plain,2,3,2026,2026,739,0.3647581441263574,6355,1991,0
control/E/union/D_unif/tau0/r0/excl/k2/r4/ctl-plain,union,E,D_unif,0.0,excluded,plain,2,4,3436,3436,1762,0.5128055878928988,6355,3156,1
control/E/union/D_unif/tau0/r0/excl/k2/r5/ctl-plain,union,E,D_unif,0.0,excluded,plain,2,5,6103,6103,4745,0.7774864820580043,6355,5057,191
control/E/union/D_unif/tau0/r0/excl/k2/r6/ctl-plain,union,E,D_unif,0.0,excluded,plain,2,6,9468,9468,6254,0.660540768905788,6355,5926,3119
control/E/union/D_unif/tau0/r0/excl/k2/r7/ctl-plain,union,E,D_unif,0.0,excluded,plain,2,7,16407,16407,9462,0.5767050649113183,6355,6294,10052
control/E/union/D_unif/tau0/r0/excl/k3/r1/ctl-plain,union,E,D_unif,0.0,excluded,plain,3,1,60,60,1,0.016666666666666666,6355,60,0
control/E/union/D_unif/tau0/r0/excl/k3/r2/ctl-plain,union,E,D_unif,0.0,excluded,plain,3,2,661,661,75,0.11346444780635401,6355,653,0
control/E/union/D_unif/tau0/r0/excl/k3/r3/ctl-plain,union,E,D_unif,0.0,excluded,plain,3,3,2065,2065,754,0.36513317191283295,6355,2019,0
control/E/union/D_unif/tau0/r0/excl/k3/r4/ctl-plain,union,E,D_unif,0.0,excluded,plain,3,4,634,634,66,0.10410094637223975,6355,607,0
control/E/union/D_unif/tau0/r0/excl/k3/r5/ctl-plain,union,E,D_unif,0.0,excluded,plain,3,5,5583,5583,4206,0.753358409457281,6355,4783,43
control/E/union/D_unif/tau0/r0/excl/k3/r6/ctl-plain,union,E,D_unif,0.0,excluded,plain,3,6,9221,9221,6202,0.6725951632144019,6355,5907,2891
control/E/union/D_unif/tau0/r0/excl/k3/r7/ctl-plain,union,E,D_unif,0.0,excluded,plain,3,7,16456,16456,9559,0.5808823529411765,6355,6291,10101
control/E/union/D_unif/tau0/r0/excl/k4/r1/ctl-plain,union,E,D_unif,0.0,excluded,plain,4,1,104,104,2,0.019230769230769232,6355,104,0
control/E/union/D_unif/tau0/r0/excl/k4/r2/ctl-plain,union,E,D_unif,0.0,excluded,plain,4,2,426,426,53,0.12441314553990611,6355,423,0
control/E/union/D_unif/tau0/r0/excl/k4/r3/ctl-plain,union,E,D_unif,0.0,excluded,plain,4,3,1795,1795,592,0.3298050139275766,6355,1761,0
control/E/union/D_unif/tau0/r0/excl/k4/r4/ctl-plain,union,E,D_unif,0.0,excluded,plain,4,4,3220,3220,1534,0.4763975155279503,6355,2879,0
control/E/union/D_unif/tau0/r0/excl/k4/r5/ctl-plain,union,E,D_unif,0.0,excluded,plain,4,5,6304,6304,4635,0.735247461928934,6355,4874,334
control/E/union/D_unif/tau0/r0/excl/k4/r6/ctl-plain,union,E,D_unif,0.0,excluded,plain,4,6,9758,9758,6413,0.6572043451526952,6355,5985,3403
control/E/union/D_unif/tau0/r0/excl/k4/r7/ctl-plain,union,E,D_unif,0.0,excluded,plain,4,7,16563,16563,9638,0.5818994143573024,6355,6298,10208
control/E/union/D_unif/tau0/r0/excl/k5/r1/ctl-plain,union,E,D_unif,0.0,excluded,plain,5,1,52,52,4,0.07692307692307693,6355,52,0
control/E/union/D_unif/tau0/r0/excl/k5/r2/ctl-plain,union,E,D_unif,0.0,excluded,plain,5,2,320,320,21,0.065625,6355,320,0
control/E/union/D_unif/tau0/r0/excl/k5/r3/ctl-plain,union,E,D_unif,0.0,excluded,plain,5,3,2102,2102,795,0.3782112274024738,6355,2065,0
control/E/union/D_unif/tau0/r0/excl/k5/r4/ctl-plain,union,E,D_unif,0.0,excluded,plain,5,4,3748,3748,2084,0.5560298826040555,6355,3403,0
control/E/union/D_unif/tau0/r0/excl/k5/r5/ctl-plain,union,E,D_unif,0.0,excluded,plain,5,5,5923,5923,4500,0.7597501266250211,6355,4881,129
control/E/union/D_unif/tau0/r0/excl/k5/r6/ctl-plain,union,E,D_unif,0.0,excluded,plain,5,6,9445,9445,6340,0.6712546320804659,6355,5996,3092
control/E/union/D_unif/tau0/r0/excl/k5/r7/ctl-plain,union,E,D_unif,0.0,excluded,plain,5,7,16240,16240,9422,0.5801724137931035,6355,6291,9885
control/E/union/D_unif/tau0/r0/excl/k6/r1/ctl-plain,union,E,D_unif,0.0,excluded,plain,6,1,14,14,0,0.0,6355,14,0
control/E/union/D_unif/tau0/r0/excl/k6/r2/ctl-plain,union,E,D_unif,0.0,excluded,plain,6,2,349,349,25,0.07163323782234957,6355,345,0
control/E/union/D_unif/tau0/r0/excl/k6/r3/ctl-plain,union,E,D_unif,0.0,excluded,plain,6,3,1949,1949,668,0.3427398665982555,6355,1916,0
control/E/union/D_unif/tau0/r0/excl/k6/r4/ctl-plain,union,E,D_unif,0.0,excluded,plain,6,4,3371,3371,1743,0.5170572530406408,6355,3119,0
control/E/union/D_unif/tau0/r0/excl/k6/r5/ctl-plain,union,E,D_unif,0.0,excluded,plain,6,5,5657,5657,4208,0.7438571681103058,6355,4707,85
control/E/union/D_unif/tau0/r0/excl/k6/r6/ctl-plain,union,E,D_unif,0.0,excluded,plain,6,6,9428,9428,6242,0.6620704285108189,6355,5914,3073
control/E/union/D_unif/tau0/r0/excl/k6/r7/ctl-plain,union,E,D_unif,0.0,excluded,plain,6,7,16237,16237,9422,0.5802796083020262,6355,6316,9882
control/E/union/D_unif/tau0/r0/excl/k7/r1/ctl-plain,union,E,D_unif,0.0,excluded,plain,7,1,39,39,0,0.0,6355,39,0
control/E/union/D_unif/tau0/r0/excl/k7/r2/ctl-plain,union,E,D_unif,0.0,excluded,plain,7,2,389,389,34,0.08740359897172237,6355,386,0
control/E/union/D_unif/tau0/r0/excl/k7/r3/ctl-plain,union,E,D_unif,0.0,excluded,plain,7,3,1951,1951,652,0.3341875961045618,6355,1930,0
control/E/union/D_unif/tau0/r0/excl/k7/r4/ctl-plain,union,E,D_unif,0.0,excluded,plain,7,4,3099,3099,1477,0.4766053565666344,6355,2872,0
control/E/union/D_unif/tau0/r0/excl/k7/r5/ctl-plain,union,E,D_unif,0.0,excluded,plain,7,5,5275,5275,3722,0.7055924170616114,6355,4472,38
control/E/union/D_unif/tau0/r0/excl/k7/r6/ctl-plain,union,E,D_unif,0.0,excluded,plain,7,6,9127,9127,6170,0.6760162156239728,6355,5881,2790
control/E/union/D_unif/tau0/r0/excl/k7/r7/ctl-plain,union,E,D_unif,0.0,excluded,plain,7,7,16160,16160,9328,0.5772277227722772,6355,6300,9805
control/E/union/D_unif/tau0/r0/excl/k0/r8/ctl-plain,union,E,D_unif,0.0,excluded,plain,0,8,32456,32456,27290,0.8408306630515159,6355,6355,26101
control/E/rounded_own_g/D_unif/tau0.1/r0/excl/k0/r1/ctl-plain,rounded_own_g,E,D_unif,0.1,excluded,plain,0,1,83,83,2,0.024096385542168676,6355,83,0
control/E/rounded_own_g/D_unif/tau0.1/r0/excl/k0/r2/ctl-plain,rounded_own_g,E,D_unif,0.1,excluded,plain,0,2,441,441,40,0.09070294784580499,6355,441,0
control/E/rounded_own_g/D_unif/tau0.1/r0/excl/k0/r3/ctl-plain,rounded_own_g,E,D_unif,0.1,excluded,plain,0,3,1855,1855,623,0.33584905660377357,6355,1855,0
control/E/rounded_own_g/D_unif/tau0.1/r0/excl/k0/r4/ctl-plain,rounded_own_g,E,D_unif,0.1,excluded,plain,0,4,3605,3605,2116,0.5869625520110957,6355,3605,0
control/E/rounded_own_g/D_unif/tau0.1/r0/excl/k0/r5/ctl-plain,rounded_own_g,E,D_unif,0.1,excluded,plain,0,5,4700,4700,3552,0.7557446808510638,6355,4700,0
control/E/rounded_own_g/D_unif/tau0.1/r0/excl/k0/r6/ctl-plain,rounded_own_g,E,D_unif,0.1,excluded,plain,0,6,5644,5644,5046,0.8940467753366407,6355,5644,0
control/E/rounded_own_g/D_unif/tau0.1/r0/excl/k0/r7/ctl-plain,rounded_own_g,E,D_unif,0.1,excluded,plain,0,7,6104,6104,5867,0.961173001310616,6355,6104,0
control/E/rounded_own_g/D_unif/tau0.1/r0/excl/k1/r1/ctl-plain,rounded_own_g,E,D_unif,0.1,excluded,plain,1,1,71,71,3,0.04225352112676056,6355,71,0
control/E/rounded_own_g/D_unif/tau0.1/r0/excl/k1/r2/ctl-plain,rounded_own_g,E,D_unif,0.1,excluded,plain,1,2,427,427,42,0.09836065573770492,6355,427,0
control/E/rounded_own_g/D_unif/tau0.1/r0/excl/k1/r3/ctl-plain,rounded_own_g,E,D_unif,0.1,excluded,plain,1,3,1770,1770,596,0.3367231638418079,6355,1770,0
control/E/rounded_own_g/D_unif/tau0.1/r0/excl/k1/r4/ctl-plain,rounded_own_g,E,D_unif,0.1,excluded,plain,1,4,2046,2046,737,0.3602150537634409,6355,2046,0
control/E/rounded_own_g/D_unif/tau0.1/r0/excl/k1/r5/ctl-plain,rounded_own_g,E,D_unif,0.1,excluded,plain,1,5,4415,4415,3156,0.7148357870894677,6355,4415,0
control/E/rounded_own_g/D_unif/tau0.1/r0/excl/k1/r6/ctl-plain,rounded_own_g,E,D_unif,0.1,excluded,plain,1,6,5431,5431,4679,0.8615356287976431,6355,5431,0
control/E/rounded_own_g/D_unif/tau0.1/r0/excl/k1/r7/ctl-plain,rounded_own_g,E,D_unif,0.1,excluded,plain,1,7,5979,5979,5634,0.9422980431510286,6355,5979,0
control/E/rounded_own_g/D_unif/tau0.1/r0/excl/k2/r1/ctl-plain,rounded_own_g,E,D_unif,0.1,excluded,plain,2,1,78,78,1,0.01282051282051282,6355,78,0
control/E/rounded_own_g/D_unif/tau0.1/r0/excl/k2/r2/ctl-plain,rounded_own_g,E,D_unif,0.1,excluded,plain,2,2,365,365,19,0.052054794520547946,6355,365,0
control/E/rounded_own_g/D_unif/tau0.1/r0/excl/k2/r3/ctl-plain,rounded_own_g,E,D_unif,0.1,excluded,plain,2,3,1817,1817,629,0.34617501375894333,6355,1817,0
control/E/rounded_own_g/D_unif/tau0.1/r0/excl/k2/r4/ctl-plain,rounded_own_g,E,D_unif,0.1,excluded,plain,2,4,2795,2795,1250,0.4472271914132379,6355,2795,0
control/E/rounded_own_g/D_unif/tau0.1/r0/excl/k2/r5/ctl-plain,rounded_own_g,E,D_unif,0.1,excluded,plain,2,5,4654,4654,3499,0.7518263859045982,6355,4654,0
control/E/rounded_own_g/D_unif/tau0.1/r0/excl/k2/r6/ctl-plain,rounded_own_g,E,D_unif,0.1,excluded,plain,2,6,5500,5500,4809,0.8743636363636363,6355,5500,0
control/E/rounded_own_g/D_unif/tau0.1/r0/excl/k2/r7/ctl-plain,rounded_own_g,E,D_unif,0.1,excluded,plain,2,7,6030,6030,5729,0.9500829187396351,6355,6030,0
control/E/rounded_own_g/D_unif/tau0.1/r0/excl/k3/r1/ctl-plain,rounded_own_g,E,D_unif,0.1,excluded,plain,3,1,58,58,0,0.0,6355,58,0
control/E/rounded_own_g/D_unif/tau0.1/r0/excl/k3/r2/ctl-plain,rounded_own_g,E,D_unif,0.1,excluded,plain,3,2,565,565,49,0.08672566371681416,6355,565,0
control/E/rounded_own_g/D_unif/tau0.1/r0/excl/k3/r3/ctl-plain,rounded_own_g,E,D_unif,0.1,excluded,plain,3,3,1856,1856,616,0.33189655172413796,6355,1856,0
control/E/rounded_own_g/D_unif/tau0.1/r0/excl/k3/r4/ctl-plain,rounded_own_g,E,D_unif,0.1,excluded,plain,3,4,489,489,41,0.08384458077709611,6355,489,0
control/E/rounded_own_g/D_unif/tau0.1/r0/excl/k3/r5/ctl-plain,rounded_own_g,E,D_unif,0.1,excluded,plain,3,5,4431,4431,3155,0.7120288873843377,6355,4431,0
control/E/rounded_own_g/D_unif/tau0.1/r0/excl/k3/r6/ctl-plain,rounded_own_g,E,D_unif,0.1,excluded,plain,3,6,5453,5453,4719,0.8653951953053365,6355,5453,0
control/E/rounded_own_g/D_unif/tau0.1/r0/excl/k3/r7/ctl-plain,rounded_own_g,E,D_unif,0.1,excluded,plain,3,7,6020,6020,5716,0.9495016611295681,6355,6020,0
control/E/rounded_own_g/D_unif/tau0.1/r0/excl/k4/r1/ctl-plain,rounded_own_g,E,D_unif,0.1,excluded,plain,4,1,94,94,3,0.031914893617021274,6355,94,0
control/E/rounded_own_g/D_unif/tau0.1/r0/excl/k4/r2/ctl-plain,rounded_own_g,E,D_unif,0.1,excluded,plain,4,2,380,380,44,0.11578947368421053,6355,380,0
control/E/rounded_own_g/D_unif/tau0.1/r0/excl/k4/r3/ctl-plain,rounded_own_g,E,D_unif,0.1,excluded,plain,4,3,1587,1587,478,0.3011972274732199,6355,1587,0
control/E/rounded_own_g/D_unif/tau0.1/r0/excl/k4/r4/ctl-plain,rounded_own_g,E,D_unif,0.1,excluded,plain,4,4,2494,2494,1076,0.4314354450681636,6355,2494,0
control/E/rounded_own_g/D_unif/tau0.1/r0/excl/k4/r5/ctl-plain,rounded_own_g,E,D_unif,0.1,excluded,plain,4,5,4336,4336,3051,0.7036439114391144,6355,4336,0
control/E/rounded_own_g/D_unif/tau0.1/r0/excl/k4/r6/ctl-plain,rounded_own_g,E,D_unif,0.1,excluded,plain,4,6,5533,5533,4863,0.8789083679739743,6355,5533,0
control/E/rounded_own_g/D_unif/tau0.1/r0/excl/k4/r7/ctl-plain,rounded_own_g,E,D_unif,0.1,excluded,plain,4,7,6084,6084,5834,0.9589086127547666,6355,6084,0
control/E/rounded_own_g/D_unif/tau0.1/r0/excl/k5/r1/ctl-plain,rounded_own_g,E,D_unif,0.1,excluded,plain,5,1,51,51,0,0.0,6355,51,0
control/E/rounded_own_g/D_unif/tau0.1/r0/excl/k5/r2/ctl-plain,rounded_own_g,E,D_unif,0.1,excluded,plain,5,2,302,302,15,0.04966887417218543,6355,302,0
control/E/rounded_own_g/D_unif/tau0.1/r0/excl/k5/r3/ctl-plain,rounded_own_g,E,D_unif,0.1,excluded,plain,5,3,1915,1915,671,0.3503916449086162,6355,1915,0
control/E/rounded_own_g/D_unif/tau0.1/r0/excl/k5/r4/ctl-plain,rounded_own_g,E,D_unif,0.1,excluded,plain,5,4,3012,3012,1555,0.5162682602921647,6355,3012,0
control/E/rounded_own_g/D_unif/tau0.1/r0/excl/k5/r5/ctl-plain,rounded_own_g,E,D_unif,0.1,excluded,plain,5,5,4376,4376,3105,0.7095521023765996,6355,4376,0
control/E/rounded_own_g/D_unif/tau0.1/r0/excl/k5/r6/ctl-plain,rounded_own_g,E,D_unif,0.1,excluded,plain,5,6,5633,5633,5027,0.892419669802947,6355,5633,0
control/E/rounded_own_g/D_unif/tau0.1/r0/excl/k5/r7/ctl-plain,rounded_own_g,E,D_unif,0.1,excluded,plain,5,7,6028,6028,5736,0.9515593895155939,6355,6028,0
control/E/rounded_own_g/D_unif/tau0.1/r0/excl/k6/r1/ctl-plain,rounded_own_g,E,D_unif,0.1,excluded,plain,6,1,14,14,0,0.0,6355,14,0
control/E/rounded_own_g/D_unif/tau0.1/r0/excl/k6/r2/ctl-plain,rounded_own_g,E,D_unif,0.1,excluded,plain,6,2,315,315,26,0.08253968253968254,6355,315,0
control/E/rounded_own_g/D_unif/tau0.1/r0/excl/k6/r3/ctl-plain,rounded_own_g,E,D_unif,0.1,excluded,plain,6,3,1770,1770,600,0.3389830508474576,6355,1770,0
control/E/rounded_own_g/D_unif/tau0.1/r0/excl/k6/r4/ctl-plain,rounded_own_g,E,D_unif,0.1,excluded,plain,6,4,2833,2833,1368,0.4828803388633957,6355,2833,0
control/E/rounded_own_g/D_unif/tau0.1/r0/excl/k6/r5/ctl-plain,rounded_own_g,E,D_unif,0.1,excluded,plain,6,5,4239,4239,2912,0.6869544703939608,6355,4239,0
control/E/rounded_own_g/D_unif/tau0.1/r0/excl/k6/r6/ctl-plain,rounded_own_g,E,D_unif,0.1,excluded,plain,6,6,5497,5497,4801,0.8733854829907222,6355,5497,0
control/E/rounded_own_g/D_unif/tau0.1/r0/excl/k6/r7/ctl-plain,rounded_own_g,E,D_unif,0.1,excluded,plain,6,7,6120,6120,5898,0.9637254901960784,6355,6120,0
control/E/rounded_own_g/D_unif/tau0.1/r0/excl/k7/r1/ctl-plain,rounded_own_g,E,D_unif,0.1,excluded,plain,7,1,37,37,1,0.02702702702702703,6355,37,0
control/E/rounded_own_g/D_unif/tau0.1/r0/excl/k7/r2/ctl-plain,rounded_own_g,E,D_unif,0.1,excluded,plain,7,2,345,345,34,0.09855072463768116,6355,345,0
control/E/rounded_own_g/D_unif/tau0.1/r0/excl/k7/r3/ctl-plain,rounded_own_g,E,D_unif,0.1,excluded,plain,7,3,1766,1766,538,0.304643261608154,6355,1766,0
control/E/rounded_own_g/D_unif/tau0.1/r0/excl/k7/r4/ctl-plain,rounded_own_g,E,D_unif,0.1,excluded,plain,7,4,2595,2595,1098,0.423121387283237,6355,2595,0
control/E/rounded_own_g/D_unif/tau0.1/r0/excl/k7/r5/ctl-plain,rounded_own_g,E,D_unif,0.1,excluded,plain,7,5,4004,4004,2584,0.6453546453546454,6355,4004,0
control/E/rounded_own_g/D_unif/tau0.1/r0/excl/k7/r6/ctl-plain,rounded_own_g,E,D_unif,0.1,excluded,plain,7,6,5437,5437,4708,0.8659187051682914,6355,5437,0
control/E/rounded_own_g/D_unif/tau0.1/r0/excl/k7/r7/ctl-plain,rounded_own_g,E,D_unif,0.1,excluded,plain,7,7,6060,6060,5790,0.9554455445544554,6355,6060,0
control/E/rounded_own_g/D_unif/tau0.1/r0/excl/k0/r8/ctl-plain,rounded_own_g,E,D_unif,0.1,excluded,plain,0,8,6361,6361,6350,0.9982707121521773,6355,6352,8
control/E/union/D_unif/tau0.1/r0/excl/k0/r2a/ctl-plain,union,E,D_unif,0.1,excluded,plain,0,2a,811,811,148,0.18249075215782984,6355,811,0
control/E/union/D_unif/tau0.1/r0/excl/k0/r2b/ctl-plain,union,E,D_unif,0.1,excluded,plain,0,2b,1208,1208,299,0.24751655629139072,6355,1208,0
control/E/union/D_unif/tau0.1/r0/excl/k1/r2a/ctl-plain,union,E,D_unif,0.1,excluded,plain,1,2a,602,602,71,0.11794019933554817,6355,602,0
control/E/union/D_unif/tau0.1/r0/excl/k1/r2b/ctl-plain,union,E,D_unif,0.1,excluded,plain,1,2b,1067,1067,240,0.22492970946579194,6355,1067,0
control/E/union/D_unif/tau0.1/r0/excl/k2/r2a/ctl-plain,union,E,D_unif,0.1,excluded,plain,2,2a,718,718,96,0.13370473537604458,6355,718,0
control/E/union/D_unif/tau0.1/r0/excl/k2/r2b/ctl-plain,union,E,D_unif,0.1,excluded,plain,2,2b,1190,1190,290,0.24369747899159663,6355,1190,0
control/E/union/D_unif/tau0.1/r0/excl/k3/r2a/ctl-plain,union,E,D_unif,0.1,excluded,plain,3,2a,769,769,107,0.13914174252275682,6355,769,0
control/E/union/D_unif/tau0.1/r0/excl/k3/r2b/ctl-plain,union,E,D_unif,0.1,excluded,plain,3,2b,1274,1274,287,0.22527472527472528,6355,1274,0
control/E/union/D_unif/tau0.1/r0/excl/k4/r2a/ctl-plain,union,E,D_unif,0.1,excluded,plain,4,2a,671,671,118,0.17585692995529062,6355,671,0
control/E/union/D_unif/tau0.1/r0/excl/k4/r2b/ctl-plain,union,E,D_unif,0.1,excluded,plain,4,2b,988,988,232,0.23481781376518218,6355,988,0
control/E/union/D_unif/tau0.1/r0/excl/k5/r2a/ctl-plain,union,E,D_unif,0.1,excluded,plain,5,2a,615,615,66,0.1073170731707317,6355,615,0
control/E/union/D_unif/tau0.1/r0/excl/k5/r2b/ctl-plain,union,E,D_unif,0.1,excluded,plain,5,2b,1295,1295,319,0.24633204633204633,6355,1295,0
control/E/union/D_unif/tau0.1/r0/excl/k6/r2a/ctl-plain,union,E,D_unif,0.1,excluded,plain,6,2a,543,543,62,0.1141804788213628,6355,543,0
control/E/union/D_unif/tau0.1/r0/excl/k6/r2b/ctl-plain,union,E,D_unif,0.1,excluded,plain,6,2b,968,968,177,0.1828512396694215,6355,968,0
control/E/union/D_unif/tau0.1/r0/excl/k7/r2a/ctl-plain,union,E,D_unif,0.1,excluded,plain,7,2a,634,634,78,0.12302839116719243,6355,634,0
control/E/union/D_unif/tau0.1/r0/excl/k7/r2b/ctl-plain,union,E,D_unif,0.1,excluded,plain,7,2b,1090,1090,207,0.18990825688073396,6355,1090,0
